{
    "index": 194,
    "page": 31,
    "text": "13 [“Agathos” (18): This is probably not a proper name, but the text seems to be unsound. The meaning may be \n“the good man ought . . . ”] \nFOURTH BOOK \n\nquite extinct. But suppose that both they that shall remember thee, and thy memory \nwith them should be immortal, what is that to thee? I will not say to thee after thou \nart dead; but even to thee living, what is thy praise? But only for a secret and politic \nconsideration, which we call οικονομοίαν,\n\n14 or dispensation. For as for that, that it is",
    "embedding_of_chunk": [
        0.0047267707996070385,
        -0.0054188561625778675,
        0.02741127647459507,
        -0.05222387984395027,
        -0.0025180208031088114,
        -0.03528387099504471,
        0.04885336384177208,
        0.037209298461675644,
        -0.014888363890349865,
        -0.016953477635979652,
        -0.04761650040745735,
        -0.07522543519735336,
        0.006308460608124733,
        0.024854375049471855,
        0.010958433151245117,
        -0.021913548931479454,
        -0.0041110459715127945,
        0.07020687311887741,
        -0.0890321433544159,
        0.011420215480029583,
        0.07643837481737137,
        -0.025463158264756203,
        0.01773538626730442,
        -0.09056933969259262,
        0.019996823742985725,
        0.06055283546447754,
        0.012119108811020851,
        -0.012132127769291401,
        -0.029428672045469284,
        -0.1488850712776184,
        -0.01169829536229372,
        -0.049145013093948364,
        0.03532266244292259,
        -0.03153638169169426,
        -0.054862216114997864,
        -0.023290786892175674,
        -0.053735919296741486,
        0.05127565190196037,
        -0.040720634162425995,
        0.06854809075593948,
        0.04510251060128212,
        -0.011857899837195873,
        -0.039525143802165985,
        -0.026907257735729218,
        -0.040481116622686386,
        -0.03843181952834129,
        -0.04917437955737114,
        0.0009633299196138978,
        -0.011187190189957619,
        -0.0036045422311872244,
        0.005266079679131508,
        -0.01484005432575941,
        -0.004651003982871771,
        0.00731523334980011,
        0.02396681159734726,
        -0.007323099300265312,
        0.046509407460689545,
        0.026191549375653267,
        0.01664821058511734,
        -0.006759840529412031,
        0.08334994316101074,
        0.06264148652553558,
        -0.23531797528266907,
        0.059311673045158386,
        0.03683356195688248,
        -0.025967232882976532,
        -0.046915262937545776,
        -0.012963397428393364,
        -0.03261365368962288,
        0.028235413134098053,
        -0.03474466875195503,
        0.0027930913493037224,
        0.05966576188802719,
        0.06238309293985367,
        -0.009709992446005344,
        -0.0020060399547219276,
        0.00013236036465968937,
        -0.09574879705905914,
        0.003975581377744675,
        0.007747469004243612,
        -0.022655686363577843,
        0.018266258761286736,
        -0.01831924356520176,
        -0.0015802301932126284,
        -0.07078295946121216,
        -0.026207201182842255,
        -0.003551813308149576,
        -0.06440268456935883,
        0.005349932704120874,
        -0.006135229021310806,
        -0.008503595367074013,
        -0.013534032739698887,
        0.016798222437500954,
        0.04217171296477318,
        -0.05055488273501396,
        0.006697419565171003,
        -0.012978765182197094,
        0.01317624468356371,
        -0.07659430056810379,
        0.2122904360294342,
        -0.02899370901286602,
        0.0038210530765354633,
        -0.016257623210549355,
        -0.02854420803487301,
        0.07231529802083969,
        -0.012704684399068356,
        -0.01078581903129816,
        -0.04045747220516205,
        -0.03543385490775108,
        0.032498013228178024,
        0.03301144391298294,
        -0.059193212538957596,
        0.06023658066987991,
        -0.053240545094013214,
        0.05467045679688454,
        0.03100583516061306,
        0.05010392889380455,
        0.01866658218204975,
        -0.021904056891798973,
        -0.01570039801299572,
        0.008048641495406628,
        0.04497924819588661,
        0.056844599545001984,
        -0.003986075520515442,
        0.006513485684990883,
        -0.053399328142404556,
        0.0714559257030487,
        0.12373900413513184,
        0.025973105803132057,
        0.005465242546051741,
        0.03777094930410385,
        -0.054382164031267166,
        -0.028575511649250984,
        -0.029045473784208298,
        0.03914732486009598,
        0.061242882162332535,
        0.03561974689364433,
        -0.037454307079315186,
        0.008048302493989468,
        -0.05597081407904625,
        -0.01391521841287613,
        -0.13185325264930725,
        -0.06978262960910797,
        -0.06571855396032333,
        -0.01204109750688076,
        0.09900625795125961,
        0.014478697441518307,
        0.026646679267287254,
        -0.0387173667550087,
        0.035426441580057144,
        -0.015288717113435268,
        0.032724570482969284,
        -0.06690175831317902,
        -0.00929903332144022,
        -0.005884045735001564,
        -0.0031002003233879805,
        0.019760306924581528,
        0.0898040235042572,
        -0.03332369402050972,
        -0.012287653051316738,
        -0.002123144455254078,
        0.004083151463419199,
        -0.06741698086261749,
        0.13198183476924896,
        0.003381104674190283,
        -0.00950724445283413,
        -0.02212933637201786,
        0.011949189938604832,
        0.02993662841618061,
        0.013679045252501965,
        0.04890771955251694,
        0.008103867992758751,
        -0.04869997501373291,
        0.07365892082452774,
        0.08161967992782593,
        0.043924279510974884,
        -0.006458576302975416,
        -0.07686002552509308,
        -0.017087310552597046,
        0.01189386285841465,
        0.03238464891910553,
        -0.03361083194613457,
        -0.08778458088636398,
        0.030660811811685562,
        0.021979443728923798,
        -0.04043000936508179,
        -0.029418274760246277,
        -0.026719210669398308,
        0.05468182638287544,
        0.08118360489606857,
        0.005134167615324259,
        0.0713125541806221,
        -0.011858216486871243,
        0.017667850479483604,
        -0.043181151151657104,
        0.004050323739647865,
        -0.01549422089010477,
        0.0079696299508214,
        -0.01683572679758072,
        -0.02511010132730007,
        0.00010424717038404197,
        0.008066154085099697,
        -0.005887818988412619,
        0.017938781529664993,
        0.00035444844979792833,
        0.01719393953680992,
        -0.01268746517598629,
        -0.027928544208407402,
        0.06665290892124176,
        0.011073935776948929,
        -0.01912178099155426,
        -0.013730058446526527,
        0.05753489211201668,
        0.016764022409915924,
        -0.023882165551185608,
        0.04543663188815117,
        -0.004248921759426594,
        -0.0059338822029531,
        0.019577503204345703,
        0.04033996909856796,
        0.040863461792469025,
        -0.07797659933567047,
        -0.05634341761469841,
        -0.19988201558589935,
        0.00741972541436553,
        -0.03626328334212303,
        -0.04503718763589859,
        0.08451227843761444,
        -0.03060397133231163,
        0.05382191762328148,
        -0.012414928525686264,
        0.07094842940568924,
        0.017175938934087753,
        0.05652857571840286,
        -0.030700210481882095,
        -0.04778385907411575,
        0.03415174409747124,
        -0.016057578846812248,
        0.10248196870088577,
        -0.009514378383755684,
        -0.0033924670424312353,
        -0.05044207721948624,
        0.0182908084243536,
        -0.02704339288175106,
        0.04544670134782791,
        -0.0052755968645215034,
