{
    "index": 632,
    "page": 98,
    "text": "44 [“Phocion” (13): When about to be put to death he charged his son to bear no malice against the Athenians.] \nELEVENTH BOOK \n\nXIII. They contemn one another, and yet they seek to please one another: and whilest \nthey seek to surpass one another in worldly pomp and greatness, they most debase \nand prostitute themselves in their better part one to another.",
    "embedding_of_chunk": [
        -0.020823128521442413,
        -0.005185541231185198,
        0.014000331051647663,
        -0.05369722843170166,
        -0.0003838548727799207,
        -0.034249961376190186,
        0.08643952757120132,
        0.0678253099322319,
        -0.0019239293178543448,
        -0.05064002424478531,
        0.012291031889617443,
        -0.07850214838981628,
        0.01590157113969326,
        0.06268031150102615,
        0.007277321070432663,
        -0.029507450759410858,
        -0.02186964452266693,
        0.045826997607946396,
        -0.10736415535211563,
        0.04648019000887871,
        0.08617068827152252,
        -0.0325390063226223,
        0.0017488871235400438,
        -0.05264775827527046,
        0.06404602527618408,
        0.020650183781981468,
        0.009911944158375263,
        -0.016018200665712357,
        -0.02893061190843582,
        -0.1374512016773224,
        -0.008302262052893639,
        -0.05133522301912308,
        0.03396931290626526,
        -0.03508235886693001,
        -0.040430422872304916,
        0.005874680355191231,
        -0.042886391282081604,
        0.06826542317867279,
        -0.04115821793675423,
        0.07750014960765839,
        0.011903895065188408,
        0.06979142129421234,
        -0.06321285665035248,
        -0.04587506130337715,
        -0.0405406728386879,
        -0.027703726664185524,
        -0.001427816110663116,
        -0.03510783240199089,
        0.05442963168025017,
        -0.0031799613498151302,
        0.012966572307050228,
        -0.029293714091181755,
        0.018256520852446556,
        0.01488527748733759,
        0.03570821136236191,
        -0.028992466628551483,
        0.05894027650356293,
        0.0029202019795775414,
        0.06015167385339737,
        0.01979207433760166,
        0.05089911073446274,
        0.018399348482489586,
        -0.2138252705335617,
        0.07771666347980499,
        0.04812762886285782,
        0.02666698954999447,
        -0.04955458641052246,
        0.024509137496352196,
        -0.013634885661303997,
        0.08884549140930176,
        -0.0227818600833416,
        0.003922491334378719,
        0.05800821632146835,
        0.052016183733940125,
        0.004584264941513538,
        -0.008277536369860172,
        -0.011595756746828556,
        -0.04769940301775932,
        -0.024695701897144318,
        -0.039991702884435654,
        -0.026622282341122627,
        -0.020285751670598984,
        -0.013084625825285912,
        -0.0031058238819241524,
        -0.022328903898596764,
        -0.035335395485162735,
        0.013783820904791355,
        -0.05583036318421364,
        0.06656096875667572,
        0.008554824627935886,
        0.0010551357408985496,
        -0.03122081235051155,
        -0.021677067503333092,
        0.010443739593029022,
        -0.04824346303939819,
        0.04587136581540108,
        0.00965737085789442,
        0.010676595382392406,
        -0.07316933572292328,
        0.20015479624271393,
        -0.044794678688049316,
        0.03423669561743736,
        0.003431568620726466,
        -0.0062083532102406025,
        0.07086462527513504,
        -0.023986829444766045,
        0.01669694110751152,
        -0.06051969900727272,
        -0.006083047017455101,
        0.0010902206413447857,
        0.010621179826557636,
        -0.040255580097436905,
        0.04431861266493797,
        -0.04930346459150314,
        0.05487954616546631,
        0.048644233494997025,
        0.062458183616399765,
        0.025067783892154694,
        -0.03663213923573494,
        -0.020324407145380974,
        -0.0028651950415223837,
        -0.02272365242242813,
        0.03176583722233772,
        -0.02978123351931572,
        0.058090437203645706,
        -0.08326373994350433,
        0.04087458550930023,
        0.09842833131551743,
        0.03332056105136871,
        -0.009088609367609024,
        0.008118967525660992,
        -0.01750250905752182,
        -0.04276106506586075,
        -0.010860787704586983,
        -0.003994815517216921,
        0.014537548646330833,
        -0.005880013573914766,
        -0.01749429665505886,
        0.013010579161345959,
        -0.0032633901573717594,
        -0.02382032945752144,
        -0.14980323612689972,
        -0.06102621555328369,
        -0.09832482039928436,
        -0.02793264575302601,
        0.05510248988866806,
        -0.008976140059530735,
        0.008553131483495235,
        -0.08361872285604477,
        0.04471820220351219,
        -0.04690214991569519,
        0.06470576673746109,
        -0.03190157189965248,
        0.012110166251659393,
        -0.022329922765493393,
        0.02144152857363224,
        0.012284931726753712,
        0.07298910617828369,
        -0.026459336280822754,
        -0.010613527148962021,
        0.004533755127340555,
        0.009469439275562763,
        -0.05288119986653328,
        0.1231701597571373,
        0.009524726308882236,
        -0.033497780561447144,
        0.019244104623794556,
        0.03282545879483223,
        0.008570006117224693,
        -0.005385770928114653,
        0.03503058850765228,
        0.009810538031160831,
        -0.0399371013045311,
        0.05947563052177429,
        0.04869011789560318,
        0.007267736829817295,
        -0.030577654018998146,
        -0.015929557383060455,
        -0.044559624046087265,
        0.03178088739514351,
        0.037377722561359406,
        -0.06518839299678802,
        -0.03815629333257675,
        0.008006938733160496,
        0.02524772845208645,
        -0.04662036895751953,
        -0.044970400631427765,
        -0.03770171105861664,
        0.03886983543634415,
        0.07857443392276764,
        -0.01170376781374216,
        0.0548667274415493,
        -0.04497373849153519,
        0.012491240166127682,
        -0.0559297651052475,
        -0.028690790757536888,
        -0.020348265767097473,
        -0.0219211895018816,
        -0.04016140475869179,
        -0.002559252316132188,
        -0.03144164755940437,
        -0.008018335327506065,
        -0.058434780687093735,
        0.023704973980784416,
        0.029081452637910843,
        0.020723991096019745,
        -0.021314166486263275,
        0.003074213396757841,
        0.06818932294845581,
        0.0021290050353854895,
        -0.05022053048014641,
        0.01149578858166933,
        0.03874983638525009,
        -0.03116239234805107,
        -0.03639532998204231,
        0.01820862665772438,
        -0.005681020673364401,
        0.02013903483748436,
        0.04288097470998764,
        0.028912978246808052,
        -0.01056336797773838,
        -0.11214154213666916,
        -0.02885146625339985,
        -0.20992609858512878,
        0.03376459330320358,
        0.005436598788946867,
        -0.059612955898046494,
        0.057162608951330185,
        -0.009586955420672894,
        0.055532436817884445,
        0.0010883691720664501,
        0.03231285139918327,
        0.02592635154724121,
        0.026093868538737297,
        -0.06361331790685654,
        -0.043545790016651154,
        0.046867597848176956,
        0.018733099102973938,
        0.05980491638183594,
        -0.0031675526406615973,
        0.051746074110269547,
        -0.00942312553524971,
        -0.0043625845573842525,
        -0.0024337684735655785,
        0.04613374546170235,
        -0.018807150423526764,
        -0.04745326563715935,
        0.017263133078813553,
        0.04846518114209175,
        0.20859046280384064,
        0.08157781511545181,
