{
    "index": 185,
    "page": 30,
    "text": "IV. If to understand and to be reasonable be common unto all men, then is that rea-\nson, for which we are termed reasonable, common unto all. If reason is general, then \nis that reason also, which prescribeth what is to be done and what not, common un-\nto all. If that, then law. If law, then are we fellow-citizens. If so, then are we partners \nin some one commonweal. If so, then the world is as it were a city. For which other \ncommonweal is it, that all men can be said to be members of? From this common \ncity it is, that understanding, reason, and law is derived unto us, for from whence \nelse? For as that which in me is earthly I have from some common earth; and that \nwhich is moist from some other element is imparted; as my breath and life hath its",
    "embedding_of_chunk": [
        -0.0534621961414814,
        -0.014471320435404778,
        0.0012185529340058565,
        -0.021731499582529068,
        0.027462000027298927,
        -0.04483621567487717,
        0.10585446655750275,
        0.04071209952235222,
        -0.01794714294373989,
        -0.013983752578496933,
        -0.016101770102977753,
        -0.09341306239366531,
        0.02465813048183918,
        0.031714215874671936,
        0.013459010049700737,
        0.010933914221823215,
        -0.03344935178756714,
        0.027243617922067642,
        -0.08050254732370377,
        0.019538136199116707,
        0.055223073810338974,
        -0.02549520507454872,
        -0.026581406593322754,
        -0.06954041868448257,
        0.0002428352745482698,
        0.05028076842427254,
        -0.0072338515892624855,
        -0.040116388350725174,
        -0.014173715375363827,
        -0.15912169218063354,
        -0.014724595472216606,
        -0.02975871041417122,
        0.04872949421405792,
        0.0038486928679049015,
        -0.0063468157313764095,
        -0.04461714252829552,
        -0.04254643991589546,
        0.04707838594913483,
        -0.025055987760424614,
        0.0959898978471756,
        0.046008024364709854,
        0.026327501982450485,
        0.00615051481872797,
        -0.03076864220201969,
        -0.06056107580661774,
        -0.027661679312586784,
        -0.017723077908158302,
        0.04002072662115097,
        -0.025197789072990417,
        -0.04437103495001793,
        0.009862450882792473,
        -0.035632919520139694,
        -0.014436335302889347,
        0.040788378566503525,
        -0.01248052716255188,
        0.05002537742257118,
        0.07171452790498734,
        0.04291579872369766,
        0.02469746768474579,
        0.02312111295759678,
        0.04718880355358124,
        0.06588783115148544,
        -0.2542519271373749,
        0.09472823888063431,
        0.06881992518901825,
        -0.011617977172136307,
        -0.021897556260228157,
        -0.019896937534213066,
        0.0007229911861941218,
        0.032361358404159546,
        -0.01228128932416439,
        0.042658913880586624,
        0.06947031617164612,
        0.06264379620552063,
        -0.006308036390691996,
        0.0018789194291457534,
        -0.004100976046174765,
        -0.0749305784702301,
        -0.04192677140235901,
        0.03299050033092499,
        -0.01249002106487751,
        0.020075341686606407,
        -0.022616328671574593,
        -0.00931534357368946,
        -0.057102106511592865,
        -0.03205668553709984,
        0.022712405771017075,
        -0.05122403800487518,
        0.021898183971643448,
        0.045580338686704636,
        -0.04013742133975029,
        -0.015294240787625313,
        -0.01871037296950817,
        0.0018708988791331649,
        -0.028237514197826385,
        -0.01786770485341549,
        0.07209352403879166,
        0.00045175140257924795,
        -0.06471780687570572,
        0.18787816166877747,
        -0.029204407706856728,
        0.00453419191762805,
        0.03603675216436386,
        -0.02787162736058235,
        0.03261950612068176,
        -0.008322536014020443,
        -0.004285698756575584,
        -0.03350212797522545,
        0.01655520126223564,
        -0.0036536012776196003,
        0.003905719146132469,
        -0.012824048288166523,
        0.035755060613155365,
        -0.05932493880391121,
        0.027065901085734367,
        0.030851788818836212,
        0.08765718340873718,
        -0.008277940563857555,
        -0.03535982966423035,
        -0.017855267971754074,
        -0.02929140254855156,
        0.00779843982309103,
        0.025899028405547142,
        -0.03358234465122223,
        0.012639346532523632,
        -0.1273767501115799,
        0.04041646793484688,
        0.08926335722208023,
        0.006402056198567152,
        0.010570868849754333,
        0.03366175293922424,
        -0.03528187796473503,
        -0.037546638399362564,
        -0.012341215275228024,
        0.04964577406644821,
        0.035200200974941254,
        0.03512114658951759,
        -0.011560025624930859,
        0.03172091767191887,
        -0.022995715960860252,
        -0.04284074902534485,
        -0.1553768366575241,
        -0.05260118097066879,
        -0.10338997095823288,
        -0.007317249197512865,
        0.08025521039962769,
        -0.006711111404001713,
        0.0003027252678293735,
        -0.046643562614917755,
        0.04956185817718506,
        0.0020058918744325638,
        0.050284720957279205,
        -0.016562998294830322,
        -0.02130858413875103,
        0.017320187762379646,
        0.03656681627035141,
        0.06952499598264694,
        0.030048761516809464,
        -0.05402016639709473,
        0.03335342928767204,
        0.0003734641650225967,
        -0.013233603909611702,
        -0.03679089993238449,
        0.1569041907787323,
        0.02882441319525242,
        -0.019279390573501587,
        -0.016379080712795258,
        0.004335325211286545,
        0.022703293710947037,
        -0.01292303204536438,
        0.04157516360282898,
        -0.0006958333542570472,
        -0.02161809429526329,
        0.0701504647731781,
        0.08670216798782349,
        0.0008340224740095437,
        -0.04783006012439728,
        0.03681531548500061,
        -0.035199426114559174,
        0.026622850447893143,
        0.04175097867846489,
        -0.07177700847387314,
        -0.06469369679689407,
        0.013184820301830769,
        0.009547336958348751,
        -0.014136195182800293,
        -0.03858094662427902,
        -0.04734978452324867,
        0.03185920789837837,
        0.05643751844763756,
        0.03631296381354332,
        0.0805070698261261,
        -0.047348156571388245,
        -0.0036321808584034443,
        -0.02220369502902031,
        0.0008464431739412248,
        -0.032545022666454315,
        -0.04499012604355812,
        -0.01887456327676773,
        0.002954440889880061,
        -0.008722611702978611,
        0.012016557157039642,
        -0.007936190813779831,
        0.016422251239418983,
        -0.015612547285854816,
        0.009326235391199589,
        0.02577289752662182,
        -0.013091581873595715,
        0.03298961743712425,
        0.026354024186730385,
        -0.021960118785500526,
        0.05187544226646423,
        0.007156141102313995,
        -0.014466728083789349,
        -0.002579745603725314,
        0.0209342110902071,
        0.031221991404891014,
        0.039807673543691635,
        0.03484894707798958,
        0.03954733535647392,
        0.01944541372358799,
        -0.09127163141965866,
        -0.04255301132798195,
        -0.22888891398906708,
        -0.003321187337860465,
        0.031281400471925735,
        -0.04311738535761833,
        0.08865326642990112,
        -0.044334687292575836,
        0.03104206547141075,
        0.009296978823840618,
        -0.02605627104640007,
        0.04753836989402771,
        0.06962798535823822,
        -0.014059862121939659,
        -0.02099476382136345,
        0.04637381061911583,
        0.025737013667821884,
