{
    "index": 775,
    "page": 123,
    "text": "CÆSAR, C. Julius, the Dictator and \nConqueror. \n\nANTISTHENES of Athens, founder of the \nsect of Cynic philosophers, and an op-\nponent of Plato, 5th century B.C. \n\nCAIETA, a town in Latium. \n\nANTONINUS Pius, 15th Roman Emperor, \n138–161 A.D., “one of the best princes \nthat ever mounted a throne.” \n\nCAMILLUS, a famous dictator in the ear-\nly days of the Roman Republic. \n\nCARNUNTUM, a town on the Danube in \nUpper Pannonia. \n\nAPATHIA: the Stoic ideal was calmness \nin all circumstance an insensibility to \npain, and absence of all exultation at \npleasure or good fortune. \n\nCATO, called of Utica, a Stoic who died \nby his own hand after the battle of \nThapsus, 46 B.C. His name was pro-\nverbial for virtue and courage. \n\nAPELLES, a famous painter of antiquity.",
    "embedding_of_chunk": [
        -0.037548553198575974,
        0.0173215139657259,
        0.03320571035146713,
        -0.0166897252202034,
        -0.019774632528424263,
        -0.013089312240481377,
        0.10379139333963394,
        0.043344248086214066,
        -0.010363737121224403,
        -0.004689117893576622,
        0.005704318173229694,
        -0.07687049359083176,
        0.05415397882461548,
        0.04141221195459366,
        0.035694580525159836,
        0.016502996906638145,
        -0.011780220083892345,
        0.0811363160610199,
        -0.04111607000231743,
        0.0086628757417202,
        0.02479025162756443,
        -0.026048745959997177,
        -0.01704833097755909,
        -0.02829749695956707,
        0.011276892386376858,
        0.031314365565776825,
        -0.011297916993498802,
        -0.04744748771190643,
        -0.04238581657409668,
        -0.11727336049079895,
        -0.017432549968361855,
        -0.07519166171550751,
        0.04115162044763565,
        -0.04314706474542618,
        -0.012757535092532635,
        -0.015568546950817108,
        -0.05990380793809891,
        0.07361266762018204,
        -0.06319029629230499,
        0.04643281176686287,
        0.02340342290699482,
        0.035759471356868744,
        -0.030012700706720352,
        -0.011270975694060326,
        -0.015870898962020874,
        -0.034818440675735474,
        0.019823642447590828,
        0.0026047402061522007,
        0.03510995954275131,
        0.019752545282244682,
        0.04999828711152077,
        -0.015269912779331207,
        -0.003134493250399828,
        -0.00866960734128952,
        0.024788370355963707,
        -0.0063215889967978,
        0.05775343254208565,
        0.025428062304854393,
        0.05057404935359955,
        0.022909818217158318,
        -0.005057532340288162,
        0.05473104119300842,
        -0.22453637421131134,
        0.052254803478717804,
        0.015699278563261032,
        0.005265010055154562,
        -0.02683735080063343,
        -0.033988043665885925,
        -0.010135884396731853,
        0.030299238860607147,
        0.006961300503462553,
        0.039260298013687134,
        0.03636627644300461,
        0.06484191864728928,
        0.04871097952127457,
        -0.04003111273050308,
        -0.02034003660082817,
        -0.04149417579174042,
        -0.025471149012446404,
        0.002881566295400262,
        0.02662844769656658,
        0.008789526298642159,
        -0.007797203492373228,
        0.00481378473341465,
        -0.05117490887641907,
        -0.03462010994553566,
        0.04275163263082504,
        -0.04542398825287819,
        0.03524791821837425,
        0.04922255128622055,
        -0.0396973118185997,
        0.011996511369943619,
        0.029913004487752914,
        0.023981167003512383,
        -0.038263700902462006,
        -0.027463138103485107,
        0.003803826170042157,
        0.05016453191637993,
        -0.04624008759856224,
        0.23239107429981232,
        -0.030051400884985924,
        0.02790662832558155,
        0.010368064045906067,
        -0.014441759325563908,
        0.06278590112924576,
        -0.0034864679910242558,
        -0.03164694458246231,
        -0.05109067261219025,
        -0.045397285372018814,
        0.024590635672211647,
        0.03459610417485237,
        -0.044320981949567795,
        0.05691976472735405,
        -0.03505462035536766,
        0.046203915029764175,
        -0.022024136036634445,
        0.08828219026327133,
        -0.019242199137806892,
        -0.03801838681101799,
        0.01718355529010296,
        0.04098256677389145,
        0.00396686140447855,
        0.0708446353673935,
        0.02814367227256298,
        0.057956524193286896,
        -0.07626757025718689,
        0.029789498075842857,
        0.07229305803775787,
        0.05480099841952324,
        -0.013038573786616325,
        0.011539113707840443,
        -7.451245619449764e-05,
        -0.03529722988605499,
        0.0025579272769391537,
        0.005763422232121229,
        0.015362821519374847,
        0.02993715927004814,
        -0.03555158153176308,
        0.042387645691633224,
        -0.06675159186124802,
        -0.05956777185201645,
        -0.10163931548595428,
        -0.02995901368558407,
        -0.0779898464679718,
        -0.04262527450919151,
        0.032908715307712555,
        0.009172466583549976,
        0.04895104467868805,
        -0.07210255414247513,
        0.05607374384999275,
        -0.023091323673725128,
        -0.017664719372987747,
        -0.03920907899737358,
        0.01320473663508892,
        0.00574979092925787,
        0.02418101206421852,
        0.06126170977950096,
        0.09352084249258041,
        -0.03388050198554993,
        -0.028989864513278008,
        0.016800956800580025,
        -0.049550361931324005,
        -0.03617814928293228,
        0.11360567808151245,
        0.02472025342285633,
        -0.06200369447469711,
        -0.0011614450486376882,
        -0.006751602049916983,
        -0.02571791037917137,
        0.03408315032720566,
        0.0473332405090332,
        0.035801734775304794,
        -0.07828425616025925,
        0.028993982821702957,
        0.08614753931760788,
        0.054572757333517075,
        0.004057431593537331,
        -0.03991206735372543,
        -0.003925936762243509,
        0.015741193667054176,
        0.05140567943453789,
        -0.021049175411462784,
        -0.07646583765745163,
        0.03210259601473808,
        0.004975173156708479,
        -0.03517010435461998,
        -0.007146038580685854,
        -0.03803110867738724,
        -0.012020431458950043,
        0.04780464246869087,
        0.03971279785037041,
        0.06566598266363144,
        -0.026537789031863213,
        -0.043712351471185684,
        -0.07924217730760574,
        -0.0009309356100857258,
        -0.049855977296829224,
        -0.011570884846150875,
        0.015239927917718887,
        -0.0031914168503135443,
        -0.04220331460237503,
        0.0036336490884423256,
        -0.048767559230327606,
        0.03349790722131729,
        0.052624475210905075,
        -0.025323882699012756,
        -0.03717220574617386,
        0.024463575333356857,
        -0.003283889964222908,
        0.02016971819102764,
        0.0032646290492266417,
        0.09825380891561508,
        0.06120549142360687,
        -0.0352603942155838,
        -0.030643286183476448,
        0.03361210972070694,
        0.0056775351986289024,
        0.020140819251537323,
        0.023482587188482285,
        0.0035408863332122564,
        0.049663059413433075,
        -0.08109062165021896,
        -0.09990525245666504,
        -0.21317775547504425,
        -0.009319907054305077,
        -0.05057532340288162,
        -0.05169721320271492,
        0.04477328062057495,
        -0.03287789598107338,
        0.04565098509192467,
        -0.05828982591629028,
        0.022096864879131317,
        0.011968941427767277,
        0.05794743821024895,
        -0.000387812644476071,
        -0.04392994940280914,
        0.08747731149196625,
