{
    "index": 289,
    "page": 46,
    "text": "for that is not right. But as that old foster-father in the comedy, being now to take \nhis leave doth with a great deal of ceremony, require his foster-child’s rhombus, or \nrattle-top, remembering nevertheless that it is but a rhombus; so here also do thou \nlikewise. For indeed what is all this pleading and public bawling for at the courts? O \nman, hast thou forgotten what those things are! yea but they are things that others \nmuch care for, and highly esteem of. Wilt thou therefore be a fool too? Once I was; let \nthat suffice.",
    "embedding_of_chunk": [
        -0.044409751892089844,
        -0.032579075545072556,
        0.015156629495322704,
        -0.05502636730670929,
        0.008209056220948696,
        -0.015713633969426155,
        0.10149244964122772,
        0.019848259165883064,
        -0.0012501447927206755,
        -0.020435720682144165,
        0.0033659902401268482,
        -0.05905112996697426,
        0.06013544276356697,
        0.04618005454540253,
        0.020308658480644226,
        0.008050006814301014,
        0.024429859593510628,
        0.08789081871509552,
        -0.03864501044154167,
        0.02542872540652752,
        0.05413714796304703,
        -0.015242539346218109,
        -0.039886876940727234,
        -0.05608338490128517,
        0.028105493634939194,
        0.015050062909722328,
        -0.05278712883591652,
        -0.03937799856066704,
        -0.02535696141421795,
        -0.18818911910057068,
        0.018572596833109856,
        -0.046287812292575836,
        0.027541399002075195,
        0.002201726892963052,
        0.007326307240873575,
        -0.03674308955669403,
        0.020442742854356766,
        0.04202240705490112,
        -0.0366547554731369,
        0.01386254746466875,
        0.026386769488453865,
        0.01903628185391426,
        -0.01419744174927473,
        -0.05931147187948227,
        -0.05116531625390053,
        -0.0017299257451668382,
        -0.012593897990882397,
        -0.015027022920548916,
        0.01838088035583496,
        -0.035319313406944275,
        -0.006251327693462372,
        -0.012945186346769333,
        0.04604383185505867,
        0.02831694483757019,
        -0.018067628145217896,
        0.017453795298933983,
        0.0705551952123642,
        -0.0014598986599594355,
        0.04331106320023537,
        -0.005988145247101784,
        0.056141044944524765,
        0.03021438606083393,
        -0.21151402592658997,
        0.0569247230887413,
        0.05111293867230415,
        -0.03590134158730507,
        -0.05777258053421974,
        -0.04184002801775932,
        0.01933210715651512,
        0.0418223962187767,
        -0.01135154440999031,
        -0.0006134338909760118,
        0.030366767197847366,
        0.0880061462521553,
        -0.012566077522933483,
        -0.05181267857551575,
        -0.012845654971897602,
        -0.04300924018025398,
        -0.026494739577174187,
        0.014857739210128784,
        -0.0017871877644211054,
        -0.015635216608643532,
        -0.04540582373738289,
        0.02094896137714386,
        -0.07455747574567795,
        -0.050642747431993484,
        0.014695723541080952,
        -0.07586996257305145,
        0.006674536969512701,
        0.01173689030110836,
        -0.04855556786060333,
        0.018968306481838226,
        0.022946203127503395,
        0.02406013384461403,
        -0.02712208591401577,
        0.012885348871350288,
        0.02968699112534523,
        0.0077857025898993015,
        -0.0578271858394146,
        0.20077359676361084,
        -0.001474253716878593,
        -0.012678910046815872,
        0.04753498733043671,
        -0.008827568963170052,
        -0.0017388694686815143,
        -0.028283031657338142,
        -0.0009410171769559383,
        -0.03680138662457466,
        -0.018890993669629097,
        0.03367317467927933,
        0.01857433281838894,
        -0.025863872841000557,
        0.10199375450611115,
        -0.02341151237487793,
        0.04736568406224251,
        -0.03028239496052265,
        0.0012912838719785213,
        0.030108848586678505,
        -0.016910308972001076,
        0.0008627452189102769,
        -0.01230848953127861,
        0.03310846537351608,
        0.04723621904850006,
        -0.0237414687871933,
        -0.002808850957080722,
        -0.12786658108234406,
        0.06956430524587631,
        0.0812692791223526,
        0.021178003400564194,
        0.017133690416812897,
        -0.015777939930558205,
        -0.0488613024353981,
        -0.02171913906931877,
        -0.00462401332333684,
        0.03222791478037834,
        0.01961224339902401,
        0.05132986977696419,
        -0.013177474960684776,
        0.04402855038642883,
        -0.06359748542308807,
        -0.00921165943145752,
        -0.18443270027637482,
        -0.08156538009643555,
        -0.06898709386587143,
        -0.023357829079031944,
        0.06213589012622833,
        -0.024727771058678627,
        0.06863131374120712,
        -0.03341051563620567,
        0.06959213316440582,
        -0.04637821763753891,
        0.04666567221283913,
        -0.001590705942362547,
        -0.004911591298878193,
        -0.01871440000832081,
        -0.005221943836659193,
        0.026441829279065132,
        0.10968455672264099,
        -0.03832269459962845,
        0.015570451505482197,
        0.024780359119176865,
        -0.03223248943686485,
        -0.050871994346380234,
        0.04671235382556915,
        0.01619534380733967,
        -0.05143290013074875,
        -0.023555075749754906,
        0.0046344599686563015,
        0.020823821425437927,
        -0.03759291023015976,
        0.029548902064561844,
        0.041689470410346985,
        -0.05155934765934944,
        0.04778148978948593,
        0.060020141303539276,
        0.0244640801101923,
        -0.0320889875292778,
        0.004351460374891758,
        0.013739909045398235,
        -0.012867928482592106,
        0.02274301089346409,
        -0.0835471972823143,
        -0.06179431080818176,
        0.02282741293311119,
        0.03143831342458725,
        -0.027249997481703758,
        0.015466596931219101,
        -0.055353064090013504,
        0.04544253274798393,
        0.054413117468357086,
        -0.006126865744590759,
        0.0505407452583313,
        -0.046710263937711716,
        -0.04078611359000206,
        -0.007320766802877188,
        -0.00732391607016325,
        0.0013941772049292922,
        -0.027401557192206383,
        0.016648786142468452,
        -0.026774993166327477,
        -0.06312186270952225,
        -0.00894590001553297,
        -0.017092185094952583,
        0.0294253621250391,
        0.009491055272519588,
        0.03257114812731743,
        -0.004376240074634552,
        -0.06183493882417679,
        0.053335752338171005,
        0.042241279035806656,
        -0.06692840903997421,
        0.040792979300022125,
        0.037807364016771317,
        -0.02778908982872963,
        -0.04744541272521019,
        0.016450030729174614,
        -0.01987413503229618,
        0.003730477299541235,
        0.03277068957686424,
        0.05302131548523903,
        0.030829213559627533,
        -0.04451219365000725,
        -0.003852234920486808,
        -0.25169649720191956,
        0.018646644428372383,
        -0.009701060131192207,
        -0.05781228840351105,
        0.09176401793956757,
        -0.032187625765800476,
        0.04377787932753563,
        0.005358936730772257,
        0.033209286630153656,
        0.026517029851675034,
        0.05791889876127243,
        -0.04755602777004242,
        -0.034488338977098465,
        0.011019638739526272,
        0.019230375066399574,
        0.033833958208560944,
        0.02525717206299305,
        0.0017883076798170805,
        -0.0070129637606441975,
        0.01674674265086651,
        -0.01810676045715809,
        0.025459108874201775,
        -0.020173197612166405,
