{
    "index": 705,
    "page": 110,
    "text": "al rhetorical and historical fragments. Though none of the more ambitious works of \nFronto have survived, there are enough to give proof of his powers. Never was a great \nliterary reputation less deserved. It would be bard to conceive of anything more vapid \nthan the style and conception of these letters; clearly the man was a pedant without \nimagination or taste. Such indeed was the age he lived in, and it is no marvel that he \nwas like to his age. But there must have been more in him than mere pedantry; there \nwas indeed a heart in the man, which Marcus found, arid he found also a tongue \nwhich could speak the truth. Fronto’s letters are by no means free from exaggeration \nand laudation, but they do not show that loathsome flattery which filled the Roman",
    "embedding_of_chunk": [
        -0.05397676303982735,
        0.03841754421591759,
        0.0359678715467453,
        -0.040108390152454376,
        -0.03694199025630951,
        -0.0293718334287405,
        0.043974924832582474,
        0.043024785816669464,
        -0.0029459302313625813,
        -0.05148351565003395,
        -0.014786344021558762,
        -0.0406627431511879,
        0.024462826550006866,
        0.012711238116025925,
        -0.022557752206921577,
        -0.022678464651107788,
        0.012155233882367611,
        0.009591607376933098,
        -0.046416450291872025,
        -0.004524517804384232,
        0.04749371483922005,
        -0.014553412795066833,
        -0.005453051533550024,
        -0.05849955230951309,
        0.058334629982709885,
        0.03813363239169121,
        -0.0024492787197232246,
        0.01985853910446167,
        -0.0380382239818573,
        -0.1995268166065216,
        0.01563570648431778,
        -0.06855934113264084,
        0.06513442099094391,
        -0.04599825292825699,
        0.002061983337625861,
        -0.010000129230320454,
        -0.005431349389255047,
        0.027122734114527702,
        -0.05743919312953949,
        0.044442325830459595,
        0.024227546527981758,
        0.019073080271482468,
        -0.0050822412595152855,
        -0.022927990183234215,
        -0.014637036249041557,
        -0.033025044947862625,
        -0.01665019430220127,
        -0.011281530372798443,
        0.05067506060004234,
        -0.02151288278400898,
        0.0006953896954655647,
        -0.0406048409640789,
        -0.017250964418053627,
        0.02307801879942417,
        -0.01055716909468174,
        0.02410813421010971,
        0.06817202270030975,
        0.05586205795407295,
        0.026465604081749916,
        0.0494646318256855,
        0.004769137129187584,
        0.016677796840667725,
        -0.24899768829345703,
        0.06253287196159363,
        0.05060528218746185,
        -0.004003496374934912,
        -0.06201734393835068,
        -0.014544600620865822,
        0.005806481000036001,
        0.05384458228945732,
        -0.04467836767435074,
        0.003392703365534544,
        0.05237014591693878,
        0.0866246446967125,
        0.006100090220570564,
        -0.012830925174057484,
        -0.04418637603521347,
        -0.04598630592226982,
        0.02694055810570717,
        0.03397340700030327,
        0.0027719158679246902,
        0.002544932533055544,
        -0.0013589785667136312,
        0.018089421093463898,
        -0.051636382937431335,
        -0.02543172426521778,
        0.05566227436065674,
        -0.049380164593458176,
        0.022003967314958572,
        0.01316272933036089,
        0.019981585443019867,
        -0.013985194265842438,
        -0.0223337821662426,
        0.01577330194413662,
        -0.033071693032979965,
        -0.016553513705730438,
        0.011890747584402561,
        -0.0019519582856446505,
        -0.05654367804527283,
        0.21054576337337494,
        -0.018383048474788666,
        0.02920921891927719,
        0.04204557463526726,
        -0.015532130375504494,
        0.05362064391374588,
        -0.016074690967798233,
        0.02297164313495159,
        -0.05951833724975586,
        -0.041415028274059296,
        0.0004255207604728639,
        -0.05052512139081955,
        -0.03992215916514397,
        0.02880522795021534,
        -0.0013833461562171578,
        0.05207604542374611,
        -0.015987195074558258,
        0.0613473504781723,
        -0.008203789591789246,
        -0.045378122478723526,
        -0.0005460178945213556,
        -0.038954973220825195,
        0.012978797778487206,
        0.014540774747729301,
        -0.0025604134425520897,
        0.02498007006943226,
        -0.08702608197927475,
        0.07258307933807373,
        0.10095058381557465,
        -0.023494554683566093,
        0.03324064984917641,
        0.008242287673056126,
        -0.027833005413413048,
        -0.04059918224811554,
        -0.019779229536652565,
        -0.023264450952410698,
        0.015332771465182304,
        -0.02838343195617199,
        -0.006476819049566984,
        0.03955460712313652,
        -0.030605997890233994,
        -0.04096217826008797,
        -0.12612847983837128,
        -0.045070212334394455,
        -0.03679897263646126,
        -0.022663207724690437,
        0.06200855225324631,
        0.00983663834631443,
        0.02446749247610569,
        -0.024679871276021004,
        0.05839678272604942,
        -0.008647000417113304,
        -0.003716627135872841,
        -0.03896801918745041,
        0.0034677251242101192,
        0.007183591369539499,
        -0.01301196962594986,
        -0.0016066933749243617,
        0.08365549892187119,
        -0.06050160899758339,
        0.016075627878308296,
        0.014167708344757557,
        -0.06590261310338974,
        -0.07256101816892624,
        0.10562721639871597,
        0.0031945439986884594,
        -0.0642416700720787,
        0.007444571238011122,
        0.008036339655518532,
        0.024715857580304146,
        -0.03221558779478073,
        0.07756797969341278,
        0.030774742364883423,
        -0.05387439578771591,
        0.02033316344022751,
        0.05105609819293022,
        0.06670388579368591,
        -0.038506727665662766,
        -0.04280029237270355,
        0.01815931871533394,
        0.028340686112642288,
        0.0690387561917305,
        -0.00746699795126915,
        -0.014561365358531475,
        0.04661092907190323,
        0.027527980506420135,
        -0.05835261940956116,
        -0.0048019979149103165,
        -0.019177351146936417,
        0.07536912709474564,
        0.10588207840919495,
        0.014385400339961052,
        0.07529668509960175,
        -0.0506909042596817,
        -0.021510198712348938,
        -0.06218114495277405,
        -0.015531147830188274,
        -0.014277245849370956,
        0.008258002810180187,
        -0.018824607133865356,
        0.007862281054258347,
        -0.0470220111310482,
        0.007749947719275951,
        -0.03877044469118118,
        0.009037892334163189,
        0.06777822226285934,
        0.03555045276880264,
        -0.007356242276728153,
        -0.009076287969946861,
        0.04663955047726631,
        0.02774517983198166,
        -0.03305051103234291,
        0.004609704948961735,
        0.015533342957496643,
        0.02022150531411171,
        -0.023664647713303566,
        0.05018714442849159,
        -0.000630140129942447,
        0.03287525847554207,
        0.02317695878446102,
        0.01610581763088703,
        0.03173346444964409,
        -0.09645527601242065,
        -0.08523441851139069,
        -0.233210951089859,
        0.018556522205471992,
        -0.011919980868697166,
        -0.03789440914988518,
        0.07578682154417038,
        -0.056193456053733826,
        0.03595976531505585,
        -0.014010618440806866,
        0.06518279761075974,
        0.06395908445119858,
        0.020413564518094063,
        -0.025230772793293,
        -0.049134429544210434,
        0.042189821600914,
        -0.03865412622690201,
