{
    "index": 446,
    "page": 70,
    "text": "XXII. Shall I do it? I will; so the end of my action be to do good unto men. Doth any-\nthing by way of cross or adversity happen unto me? I accept it, with reference unto \nthe Gods, and their providence; the fountain of all things, from which whatsoever \ncomes to pass, doth hang and depend. \n\nXXIII. By one action judge of the rest: this bathing which usually takes up so much \nof our time, what is it? Oil, sweat, filth; or the sordes of the body: an excrementitious \nviscosity, the excrements of oil and other ointments used about the body, and mixed \nwith the sordes of the body: all base and loathsome. And such almost is every part of \nour life; and every worldly object.",
    "embedding_of_chunk": [
        0.0007114470936357975,
        -0.026109402999281883,
        0.05430746078491211,
        0.007552203722298145,
        0.006822593510150909,
        0.002003969857469201,
        0.12274118512868881,
        0.00955114420503378,
        0.006767348852008581,
        -0.0019248778698965907,
        -0.031608473509550095,
        -0.08777600526809692,
        0.02206382341682911,
        0.004056314937770367,
        0.008927368558943272,
        0.000258574727922678,
        0.019735679030418396,
        0.0585106797516346,
        -0.08344181627035141,
        0.0003766837762668729,
        0.07120665162801743,
        0.009900237433612347,
        -0.011064602062106133,
        -0.03356011584401131,
        0.01026961114257574,
        0.041332922875881195,
        0.0017197494162246585,
        -0.037591032683849335,
        -0.04346977919340134,
        -0.17567004263401031,
        -0.007116908673197031,
        -0.05398315191268921,
        0.02578115090727806,
        0.013037232682108879,
        -0.01622663252055645,
        -0.04228205978870392,
        -0.049190882593393326,
        0.03116779215633869,
        -0.0716346725821495,
        0.07719709724187851,
        0.00615581963211298,
        0.04589512571692467,
        -0.02910500578582287,
        -0.05800219252705574,
        -0.03220851346850395,
        -0.01669880375266075,
        -0.03798378258943558,
        0.01136075984686613,
        0.01906600594520569,
        -0.03133765608072281,
        0.01876893639564514,
        -0.04878471791744232,
        0.02868364192545414,
        0.06273049116134644,
        0.025545280426740646,
        -0.0011608281638473272,
        0.08251889050006866,
        -0.019521381705999374,
        0.002417909214273095,
        -0.014288404025137424,
        0.04033397510647774,
        0.03219214454293251,
        -0.21155372262001038,
        0.11197610199451447,
        0.03138688951730728,
        0.023813871666789055,
        -0.01160962600260973,
        -0.008780868723988533,
        0.019649898633360863,
        0.05702032521367073,
        -0.038547150790691376,
        0.035101573914289474,
        0.027542630210518837,
        0.06424147635698318,
        0.0452461875975132,
        -0.004407414700835943,
        0.0015667524421587586,
        -0.0651455670595169,
        -0.014589597471058369,
        -0.0025811223313212395,
        -0.023749105632305145,
        -0.011261705309152603,
        -0.005576062016189098,
        0.007487621624022722,
        -0.06026879698038101,
        -0.05282830074429512,
        -0.013018921948969364,
        -0.04939136281609535,
        0.07239369302988052,
        0.019181441515684128,
        -0.0254354327917099,
        -0.025653457269072533,
        -0.02033672295510769,
        0.01922275312244892,
        -0.008305342867970467,
        -0.010759679600596428,
        0.030404044315218925,
        -0.020634116604924202,
        -0.0372876301407814,
        0.20795366168022156,
        -0.025296390056610107,
        0.028824878856539726,
        0.002586483024060726,
        -0.037953171879053116,
        0.07236943393945694,
        0.02576199173927307,
        -0.05490749701857567,
        -0.07299415022134781,
        -0.010737523436546326,
        -0.017995154485106468,
        0.002754925051704049,
        0.0042142062447965145,
        0.04569832608103752,
        -0.07490343600511551,
        0.017772557213902473,
        0.00892462395131588,
        0.033345796167850494,
        0.015405934303998947,
        -0.05286766216158867,
        -0.030135834589600563,
        -0.0019296781392768025,
        0.021565284579992294,
        0.06277073174715042,
        -0.0219791941344738,
        -0.018077239394187927,
        -0.1139180138707161,
        0.08059189468622208,
        0.1400679498910904,
        -0.00555407116189599,
        -0.02104807458817959,
        0.023002319037914276,
        -0.04388422518968582,
        -0.04032603278756142,
        -0.018229825422167778,
        -0.005542065482586622,
        0.03944748267531395,
        0.013486873358488083,
        -0.025828175246715546,
        0.002289912663400173,
        -0.048637282103300095,
        -0.01634758524596691,
        -0.12555710971355438,
        -0.006896326318383217,
        -0.14807775616645813,
        -0.025633137673139572,
        0.12074845284223557,
        0.0459875650703907,
        -0.00014584275777451694,
        -0.02015874534845352,
        0.015929436311125755,
        -0.006654015276581049,
        0.07590387761592865,
        -0.034429196268320084,
        0.00032529199961572886,
        0.011337599717080593,
        0.04786588251590729,
        0.027636108919978142,
        0.031509071588516235,
        -0.020018598064780235,
        -0.028443846851587296,
        0.005045285448431969,
        -0.045444369316101074,
        -0.0474202036857605,
        0.07675869762897491,
        0.013642346486449242,
        -0.020481565967202187,
        0.006055481266230345,
        -0.0031339796259999275,
        0.018184900283813477,
        0.013800856657326221,
        0.04276382550597191,
        -0.029948890209197998,
        -0.0866311639547348,
        0.02171272784471512,
        0.07707254588603973,
        0.014955257065594196,
        -0.008020910434424877,
        0.03648674488067627,
        0.03182079270482063,
        0.021965976804494858,
        0.03172275051474571,
        0.0046814121305942535,
        -0.05302459001541138,
        0.021290399134159088,
        0.011588729918003082,
        -0.013031155802309513,
        -0.011531921103596687,
        -0.01884041540324688,
        0.05275970324873924,
        0.06229434534907341,
        -0.025145109742879868,
        0.03422292694449425,
        -0.06818060576915741,
        -0.011102814227342606,
        -0.020426679402589798,
        -0.021627897396683693,
        -0.06374482810497284,
        -0.0012373158242553473,
        -0.008077670820057392,
        -0.00898934155702591,
        0.010646907612681389,
        0.035826776176691055,
        -0.033188577741384506,
        0.019698193296790123,
        0.04415735974907875,
        0.02850356139242649,
        -0.030800897628068924,
        -0.01063561998307705,
        0.0028090416453778744,
        0.028996948152780533,
        -0.04583100602030754,
        0.029539762064814568,
        0.07488898932933807,
        -0.0009811657946556807,
        -0.0040333750657737255,
        0.033527273684740067,
        0.01784551702439785,
        0.0010579267982393503,
        -0.021589599549770355,
        0.043795157223939896,
        0.027598051354289055,
        -0.1046123132109642,
        -0.04799075797200203,
        -0.25107285380363464,
        0.03909562528133392,
        -0.0076423706486821175,
        -0.02979922853410244,
        0.07842011004686356,
        -0.046511974185705185,
        0.030327031388878822,
        -0.012200919911265373,
        0.02929798886179924,
        0.04258451238274574,
        0.11083299666643143,
        -0.03947066515684128,
        -0.015437996946275234,
        0.01814647763967514,
        -0.034538429230451584,
        0.07623916864395142,
        0.03722856938838959,
