{
    "index": 223,
    "page": 36,
    "text": "XXXVIII. Even as if any of the gods should tell thee, Thou shalt certainly die to-\nmorrow, or next day, thou wouldst not, except thou wert extremely base and pusil-\nlanimous, take it for a great benefit, rather to die the next day after, than to-morrow; \n(for alas, what is the difference!) so, for the same reason, think it no great matter to \ndie rather many years after, than the very next day.",
    "embedding_of_chunk": [
        -0.007971716113388538,
        0.002538650995120406,
        0.025545503944158554,
        -0.04132513701915741,
        0.014568164944648743,
        -0.004487795755267143,
        0.04975562170147896,
        0.06075502187013626,
        0.053431492298841476,
        -0.035850200802087784,
        0.017560960724949837,
        -0.04812775179743767,
        0.033364471048116684,
        0.04703258350491524,
        -0.02475389838218689,
        0.008195942267775536,
        -0.033256497234106064,
        0.008215739391744137,
        -0.08359287679195404,
        0.021046217530965805,
        0.07215273380279541,
        0.005208286922425032,
        0.0018799512181431055,
        -0.06475964188575745,
        0.01905752159655094,
        0.04695121943950653,
        -0.053478535264730453,
        -0.030015364289283752,
        -0.011528542265295982,
        -0.18459297716617584,
        -0.03318459540605545,
        -0.06442927569150925,
        -0.008317356929183006,
        -0.06638871878385544,
        -0.08550557494163513,
        -0.0012832765933126211,
        -0.015624240972101688,
        0.04660630226135254,
        -0.03223433718085289,
        0.08772015571594238,
        0.018819594755768776,
        0.052516575902700424,
        -0.03571392223238945,
        -0.05725913122296333,
        -0.034714438021183014,
        -0.046211667358875275,
        -0.02633068338036537,
        -0.01315636932849884,
        0.04446791857481003,
        -0.008790870197117329,
        0.0035219385754317045,
        -0.02453528344631195,
        0.019562019035220146,
        0.05815444141626358,
        0.0014371790457516909,
        0.004161323420703411,
        0.040951404720544815,
        0.01845294050872326,
        0.05208418518304825,
        0.01357163954526186,
        0.018349187448620796,
        -0.017008589580655098,
        -0.21351228654384613,
        0.06399274617433548,
        0.011326123960316181,
        0.0011814335593953729,
        -0.03284396976232529,
        -0.014267521910369396,
        -0.04031258076429367,
        0.061260759830474854,
        -0.047868967056274414,
        -0.005985999014228582,
        0.02826840430498123,
        0.06617865711450577,
        -0.006355148274451494,
        -0.005979470908641815,
        0.052344389259815216,
        -0.0408991202712059,
        -0.018058009445667267,
        -0.007117058150470257,
        0.027213500812649727,
        0.009912590496242046,
        -0.003296592039987445,
        -0.005927893333137035,
        -0.05558379366993904,
        -0.059843674302101135,
        -0.022625043988227844,
        -0.052542053163051605,
        0.053151898086071014,
        0.05931740999221802,
        -0.019345145672559738,
        -0.00944707915186882,
        -0.04786453768610954,
        -0.00016213656635954976,
        -0.0523507222533226,
        0.009608452208340168,
        0.02604297176003456,
        0.032905228435993195,
        -0.021724313497543335,
        0.20215678215026855,
        -0.06469543278217316,
        0.01741914637386799,
        -0.05280788987874985,
        -0.020022105425596237,
        0.0946938768029213,
        -0.00046119626495055854,
        -0.026991331949830055,
        -0.02661544270813465,
        0.007815040647983551,
        0.012883871793746948,
        0.0412517711520195,
        -0.005785820540040731,
        0.04373982921242714,
        -0.030896423384547234,
        0.025963114574551582,
        0.04094937443733215,
        0.06352037191390991,
        0.013012579642236233,
        -0.010815945453941822,
        0.00038545491406694055,
        -0.015140076167881489,
        0.02464241348206997,
        0.05670581012964249,
        -0.04264112561941147,
        0.05232897773385048,
        -0.08824358135461807,
        0.02963201515376568,
        0.09202992916107178,
        0.009677086025476456,
        -0.015067794360220432,
        0.0647893026471138,
        -0.0518779419362545,
        -0.01512364111840725,
        -0.028125811368227005,
        0.004485268611460924,
        0.03647831827402115,
        -0.010770764201879501,
        0.02108616940677166,
        0.031376101076602936,
        -0.08116182684898376,
        -0.02219914086163044,
        -0.13537707924842834,
        -0.025322237983345985,
        -0.09951455146074295,
        -0.04992594197392464,
        0.06958376616239548,
        -0.018731331452727318,
        0.02687295898795128,
        -0.011017199605703354,
        -0.037202540785074234,
        -0.04089701175689697,
        0.05236794054508209,
        -0.03642691671848297,
        -0.027085892856121063,
        -0.026212843134999275,
        0.027907999232411385,
        0.03222081437706947,
        0.05906679481267929,
        -0.019658345729112625,
        -0.005845586769282818,
        0.016144493594765663,
        -0.02531740814447403,
        -0.03430422767996788,
        0.08871723711490631,
        -0.007750818971544504,
        -0.025392215698957443,
        -0.012819020077586174,
        -0.0021924267057329416,
        0.024934910237789154,
        -0.020823735743761063,
        0.043588947504758835,
        -0.011934498324990273,
        -0.0028890043031424284,
        0.005410836543887854,
        0.11914119869470596,
        0.044333525002002716,
        -0.02278648130595684,
        -0.007651323918253183,
        -0.0016747673507779837,
        0.043798886239528656,
        0.019315099343657494,
        -0.0028364674653857946,
        -0.03035042993724346,
        0.04688061401247978,
        0.006874138955026865,
        -0.02379271574318409,
        -0.012320294976234436,
        0.007111106067895889,
        0.04062538594007492,
        0.011352166533470154,
        0.012288069352507591,
        0.022380603477358818,
        -0.04043862968683243,
        -0.00019807854550890625,
        -0.013828964903950691,
        -0.047336798161268234,
        -0.03486053645610809,
        0.034789375960826874,
        0.013425501994788647,
        -0.020019961521029472,
        0.004363455343991518,
        -0.01526870671659708,
        -0.04743344336748123,
        0.030282650142908096,
        -0.010242754593491554,
        0.008857381530106068,
        -0.006917656399309635,
        -0.021354399621486664,
        0.06681078672409058,
        0.005856848321855068,
        -0.04529554769396782,
        0.015344086103141308,
        0.06449801474809647,
        0.014723105356097221,
        -0.06275216490030289,
        0.06623836606740952,
        0.011362407356500626,
        0.002197250025346875,
        0.0189443938434124,
        0.0440821647644043,
        0.06096665561199188,
        -0.08993354439735413,
        -0.04552331939339638,
        -0.22004738450050354,
        0.0024016385432332754,
        -0.013213260099291801,
        -0.04678242653608322,
        0.08199238777160645,
        -0.04777228459715843,
        -0.00960832741111517,
        -0.023990394547581673,
        0.05362709239125252,
        0.041938792914152145,
        0.05940405651926994,
        -0.025968873873353004,
        -0.005366445519030094,
        0.01276951003819704,
        -0.008275745436549187,
        0.07224763929843903,
        0.031975001096725464,
        0.006860991474241018,
        -0.013414574787020683,
        0.017375929281115532,
        -0.03152942657470703,
        0.040055401623249054,
        -0.05375948175787926,
        -0.10569629073143005,
        0.01420093234628439,
        -0.009857426397502422,
