{
    "index": 556,
    "page": 87,
    "text": "ry dissolution is either a mere dispersion, of the elements into those elements again \nwhereof everything did consist, or a change, of that which is more solid into earth; \nand of that which is pure and subtile or spiritual, into air. So that by this means \nnothing is lost, but all resumed again into those rational generative seeds of the uni-\nverse; and this universe, either after a certain period of time to lie consumed by fire, \nor by continual changes to be renewed, and so for ever to endure. Now that solid and \nTENTH BOOK",
    "embedding_of_chunk": [
        -0.053105827420949936,
        -0.01305505819618702,
        0.03382574021816254,
        0.004095010459423065,
        0.00020600238349288702,
        0.028671786189079285,
        0.013982893899083138,
        0.03443785011768341,
        -0.006644494831562042,
        -0.0362657755613327,
        -0.013383706100285053,
        -0.07390029728412628,
        0.040569499135017395,
        0.05162941291928291,
        0.019315630197525024,
        0.00455921795219183,
        -0.01701405458152294,
        0.010952684096992016,
        -0.07477498054504395,
        0.001964505761861801,
        0.060344479978084564,
        -0.029727013781666756,
        -0.023122292011976242,
        -0.05400402843952179,
        0.046218086034059525,
        0.04050436615943909,
        -0.05579002574086189,
        -0.002149032661691308,
        -0.0073789991438388824,
        -0.19439183175563812,
        0.03122210130095482,
        -0.012981057167053223,
        0.01235500629991293,
        0.005001293960958719,
        -0.007264033425599337,
        0.004967775661498308,
        -0.04051368683576584,
        0.031771596521139145,
        -0.03710315749049187,
        0.07905900478363037,
        0.06702438741922379,
        0.021213296800851822,
        -0.002506751101464033,
        -0.08187388628721237,
        -0.050098005682229996,
        -0.05181213095784187,
        -0.01239815540611744,
        -0.00907120481133461,
        0.06329211592674255,
        0.005499792285263538,
        0.003620759816840291,
        -0.024822885170578957,
        -0.010121435858309269,
        0.07146754115819931,
        0.015368822030723095,
        0.018836019560694695,
        0.039051350206136703,
        0.04605603963136673,
        0.06318411976099014,
        0.011346316896378994,
        0.01985320821404457,
        0.038239918649196625,
        -0.21376122534275055,
        0.07767442613840103,
        0.09861011803150177,
        -0.014122363179922104,
        -0.05059194564819336,
        -0.03735097125172615,
        0.02532070502638817,
        0.022388363257050514,
        -0.028663070872426033,
        0.05559617653489113,
        0.01865825057029724,
        0.04443060979247093,
        0.00838297139853239,
        -0.021498676389455795,
        0.0022177519276738167,
        -0.03295345604419708,
        -0.015519329346716404,
        0.03298395499587059,
        0.0549585334956646,
        0.015923921018838882,
        -0.021736357361078262,
        -0.038884036242961884,
        -0.0710313692688942,
        -0.019315069541335106,
        0.0026023711543530226,
        -0.04126933589577675,
        0.05039814114570618,
        0.01102809514850378,
        -0.05193999409675598,
        -0.006656276993453503,
        0.011672347784042358,
        0.02568381279706955,
        -0.057754162698984146,
        -0.014912727288901806,
        -0.004568603355437517,
        0.01163654774427414,
        0.008460347540676594,
        0.19790828227996826,
        -0.05251728370785713,
        0.031200559809803963,
        0.03854444995522499,
        -0.02325698733329773,
        0.02720651775598526,
        -0.0421641506254673,
        -0.011248224414885044,
        -0.025774415582418442,
        -0.026959680020809174,
        -0.02832343988120556,
        0.011306957341730595,
        -0.034142158925533295,
        0.03739234432578087,
        -0.037840936332941055,
        0.038638971745967865,
        -0.007010689936578274,
        0.018409451469779015,
        0.040185365825891495,
        -0.06315028667449951,
        0.036594972014427185,
        -0.019254567101597786,
        0.07874611020088196,
        0.0397409088909626,
        -0.020161684602499008,
        0.002257242565974593,
        -0.0852397158741951,
        0.030234817415475845,
        0.10631563514471054,
        -0.0054598706774413586,
        0.012453642673790455,
        0.03455197811126709,
        -0.01751973107457161,
        -0.06821070611476898,
        -0.04456812143325806,
        -0.0437556654214859,
        0.035885732620954514,
        0.004553220700472593,
        -0.027570614591240883,
        0.02254028432071209,
        0.010784254409372807,
        -0.024875007569789886,
        -0.10172079503536224,
        -0.04982622340321541,
        -0.08915259689092636,
        -0.01186157763004303,
        0.09014709293842316,
        0.02218266762793064,
        0.028263293206691742,
        -0.007986998185515404,
        0.07218874245882034,
        -0.0014558875700458884,
        0.04408418759703636,
        -0.033093344420194626,
        -0.03285295143723488,
        0.029504572972655296,
        0.012672573328018188,
        0.04400379955768585,
        0.030626535415649414,
        -0.013740353286266327,
        0.01312407199293375,
        0.001663122558966279,
        -0.03828302398324013,
        -0.0939541831612587,
        0.16672255098819733,
        0.010279516689479351,
        -0.008470493368804455,
        0.003438609419390559,
        0.026562314480543137,
        -0.003223969368264079,
        0.0012555402936413884,
        0.006991873495280743,
        0.012156129814684391,
        -0.05091831833124161,
        0.021942175924777985,
        0.08243910223245621,
        0.04075411334633827,
        -0.015451623126864433,
        -0.049903519451618195,
        0.01075165905058384,
        0.003944125026464462,
        0.07849695533514023,
        -0.05268920958042145,
        -0.053750913590192795,
        0.11005878448486328,
        0.03298727422952652,
        -0.04132022708654404,
        -0.043633416295051575,
        -0.00252545066177845,
        0.041195474565029144,
        0.041345324367284775,
        -0.01951221190392971,
        0.041504330933094025,
        -0.03941120207309723,
        -0.0033017233945429325,
        -0.03088226169347763,
        0.00809524767100811,
        -0.0251401849091053,
        -0.0024080201983451843,
        -0.021754400804638863,
        -0.009563700295984745,
        -0.01578061655163765,
        0.007394744083285332,
        -0.03801638260483742,
        -0.010428954847157001,
        0.006342732347548008,
        0.05757835507392883,
        -0.0019178391667082906,
        0.013591269962489605,
        0.028172535821795464,
        0.037963494658470154,
        -0.02791549265384674,
        0.032248739153146744,
        0.03617032244801521,
        -0.013745446689426899,
        -0.01857859268784523,
        0.009657518938183784,
        0.022822381928563118,
        -0.0069730766117572784,
        -0.036367107182741165,
        0.05799547955393791,
        0.07163751870393753,
        -0.130441814661026,
        -0.03146791085600853,
        -0.2224481850862503,
        0.016569413244724274,
        0.02123243175446987,
        -0.057999301701784134,
        0.11205197870731354,
        -0.038093630224466324,
        -0.0024654180742800236,
        -0.0019713633228093386,
        0.01269261073321104,
        0.016580577939748764,
        0.02672773040831089,
        -0.02087186649441719,
        0.0057411496527493,
        0.01438479870557785,
        -0.0081067169085145,
        -0.005002142395824194,
        0.021459542214870453,
        0.028899742290377617,
        -0.059228792786598206,
        0.0017364531522616744,
        0.008057382889091969,
        0.03728659823536873,
        -0.055726781487464905,
