{
    "index": 395,
    "page": 62,
    "text": "XXVII. To look back upon things of former ages, as upon the manifold changes and \nconversions of several monarchies and commonwealths. We may also foresee things \nfuture, for they shall all be of the same kind; neither is it possible that they should \nleave the tune, or break the concert that is now begun, as it were, by these things \nthat are now done and brought to pass in the world. It comes all to one therefore, \nwhether a man be a spectator of the things of this life but forty years, or whether he \nsee them ten thousand years together: for what shall he see more? “And as for those \nparts that came from the earth, they shall return unto the earth again; and those \n\n                                            \n29 [“It will,” etc. (38): Euripides, Bellerophon, frag. 287 (Nauck).",
    "embedding_of_chunk": [
        -0.05333573743700981,
        -0.011834373697638512,
        0.03650347888469696,
        -0.004586301743984222,
        0.00526344683021307,
        0.03345208987593651,
        0.024325944483280182,
        0.03166447579860687,
        -0.009032630361616611,
        -0.010726412758231163,
        -0.012810524553060532,
        -0.08293269574642181,
        0.031292304396629333,
        0.02249547466635704,
        -0.01987951062619686,
        0.02009693905711174,
        -0.03010915219783783,
        0.02555801346898079,
        -0.09757568687200546,
        0.004804342985153198,
        0.0840282142162323,
        0.012210894376039505,
        -0.02779330499470234,
        -0.04506366699934006,
        -0.017370715737342834,
        0.0846378281712532,
        -0.029283061623573303,
        -0.036238234490156174,
        -0.0018790137255564332,
        -0.13495473563671112,
        0.013353673741221428,
        -0.04468679428100586,
        0.026620037853717804,
        -0.01030279416590929,
        -0.02642984315752983,
        -0.01253541000187397,
        0.0034208125434815884,
        0.056472331285476685,
        -0.0507301464676857,
        0.14663617312908173,
        0.06540324538946152,
        0.026870647445321083,
        -0.02262614667415619,
        -0.05730573087930679,
        -0.04299481213092804,
        -0.06098470464348793,
        -0.05517498403787613,
        -0.028668604791164398,
        0.011289148591458797,
        0.011709504760801792,
        -0.005206138826906681,
        -0.06447173655033112,
        0.014008523896336555,
        0.031175458803772926,
        0.02353159338235855,
        0.06795839965343475,
        0.04533006623387337,
        0.03786993771791458,
        0.08160136640071869,
        -0.005924809258431196,
        0.07082783430814743,
        -0.006031602155417204,
        -0.22117215394973755,
        0.07180093228816986,
        0.012211442925035954,
        0.03435186669230461,
        -0.026257846504449844,
        -0.04999741539359093,
        0.018608255311846733,
        0.06432734429836273,
        -0.05822192505002022,
        0.021863838657736778,
        0.04659106954932213,
        0.026614680886268616,
        0.03252509608864784,
        -0.0023801764473319054,
        -0.0037712028715759516,
        -0.06978711485862732,
        -0.034672755748033524,
        -0.004499317612498999,
        0.015431433916091919,
        0.025776995345950127,
        -0.035977158695459366,
        -0.013023783452808857,
        -0.04065359756350517,
        -0.07942874729633331,
        -0.03400598466396332,
        -0.027699822559952736,
        0.07913613319396973,
        0.023316556587815285,
        -0.07061325758695602,
        -0.033873025327920914,
        0.001614919281564653,
        0.02225843071937561,
        -0.06642790883779526,
        -0.02072591334581375,
        0.06691354513168335,
        0.013009082525968552,
        0.03152301907539368,
        0.2041577398777008,
        -0.03404291719198227,
        0.03494913503527641,
        0.06932805478572845,
        0.023795314133167267,
        0.060484666377305984,
        -0.01817798987030983,
        -0.0654548928141594,
        -0.028260068967938423,
        0.025653349235653877,
        0.0030420557595789433,
        0.016032574698328972,
        -0.03232889622449875,
        0.034129660576581955,
        -0.03157922253012657,
        0.0019053665455430746,
        0.024272022768855095,
        0.008963579311966896,
        0.043369896709918976,
        -0.01574609987437725,
        -0.02422831952571869,
        -0.001693760510534048,
        0.017696091905236244,
        0.04995804652571678,
        -0.03787441551685333,
        0.014571123756468296,
        -0.057093556970357895,
        0.05434923991560936,
        0.07755989581346512,
        -0.011188914999365807,
        0.01268754992634058,
        -0.004805684555321932,
        -0.04233647882938385,
        -0.033991385251283646,
        -0.0252761859446764,
        0.005126971285790205,
        0.01749558374285698,
        0.03811762481927872,
        -0.046771541237831116,
        0.01763118989765644,
        -0.054572589695453644,
        -0.042227428406476974,
        -0.1532697230577469,
        0.0019115424947813153,
        -0.07943745702505112,
        -0.0377657525241375,
        0.09157382696866989,
        0.018912704661488533,
        0.01736423932015896,
        -0.033887069672346115,
        0.023115890100598335,
        -0.016933616250753403,
        0.020801542326807976,
        -0.031372763216495514,
        -0.0022595382761210203,
        0.024310117587447166,
        0.03416038677096367,
        0.000448330189101398,
        0.034087616950273514,
        -0.04163504019379616,
        0.02921164594590664,
        0.013665854930877686,
        -0.049034833908081055,
        -0.08917203545570374,
        0.12736579775810242,
        0.00895062368363142,
        -0.05460554361343384,
        -0.013138742186129093,
        0.025033222511410713,
        -0.010413567535579205,
        -0.014024276286363602,
        0.024099105969071388,
        0.00414741737768054,
        -0.03875093534588814,
        0.023686854168772697,
        0.11475908011198044,
        0.043894119560718536,
        -0.027513625100255013,
        -0.004663567058742046,
        -0.024715779349207878,
        0.051282141357660294,
        0.013553152792155743,
        -0.06214996054768562,
        -0.08823367208242416,
        0.04844554886221886,
        0.02687554433941841,
        -0.01902645267546177,
        -0.0061189462430775166,
        -0.011288397014141083,
        0.05264038220047951,
        0.03540843352675438,
        0.005525509361177683,
        0.05014428123831749,
        -0.028761204332113266,
        0.02927788533270359,
        -0.02136932499706745,
        -0.018517017364501953,
        -0.0499604307115078,
        0.004323266912251711,
        0.025791244581341743,
        -0.05364116281270981,
        -0.03278292343020439,
        -0.01197099220007658,
        -0.02549304999411106,
        0.04548337310552597,
        0.002835803432390094,
        0.02888983115553856,
        0.021301215514540672,
        -0.0038655325770378113,
        0.066099151968956,
        0.0020498766098171473,
        -0.0370149239897728,
        -0.02655136212706566,
        0.09728927910327911,
        -0.004391798749566078,
        -0.011920317076146603,
        0.01101656723767519,
        -0.00829038955271244,
        -0.005838736891746521,
        0.018434762954711914,
        0.03482621908187866,
        0.02700495719909668,
        -0.088237464427948,
        -0.0612943135201931,
        -0.21389494836330414,
        0.03480694815516472,
        0.006770899519324303,
        -0.005995524115860462,
        0.06060953810811043,
        -0.023621730506420135,
        0.008755581453442574,
        0.012433291412889957,
        0.06032185256481171,
        0.028427254408597946,
        0.06167934462428093,
        -0.011367380619049072,
        -0.01870577596127987,
        0.040340788662433624,
