{
    "index": 630,
    "page": 98,
    "text": "XII. Will any contemn me? let him look to that, upon what grounds he does it: my \ncare shall be that I may never be found either doing or speaking anything that doth \ntruly deserve contempt. Will any hate me? let him look to that. I for my part will be \nkind and loving unto all, and even unto him that hates me, whomsoever he be, will I \nbe ready to show his error, not by way of exprobation or ostentation of my patience, \nbut ingenuously and meekly: such as was that famous Phocion,\n\n44 if so be that he did",
    "embedding_of_chunk": [
        -0.03550063073635101,
        0.00583262462168932,
        0.05327576771378517,
        -0.014853748492896557,
        0.01824287138879299,
        -0.01255780179053545,
        0.10619781911373138,
        0.025707293301820755,
        -0.02501198835670948,
        -0.021502964198589325,
        0.0005596901173703372,
        -0.043804921209812164,
        0.004978789947926998,
        0.024180294945836067,
        0.006824055686593056,
        0.006041853688657284,
        -0.000339316698955372,
        0.045530058443546295,
        -0.08283080905675888,
        0.03548494726419449,
        0.06529663503170013,
        -0.010558409616351128,
        -0.013284604996442795,
        -0.08240113407373428,
        0.00026874212198890746,
        0.06599076092243195,
        -0.030435312539339066,
        -0.04630750045180321,
        -0.03207053244113922,
        -0.17327363789081573,
        -0.010046343319118023,
        -0.049712345004081726,
        0.07106194645166397,
        0.008163515478372574,
        -0.009797163307666779,
        -0.020964140072464943,
        -0.0666227638721466,
        0.05414748564362526,
        -0.06947572529315948,
        0.07242100685834885,
        0.012447668239474297,
        0.019986147060990334,
        0.0011228198418393731,
        -0.07575530558824539,
        -0.030007928609848022,
        -0.061594609171152115,
        0.01563509739935398,
        -0.025996694341301918,
        0.054256368428468704,
        -0.015628984197974205,
        -0.023026524111628532,
        -0.0453592911362648,
        0.029431452974677086,
        0.03508499637246132,
        0.02511860989034176,
        0.016729572787880898,
        0.0318245105445385,
        0.027487589046359062,
        0.07098017632961273,
        0.02353624254465103,
        0.03955298662185669,
        0.03611337020993233,
        -0.2213420420885086,
        0.0731363520026207,
        0.03577997535467148,
        0.01821163482964039,
        -0.04536643251776695,
        -0.031534213572740555,
        0.030081212520599365,
        0.06431274861097336,
        0.005595616064965725,
        0.023368556052446365,
        0.03358399495482445,
        0.05407476797699928,
        0.02763683907687664,
        -0.02074274607002735,
        -0.025905754417181015,
        -0.024495501071214676,
        -0.020038995891809464,
        0.004898891318589449,
        -0.016168544068932533,
        0.02086804434657097,
        0.0013295680982992053,
        -0.0036336160264909267,
        -0.006463563069701195,
        -0.04034430533647537,
        -0.0008110684575513005,
        -0.019783809781074524,
        0.04906068742275238,
        0.02828882448375225,
        0.0021287284325808287,
        -0.05057699605822563,
        -0.008708595298230648,
        0.015603585168719292,
        -0.06579409539699554,
        0.0020414323080331087,
        0.03361526131629944,
        0.005534304305911064,
        -0.07548610121011734,
        0.21167537569999695,
        -0.011164817027747631,
        0.009770963340997696,
        0.01598668098449707,
        -0.0384906530380249,
        0.05833005532622337,
        -0.0003608238766901195,
        0.008624935522675514,
        -0.005364299286156893,
        -0.004969388712197542,
        0.0007269982015714049,
        0.004794633015990257,
        -0.03499608114361763,
        0.06069022789597511,
        -0.07097840309143066,
        0.04832711070775986,
        0.01500193402171135,
        0.04063786193728447,
        0.018416116014122963,
        -0.06864458322525024,
        -0.005875894334167242,
        -0.015460691414773464,
        -0.021206362172961235,
        0.013650603592395782,
        -0.007846257649362087,
        0.028563620522618294,
        -0.10253588110208511,
        0.03315237909555435,
        0.09472551196813583,
        -0.005529147107154131,
        -0.02565290965139866,
        0.00561613729223609,
        -0.06429986655712128,
        -0.029135901480913162,
        -0.03125907853245735,
        0.007363840471953154,
        0.05128786340355873,
        0.012323612347245216,
        -0.014495677314698696,
        0.06289368867874146,
        -0.05069596320390701,
        -0.036068886518478394,
        -0.16435697674751282,
        -0.04971153289079666,
        -0.06410721689462662,
        0.012032520957291126,
        0.045475807040929794,
        0.0038174493238329887,
        0.002763104159384966,
        -0.021038640290498734,
        0.010610462166368961,
        -8.60735417518299e-06,
        0.06750712543725967,
        -0.040710337460041046,
        -0.010668128728866577,
        0.008961066603660583,
        -0.009115311317145824,
        0.025213157758116722,
        0.07116273045539856,
        -0.057868119329214096,
        0.0481039434671402,
        1.95808343050885e-06,
        -0.04631878063082695,
        -0.015048230066895485,
        0.11454387754201889,
        0.007532337214797735,
        -0.011401837691664696,
        -0.006546206772327423,
        -0.005560968536883593,
        0.04022873565554619,
        -0.009387523867189884,
        0.03434738889336586,
        0.0249578058719635,
        -0.0628773421049118,
        0.013317089527845383,
        0.04199434071779251,
        0.05352470278739929,
        0.00028774546808563173,
        0.0007143178954720497,
        -0.02970978058874607,
        0.0018304508412256837,
        0.011434359475970268,
        -0.061268314719200134,
        -0.0206474456936121,
        0.0389520637691021,
        0.027477271854877472,
        -0.03991527482867241,
        0.007517330814152956,
        -0.03816523775458336,
        0.025842109695076942,
        0.04699987918138504,
        -0.023475753143429756,
        0.047220055013895035,
        -0.07146225869655609,
        -0.034339047968387604,
        -0.06195738539099693,
        -0.02652084268629551,
        -0.06860919296741486,
        -0.003519684076309204,
        -0.03958964720368385,
        -0.006989700254052877,
        0.006120361853390932,
        -0.03875056281685829,
        -0.05170577019453049,
        -0.008540306240320206,
        0.0549231693148613,
        0.034058716148138046,
        -0.02954329550266266,
        -0.003115579020231962,
        0.055472299456596375,
        0.032795459032058716,
        -0.0837056115269661,
        0.00012025564501527697,
        0.059438422322273254,
        -0.03347334638237953,
        -0.05262167006731033,
        0.032779842615127563,
        0.0388307049870491,
        0.03416698798537254,
        0.04453829675912857,
        0.031244724988937378,
        0.0037486471701413393,
        -0.07871196419000626,
        -0.0719236508011818,
        -0.22915688157081604,
        0.009385409764945507,
        -0.020839963108301163,
        0.004943877924233675,
        0.034976448863744736,
        -0.033136650919914246,
        0.027391649782657623,
        0.04023389890789986,
        0.05012761801481247,
        0.03153722360730171,
        0.011360512115061283,
        -0.04415952041745186,
        -0.04152829945087433,
        0.06683872640132904,
        0.008592803031206131,
        0.0436006560921669,
        -0.03576274216175079,
        0.014458756893873215,
        -0.03812704607844353,
        0.017124582082033157,
        -0.008435409516096115,
        0.0453278012573719,
        -0.02849404513835907,
