{
    "index": 253,
    "page": 40,
    "text": "turn unto: a philosopher’s life, and proper occupation after the most exact manner. \nAnd when thou dust return to thy philosophy, return not unto it as the manner of \nsome is, after play and liberty as it were, to their schoolmasters and pedagogues; but \nas they that have sore eyes to their sponge and egg: or as another to his cataplasm; \nor as others to their fomentations: so shalt not thou make it a matter of ostentation \nFIFTH BOOK",
    "embedding_of_chunk": [
        -0.002373863011598587,
        -0.027676783502101898,
        0.049752116203308105,
        -0.0076501378789544106,
        -0.03641035780310631,
        0.025938695296645164,
        0.08059972524642944,
        0.06027655303478241,
        -0.030056903138756752,
        -0.009334352798759937,
        -0.002603795612230897,
        -0.08194972574710846,
        0.010949969291687012,
        0.024842752143740654,
        0.026955166831612587,
        0.023330500349402428,
        0.003285676473751664,
        0.08264143764972687,
        -0.0688876286149025,
        0.02438024990260601,
        0.05621751397848129,
        -0.026701701804995537,
        -0.01819956675171852,
        -0.07038204371929169,
        0.015681728720664978,
        0.0734543427824974,
        -0.04372897744178772,
        -0.06774892657995224,
        -0.006231294479221106,
        -0.14068788290023804,
        -0.025038454681634903,
        0.004461190197616816,
        0.019780052825808525,
        -0.013313744217157364,
        -0.017071856185793877,
        -0.026996344327926636,
        -0.03719526156783104,
        0.02870272286236286,
        -0.036958735436201096,
        0.0736890509724617,
        0.0035107466392219067,
        0.011394912376999855,
        -0.0037333376239985228,
        -0.044956106692552567,
        -0.017950449138879776,
        -0.04466148838400841,
        0.01443270593881607,
        -0.037777431309223175,
        0.04310186579823494,
        -0.013643737882375717,
        -0.027893435209989548,
        -0.018813803791999817,
        0.002166714519262314,
        0.017438579350709915,
        0.03993675485253334,
        0.047716788947582245,
        0.03861481696367264,
        0.009707226417958736,
        0.055276595056056976,
        0.008558115921914577,
        0.030036114156246185,
        0.024841303005814552,
        -0.24616603553295135,
        0.08097262680530548,
        0.0698871910572052,
        0.018814081326127052,
        -0.017830723896622658,
        -0.07258583605289459,
        0.01614047959446907,
        0.04476679116487503,
        -0.0406268835067749,
        0.0282950010150671,
        0.03002987802028656,
        0.06617780774831772,
        0.05118507891893387,
        -0.0042101601138710976,
        -0.019170906394720078,
        -0.09280677139759064,
        0.011537219397723675,
        0.02909708395600319,
        -0.00933487806469202,
        0.020504483953118324,
        -0.00850982591509819,
        -0.0065290434285998344,
        -0.023097174242138863,
        -0.05164625495672226,
        -0.011714434251189232,
        -0.05142102390527725,
        0.07842700183391571,
        0.023820318281650543,
        -0.045462604612112045,
        -0.011649730615317822,
        0.015130724757909775,
        -0.002320061204954982,
        -0.05206706374883652,
        -0.028374766930937767,
        0.00974375382065773,
        0.00995635986328125,
        -0.031030187383294106,
        0.19337891042232513,
        -0.07236866652965546,
        0.022200075909495354,
        0.015408771112561226,
        -0.022933809086680412,
        0.05209288373589516,
        0.007161818444728851,
        0.010575814172625542,
        -0.06354983896017075,
        0.0005265075014904141,
        0.04601630941033363,
        -0.014423104003071785,
        -0.04109494388103485,
        0.04147689789533615,
        -0.06219879165291786,
        0.023187894374132156,
        0.01641731522977352,
        0.046932678669691086,
        -0.021232524886727333,
        -0.017598554491996765,
        -0.019941166043281555,
        -0.021236639469861984,
        0.05219561606645584,
        0.019438598304986954,
        -0.02059631235897541,
        -0.020384958013892174,
        -0.10276433080434799,
        0.04372061416506767,
        0.10447470098733902,
        0.003690744051709771,
        -0.012229574844241142,
        0.03136361017823219,
        -0.04256431758403778,
        -0.044393304735422134,
        -0.0408719927072525,
        0.03655083477497101,
        0.015158461406826973,
        0.015869848430156708,
        -0.016067372635006905,
        0.05306229740381241,
        -0.02846387028694153,
        -0.004765820223838091,
        -0.14663968980312347,
        -0.03412500396370888,
        -0.05346125736832619,
        -0.01293790340423584,
        0.047681815922260284,
        0.011097495444118977,
        0.04108045995235443,
        -0.053425777703523636,
        0.02170826680958271,
        -0.04124918580055237,
        0.0519801527261734,
        -0.05241250991821289,
        0.0004521598166320473,
        0.0006056518759578466,
        0.022254282608628273,
        0.029858332127332687,
        0.08563560992479324,
        -0.025525974109768867,
        -0.0018316215137019753,
        -0.043742090463638306,
        -0.04535987228155136,
        -0.05699082463979721,
        0.14977391064167023,
        0.014087896794080734,
        -0.023547379299998283,
        -0.012881855480372906,
        0.007869785651564598,
        -0.009920980781316757,
        -0.012514098547399044,
        0.04442900791764259,
        0.008774393238127232,
        -0.038063496351242065,
        0.04846690595149994,
        0.11481434851884842,
        0.04587939381599426,
        -0.015813559293746948,
        0.009666076861321926,
        -0.009626897051930428,
        0.043932173401117325,
        0.04903595894575119,
        -0.03817356005311012,
        -0.08617645502090454,
        0.03234182298183441,
        -0.0013841459294781089,
        -0.012637635692954063,
        -0.030121857300400734,
        -0.026502275839447975,
        0.05833543464541435,
        0.06671759486198425,
        -0.0035693554673343897,
        0.07232571393251419,
        -0.04341883957386017,
        -0.03528685122728348,
        -0.04185524582862854,
        -0.029113847762346268,
        -0.03351059556007385,
        -0.025265127420425415,
        0.0047910804860293865,
        -0.020156875252723694,
        -0.033928193151950836,
        0.0018726870184764266,
        -0.016187254339456558,
        0.00973258726298809,
        0.020577363669872284,
        -0.005120651796460152,
        -0.0037437239661812782,
        0.014929182827472687,
        0.08045533299446106,
        0.016480090096592903,
        -0.03515530005097389,
        0.006295604631304741,
        0.04278934374451637,
        -0.017053017392754555,
        -0.007886195555329323,
        0.0036190010141581297,
        0.018529534339904785,
        0.033117085695266724,
        0.005923659075051546,
        0.00894140638411045,
        0.019155459478497505,
        -0.10934638977050781,
        -0.043507952243089676,
        -0.2236197590827942,
        0.02621520683169365,
        -0.020689338445663452,
        -0.041884344071149826,
        0.0786529928445816,
        -0.035956971347332,
        0.009174481965601444,
        -0.038436874747276306,
        0.04778415709733963,
        0.018173784017562866,
        0.04151516780257225,
        -0.06455383449792862,
        -0.025560157373547554,
        0.07263605296611786,
        0.017722493037581444,
        0.0466962493956089,
        -0.020293500274419785,
        0.019655467942357063,
        -0.0069572823122143745,
        0.014095243066549301,
        -0.006620488129556179,
        0.0458906814455986,
        -0.036930352449417114,
        -0.11923207342624664,
        0.031621918082237244,
