{
    "index": 140,
    "page": 23,
    "text": "II. This also thou must observe, that whatsoever it is that naturally doth happen to \nthings natural, hath somewhat in itself that is pleasing and delightful: as a great loaf \nwhen it is baked, some parts of it cleave as it were, and part asunder, and make the \ncrust of it rugged and unequal, and yet those parts of it, though in some sort it be \nagainst the art and intention of baking itself, that they are thus cleft and parted, \nwhich should have been and were first made all even and uniform, they become it \nwell nevertheless, and have a certain peculiar property, to stir the appetite. So figs \nare accounted fairest and ripest then, when they begin to shrink, and wither as it \nwere. So ripe olives, when they are next to putrefaction, then are they in their proper",
    "embedding_of_chunk": [
        -0.020348940044641495,
        -0.009565013460814953,
        0.029569849371910095,
        -0.006995500065386295,
        -0.024001725018024445,
        -0.02079024724662304,
        0.06163579970598221,
        0.04027475044131279,
        -0.0033548579085618258,
        -0.017032384872436523,
        -0.01392931118607521,
        -0.12255354970693588,
        0.05227236822247505,
        0.042227745056152344,
        0.018719492480158806,
        -0.016781000420451164,
        -0.01657215878367424,
        0.027101337909698486,
        -0.08954334259033203,
        -0.015074876137077808,
        0.07963001728057861,
        -0.024638229981064796,
        -0.002798928879201412,
        -0.03355882689356804,
        0.022281041368842125,
        0.05971073359251022,
        -0.05296875536441803,
        -0.02041471004486084,
        -0.013571676798164845,
        -0.20632167160511017,
        -0.024483665823936462,
        0.010280891321599483,
        0.07906115055084229,
        -0.051953673362731934,
        -0.0004277649277355522,
        -0.026443250477313995,
        -0.009403516538441181,
        0.04776305332779884,
        -0.02500571869313717,
        0.03463127836585045,
        0.07010648399591446,
        0.017608480527997017,
        -0.02938273549079895,
        -0.06575096398591995,
        -0.02655435912311077,
        -0.025086017325520515,
        -0.008636378683149815,
        0.019673030823469162,
        0.04698901250958443,
        -0.0062836771830916405,
        -0.03304225206375122,
        -0.01669202372431755,
        0.01945129595696926,
        0.004742966964840889,
        0.041481636464595795,
        0.07521166652441025,
        0.06606530398130417,
        0.02872459776699543,
        0.04657721519470215,
        0.013463049195706844,
        0.025191960856318474,
        0.037644729018211365,
        -0.2433583289384842,
        0.09004095196723938,
        0.03065963089466095,
        -0.017647331580519676,
        -0.05080445110797882,
        -0.047285594046115875,
        0.004006939008831978,
        0.09383701533079147,
        -0.026623021811246872,
        0.034707244485616684,
        0.050394438207149506,
        0.04173370823264122,
        0.025536637753248215,
        -0.036777887493371964,
        -0.0056459070183336735,
        -0.06469979137182236,
        -0.055100347846746445,
        0.03377988189458847,
        -0.053848329931497574,
        0.01769586279988289,
        -0.02207140065729618,
        0.001590007683262229,
        -0.051102202385663986,
        -0.04769565537571907,
        0.026469066739082336,
        -0.08646272122859955,
        0.059114597737789154,
        0.013361534103751183,
        -0.009902382269501686,
        -0.056843362748622894,
        -0.0486280657351017,
        0.011677052825689316,
        -0.08158852159976959,
        -0.0018325255950912833,
        0.043327294290065765,
        -0.005260937847197056,
        0.025167198851704597,
        0.20574091374874115,
        -0.04003826156258583,
        0.04166107997298241,
        0.04370999336242676,
        -0.013927311636507511,
        0.05014040693640709,
        -0.02601766027510166,
        -0.014217369258403778,
        -0.008952208794653416,
        0.0039051894564181566,
        -0.00810440443456173,
        -0.0026760695036500692,
        -0.015192259103059769,
        0.003246358362957835,
        -0.02608654834330082,
        0.00993993692100048,
        -0.014171543531119823,
        0.09842795133590698,
        0.004008851945400238,
        -0.011398235335946083,
        -0.013487164862453938,
        0.002988136373460293,
        0.027941346168518066,
        0.05381573364138603,
        -0.05691159516572952,
        0.013712282292544842,
        -0.0901513323187828,
        0.04872490093111992,
        0.06950646638870239,
        -0.00496551301330328,
        0.021252907812595367,
        -0.017132539302110672,
        -0.04459167271852493,
        -0.011736058630049229,
        0.011019285768270493,
        0.011893188580870628,
        0.036353614181280136,
        0.041392967104911804,
        -0.00868281815201044,
        0.04975707456469536,
        -0.04139582812786102,
        -0.020821303129196167,
        -0.15579086542129517,
        -0.04209798201918602,
        -0.10042507946491241,
        0.029352035373449326,
        0.08760758489370346,
        -0.0029977241065353155,
        0.04612591490149498,
        -0.020430177450180054,
        -0.0006286104908213019,
        0.0015836700331419706,
        0.029530588537454605,
        -0.018052369356155396,
        -0.022364649921655655,
        0.05219558626413345,
        0.022185884416103363,
        0.030912647023797035,
        0.08135200291872025,
        -0.011583300307393074,
        0.003743198001757264,
        0.012436597608029842,
        -0.014163103885948658,
        -0.03144718334078789,
        0.10911750793457031,
        0.014714115299284458,
        -0.02976841852068901,
        -0.02388448268175125,
        0.005643223412334919,
        -0.005755189340561628,
        -5.523025174625218e-05,
        0.06861131638288498,
        -0.010045298375189304,
        -0.055757954716682434,
        0.004301916807889938,
        0.06558937579393387,
        0.03846106678247452,
        -0.03267775848507881,
        0.006616954691708088,
        -0.016454335302114487,
        0.027309011667966843,
        0.06802215427160263,
        -0.047246839851140976,
        -0.04257217422127724,
        0.06111473590135574,
        0.024743877351284027,
        -0.055947136133909225,
        -0.026475347578525543,
        -0.0331915020942688,
        0.006639998406171799,
        0.08742547035217285,
        -0.011456475593149662,
        0.0631878599524498,
        -0.10386808216571808,
        0.023613719269633293,
        -0.017852894961833954,
        -0.024587688967585564,
        -0.0187588669359684,
        0.017293358221650124,
        -0.0321834534406662,
        -0.013430473394691944,
        -0.013963628560304642,
        -0.012317032553255558,
        -0.044302571564912796,
        0.017227578908205032,
        0.050810329616069794,
        0.020043645054101944,
        0.01275067962706089,
        -0.010819923132658005,
        0.07072632759809494,
        0.04220886155962944,
        -0.05152824893593788,
        -0.012468653731048107,
        -0.008192635141313076,
        -0.01989276520907879,
        -0.03631597384810448,
        0.0554596446454525,
        0.04066614806652069,
        0.03959431126713753,
        0.022071678191423416,
        0.01392157468944788,
        0.035293202847242355,
        -0.09967846423387527,
        -0.06435153633356094,
        -0.21089310944080353,
        -0.009862340055406094,
        0.02183767408132553,
        -0.038468748331069946,
        0.09150037914514542,
        -0.05673769861459732,
        0.026899226009845734,
        -0.005640437826514244,
        0.035324521362781525,
        -0.02346443384885788,
        0.033837027847766876,
        -0.029497670009732246,
        -0.062236640602350235,
        0.05620674788951874,
