{
    "index": 99,
    "page": 16,
    "text": "8 [“Congiaries” (13). διανομαίς, “doles.”] \nFIRST BOOK",
    "embedding_of_chunk": [
        -0.04138779267668724,
        -0.018801292404532433,
        0.04520869255065918,
        -0.02729753777384758,
        -0.03335211053490639,
        0.0031158789061009884,
        0.01819434016942978,
        0.03615579381585121,
        0.033176206052303314,
        -0.019363727420568466,
        -0.05221646651625633,
        -0.07622009515762329,
        -0.011451805010437965,
        0.059119220823049545,
        -0.01659982278943062,
        -0.03937561437487602,
        0.008911479264497757,
        0.03979601711034775,
        -0.07550203800201416,
        0.023033224046230316,
        0.07240650057792664,
        -0.020829569548368454,
        0.0021972209215164185,
        -0.08312784135341644,
        0.05033710226416588,
        0.04002217948436737,
        -0.007210512645542622,
        0.001561797340400517,
        -0.019955454394221306,
        -0.1615917980670929,
        0.0023871890734881163,
        -0.0003072665131185204,
        0.0990016832947731,
        -0.03342530503869057,
        0.006386935710906982,
        0.005220329854637384,
        -0.05694516748189926,
        0.02643284760415554,
        -0.006413452327251434,
        0.08739740401506424,
        0.06709007173776627,
        -0.016785258427262306,
        -0.008079641498625278,
        -0.0433240570127964,
        -0.05900903791189194,
        -0.058926668018102646,
        -0.04477514326572418,
        -0.007104987744241953,
        0.04971715435385704,
        -0.031084351241588593,
        -0.0018949572695419192,
        -0.035061031579971313,
        -0.0018740205559879541,
        0.010619268752634525,
        0.02384142018854618,
        0.01690133661031723,
        0.06811942905187607,
        0.04559556767344475,
        0.0201168954372406,
        0.02994442731142044,
        0.03364616259932518,
        0.02264495939016342,
        -0.2571853697299957,
        0.10508270561695099,
        0.0031108027324080467,
        -0.0011244355700910091,
        -0.014971308410167694,
        0.018121851608157158,
        0.020567215979099274,
        0.06549736857414246,
        -0.035620272159576416,
        0.03088393248617649,
        0.08012495189905167,
        0.06026116758584976,
        0.012991046532988548,
        0.0028648872394114733,
        -0.005978322587907314,
        -0.06219835206866264,
        -0.0038295492995530367,
        -0.01049170084297657,
        -0.05765381455421448,
        -0.029761502519249916,
        -0.021099135279655457,
        0.002000874374061823,
        -0.05574291571974754,
        -0.04076297581195831,
        0.0283293928951025,
        -0.04141376167535782,
        0.02094430662691593,
        0.004774869419634342,
        -0.0023638037964701653,
        -0.028640644624829292,
        -0.03751450031995773,
        0.00022260512923821807,
        -0.07446325570344925,
        -0.0060800774954259396,
        0.012429255060851574,
        0.022672036662697792,
        0.010515807196497917,
        0.20331290364265442,
        -0.03521536663174629,
        0.019999783486127853,
        0.06177584454417229,
        0.010755807161331177,
        0.04492270201444626,
        -0.02924177050590515,
        -0.022922899574041367,
        -0.11674925684928894,
        -0.026001745834946632,
        -0.006934234406799078,
        0.016011826694011688,
        -0.061487726867198944,
        0.09582462161779404,
        -0.010415364988148212,
        0.022644853219389915,
        0.012240003794431686,
        0.06770196557044983,
        0.001071487320587039,
        0.0009342862758785486,
        0.009384299628436565,
        0.027349140495061874,
        0.056848108768463135,
        0.04751506447792053,
        0.010856987908482552,
        0.0048789153806865215,
        -0.05574370548129082,
        0.04495179280638695,
        0.09626036882400513,
        0.027021091431379318,
        0.007211015559732914,
        0.0494711734354496,
        0.04552415758371353,
        -0.04150112718343735,
        -0.03435768187046051,
        0.05359078198671341,
        0.03158140555024147,
        -0.004810047335922718,
        0.02522585354745388,
        0.02203158661723137,
        -0.014044839888811111,
        -0.00619700038805604,
        -0.1286391019821167,
        -0.04555670917034149,
        -0.10211525857448578,
        -0.018504492938518524,
        0.08080802857875824,
        -0.0026569936890155077,
        0.04190821573138237,
        -0.06015840545296669,
        0.05125373974442482,
        -0.005769823677837849,
        0.05898625776171684,
        -0.041912633925676346,
        -0.017728524282574654,
        0.004202119540423155,
        -0.010706732049584389,
        0.03158517926931381,
        0.09957350790500641,
        -0.028240159153938293,
        0.0018846982857212424,
        -0.020320916548371315,
        -0.01644311659038067,
        -0.05076608434319496,
        0.1251094788312912,
        -0.0076437704265117645,
        -0.04875635728240013,
        0.025848709046840668,
        0.01710681803524494,
        -0.015414535067975521,
        -0.008766476064920425,
        0.047378867864608765,
        4.2663905333029106e-05,
        -0.0644872635602951,
        0.07902414351701736,
        0.060193564742803574,
        0.011683997698128223,
        -0.022341199219226837,
        0.004041567910462618,
        -0.01627081260085106,
        0.008172210305929184,
        0.006803648546338081,
        -0.041150689125061035,
        -0.0514899305999279,
        0.07163868099451065,
        0.000345415435731411,
        -0.04198652505874634,
        -0.008058823645114899,
        -0.040545444935560226,
        0.04791272431612015,
        0.09090586006641388,
        -0.017795192077755928,
        0.08155269175767899,
        -0.07048783451318741,
        0.0005123492446728051,
        -0.05132373794913292,
        -0.005920307710766792,
        -0.019576890394091606,
        -0.025902388617396355,
        -0.02150677889585495,
        -0.001816035364754498,
        0.054543934762477875,
        0.012613908387720585,
        -0.0413162000477314,
        0.047849565744400024,
        0.020636726170778275,
        -0.013979088515043259,
        -0.007221692707389593,
        -0.011993709951639175,
        0.08626902103424072,
        0.023484712466597557,
        -0.032780155539512634,
        0.004079879727214575,
        0.04665662348270416,
        -0.03958405181765556,
        -0.01648985967040062,
        0.04732305929064751,
        0.021594686433672905,
        0.023470155894756317,
        0.00945197232067585,
        0.028487006202340126,
        0.02900775894522667,
        -0.14456477761268616,
        -0.08713290095329285,
        -0.21360449492931366,
        -0.009663742035627365,
        0.017367670312523842,
        -0.060526564717292786,
        0.03428100049495697,
        -0.02262815088033676,
        0.041283655911684036,
        -0.033449169248342514,
        0.044269364327192307,
        0.07401067763566971,
        0.04435502737760544,
        -0.029958393424749374,
        -0.02497967518866062,
        0.045691199600696564,
        -0.055325381457805634,
        0.06015893444418907,
        -0.03689407557249069,
        0.003674551844596863,
        -0.011025538668036461,
        0.025452081114053726,
        -0.029408935457468033,
        0.047365326434373856,
        -0.03198464587330818,
        -0.06549350917339325,
        0.02860012836754322,
        -0.0020564806181937456,
        0.16177883744239807,
        0.07882778346538544,
        -0.014370670542120934,
        -0.03974597156047821,
        0.05740423873066902,
        0.03498782962560654,
        -0.01507782842963934,
        -0.09446371346712112,
        0.047489315271377563,
        0.04793168976902962,
        0.010144143365323544,
        -0.01960083656013012,
