{
    "index": 553,
    "page": 87,
    "text": "VII. All parts of the world, (all things I mean that are contained within the whole \nworld, must of necessity at some time or other come to corruption. Alteration I \nshould say, to speak truly and properly; but that I may be the better understood, I \nam content at this time to use that more common word. Now say I, if so be that this \nbe both hurtful unto them, and yet unavoidable, would not, thinkest thou, the whole \nitself be in a sweet case, all the parts of it being subject to alteration, yea and by \ntheir making itself fitted for corruption, as consisting of things different and contra-\nry? And did nature then either of herself thus project and purpose the affliction and \nmisery of her parts, and therefore of purpose so made them, not only that haply they",
    "embedding_of_chunk": [
        -0.008929143659770489,
        -0.0111904451623559,
        0.05196734890341759,
        -0.01847274973988533,
        0.0045545403845608234,
        0.011708566918969154,
        0.08773960918188095,
        0.05521491542458534,
        -0.022029178217053413,
        0.01134299486875534,
        -0.020812826231122017,
        -0.09623222053050995,
        0.021697722375392914,
        0.03223998472094536,
        0.017437342554330826,
        -0.014270778745412827,
        -0.0027320748195052147,
        0.061847686767578125,
        -0.10319927334785461,
        0.036877457052469254,
        0.0693066343665123,
        -0.04397984594106674,
        -0.0036207332741469145,
        -0.04616088420152664,
        0.044383373111486435,
        0.05239444971084595,
        -0.014500651508569717,
        -0.017328498885035515,
        -0.0011598981218412519,
        -0.16766232252120972,
        -0.04081624001264572,
        0.021334802731871605,
        0.04264312982559204,
        0.00970771536231041,
        0.006093448959290981,
        -0.0016395797720178962,
        -0.053344741463661194,
        0.03245671093463898,
        -0.03525674343109131,
        0.05784180015325546,
        0.05910002067685127,
        0.05581758916378021,
        -0.018018405884504318,
        -0.0419960543513298,
        -0.02901998907327652,
        -0.045331262052059174,
        0.004526338540017605,
        0.0231819748878479,
        -0.008589718490839005,
        -0.0040527102537453175,
        0.006454474292695522,
        -0.03907646983861923,
        0.011691838502883911,
        0.06013235077261925,
        0.02115027606487274,
        0.0012137150624766946,
        0.08256169408559799,
        0.03874145448207855,
        0.08115498721599579,
        0.007067916914820671,
        0.04330228641629219,
        0.02394428290426731,
        -0.25584501028060913,
        0.07574615627527237,
        0.043980151414871216,
        0.0106367701664567,
        -0.02653101459145546,
        -0.0397084541618824,
        0.0026362237986177206,
        0.0848967581987381,
        -0.02457682229578495,
        0.03169730305671692,
        0.033181920647621155,
        0.06372228264808655,
        -0.007906122133135796,
        -0.01317872665822506,
        -0.009698101319372654,
        -0.014925595372915268,
        -0.03938394784927368,
        0.03711782023310661,
        -0.0035496284253895283,
        0.024056624621152878,
        -0.03582490608096123,
        0.0023801152128726244,
        -0.040814969688653946,
        -0.031398188322782516,
        0.028247877955436707,
        -0.045824091881513596,
        0.027198998257517815,
        0.03091808222234249,
        -0.02766735851764679,
        -0.04920925199985504,
        0.025401784107089043,
        0.01779460720717907,
        -0.046637892723083496,
        -0.039634279906749725,
        0.010235820896923542,
        -0.007246087305247784,
        0.021513234823942184,
        0.20493030548095703,
        -0.05273808166384697,
        0.022002870216965675,
        0.02558876946568489,
        -0.029909927397966385,
        0.07202500849962234,
        -0.010090935975313187,
        0.005362196825444698,
        -0.07913905382156372,
        -0.005094746593385935,
        0.011946107260882854,
        -0.005651128478348255,
        -0.04558848962187767,
        0.028714468702673912,
        -0.06250693649053574,
        0.01857404224574566,
        -0.01471987646073103,
        0.02774929255247116,
        -0.007432521786540747,
        -0.05096091702580452,
        -0.004990946501493454,
        -0.04489387944340706,
        0.05637149512767792,
        0.03679171949625015,
        0.022810110822319984,
        0.028655264526605606,
        -0.06978815793991089,
        0.033232253044843674,
        0.09318351000547409,
        0.051557138562202454,
        -0.003238189732655883,
        0.004260679706931114,
        -0.03580254688858986,
        -0.014882616698741913,
        -0.0013781568268314004,
        0.0488521084189415,
        0.006875479128211737,
        0.002597966929897666,
        -0.012514585629105568,
        0.06014520302414894,
        -0.034118782728910446,
        -0.05143792927265167,
        -0.1372418850660324,
        -0.043267250061035156,
        -0.09269767254590988,
        -0.023426316678524017,
        0.07372278720140457,
        -0.005462400149554014,
        0.0350240133702755,
        -0.0368950180709362,
        0.03897138312458992,
        -0.022647926583886147,
        0.045287106186151505,
        -0.03718622773885727,
        -0.011755889281630516,
        0.008371853269636631,
        0.05464852973818779,
        0.02044380083680153,
        0.012119190767407417,
        -0.0023140879347920418,
        -0.007883640006184578,
        0.03763141483068466,
        -0.0289690513163805,
        -0.0666341707110405,
        0.1561773717403412,
        0.03913090378046036,
        -0.009049369022250175,
        -0.022031500935554504,
        0.004332374781370163,
        0.0021379326935857534,
        0.002697774674743414,
        0.037355124950408936,
        0.033513035625219345,
        -0.04760110005736351,
        0.052266448736190796,
        0.09571342170238495,
        0.02250225841999054,
        -0.026319382712244987,
        0.06295235455036163,
        -0.04343739151954651,
        -0.0013852051924914122,
        0.049923039972782135,
        -0.050795529037714005,
        -0.05360465124249458,
        0.048264749348163605,
        0.011544045060873032,
        -0.04517479985952377,
        0.011883352883160114,
        -0.026417193934321404,
        0.03327006474137306,
        0.04440030828118324,
        -0.01364924293011427,
        0.08533864468336105,
        -0.04901561141014099,
        -0.008065197616815567,
        -0.010637881234288216,
        -0.031417831778526306,
        -0.031340498477220535,
        -0.0036685089580714703,
        -0.046494293957948685,
        -0.009502154774963856,
        0.011337990872561932,
        0.014776392839848995,
        -0.030568737536668777,
        0.030582981184124947,
        0.033519599586725235,
        0.027491804212331772,
        0.0028430907987058163,
        -0.04065035656094551,
        0.02668101154267788,
        0.06596839427947998,
        -0.04838203638792038,
        0.030649663880467415,
        0.0260151494294405,
        0.007296902127563953,
        0.005798050202429295,
        0.0008380993385799229,
        0.005148716736584902,
        0.003296042326837778,
        0.012579827569425106,
        0.017487453296780586,
        0.02079361118376255,
        -0.14762595295906067,
        -0.05970943719148636,
        -0.2443106472492218,
        -0.0016587376594543457,
        0.006518020294606686,
        -0.024801770225167274,
        0.07213936746120453,
        -0.04706763103604317,
        0.008035926148295403,
        -0.019305063411593437,
        0.00019087949476670474,
        0.012419632636010647,
        0.049332644790410995,
        -0.02304290048778057,
        -0.049443647265434265,
        0.04565140977501869,
