{
    "index": 751,
    "page": 118,
    "text": "ants what that word was. He said it was the word in the Hernican dialect for \nthe victim’s skin, which the priest puts over his conical cap when he enters the \ncity. I found out many other things which I desired to know, but the only thing \nI do not desire is that you should he absent from me; that is my chief anxiety. \nNow for yourself, when you left that place, did you go to Aurelia or to Campa-\nnia? Be sure to write to me, and say whether you have opened the vintage, or \ncarried a host of books to the country-house; this also, whether you miss me; I \nam foolish to ask it, whenas you tell it me of yourself. Now if you miss me and if \nyou love me, send me your letters often, which is a comfort and consolation to",
    "embedding_of_chunk": [
        -0.005334876477718353,
        0.04260886833071709,
        0.01895107328891754,
        -0.013558812439441681,
        0.00619840994477272,
        0.018445855006575584,
        0.1311568021774292,
        0.03244465962052345,
        0.00312295975163579,
        -0.05587285757064819,
        -0.022059796378016472,
        -0.07352358847856522,
        0.006107906810939312,
        -0.008928625844419003,
        0.041314177215099335,
        -0.025835329666733742,
        -0.033355891704559326,
        0.04317722097039223,
        -0.050473403185606,
        0.05498497933149338,
        0.02686700038611889,
        -0.005897983442991972,
        0.013906148262321949,
        -0.06531670689582825,
        0.01736007258296013,
        0.05931406468153,
        0.0016367738135159016,
        0.0016334963729605079,
        -0.04872337728738785,
        -0.1518860012292862,
        -0.04000620171427727,
        -0.032696232199668884,
        0.03459879010915756,
        -0.028751874342560768,
        -0.003460251959040761,
        0.015307564288377762,
        -0.026407727971673012,
        0.021658392623066902,
        -0.00819571316242218,
        0.07129833102226257,
        0.037814319133758545,
        0.0338895358145237,
        0.011320872232317924,
        -0.0049530821852386,
        -0.07177699357271194,
        -0.07904786616563797,
        -0.00899472739547491,
        -0.056467603892087936,
        0.05568398907780647,
        -0.036295220255851746,
        0.011315857991576195,
        -0.012171418406069279,
        0.008236036635935307,
        0.04036203399300575,
        -0.0034974568989127874,
        0.031287215650081635,
        0.0410567931830883,
        0.030366579070687294,
        -0.012673139572143555,
        0.03472033888101578,
        0.0584837980568409,
        0.05604990944266319,
        -0.22406549751758575,
        0.09829884022474289,
        0.05582977831363678,
        -0.034414488822221756,
        -0.07965989410877228,
        -0.003749786876142025,
        0.025749623775482178,
        0.08839298039674759,
        -0.010174448601901531,
        0.05214586481451988,
        0.0435386523604393,
        0.0749165266752243,
        -0.009397422894835472,
        0.006468745414167643,
        -0.006165766157209873,
        -0.08158360421657562,
        0.01989075168967247,
        0.003753269324079156,
        -0.052040938287973404,
        0.011942976154386997,
        0.010299086570739746,
        -0.009640036150813103,
        -0.04628213495016098,
        -0.0478665865957737,
        0.029573259875178337,
        -0.04564347863197327,
        0.025318892672657967,
        -0.003602147800847888,
        0.01043044961988926,
        -0.058929335325956345,
        -0.012801782228052616,
        0.02792419120669365,
        -0.03781979903578758,
        -0.022094840183854103,
        -0.011158066801726818,
        0.03953886404633522,
        -0.028924426063895226,
        0.23464074730873108,
        -0.03473079949617386,
        -0.0006190860876813531,
        0.020196599885821342,
        -0.030147220939397812,
        0.006199193187057972,
        -0.039018455892801285,
        -0.016805149614810944,
        -0.05227769538760185,
        -0.03963831812143326,
        0.0636218711733818,
        0.019955627620220184,
        -0.016097860410809517,
        -0.005306478589773178,
        -0.0401185043156147,
        0.036913905292749405,
        0.02065625973045826,
        0.05808839574456215,
        0.02989317663013935,
        -0.011882833205163479,
        -0.011645696125924587,
        -0.014436768367886543,
        -0.02454656921327114,
        0.029326964169740677,
        -0.023914210498332977,
        0.03644890338182449,
        -0.07749916613101959,
        0.04407490789890289,
        0.0931323692202568,
        -0.005993015598505735,
        0.018358787521719933,
        0.020098797976970673,
        -0.07284300029277802,
        0.005475816782563925,
        -0.012729323469102383,
        -0.013284222222864628,
        0.023251453414559364,
        0.02755829691886902,
        -0.03345859795808792,
        0.010581339709460735,
        -0.08027105778455734,
        -0.03130472078919411,
        -0.14920669794082642,
        -0.021239325404167175,
        -0.04707522317767143,
        -0.024229520931839943,
        0.055864643305540085,
        0.0023466343991458416,
        0.004529600962996483,
        -0.05208320543169975,
        0.03719504922628403,
        -0.011622456833720207,
        0.06332846730947495,
        -0.026013609021902084,
        0.020096488296985626,
        -0.012180453166365623,
        0.009448685683310032,
        0.016924366354942322,
        0.09693697839975357,
        -0.03406159579753876,
        0.0054636322893202305,
        0.039806533604860306,
        -0.06876157224178314,
        -0.020449113100767136,
        0.08777140080928802,
        0.03364091366529465,
        -0.03399457782506943,
        -0.05007828772068024,
        0.051117394119501114,
        0.04959801957011223,
        -0.050421539694070816,
        0.09129350632429123,
        0.013995788991451263,
        -0.05557910352945328,
        0.0374891459941864,
        0.04573943838477135,
        0.02440747804939747,
        -0.0147177092730999,
        -0.03436564281582832,
        -0.0047968607395887375,
        0.03203800320625305,
        0.041402868926525116,
        -0.025096621364355087,
        -0.03270626440644264,
        0.034381408244371414,
        -0.008835435844957829,
        -0.04415237158536911,
        -0.005142677575349808,
        -0.012731595896184444,
        0.05439484119415283,
        0.042213473469018936,
        0.002077678218483925,
        0.05355756729841232,
        0.010336174629628658,
        -0.04389475658535957,
        -0.030083948746323586,
        -0.013047405518591404,
        -0.026027774438261986,
        0.0009313589544035494,
        -0.03077879175543785,
        -0.04336338862776756,
        0.002240446163341403,
        0.0163536686450243,
        -0.010152650997042656,
        0.031614866107702255,
        0.011697299778461456,
        0.04513799771666527,
        0.053157988935709,
        -0.032533176243305206,
        0.01799747906625271,
        0.031089618802070618,
        -0.022253327071666718,
        0.04295657202601433,
        0.05549908056855202,
        -0.002196490066125989,
        -0.038148824125528336,
        0.04449711740016937,
        -0.012428496032953262,
        -0.014504233375191689,
        0.020197249948978424,
        0.024150079116225243,
        0.02773193083703518,
        -0.111607126891613,
        -0.0888400599360466,
        -0.22142371535301208,
        -0.0014097433304414153,
        0.01685178652405739,
        -0.04051210358738899,
        0.03380506858229637,
        -0.06291762739419937,
        0.019201112911105156,
        -0.03132610768079758,
        0.08498766273260117,
        0.019879041239619255,
        0.04471614956855774,
        -0.06198403611779213,
        -0.020018113777041435,
        0.08429935574531555,
        -0.03834206610918045,
        0.1096370667219162,
        0.0037442429456859827,
