{
    "index": 130,
    "page": 21,
    "text": "of one kind and nature; so that whether for a hundred or two hundred years only, or \nfor an infinite space of time, a man see those things which are still the same, it can \nbe no matter of great moment. And secondly, that that life which any the longest liv-\ner, or the shortest liver parts with, is for length and duration the very same, for that \nonly which is present, is that, which either of them can lose, as being that only \nwhich they have; for that which he hath not, no man can truly be said to lose.",
    "embedding_of_chunk": [
        -0.021929481998085976,
        0.013393583707511425,
        0.05478399619460106,
        0.02302144281566143,
        0.0065622879192233086,
        0.023835167288780212,
        0.08503304421901703,
        0.051589347422122955,
        -0.004964000079780817,
        -0.009998764842748642,
        0.01623389683663845,
        -0.06585094332695007,
        0.058795686811208725,
        0.05287265032529831,
        -0.028510408475995064,
        0.018231015652418137,
        -0.031045710667967796,
        0.03588609769940376,
        -0.0816323533654213,
        0.044225726276636124,
        0.10094664990901947,
        0.0017420731019228697,
        -0.013524522073566914,
        -0.05475658178329468,
        0.011524712666869164,
        0.01851123385131359,
        -0.005662291310727596,
        -0.026961516588926315,
        -0.0038547657895833254,
        -0.1785951405763626,
        0.007172693498432636,
        -0.03748268634080887,
        0.05600913614034653,
        -0.049235749989748,
        -0.01378173939883709,
        -0.020789731293916702,
        -0.02989237755537033,
        0.013355250470340252,
        -0.014719266444444656,
        0.060973264276981354,
        0.03606174513697624,
        0.03157724067568779,
        -0.0044142273254692554,
        -0.01727820374071598,
        -0.014875970780849457,
        -0.0076055992394685745,
        -0.07021455466747284,
        -0.031162051483988762,
        0.02843877486884594,
        -0.035853311419487,
        -0.021038800477981567,
        -0.010546565987169743,
        0.050151512026786804,
        0.06795710325241089,
        0.047946423292160034,
        0.010123128071427345,
        0.05816779285669327,
        0.03483504801988602,
        -0.008897965773940086,
        -0.02786797098815441,
        0.032575592398643494,
        -0.012177763506770134,
        -0.19635877013206482,
        0.06653188169002533,
        0.07547281682491302,
        -0.014713692478835583,
        -0.05894264206290245,
        -0.025156598538160324,
        0.03032490238547325,
        0.030010012909770012,
        -0.0321623869240284,
        -0.0006707716383971274,
        0.02152610756456852,
        0.07059244066476822,
        0.018767427653074265,
        -0.012958194129168987,
        0.016128459945321083,
        -0.050374455749988556,
        -0.017611736431717873,
        0.06360875815153122,
        0.006130062509328127,
        -0.01373961940407753,
        -0.008887972682714462,
        -0.013658055104315281,
        -0.032419368624687195,
        -0.054921746253967285,
        -0.017470363527536392,
        -0.0858868658542633,
        0.012711303308606148,
        0.02824256755411625,
        -0.04113243892788887,
        -0.006818211171776056,
        -0.004537057597190142,
        0.026108132675290108,
        -0.05632387846708298,
        -0.06177424639463425,
        0.05166267603635788,
        0.04289977252483368,
        -0.005175883881747723,
        0.183182954788208,
        -0.0680556669831276,
        0.06838739663362503,
        0.03206140175461769,
        -0.047397952526807785,
        0.04890672490000725,
        -0.011370085179805756,
        -0.02464687079191208,
        -0.009957284666597843,
        0.009582798928022385,
        0.016479283571243286,
        0.007492292206734419,
        0.010900075547397137,
        0.0535602793097496,
        -0.023249538615345955,
        0.011539219878613949,
        0.012395363301038742,
        0.04764438048005104,
        0.00019701963174156845,
        -0.047697875648736954,
        -0.0009971040999516845,
        -0.03400100767612457,
        0.04376450181007385,
        0.06265851110219955,
        -0.040943972766399384,
        0.03571825101971626,
        -0.07963861525058746,
        0.044823553413152695,
        0.0963071957230568,
        0.0367920957505703,
        0.03482143580913544,
        0.05298762023448944,
        -0.0450744703412056,
        -0.01418382115662098,
        -0.030411817133426666,
        -0.021335339173674583,
        0.0363597497344017,
        0.011140011250972748,
        -0.006997198332101107,
        0.042609862983226776,
        -0.050474606454372406,
        -0.004403587896376848,
        -0.16392117738723755,
        -0.02221308834850788,
        -0.06151846796274185,
        -0.04271412640810013,
        0.06718043237924576,
        0.04758818447589874,
        0.001495660049840808,
        -0.035940419882535934,
        0.013818035833537579,
        -0.009366471320390701,
        -0.00014131789794191718,
        -0.0001309945510001853,
        -0.024042248725891113,
        -0.008379084058105946,
        0.008182704448699951,
        0.041328903287649155,
        0.03496827930212021,
        -0.04779587686061859,
        -0.004327021073549986,
        -0.026088397949934006,
        -0.0002172269014408812,
        -0.023577062413096428,
        0.1290726661682129,
        0.03507286682724953,
        -0.04233532398939133,
        0.001196018303744495,
        0.02331916242837906,
        0.03755546733736992,
        -0.004775912035256624,
        0.045209575444459915,
        0.004211347084492445,
        -0.0038979616947472095,
        0.006055432837456465,
        0.07425364851951599,
        0.05880718305706978,
        -0.04369775950908661,
        -0.021877305582165718,
        0.03147069737315178,
        0.003540012752637267,
        0.037698112428188324,
        -0.04746172949671745,
        -0.03977132588624954,
        0.05231417343020439,
        0.024944253265857697,
        -0.03686699643731117,
        -0.025934891775250435,
        -0.028490614145994186,
        0.034796908497810364,
        0.07375840097665787,
        0.008189896121621132,
        0.04880708456039429,
        -0.011596170254051685,
        0.0098430085927248,
        -0.06414581835269928,
        -0.05111619830131531,
        -0.029477784410119057,
        -0.028430134057998657,
        -0.0005494816577993333,
        -0.028986070305109024,
        0.0004063525120727718,
        -0.013774778693914413,
        -0.02158951945602894,
        0.0330645851790905,
        0.021480916067957878,
        0.003021849086508155,
        0.011779705062508583,
        -0.004930141847580671,
        0.03841645270586014,
        0.030395017936825752,
        -0.058872416615486145,
        0.002161335665732622,
        0.013420290313661098,
        0.006869256962090731,
        -0.02082224376499653,
        0.04410737752914429,
        -0.015796128660440445,
        0.005202298518270254,
        0.061796437948942184,
        0.028227634727954865,
        0.04504889249801636,
        -0.10309305787086487,
        -0.04021565988659859,
        -0.228641539812088,
        -0.013991666957736015,
        -0.044892407953739166,
        -0.050513043999671936,
        0.09306842088699341,
        -0.07044731825590134,
        -0.009210590273141861,
        -0.035921361297369,
        0.033106766641139984,
        0.05045148357748985,
        0.07796189934015274,
        -0.024293866008520126,
        -0.025476669892668724,
        -0.007514324504882097,
        -0.011259743012487888,
        0.05631362274289131,
        -0.004851140547543764,
        0.03673688322305679,
        -0.044880352914333344,
        0.0008269692189060152,
        0.00307499710470438,
        0.0511661060154438,
        -0.04132525995373726,
