{
    "index": 677,
    "page": 106,
    "text": "hast obtained a reasonable faculty, whereby thou mayest govern thine own life and \nactions. But if thou beest carried away with the flood, it must be thy body perchance, \nor thy life, or some other thing that belongs unto them that is carried away: thy mind \nand understanding cannot. Or should it be so, that the light of a candle indeed is \nstill bright and lightsome until it be put out: and should truth, and righteousness, \nand temperance cease to shine in thee whilest thou thyself hast any being?",
    "embedding_of_chunk": [
        -0.0032352872658520937,
        -0.009705159813165665,
        0.029836097732186317,
        -0.04848119989037514,
        0.00872880220413208,
        -0.00645510945469141,
        0.08931682258844376,
        0.062061551958322525,
        -0.00567026948556304,
        0.0007262376020662487,
        -0.010404318571090698,
        -0.07464057207107544,
        0.002082287799566984,
        0.028420865535736084,
        0.026668787002563477,
        0.024642234668135643,
        0.011037640273571014,
        0.078228659927845,
        -0.06341057270765305,
        0.015936199575662613,
        0.05435173958539963,
        -0.05287417769432068,
        -0.055616408586502075,
        -0.06547299027442932,
        0.026591166853904724,
        0.02213294245302677,
        -0.020494302734732628,
        -0.009215238504111767,
        -0.026040874421596527,
        -0.15166237950325012,
        -0.02777453325688839,
        -0.08017377555370331,
        -0.02632385678589344,
        -0.009707578457891941,
        -0.0022518543992191553,
        0.003287785453721881,
        -0.02746567688882351,
        0.01522821094840765,
        -0.01634163409471512,
        0.04231929033994675,
        0.04112398624420166,
        0.018381020054221153,
        -0.0021392665803432465,
        -0.053110670298337936,
        -0.021882658824324608,
        -0.03095141425728798,
        -0.026194173842668533,
        -0.029256584122776985,
        -0.0063381982035934925,
        -0.03101927787065506,
        -0.03237433359026909,
        -0.00932767428457737,
        0.025316176936030388,
        0.04697475954890251,
        -0.0050525846891105175,
        0.02409246563911438,
        0.05959706008434296,
        0.05534407123923302,
        0.03766563907265663,
        0.012235274538397789,
        0.04679756984114647,
        0.027575327083468437,
        -0.23512642085552216,
        0.06498705595731735,
        0.05036964640021324,
        -0.00802637729793787,
        -0.024854876101017,
        -0.026310667395591736,
        0.027058344334363937,
        0.03702506795525551,
        -0.03970470279455185,
        0.011298023164272308,
        0.05174800381064415,
        0.06336914747953415,
        -0.0023177689872682095,
        -0.038326967507600784,
        0.018988581374287605,
        -0.032484520226716995,
        0.044404037296772,
        0.05298179015517235,
        0.013850124552845955,
        0.001403018948622048,
        0.02003813534975052,
        0.007385035511106253,
        -0.028373070061206818,
        -0.02973952330648899,
        0.031110523268580437,
        -0.0735393762588501,
        0.007427361328154802,
        0.0004977506469003856,
        -0.03396342694759369,
        -0.029634986072778702,
        -0.040382348001003265,
        0.015203543938696384,
        -0.03827802464365959,
        -0.02105443924665451,
        0.03223561868071556,
        0.00852575059980154,
        -0.037415988743305206,
        0.19962096214294434,
        -0.04114876687526703,
        0.046028729528188705,
        0.052946966141462326,
        -0.05804210528731346,
        0.04403595253825188,
        0.007785391062498093,
        -0.02085685357451439,
        -0.037171654403209686,
        -0.023247547447681427,
        0.0057169171050190926,
        0.0120864138007164,
        -0.02191268838942051,
        0.05970394238829613,
        -0.05617402866482735,
        0.04126469045877457,
        0.047214485704898834,
        0.04080618545413017,
        -0.01689683459699154,
        -0.036464590579271317,
        -0.00808277353644371,
        0.012107783928513527,
        0.054145120084285736,
        0.11359617114067078,
        -0.008960365317761898,
        0.0006709173321723938,
        -0.09879711270332336,
        0.05370957404375076,
        0.10501503944396973,
        0.0273686982691288,
        -0.003837531665340066,
        0.0005609318614006042,
        -0.05882193520665169,
        -0.005691623315215111,
        -0.05826498568058014,
        0.020995566621422768,
        0.010242155753076077,
        0.009081303142011166,
        -0.04909582808613777,
        0.009863290004432201,
        -0.028927190229296684,
        -0.029886653646826744,
        -0.14333577454090118,
        -0.008012552745640278,
        -0.09215711057186127,
        -0.017279120162129402,
        0.07297646254301071,
        0.0019698659889400005,
        0.046579476445913315,
        -0.025844912976026535,
        0.050986066460609436,
        -0.04039711505174637,
        0.01975330337882042,
        -0.05047053471207619,
        -0.03466161713004112,
        0.03631868213415146,
        0.021218178793787956,
        0.01325354166328907,
        0.09799361974000931,
        -0.02086813747882843,
        -0.00240876036696136,
        0.04308406636118889,
        0.011217920109629631,
        -0.005059313029050827,
        0.10984399914741516,
        -0.016453610733151436,
        -0.015487019903957844,
        -0.000909903203137219,
        -0.011232527904212475,
        0.013787245377898216,
        -0.016798056662082672,
        0.062181778252124786,
        0.0032767155207693577,
        -0.04122696816921234,
        0.06494374573230743,
        0.08860303461551666,
        0.009005717001855373,
        -0.05041313171386719,
        0.019788004457950592,
        0.003440184285864234,
        0.0046812803484499454,
        0.04434929043054581,
        -0.07702026516199112,
        -0.05247705802321434,
        0.0475287139415741,
        0.03687184303998947,
        0.000463651871541515,
        0.016927307471632957,
        -0.04771817475557327,
        0.04112499952316284,
        0.07389415055513382,
        -0.027165861800312996,
        0.07333888858556747,
        -0.04096952825784683,
        -0.05653377249836922,
        -0.04765690118074417,
        0.02342487871646881,
        -0.03496599569916725,
        -0.04381208121776581,
        -0.051071323454380035,
        -0.011296468786895275,
        -0.0018205977976322174,
        0.0012877995613962412,
        -0.023118486627936363,
        0.011107280850410461,
        0.026131458580493927,
        -0.010185434482991695,
        0.005272338632494211,
        -0.01581842638552189,
        0.0459648035466671,
        8.159410208463669e-05,
        -0.006650275085121393,
        0.027830952778458595,
        0.03523772209882736,
        -0.019779715687036514,
        -0.042964763939380646,
        0.02466324158012867,
        0.04978056997060776,
        0.013392496854066849,
        0.03178425133228302,
        0.026496022939682007,
        0.01711913011968136,
        -0.09924173355102539,
        -0.06240956485271454,
        -0.22635558247566223,
        0.021049989387392998,
        -0.005648179445415735,
        -0.0745517686009407,
        0.07680684328079224,
        -0.03904799371957779,
        -0.007768089883029461,
        0.01601559668779373,
        0.007487356197088957,
        0.03246046602725983,
        0.03281193599104881,
        -0.0474192276597023,
        -0.004613923840224743,
        -0.0004396103322505951,
        0.012614594772458076,
        0.04198731482028961,
        0.021636348217725754,
        0.002870043506845832,
        -0.020206544548273087,
        -0.016485417261719704,
        -0.020389489829540253,
        0.01840212009847164,
        -0.029574275016784668,
        -0.05708751454949379,
