{
    "index": 590,
    "page": 92,
    "text": "XXX. When thou art offended with any man’s transgression, presently reflect upon \nthyself; and consider what thou thyself art guilty of in the same kind. As that thou \nalso perchance dost think it a happiness either to be rich, or to live in pleasure, or to \nbe praised and commended, and so of the rest in particular. For this if thou shalt call \nto mind, thou shalt soon forget thine anger; especially when at the same time this \nalso shall concur in thy thoughts, that he was constrained by his error and igno-\nrance so to do: for how can he choose as long as he is of that opinion? Do thou there-\nfore if thou canst, take away that from him, that forceth him to do as he doth.",
    "embedding_of_chunk": [
        -0.03444385901093483,
        0.0666346624493599,
        0.028729788959026337,
        -0.006629394367337227,
        -0.015380799770355225,
        0.029855461791157722,
        0.11283761262893677,
        0.05595311149954796,
        0.015053530223667622,
        -0.021054085344076157,
        -0.00664517842233181,
        -0.07650727778673172,
        0.019183851778507233,
        0.040219634771347046,
        0.006923909764736891,
        0.06620170921087265,
        -0.00048789079301059246,
        0.05924542248249054,
        -0.07251907140016556,
        -0.0008566883043386042,
        0.04767497628927231,
        -0.027951274067163467,
        -0.0353819765150547,
        -0.07584183663129807,
        0.02139805257320404,
        -0.006555508356541395,
        -0.018721595406532288,
        -0.02097340300679207,
        -0.028006138280034065,
        -0.1301446408033371,
        0.027898820117115974,
        -0.05157291144132614,
        0.03226231411099434,
        -0.025369582697749138,
        -0.020946066826581955,
        -0.01082704309374094,
        -0.049168724566698074,
        0.03790586069226265,
        -0.0607590414583683,
        0.052888717502355576,
        0.028544284403324127,
        0.019621292129158974,
        -0.02502826228737831,
        -0.0523889921605587,
        -0.050515227019786835,
        -0.016680460423231125,
        -0.03481488674879074,
        -0.009666954167187214,
        0.01632821001112461,
        -0.019599545747041702,
        -0.025733526796102524,
        -0.011139138601720333,
        0.026481473818421364,
        0.025635167956352234,
        0.006103923544287682,
        0.045286037027835846,
        0.06817303597927094,
        0.02573113515973091,
        0.002196786692366004,
        -0.003759060287848115,
        0.053156204521656036,
        0.03777902200818062,
        -0.21109218895435333,
        0.08587689697742462,
        0.06236565485596657,
        0.01158954482525587,
        -0.022089650854468346,
        0.00916308257728815,
        -0.025409402325749397,
        0.06586457788944244,
        -0.031217187643051147,
        0.03937384858727455,
        0.046079881489276886,
        0.0382172055542469,
        0.06272917985916138,
        -0.025113767012953758,
        6.120574107626453e-05,
        -0.04029601812362671,
        -6.638825288973749e-05,
        0.025743788108229637,
        0.0019369542133063078,
        0.031802427023649216,
        -0.014150760136544704,
        0.0006408005720004439,
        -0.011971918866038322,
        -0.06575639545917511,
        0.009563255123794079,
        -0.072270467877388,
        0.05852317437529564,
        0.012983672320842743,
        0.021743344143033028,
        -0.034041598439216614,
        0.0004656489472836256,
        0.020848281681537628,
        -0.04226061329245567,
        0.002416878007352352,
        0.033492278307676315,
        -0.00474967947229743,
        -0.06359665840864182,
        0.21416306495666504,
        -0.03438804671168327,
        0.06329823285341263,
        0.018344609066843987,
        -0.01906629279255867,
        0.049916207790374756,
        -0.0045361630618572235,
        -0.01902657561004162,
        -0.019007015973329544,
        -0.04650440067052841,
        -0.008285552263259888,
        0.013296111486852169,
        -0.05688515678048134,
        0.040898676961660385,
        -0.04061681032180786,
        0.02377270720899105,
        0.006872538942843676,
        0.014503798447549343,
        0.001471390132792294,
        -0.007706053089350462,
        -0.016565781086683273,
        -0.01941716857254505,
        0.044802479445934296,
        0.05093078315258026,
        -0.023609651252627373,
        -0.011337578296661377,
        -0.0914921909570694,
        0.07664080709218979,
        0.1364736258983612,
        -0.026772061362862587,
        -0.043124571442604065,
        -0.00913411844521761,
        -0.040131423622369766,
        -0.035447049885988235,
        -0.024922596290707588,
        0.043346282094717026,
        0.032885823398828506,
        0.00896505918353796,
        -0.050452277064323425,
        0.058094657957553864,
        -0.04029859974980354,
        0.00997221190482378,
        -0.17486755549907684,
        -0.04278534650802612,
        -0.10325189679861069,
        0.0075003900565207005,
        0.10365711897611618,
        -0.012379557825624943,
        0.02182180993258953,
        -0.015760160982608795,
        0.018944280222058296,
        -0.020748142153024673,
        0.04567766562104225,
        -0.0787951722741127,
        -0.017745086923241615,
        -0.003879000199958682,
        0.029363537207245827,
        0.0062010022811591625,
        0.058236610144376755,
        -0.030745167285203934,
        0.039100341498851776,
        0.049123749136924744,
        -0.011368400417268276,
        -0.0659978836774826,
        0.1037437841296196,
        0.002437518211081624,
        -0.01198241114616394,
        -0.00818831380456686,
        0.005730224773287773,
        0.02729898877441883,
        0.0026807282119989395,
        0.007076335605233908,
        0.0062015121802687645,
        -0.08772601187229156,
        0.06075771525502205,
        0.05708758160471916,
        -0.0054855807684361935,
        -0.016198066994547844,
        0.009328076615929604,
        0.022402174770832062,
        0.005226625595241785,
        0.07500950247049332,
        -0.05258612334728241,
        -0.052383050322532654,
        0.05250028520822525,
        0.0301346555352211,
        -0.012477953918278217,
        0.03613372892141342,
        -0.040189895778894424,
        0.05263565480709076,
        0.070642851293087,
        -0.04407280310988426,
        0.017861511558294296,
        -0.07355452328920364,
        -0.0031347291078418493,
        -0.05530104786157608,
        -0.0198105126619339,
        -0.05705343931913376,
        0.00023140545818023384,
        -0.01214724499732256,
        0.019424637779593468,
        -0.006696130149066448,
        -0.018657758831977844,
        -0.03452351316809654,
        0.017724551260471344,
        0.03183893486857414,
        -0.002330270130187273,
        0.00627546152099967,
        -0.035364288836717606,
        0.052134934812784195,
        0.007879074662923813,
        -0.07007437199354172,
        0.0462946742773056,
        0.05036410689353943,
        0.03042604587972164,
        -0.0032603926956653595,
        0.025135423988103867,
        0.03772176429629326,
        0.005790696479380131,
        0.022313503548502922,
        0.031147949397563934,
        0.00246327742934227,
        -0.10242768377065659,
        -0.06160319596529007,
        -0.2299022376537323,
        0.01038394309580326,
        0.00467334920540452,
        -0.04351766034960747,
        0.06486209481954575,
        -0.05742952227592468,
        0.022548438981175423,
        -0.02178015373647213,
        0.042702578008174896,
        0.04994162917137146,
        0.06602725386619568,
        -0.029899146407842636,
        -0.0425097681581974,
        -0.021013561636209488,
        -0.015521136112511158,
        0.04626332223415375,
        -0.03760525584220886,
