{
    "index": 570,
    "page": 89,
    "text": "XI. To find out, and set to thyself some certain way and method of contemplation, \nwhereby thou mayest clearly discern and represent unto thyself, the mutual change \nof all things, the one into the other. Bear it in thy mind evermore, and see that thou \nbe throughly well exercised in this particular. For there is not anything more effectu-\nal to beget true magnanimity.",
    "embedding_of_chunk": [
        0.00766098452731967,
        -0.006734395399689674,
        0.0246946532279253,
        -0.01823721081018448,
        0.009008694440126419,
        0.04210936650633812,
        0.11142010241746902,
        0.02886672504246235,
        0.01787642389535904,
        -0.02669929713010788,
        0.035006873309612274,
        -0.08329091221094131,
        0.04129506275057793,
        0.034169334918260574,
        0.029717018827795982,
        0.0018062959425151348,
        -0.010633970610797405,
        0.04143616184592247,
        -0.06636885553598404,
        0.01292785257101059,
        0.03550877422094345,
        -0.02611110359430313,
        -0.062154170125722885,
        -0.07683879882097244,
        0.04680987447500229,
        0.05382007732987404,
        -0.04509664699435234,
        -0.03596116974949837,
        -0.027690788730978966,
        -0.14282535016536713,
        0.020678117871284485,
        -0.022180138155817986,
        0.00920669361948967,
        -0.008996876887977123,
        -0.02528165653347969,
        -0.011670793406665325,
        -0.012774147093296051,
        0.05124714970588684,
        -0.02421543374657631,
        0.03795206919312477,
        0.027481509372591972,
        0.030136818066239357,
        -0.007603904232382774,
        -0.023456020280718803,
        -0.05113000422716141,
        -0.07313051074743271,
        0.026701878756284714,
        -0.004767769481986761,
        0.007165977265685797,
        -0.031431373208761215,
        -0.04539275914430618,
        -0.04183623567223549,
        0.03298994153738022,
        0.046433478593826294,
        0.046555452048778534,
        0.07685624808073044,
        0.0372312068939209,
        0.021140268072485924,
        0.03870526701211929,
        0.032910414040088654,
        0.058864958584308624,
        0.03118128702044487,
        -0.21037639677524567,
        0.08759354799985886,
        0.07204689830541611,
        0.0008352171862497926,
        -0.034797344356775284,
        -0.03918015584349632,
        0.03928295522928238,
        0.06516159325838089,
        0.0003153455618303269,
        0.04218035936355591,
        0.03291480615735054,
        0.05620044097304344,
        0.034850239753723145,
        -0.027050552889704704,
        -0.035577137023210526,
        -0.07353346049785614,
        -0.025289272889494896,
        0.02167360484600067,
        -0.01792265847325325,
        0.03007546253502369,
        0.013680688105523586,
        0.013681034557521343,
        0.0035513436887413263,
        -0.04033520072698593,
        0.017732512205839157,
        -0.10535363107919693,
        0.057633254677057266,
        0.008433257229626179,
        -0.010408577509224415,
        -0.01024135947227478,
        -0.04430019482970238,
        -0.0031238519586622715,
        -0.040908947587013245,
        -0.021348217502236366,
        0.019875418394804,
        0.004553978331387043,
        -0.055024877190589905,
        0.21807868778705597,
        -0.06010255217552185,
        0.04406515136361122,
        0.026162806898355484,
        -0.05413201078772545,
        0.030298395082354546,
        -0.02403540536761284,
        -0.014965316280722618,
        -0.04122012481093407,
        -0.031427450478076935,
        -0.0103229945525527,
        0.023659253492951393,
        -0.040364526212215424,
        0.03660424426198006,
        -0.05290989950299263,
        0.01566244475543499,
        0.0359683558344841,
        0.002714740112423897,
        0.004065551329404116,
        -0.036092620342969894,
        0.031085865572094917,
        0.00584180373698473,
        0.030484799295663834,
        0.047506384551525116,
        -0.03353465348482132,
        -0.006106199696660042,
        -0.10337351262569427,
        0.04453343525528908,
        0.11250779032707214,
        -0.012525868602097034,
        -0.0002645164786372334,
        0.015686754137277603,
        -0.03399120643734932,
        -0.06280861794948578,
        -0.012243179604411125,
        0.023712625727057457,
        0.043467745184898376,
        -0.019882479682564735,
        -0.006551219150424004,
        0.017737463116645813,
        -0.028400395065546036,
        -0.012556551024317741,
        -0.09898991882801056,
        -3.5508342989487574e-05,
        -0.10401993989944458,
        -0.016801608726382256,
        0.09844918549060822,
        0.0029609953053295612,
        0.01110098697245121,
        -0.01839899644255638,
        0.04100094363093376,
        -0.020996876060962677,
        0.03778515011072159,
        -0.05138752982020378,
        -0.02814209833741188,
        0.02604932337999344,
        0.018206005915999413,
        0.022762825712561607,
        0.04241763427853584,
        -0.025839529931545258,
        0.019121047109365463,
        -0.021071426570415497,
        -0.050671182572841644,
        -0.035859838128089905,
        0.12110725045204163,
        0.03181590139865875,
        -0.040552593767642975,
        -0.028835831210017204,
        -0.005528531037271023,
        0.007997962646186352,
        -0.03317867964506149,
        0.03155243769288063,
        0.017249641939997673,
        -0.08596664667129517,
        0.025763388723134995,
        0.06457414478063583,
        0.02602030150592327,
        -0.030943309888243675,
        0.04348328337073326,
        -0.02495540864765644,
        -0.0006700722151435912,
        0.07774702459573746,
        -0.06150134280323982,
        -0.0858386904001236,
        0.054153285920619965,
        0.027047108858823776,
        -0.007336365524679422,
        0.00618083868175745,
        -0.007887755520641804,
        0.025575460866093636,
        0.06189899519085884,
        -0.0608057901263237,
        0.04744522273540497,
        -0.04742026329040527,
        -0.015988990664482117,
        -0.04967216029763222,
        -0.029627706855535507,
        -0.02060164138674736,
        0.013017832301557064,
        -0.024794846773147583,
        0.014862685464322567,
        -0.02352295257151127,
        0.026370128616690636,
        -0.009617540054023266,
        0.023073654621839523,
        0.014749020338058472,
        -0.00452372245490551,
        0.024151833727955818,
        -0.028755350038409233,
        0.048819880932569504,
        0.028309974819421768,
        -0.05901193246245384,
        0.03259613364934921,
        0.0935622900724411,
        -0.005239445250481367,
        -0.0259734895080328,
        0.02668958716094494,
        0.030424321070313454,
        0.013387363404035568,
        -0.00813653226941824,
        0.07082615792751312,
        0.03029520995914936,
        -0.13022364675998688,
        -0.03754949942231178,
        -0.23041193187236786,
        0.00899823009967804,
        -0.021629123017191887,
        -0.019803429022431374,
        0.029189247637987137,
        -0.03877394646406174,
        -0.00391211686655879,
        -0.016030071303248405,
        0.003142093773931265,
        0.024220047518610954,
        0.051128093153238297,
        -0.027544444426894188,
        -0.010471773333847523,
        0.03898995742201805,
        0.037525106221437454,
        0.06379690766334534,
        0.012203563936054707,
        0.026621947064995766,
        -0.008170333690941334,
        -0.0036032095085829496,
        -0.0184833612293005,
        0.09176483750343323,
        -0.026912106201052666,
        -0.08410287648439407,
        -0.010839610360562801,
        0.021760249510407448,
        0.18570935726165771,
        0.08210978657007217,
