{
    "index": 583,
    "page": 91,
    "text": "38 saith of his philosopher, in \n\na place: as private and retired, saith he, as if he were shut up and enclosed about in \nsome shepherd’s lodge, on the top of a hill. There by thyself to put these questions to \nthyself. or to enter in these considerations: What is my chief and principal part, \nwhich hath power over the rest? What is now the present estate of it, as I use it; and \nwhat is it, that I employ it about? Is it now void of reason or no? Is it free, and sepa-\nrated; or so affixed, so congealed and grown together as it were with the flesh, that it \nis swayed by the motions and inclinations of it?",
    "embedding_of_chunk": [
        0.0005825263797305524,
        0.01588970236480236,
        0.010175814852118492,
        -0.00801985152065754,
        -0.007814478129148483,
        0.015849217772483826,
        0.10151398181915283,
        0.02833661623299122,
        0.008718116208910942,
        -0.014091284945607185,
        0.02394239418208599,
        -0.0714600533246994,
        0.05766919627785683,
        0.03145471587777138,
        0.05223271995782852,
        0.020718302577733994,
        -0.0014797053299844265,
        0.04749295115470886,
        -0.05892014876008034,
        0.037891775369644165,
        0.03844359144568443,
        -0.031428880989551544,
        -0.04504227265715599,
        -0.03746245056390762,
        0.016462290659546852,
        0.010845473036170006,
        -0.019094526767730713,
        -0.025039415806531906,
        -0.012715861201286316,
        -0.16448760032653809,
        0.00109469227027148,
        -0.05349365994334221,
        0.02469559758901596,
        -0.01904757134616375,
        -0.04967308044433594,
        -0.00695163756608963,
        -0.030504317954182625,
        0.015291773714125156,
        -0.05366590619087219,
        0.011015578173100948,
        0.060130953788757324,
        0.029038293287158012,
        -0.02555258385837078,
        -0.042750392109155655,
        -0.07218462973833084,
        -0.0042572468519210815,
        0.021542483940720558,
        -0.03768507391214371,
        0.00846233032643795,
        -0.02644178457558155,
        -0.03267472982406616,
        -0.03557238727807999,
        0.0220128633081913,
        0.03980481997132301,
        0.015482505783438683,
        0.047853004187345505,
        0.07517699152231216,
        0.02058287523686886,
        0.0020445871632546186,
        0.03738350421190262,
        0.04890645295381546,
        0.019729144871234894,
        -0.25687816739082336,
        0.07640042155981064,
        0.09099674224853516,
        0.006170406471937895,
        -0.03204413130879402,
        -0.047002218663692474,
        0.006942110601812601,
        0.043377965688705444,
        0.00010369294614065439,
        0.036803483963012695,
        0.052142903208732605,
        0.01728999800980091,
        0.030950073152780533,
        -0.04688525199890137,
        -0.016527267172932625,
        -0.03924105688929558,
        0.010816456750035286,
        0.021543221548199654,
        -0.006881114095449448,
        0.029342351481318474,
        -0.013863885775208473,
        0.02884639799594879,
        -0.09572909772396088,
        -0.021543122828006744,
        0.027457043528556824,
        -0.055632952600717545,
        0.04634673148393631,
        0.026093672960996628,
        0.014941850677132607,
        -0.052010346204042435,
        0.011967524886131287,
        0.0012928087962791324,
        -0.012797870673239231,
        -0.05690271034836769,
        0.0023540162947028875,
        0.015939075499773026,
        -0.05791559815406799,
        0.1660604327917099,
        -0.058006756007671356,
        0.036997973918914795,
        0.027350859716534615,
        -0.021858297288417816,
        0.008139400742948055,
        0.002998371608555317,
        -0.019612856209278107,
        0.00014462375838775188,
        -0.020578090101480484,
        0.026791704818606377,
        -0.03442815691232681,
        -0.03160376474261284,
        0.001017963164485991,
        -0.037079520523548126,
        0.061778128147125244,
        0.010536868125200272,
        0.06660451740026474,
        0.014235847629606724,
        -0.053384434431791306,
        0.002981480909511447,
        -0.0005800311919301748,
        0.04678138718008995,
        0.07430420815944672,
        -0.044940780848264694,
        0.013936550356447697,
        -0.0900462195277214,
        0.0824994221329689,
        0.08691690117120743,
        0.02822994627058506,
        0.021964721381664276,
        0.008257126435637474,
        -0.056515295058488846,
        -0.06066928803920746,
        -0.01943960040807724,
        0.06102437153458595,
        0.018231211230158806,
        0.061815984547138214,
        -0.026940658688545227,
        0.05858664587140083,
        -0.03018440306186676,
        -0.03355693444609642,
        -0.1028754785656929,
        -0.04184749722480774,
        -0.0831252709031105,
        -0.015277216210961342,
        0.07033450901508331,
        0.005945182405412197,
        0.03046998381614685,
        -0.038207411766052246,
        0.01769208535552025,
        0.03533516079187393,
        0.023230696097016335,
        -0.012948747724294662,
        -0.01841745525598526,
        -0.0006416314281523228,
        0.007876391522586346,
        -0.03511117771267891,
        0.06601376831531525,
        -0.01890457421541214,
        0.007488190196454525,
        -0.020505625754594803,
        -0.04561486840248108,
        -0.05329711735248566,
        0.12642160058021545,
        0.017926335334777832,
        -0.05462728440761566,
        -0.04057351127266884,
        0.014346410520374775,
        0.00395289296284318,
        -0.009053650312125683,
        0.0835629478096962,
        0.037360209971666336,
        -0.08378376066684723,
        0.07162249833345413,
        0.08436452597379684,
        0.053031131625175476,
        -0.05378251150250435,
        0.0036980712320655584,
        -0.031129196286201477,
        -0.004749991465359926,
        0.036343399435281754,
        -0.04533882811665535,
        -0.0700879842042923,
        0.06446497142314911,
        -0.014134016819298267,
        -0.04737835004925728,
        0.0031398748978972435,
        -0.024031788110733032,
        0.04758759215474129,
        0.06880627572536469,
        -0.042498618364334106,
        0.06324976682662964,
        -0.05946138873696327,
        0.001201238832436502,
        -0.030954446643590927,
        -0.004197230562567711,
        -0.04071015864610672,
        0.02461915649473667,
        -0.012604869902133942,
        0.04750986397266388,
        -0.020831752568483353,
        -0.010138615034520626,
        -0.046095628291368484,
        0.03002811037003994,
        -0.040718432515859604,
        0.04234614595770836,
        -0.019826235249638557,
        0.048323456197977066,
        0.07062169909477234,
        0.06640387326478958,
        0.011365159414708614,
        0.030344052240252495,
        0.055940963327884674,
        -0.02077515423297882,
        0.005687442142516375,
        0.002407193649560213,
        -0.007095803506672382,
        -0.012428903952240944,
        0.006071194540709257,
        0.025184916332364082,
        0.027836211025714874,
        -0.11103455722332001,
        -0.0787440836429596,
        -0.2280331552028656,
        0.02003411017358303,
        -0.020237356424331665,
        -0.036448605358600616,
        0.0631854459643364,
        -0.04290410503745079,
        0.0278162881731987,
        -0.007986227050423622,
        0.020406045019626617,
        0.003331072861328721,
        0.058654818683862686,
        -0.02155046910047531,
        -0.039829008281230927,
        0.04384026303887367,
        0.009906844235956669,
        0.04559528827667236,
        0.016134710982441902,
        -0.014210070483386517,
        -0.02421630173921585,
        -0.01615256257355213,
