{
    "index": 12,
    "page": 4,
    "text": "thus much is certain, that in the end the Romans succeeded in crushing the barbar-\nian tribes, and effecting a settlement which made the empire more secure. Marcus \nwas himself commander-in-chief, and victory was due no less to his own ability than \nto his wisdom in choice of lieutenants, shown conspicuously in the case of Pertinax. \nThere were several important battles fought in these campaigns; and one of them has \nbecome celebrated for the legend of the Thundering Legion. In a battle against the \nQuadi in 174, the day seemed to he going in favour of the foe, when on a sudden \narose a great storm of thunder and rain the lightning struck the barbarians with ter-\nror, and they turned to rout. In later days this storm was said to have been sent in",
    "embedding_of_chunk": [
        -0.05519702658057213,
        0.04187823086977005,
        0.050669241696596146,
        0.014228547923266888,
        -0.014586902223527431,
        -0.012681741267442703,
        0.06597404181957245,
        0.053261127322912216,
        -0.014396685175597668,
        -0.03645472601056099,
        -0.015213415957987309,
        -0.08250982314348221,
        0.014641658402979374,
        0.034500326961278915,
        -0.017508259043097496,
        -0.0012504297774285078,
        -0.017113056033849716,
        0.043840497732162476,
        -0.0473838709294796,
        0.05844341963529587,
        -0.002658702665939927,
        -0.025530816987156868,
        -0.010307804681360722,
        -0.07533678412437439,
        0.03292107209563255,
        0.058367498219013214,
        -0.0509377121925354,
        -0.018627354875206947,
        -0.020318256691098213,
        -0.2068747729063034,
        0.03323712572455406,
        -0.037811219692230225,
        0.029268160462379456,
        -0.028324522078037262,
        -0.044646553695201874,
        -0.02021416462957859,
        -0.020158370956778526,
        0.043104879558086395,
        -0.022842269390821457,
        0.0108953807502985,
        0.05023697391152382,
        0.03073374181985855,
        -0.005476972088217735,
        -0.0604877732694149,
        -0.02965114824473858,
        -0.04207489639520645,
        -0.016359740868210793,
        -0.006595483049750328,
        0.08531976491212845,
        -0.018537234514951706,
        0.04128606244921684,
        0.024084506556391716,
        0.036210570484399796,
        0.014899295754730701,
        0.003209260292351246,
        0.04680517688393593,
        0.05469735339283943,
        0.046992115676403046,
        0.029167279601097107,
        0.00801020860671997,
        -0.022312205284833908,
        0.08337202668190002,
        -0.24586640298366547,
        0.035611897706985474,
        -0.00657329335808754,
        0.000835309037938714,
        -0.042004458606243134,
        -0.01762133091688156,
        -0.017787106335163116,
        0.038849640637636185,
        -0.10048296302556992,
        0.04304653778672218,
        0.03091389499604702,
        0.04987598583102226,
        -0.0038729426451027393,
        0.026147689670324326,
        -0.025531994178891182,
        -0.014930501580238342,
        0.007612063083797693,
        -0.02633967250585556,
        0.010556228458881378,
        -0.00855259969830513,
        -0.049560435116291046,
        -0.043026141822338104,
        -0.023883461952209473,
        -0.043930500745773315,
        0.04167232662439346,
        -0.0485798642039299,
        0.07510484009981155,
        -0.0167763102799654,
        -0.004323991946876049,
        -0.0022065010853111744,
        -0.019675638526678085,
        0.007606262806802988,
        -0.056847307831048965,
        -0.008236205205321312,
        0.01131703332066536,
        -0.011930841021239758,
        -0.028582250699400902,
        0.2392417937517166,
        -0.009022148326039314,
        -0.0021208622492849827,
        0.04855971783399582,
        0.010117529891431332,
        0.12107513844966888,
        -0.05349637195467949,
        -0.019193662330508232,
        -0.03348059207201004,
        -0.025779221206903458,
        0.001963104121387005,
        -0.0018587452359497547,
        -0.04540875181555748,
        0.02424936555325985,
        -0.039140164852142334,
        0.031135547906160355,
        -0.0007494362653233111,
        0.021162915974855423,
        -0.029921140521764755,
        -0.07761495560407639,
        0.0032929980661720037,
        -0.006696460302919149,
        -0.004958005156368017,
        0.030117345973849297,
        0.03965850919485092,
        0.0665588304400444,
        -0.07362708449363708,
        0.06408774107694626,
        0.07730993628501892,
        -0.0026931099127978086,
        -0.03979381173849106,
        0.08902053534984589,
        -0.050219785422086716,
        -0.043066464364528656,
        -0.020100560039281845,
        0.028118522837758064,
        0.015145726501941681,
        0.03216573968529701,
        -0.028420915827155113,
        0.0036319922655820847,
        -0.0654749870300293,
        -0.017704881727695465,
        -0.11807234585285187,
        -0.0025359459687024355,
        -0.09175194054841995,
        -0.03522128984332085,
        0.00013037677854299545,
        0.010210067965090275,
        0.048990391194820404,
        0.011516553349792957,
        0.019428804516792297,
        -0.007797397673130035,
        0.022379450500011444,
        -0.011726944707334042,
        -0.0180011335760355,
        0.03684544935822487,
        0.05457893759012222,
        -0.002391472924500704,
        0.09961104393005371,
        -0.07801634073257446,
        0.0006495056441053748,
        0.016205551102757454,
        -0.023302828893065453,
        -0.026522625237703323,
        0.08589106798171997,
        0.04282964766025543,
        -0.07849909365177155,
        -0.022381966933608055,
        0.03389209881424904,
        0.006008716765791178,
        -0.02686305157840252,
        -0.0037474418058991432,
        0.04487815499305725,
        -0.014773108996450901,
        0.07900744676589966,
        0.05617702007293701,
        0.019145121797919273,
        -0.06372485309839249,
        -0.046171002089977264,
        -0.004203610122203827,
        0.009683001786470413,
        0.08298137038946152,
        -0.025282859802246094,
        -0.002595186233520508,
        0.06394093483686447,
        0.03647338226437569,
        -0.033130474388599396,
        -0.02682807482779026,
        -0.023442858830094337,
        0.04917030781507492,
        0.05113939568400383,
        0.02046116068959236,
        0.06872009485960007,
        -0.046116963028907776,
        -0.028003782033920288,
        -0.02024679072201252,
        -0.02284119464457035,
        -0.048582836985588074,
        -0.023454854264855385,
        -0.020720256492495537,
        -0.05115693807601929,
        -0.01707877404987812,
        -0.025043386965990067,
        -0.029320895671844482,
        0.025877857580780983,
        0.028000526130199432,
        0.017608167603611946,
        0.021092601120471954,
        -0.0026200972497463226,
        0.02337774634361267,
        0.02994912676513195,
        -0.030106695368885994,
        0.032242804765701294,
        0.07490288466215134,
        0.006189593113958836,
        -0.049199242144823074,
        0.007108328398317099,
        -0.012961914762854576,
        0.07468860596418381,
        -0.05174272134900093,
        0.0141749307513237,
        0.03737964108586311,
        -0.06004110723733902,
        -0.02761736884713173,
        -0.19765077531337738,
        -0.039786625653505325,
        -0.020936394110322,
        -0.06340885162353516,
        0.02964141219854355,
        -0.04816127568483353,
        0.07382652163505554,
        -0.0007170396274887025,
        0.0380212664604187,
        0.0026603119913488626,
        0.06859121471643448,
        0.00673336535692215,
        -0.005618846509605646,
        0.0029722738545387983,
