{
    "index": 490,
    "page": 77,
    "text": "her equally indifferent): they that will live according to nature, must in those things \n(as being of the same mind and disposition that she is) be as equally indifferent. \nWhosoever therefore in either matter of pleasure and pain; death and life; honour \nand dishonour, (which things nature in the administration of the world, indifferently \ndoth make use of), is not as indifferent, it is apparent that he is impious. When I say \nthat common nature doth indifferently make use of them, my meaning is, that they \nhappen indifferently in the ordinary course of things, which by a necessary conse-\nquence, whether as principal or accessory, come to pass in the world, according to \nthat first and ancient deliberation of Providence, by which she from some certain be-",
    "embedding_of_chunk": [
        -0.01247506681829691,
        -0.012601238675415516,
        0.0479755774140358,
        -0.01551096886396408,
        -0.010032089427113533,
        -0.008973219431936741,
        0.14387881755828857,
        0.047564368695020676,
        0.006746493745595217,
        0.04130163788795471,
        0.0032726346980780363,
        -0.07277370244264603,
        0.03844109922647476,
        -0.00667397677898407,
        0.015492115169763565,
        0.029654385522007942,
        -0.006675921380519867,
        0.034349169582128525,
        -0.09590188413858414,
        0.07021434605121613,
        0.05738653615117073,
        -0.014382903464138508,
        -0.02325860783457756,
        -0.049067214131355286,
        0.013729256577789783,
        0.04484153911471367,
        -0.03811437636613846,
        0.012463724240660667,
        -0.027919283136725426,
        -0.1483425348997116,
        -0.0006485325866378844,
        -0.034085359424352646,
        0.08111988008022308,
        0.009669031016528606,
        -0.028743227943778038,
        -0.0013845943612977862,
        -0.014260870404541492,
        0.04674924910068512,
        -0.04614565148949623,
        0.056800514459609985,
        0.011318856850266457,
        -0.011484614573419094,
        -0.006530271843075752,
        -0.034831807017326355,
        -0.05294086039066315,
        -0.05640525743365288,
        -0.043244317173957825,
        -0.030719293281435966,
        0.01426028460264206,
        -0.05465405806899071,
        -0.033239301294088364,
        -0.03046792931854725,
        -0.015438235364854336,
        0.01187105756253004,
        0.02066754922270775,
        0.02516288124024868,
        0.04829670488834381,
        0.005049705505371094,
        0.05512261018157005,
        0.0051633091643452644,
        0.04221772029995918,
        0.042842086404561996,
        -0.20905588567256927,
        0.10282890498638153,
        0.03138456493616104,
        0.01350125577300787,
        -0.044102054089307785,
        -0.06661296635866165,
        0.012729283422231674,
        0.06079411134123802,
        -0.04512598365545273,
        0.02799624763429165,
        0.03165663033723831,
        0.05243968591094017,
        0.039868537336587906,
        -0.024351179599761963,
        0.010761656798422337,
        -0.007207953836768866,
        -0.05152653902769089,
        0.04200894013047218,
        0.010424051433801651,
        -0.013714294880628586,
        0.008595247752964497,
        0.017387164756655693,
        -0.022213418036699295,
        -0.05837731063365936,
        0.007387626450508833,
        -0.07165279984474182,
        0.03826291486620903,
        0.02649524249136448,
        -0.036937862634658813,
        -0.039731819182634354,
        0.0010045150993391871,
        0.0056532262824475765,
        0.00222647818736732,
        0.017371490597724915,
        0.037510935217142105,
        0.016856681555509567,
        -0.03909396752715111,
        0.1899954080581665,
        -0.036748550832271576,
        0.08036571741104126,
        0.008269282057881355,
        -0.022703049704432487,
        0.06317368149757385,
        0.02712082676589489,
        -0.04663102328777313,
        -0.06423547863960266,
        0.001483669737353921,
        0.025263339281082153,
        0.015589158050715923,
        -0.039600588381290436,
        0.00038661056896671653,
        -0.03461063280701637,
        0.024088112637400627,
        0.005807391367852688,
        0.015672437846660614,
        0.01131529826670885,
        -0.028409022837877274,
        -0.03985133767127991,
        0.014945012517273426,
        -0.012285389937460423,
        0.044389400631189346,
        -0.022722942754626274,
        0.03903590515255928,
        -0.07242894172668457,
        0.0509505420923233,
        0.1058700680732727,
        0.016999421641230583,
        -0.013913562521338463,
        0.01759352907538414,
        -0.09500101208686829,
        -0.026545245200395584,
        -0.0026204800233244896,
        0.016862690448760986,
        0.035242825746536255,
        0.025144513696432114,
        0.011188563890755177,
        0.02135387808084488,
        -0.01818329468369484,
        -0.022972555831074715,
        -0.12709583342075348,
        -0.0435943678021431,
        -0.10463371127843857,
        -0.042264800518751144,
        0.09159406274557114,
        0.0372697077691555,
        0.028863409534096718,
        -0.02477923408150673,
        0.04372739791870117,
        -0.01497606374323368,
        0.03278413042426109,
        -0.035789404064416885,
        -0.03361537680029869,
        0.017856540158391,
        0.03861230984330177,
        0.004664823412895203,
        0.07241898030042648,
        -0.005683185998350382,
        0.015071671456098557,
        0.025237958878278732,
        -0.03589187189936638,
        -0.023395225405693054,
        0.15965498983860016,
        0.02376738004386425,
        -0.02460435964167118,
        0.008350715972483158,
        0.024662155658006668,
        0.047718074172735214,
        -0.0033286847174167633,
        0.06070924550294876,
        -0.03895759582519531,
        -0.04263407737016678,
        0.08803379535675049,
        0.08961235731840134,
        0.023478472605347633,
        -0.010109197348356247,
        -0.03392213582992554,
        -0.03768129646778107,
        -0.01737034134566784,
        0.01774115487933159,
        -0.032611507922410965,
        -0.02053222991526127,
        0.06014755740761757,
        0.039401259273290634,
        -0.04565930366516113,
        -0.025373877957463264,
        -0.04425332695245743,
        0.007995430380105972,
        0.04977181553840637,
        -0.0019730357453227043,
        0.017647387459874153,
        -0.04994434118270874,
        -0.019190529361367226,
        -0.0031894375570118427,
        -0.024520590901374817,
        -0.024267831817269325,
        -0.015702541917562485,
        -0.06018838286399841,
        0.0045088184997439384,
        -0.03247329220175743,
        -0.0018690755823627114,
        -0.03332003578543663,
        0.008685477077960968,
        0.0009078197181224823,
        0.044303715229034424,
        0.024607809260487556,
        0.0025419755838811398,
        0.019980978220701218,
        0.012980107218027115,
        -0.025172151625156403,
        0.03050236776471138,
        -0.005766260903328657,
        -0.017157554626464844,
        -0.055264346301555634,
        0.05034374073147774,
        0.042869169265031815,
        0.022682921960949898,
        0.08622733503580093,
        0.07868846505880356,
        0.016007885336875916,
        -0.11059726029634476,
        -0.0751887857913971,
        -0.21827124059200287,
        -0.009551758877933025,
        -0.04852117598056793,
        -0.04401860758662224,
        0.09505008161067963,
        -0.05980190634727478,
        -0.02124645560979843,
        -0.024104993790388107,
        0.026365116238594055,
        0.03519727289676666,
        0.047893814742565155,
        -0.04681074991822243,
        0.012549176812171936,
        0.04087451472878456,
        0.031121810898184776,
