{
    "index": 171,
    "page": 27,
    "text": "XV. Be not deceived; for thou shalt never live to read thy moral commentaries, nor \nthe acts of the famous Romans and Grecians; nor those excerpta from several books; \nall which thou hadst provided and laid up for thyself against thine old age. Hasten \ntherefore to an end, and giving over all vain hopes, help thyself in time if thou carest \nfor thyself, as thou oughtest to do. \n\nXVI. To steal, to sow, to buy, to be at rest, to see what is to be done (which is not \nseen by the eyes, but by another kind of sight): what these words mean, and how \nmany ways to be understood, they do not understand. The body, the soul, the un-\nderstanding. As the senses naturally belong to the body, and the desires and affec-\ntions to the soul, so do the dogmata to the understanding.",
    "embedding_of_chunk": [
        -0.005963219329714775,
        -0.006109706126153469,
        0.018496261909604073,
        -0.01570657640695572,
        -0.005448345560580492,
        0.019153477624058723,
        0.09071213752031326,
        0.05341913923621178,
        -0.005309159867465496,
        -0.03169359266757965,
        0.0272551029920578,
        -0.09338837116956711,
        2.8846960049122572e-05,
        0.012184055522084236,
        -0.02148546278476715,
        -0.009182216599583626,
        0.0013988103019073606,
        0.04652059078216553,
        -0.08610643446445465,
        0.019015192985534668,
        0.089588463306427,
        -0.007292322348803282,
        -0.021506348624825478,
        -0.04446334019303322,
        0.03366298973560333,
        0.0459035187959671,
        -0.0038213806692510843,
        -0.056820522993803024,
        -0.039644159376621246,
        -0.14949245750904083,
        -0.0005362706142477691,
        -0.08134683966636658,
        0.02967817336320877,
        -0.00851364340633154,
        0.01282981876283884,
        -0.004137414041906595,
        -0.0346825085580349,
        0.029184291139245033,
        -0.035728633403778076,
        0.05516132339835167,
        0.013173617422580719,
        0.027492253109812737,
        -0.045330170542001724,
        -0.036845192313194275,
        -0.03545285388827324,
        -0.04540814459323883,
        -0.02799728326499462,
        -0.017019158229231834,
        0.01957334578037262,
        -0.05811147019267082,
        -0.04110997915267944,
        0.02076207846403122,
        0.025937438011169434,
        0.030006054788827896,
        0.0160090159624815,
        0.0019200510578230023,
        0.044839099049568176,
        0.01750936545431614,
        0.02658184804022312,
        -0.0023073051124811172,
        0.05030836910009384,
        0.02319757267832756,
        -0.21504747867584229,
        0.08513045310974121,
        0.045782290399074554,
        0.015086722560226917,
        -0.020227672532200813,
        -0.01768467389047146,
        0.0016987593844532967,
        0.053575292229652405,
        0.009538582526147366,
        0.0187819916754961,
        0.05233943089842796,
        0.08272945880889893,
        0.01981201395392418,
        -0.002817961387336254,
        0.0017319032922387123,
        -0.08231140673160553,
        -0.029106561094522476,
        -0.0033311950974166393,
        -0.0065454444848001,
        0.032551657408475876,
        -0.0063834781758487225,
        -0.02101251855492592,
        -0.05252358689904213,
        -0.04938444122672081,
        0.009810015559196472,
        -0.06474845856428146,
        0.03822111338376999,
        0.014134751632809639,
        -0.006082560401409864,
        -0.02751793898642063,
        -0.05614131689071655,
        0.012452025897800922,
        -0.026524215936660767,
        -0.04394076019525528,
        0.04963713139295578,
        0.0038492726162075996,
        -0.038677725940942764,
        0.22302782535552979,
        -0.022579357028007507,
        0.08879466354846954,
        0.04442678764462471,
        -0.02748020365834236,
        0.07889755070209503,
        -0.015192259103059769,
        -0.020084574818611145,
        -0.002401940291747451,
        -0.0015365761937573552,
        0.03428717330098152,
        -0.014822633005678654,
        -0.0204661525785923,
        0.042415037751197815,
        -0.052209001034498215,
        0.03278890252113342,
        0.024786600843071938,
        0.01849331520497799,
        0.009771310724318027,
        -0.03992725908756256,
        0.029001830145716667,
        0.010615247301757336,
        0.008794106543064117,
        0.04888045787811279,
        -0.018050765618681908,
        -0.029598798602819443,
        -0.12042409926652908,
        0.027658211067318916,
        0.12808002531528473,
        -0.001707828021608293,
        0.0179288387298584,
        0.01789574883878231,
        -0.03474949300289154,
        -0.036299463361501694,
        -0.02258758433163166,
        0.061065640300512314,
        0.01235452201217413,
        0.030466916039586067,
        -0.0031444996129721403,
        0.04554954916238785,
        -0.0334773063659668,
        -0.00033514975802972913,
        -0.1267096847295761,
        -0.03112705610692501,
        -0.0751827284693718,
        -0.007292414549738169,
        0.06923601776361465,
        0.05816757306456566,
        0.018017243593931198,
        -0.038972094655036926,
        0.05095134675502777,
        -0.018363194540143013,
        0.060942549258470535,
        -0.0400850847363472,
        -0.0222002025693655,
        -0.03181041404604912,
        0.04254714772105217,
        0.014192699454724789,
        0.03455314040184021,
        -0.036397889256477356,
        -0.007360514719039202,
        0.04153723642230034,
        -0.023858850821852684,
        -0.08286342024803162,
        0.12732413411140442,
        0.02792167104780674,
        -0.006959380116313696,
        -0.008104097098112106,
        -0.005828642752021551,
        0.006350746378302574,
        -0.03587822988629341,
        0.0807061493396759,
        -0.01634334586560726,
        -0.07519299536943436,
        0.05637989193201065,
        0.09631869941949844,
        0.03864487633109093,
        -0.06472355127334595,
        0.03558811917901039,
        -0.006571611855179071,
        -0.003633074229583144,
        0.049485690891742706,
        -0.06500950455665588,
        -0.06940292567014694,
        0.052294112741947174,
        0.021167609840631485,
        -0.003546184627339244,
        0.007757728453725576,
        -0.05214298516511917,
        0.07052303850650787,
        0.08000662922859192,
        -0.00788485910743475,
        0.0338485948741436,
        -0.07686478644609451,
        0.009712916798889637,
        -0.02818840928375721,
        -0.006745428312569857,
        -0.045874398201704025,
        -0.0103647755458951,
        -0.04310685396194458,
        -0.015727512538433075,
        -0.020625967532396317,
        0.001106314710341394,
        -0.012660832144320011,
        0.020352685824036598,
        0.021851012483239174,
        -2.4375483917538077e-05,
        0.051379911601543427,
        0.0035675738472491503,
        0.08397968858480453,
        0.023554792627692223,
        -0.07161016017198563,
        0.03393435850739479,
        0.042887065559625626,
        -0.008734158240258694,
        -0.03678971901535988,
        0.025525443255901337,
        -0.0021773320622742176,
        0.020649688318371773,
        -0.011253247037529945,
        0.029762644320726395,
        0.024471791461110115,
        -0.10580461472272873,
        -0.07009977847337723,
        -0.2091357409954071,
        0.04541989043354988,
        -0.0024356981739401817,
        -0.05610473453998566,
        0.047557294368743896,
        -0.05878675356507301,
        -0.00529999565333128,
        -0.014217622578144073,
        0.0062528857961297035,
        0.05563902109861374,
        0.052281517535448074,
        -0.029845764860510826,
        -0.021871719509363174,
        -0.00468554487451911,
