{
    "index": 268,
    "page": 43,
    "text": "XVI. To desire things impossible is the part of a mad man. But it is a thing impossi-\nble, that wicked man should not commit some such things. Neither doth anything \nhappen to any man, which in the ordinary course of nature as natural unto him doth \nnot happen. Again, the same things happen unto others also. And truly, if either he \nthat is ignorant that such a thing hath happened unto him, or he that is ambitious \nto be commended for his magnanimity, can be patient, and is not grieved: is it not a \ngrievous thing, that either ignorance, or a vain desire to please and to be commend-\ned, should be more powerful and effectual than true prudence? As for the things \nthemselves, they touch not the soul, neither can they have any access unto it: nei-",
    "embedding_of_chunk": [
        -0.03730266913771629,
        0.018663419410586357,
        0.004161951597779989,
        -0.0175186637789011,
        -0.011352956295013428,
        -0.011841626837849617,
        0.10064370185136795,
        0.020959097892045975,
        -0.005093168467283249,
        -0.0292346253991127,
        0.006720611359924078,
        -0.08474444597959518,
        0.006479742471128702,
        0.008441805839538574,
        -0.022160353139042854,
        0.005614214576780796,
        -0.022352607920765877,
        0.03594755008816719,
        -0.09420780092477798,
        0.07886601239442825,
        0.09429855644702911,
        -0.051653701812028885,
        -0.03147846832871437,
        -0.08499652147293091,
        0.015899522230029106,
        0.0033771980088204145,
        -0.027484912425279617,
        -0.01038593240082264,
        -0.022435257211327553,
        -0.18849341571331024,
        0.005252939183264971,
        -0.05901751294732094,
        0.06518015265464783,
        -0.024478038772940636,
        0.026695257052779198,
        -0.025910045951604843,
        -0.06244013458490372,
        0.06264886260032654,
        -0.06197081506252289,
        0.05692761391401291,
        0.03601084649562836,
        0.04604510962963104,
        -0.06494658440351486,
        -0.05143968015909195,
        -0.025400307029485703,
        -0.043499886989593506,
        -0.012148484587669373,
        -0.009930787608027458,
        0.03337361663579941,
        -0.054011762142181396,
        -0.0329851359128952,
        -0.013699349947273731,
        0.034406665712594986,
        0.04356910660862923,
        0.02069525234401226,
        -0.00379039254039526,
        0.07929915934801102,
        0.02748224511742592,
        0.03008660487830639,
        0.003212289186194539,
        0.0270068421959877,
        0.005706052761524916,
        -0.20510233938694,
        0.07913437485694885,
        0.06691555678844452,
        0.006189142353832722,
        -0.024066127836704254,
        -0.026747940108180046,
        0.011924700811505318,
        0.07176651060581207,
        -0.009819653816521168,
        0.05090847983956337,
        -9.913953545037657e-05,
        0.042844682931900024,
        0.02354252152144909,
        -0.02992120571434498,
        -0.029373649507761,
        -0.05386540666222572,
        -0.02014400251209736,
        0.02616632543504238,
        -0.02422296069562435,
        0.01717417873442173,
        -0.023958252742886543,
        -0.026655683293938637,
        -0.07173342257738113,
        -0.0597405768930912,
        0.028729328885674477,
        -0.07310974597930908,
        0.029917476698756218,
        0.026286398991942406,
        -0.03278585150837898,
        -0.027712395414710045,
        -0.02092461846768856,
        0.012431449256837368,
        -0.04839538037776947,
        -0.0024290247820317745,
        0.037650927901268005,
        0.004033103585243225,
        -0.057344693690538406,
        0.2156941443681717,
        -0.025675365701317787,
        0.04073100537061691,
        0.03187859430909157,
        -0.012281331233680248,
        0.05658486485481262,
        -0.009973039850592613,
        0.019464189186692238,
        -0.06448369473218918,
        -0.015041609294712543,
        0.03016628324985504,
        0.042565882205963135,
        -0.04856446012854576,
        0.0331350676715374,
        -0.03597133234143257,
        0.021181968972086906,
        0.005497653968632221,
        0.036736078560352325,
        -0.006143252365291119,
        -0.042692575603723526,
        -0.01775064691901207,
        -0.03174189105629921,
        0.05014829710125923,
        0.0550554096698761,
        -0.020556990057229996,
        -0.012958808802068233,
        -0.12430832535028458,
        0.008424843661487103,
        0.1114068478345871,
        0.023033354431390762,
        -0.02962343767285347,
        0.016281671822071075,
        -0.0765160620212555,
        -0.014299732632935047,
        -0.01159633044153452,
        0.028219306841492653,
        0.02999827265739441,
        0.03353066369891167,
        -0.0022018372546881437,
        0.03804858401417732,
        -0.052073776721954346,
        -0.019648775458335876,
        -0.17044390738010406,
        -0.029371939599514008,
        -0.07867281138896942,
        -0.001919107511639595,
        0.06953778117895126,
        0.030321011319756508,
        0.020518284291028976,
        -0.010175351053476334,
        0.038104183971881866,
        -0.033904921263456345,
        0.008464459329843521,
        -0.04478312283754349,
        -0.04354226961731911,
        0.015400204807519913,
        0.015418289229273796,
        0.022178543731570244,
        0.06930370628833771,
        -0.05976923927664757,
        0.005947975441813469,
        0.015606492757797241,
        -0.02398175373673439,
        -0.04103996232151985,
        0.11249899864196777,
        0.03796450421214104,
        -0.02682349644601345,
        0.0015723096439614892,
        0.03130875900387764,
        -0.008820358663797379,
        0.0025147823616862297,
        0.05625360459089279,
        0.03725384548306465,
        -0.08453609049320221,
        0.04508662596344948,
        0.10090766847133636,
        0.01180361583828926,
        -0.01516907848417759,
        -0.014015122316777706,
        -0.017222510650753975,
        0.024948813021183014,
        0.010065097361803055,
        -0.057929035276174545,
        -0.016391420736908913,
        0.041809432208538055,
        0.016295038163661957,
        -0.03508608415722847,
        -0.001959478482604027,
        -0.04354681447148323,
        0.033730100840330124,
        0.05740571394562721,
        0.012624943628907204,
        0.06061852350831032,
        -0.05929936468601227,
        -0.0028851416427642107,
        -0.010904486291110516,
        -0.03381942957639694,
        -0.01684735342860222,
        -0.004387569613754749,
        -0.03234591335058212,
        -0.03636867180466652,
        -0.02346484735608101,
        -0.04238195717334747,
        -0.027556678280234337,
        0.021804137155413628,
        0.03609507158398628,
        0.0356098935008049,
        0.02560339868068695,
        -0.02011284977197647,
        0.02821877785027027,
        0.027796907350420952,
        -0.04972322657704353,
        0.007835311815142632,
        0.012453620322048664,
        0.03973555937409401,
        -0.03682812675833702,
        0.03149475157260895,
        -0.019133981317281723,
        0.02797544188797474,
        0.031251199543476105,
        0.014090963639318943,
        0.03468242660164833,
        -0.07983434945344925,
        -0.02764810062944889,
        -0.20945028960704803,
        0.024375203996896744,
        -0.006616878788918257,
        -0.04835755378007889,
        0.07158677279949188,
        -0.03816041350364685,
        0.04923110082745552,
        -0.028318200260400772,
        0.020829863846302032,
        0.06925173103809357,
        0.07244683057069778,
        -0.05448097363114357,
        -0.028670305386185646,
        0.06325649470090866,
        0.015346686355769634,
        0.038942404091358185,
