{
    "index": 476,
    "page": 74,
    "text": "XLIX. Not to be slack and negligent; or loose, and wanton in thy actions; nor conten-\ntious, and troublesome in thy conversation; nor to rove and wander in thy fancies \nand imaginations. Not basely to contract thy soul; nor boisterously to sally out with \nit, or furiously to launch out as it were, nor ever to want employment. \nEIGHTH BOOK",
    "embedding_of_chunk": [
        -0.04494625702500343,
        -0.018252277746796608,
        0.03489343449473381,
        -0.029549160972237587,
        -0.023941300809383392,
        0.04518052563071251,
        0.048615094274282455,
        0.026849908754229546,
        0.007225505542010069,
        -0.00890791043639183,
        -0.00044701097067445517,
        -0.05570895969867706,
        0.058825429528951645,
        0.030196895822882652,
        -0.03589656576514244,
        -0.03693094477057457,
        0.007948042824864388,
        0.04477228224277496,
        -0.09481360018253326,
        0.02459404245018959,
        0.05788658931851387,
        -0.045376505702733994,
        -0.012654180638492107,
        -0.03629281371831894,
        0.05037810280919075,
        0.071796715259552,
        -0.03943575918674469,
        -0.025748278945684433,
        -0.012203691527247429,
        -0.149496927857399,
        -0.01786591112613678,
        0.005176798440515995,
        0.0352955237030983,
        -0.0366809219121933,
        0.01683919131755829,
        0.0024383480194956064,
        -0.04663286730647087,
        0.029464857652783394,
        -0.016057953238487244,
        0.048329975455999374,
        0.03437031805515289,
        0.04878917336463928,
        0.01643533445894718,
        -0.05205948278307915,
        -0.024171967059373856,
        -0.06735297292470932,
        -0.041472408920526505,
        -0.022104114294052124,
        0.0012150936527177691,
        -0.03947709873318672,
        -0.0273624025285244,
        -0.01262007374316454,
        0.0200226828455925,
        0.012239239178597927,
        0.011243023909628391,
        0.045208923518657684,
        0.04566251486539841,
        0.01724845916032791,
        0.019371913745999336,
        0.04938740283250809,
        0.03925524652004242,
        0.005665104370564222,
        -0.19866254925727844,
        0.09326644986867905,
        0.06678400188684464,
        0.002159485360607505,
        -0.06126786023378372,
        -0.03506645932793617,
        -0.017588287591934204,
        0.07075092196464539,
        0.0023205706384032965,
        0.021729914471507072,
        0.015184400603175163,
        0.10862540453672409,
        0.05367046222090721,
        0.022166786715388298,
        0.01523872185498476,
        -0.03696583956480026,
        -0.008966593071818352,
        0.01046340074390173,
        -0.014223095960915089,
        -0.01700008474290371,
        -0.038062356412410736,
        0.018246710300445557,
        -0.06128693372011185,
        -0.057643502950668335,
        0.011826281435787678,
        -0.08098858594894409,
        0.03845782205462456,
        0.022977139800786972,
        -0.024492427706718445,
        0.004793040920048952,
        -0.00705359410494566,
        0.0008631605305708945,
        -0.06280239671468735,
        -0.06017330288887024,
        0.015188831835985184,
        0.0011446133721619844,
        -0.03685075044631958,
        0.23113830387592316,
        -0.07073421031236649,
        0.05498240888118744,
        0.029304100200533867,
        0.0015343243721872568,
        0.06875085830688477,
        -0.007083461619913578,
        -0.01491223182529211,
        -0.03955954313278198,
        -0.06196136772632599,
        -0.021043548360466957,
        0.03430098295211792,
        -0.024418016895651817,
        0.05554136261343956,
        -0.04266301169991493,
        0.06411711871623993,
        0.024939436465501785,
        0.049350857734680176,
        -0.017277110368013382,
        -0.020960906520485878,
        0.05587531626224518,
        -0.02779408171772957,
        0.04717783257365227,
        0.0292839165776968,
        0.006646820809692144,
        0.009416679851710796,
        -0.09490887075662613,
        0.052702780812978745,
        0.11269794404506683,
        0.03292216360569,
        -0.015385329723358154,
        0.030339373275637627,
        -0.01950007677078247,
        -0.03614035248756409,
        -0.026276051998138428,
        0.03569973632693291,
        0.023989824578166008,
        0.002752381144091487,
        0.022208034992218018,
        0.05504980683326721,
        -0.009536607190966606,
        -0.006811327300965786,
        -0.10057920217514038,
        -0.03733411803841591,
        -0.09226670861244202,
        -0.019390100613236427,
        0.04488697275519371,
        0.0022288511972874403,
        0.01297050341963768,
        -0.037517089396715164,
        0.046766143292188644,
        -0.04980716481804848,
        0.019016537815332413,
        -0.039266783744096756,
        -0.009342262521386147,
        0.0341518297791481,
        0.01263961661607027,
        0.05032801628112793,
        0.08546450734138489,
        -0.05408560112118721,
        0.023995188996195793,
        0.0180969201028347,
        -0.039428528398275375,
        -0.07281598448753357,
        0.10553091764450073,
        -0.03607245162129402,
        -0.05638609454035759,
        -0.013370869681239128,
        0.041656311601400375,
        -0.03865719214081764,
        -0.023713188245892525,
        0.045692745596170425,
        0.0025924043729901314,
        -0.08100288361310959,
        0.06897952407598495,
        0.06308618932962418,
        -0.0008744183578528464,
        -0.048892438411712646,
        -0.01686839759349823,
        0.02439209073781967,
        0.005959433037787676,
        0.04113878309726715,
        -0.050176847726106644,
        -0.026075445115566254,
        0.03327065706253052,
        0.012172303162515163,
        0.011125527322292328,
        -0.029625166207551956,
        -0.020452572032809258,
        0.05781063809990883,
        0.06161811202764511,
        -0.0200690608471632,
        0.04709014296531677,
        -0.03710872307419777,
        0.0023601858410984278,
        -0.023587239906191826,
        -9.726757525641005e-06,
        -0.03145727887749672,
        -0.007245476823300123,
        -0.020934278145432472,
        -0.04240505024790764,
        0.06228720769286156,
        0.006598578300327063,
        -0.014387538656592369,
        0.06003019958734512,
        0.04788682982325554,
        -0.00039943860610947013,
        -0.0007551360758952796,
        -0.021544737741351128,
        0.0753929540514946,
        0.03381383419036865,
        -0.047081343829631805,
        0.01579604484140873,
        0.04343688488006592,
        0.001570519874803722,
        -0.029118644073605537,
        0.054195500910282135,
        0.04527425020933151,
        0.03402239829301834,
        0.012715793214738369,
        0.020648762583732605,
        0.010507590137422085,
        -0.07998377829790115,
        -0.0726718008518219,
        -0.2381938099861145,
        0.024399500340223312,
        -0.006067059002816677,
        -0.0497252382338047,
        0.05255657434463501,
        -0.022446777671575546,
        0.0014920653775334358,
        -0.009340806864202023,
        -0.005266654305160046,
        0.08947595953941345,
        0.044334329664707184,
        -0.04588162899017334,
        -0.022274933755397797,
        0.00945842545479536,
        -0.042002931237220764,
        0.06468429416418076,
        -0.010028510354459286,
        -0.007863358594477177,
        -0.04301987588405609,
        -0.02018612250685692,
        8.643639739602804e-05,
        0.01833249442279339,
        -0.06940211355686188,
        -0.07478085905313492,
        0.002826706040650606,
        0.014558523893356323,
        0.20441892743110657,
        0.05897749587893486,
        0.022480789572000504,
