{
    "index": 698,
    "page": 109,
    "text": "XXVI. What is the present estate of my understanding? For herein lieth all indeed. As \nfor all other things, they are without the compass of mine own will: and if without the \ncompass of my will, then are they as dead things unto me, and as it were mere \nsmoke.",
    "embedding_of_chunk": [
        -0.049335286021232605,
        -0.00905348639935255,
        0.045747850090265274,
        -0.04677332565188408,
        0.03427695482969284,
        -0.011043538339436054,
        0.09355860203504562,
        0.02269412763416767,
        -0.00026391184655949473,
        -0.028788600116968155,
        -0.0016325180185958743,
        -0.07029157876968384,
        0.017625663429498672,
        0.01139001827687025,
        0.0015821984270587564,
        -0.01754162460565567,
        -0.013596334494650364,
        0.025035440921783447,
        -0.09317442774772644,
        0.046343039721250534,
        0.045339323580265045,
        -0.03240891546010971,
        -0.036710552871227264,
        -0.038684453815221786,
        0.03570543974637985,
        0.06343942880630493,
        -0.030122658237814903,
        -0.030591845512390137,
        -0.0029481109231710434,
        -0.17472857236862183,
        -0.0055726058781147,
        -0.08370169252157211,
        0.018347322940826416,
        -0.025695212185382843,
        -0.0026941082905977964,
        -0.0485549159348011,
        -0.026409320533275604,
        0.06351026147603989,
        -0.012757258489727974,
        0.047527700662612915,
        0.047918010503053665,
        0.017709895968437195,
        0.023479590192437172,
        -0.042320359498262405,
        -0.052256230264902115,
        -0.028673997148871422,
        -0.007506855763494968,
        -0.02545120380818844,
        0.03275731950998306,
        -0.0013297208352014422,
        -0.008160949684679508,
        -0.030233372002840042,
        -0.011441400274634361,
        0.027333101257681847,
        0.0029086151625961065,
        0.042210452258586884,
        0.043692026287317276,
        -0.01821022666990757,
        0.04323194548487663,
        0.008268794044852257,
        0.058292463421821594,
        0.0034972387365996838,
        -0.20466800034046173,
        0.08756954222917557,
        0.06994044035673141,
        0.0366753526031971,
        -0.018151218071579933,
        -0.04264622926712036,
        0.04085132107138634,
        0.036979082971811295,
        -0.0018986047944054008,
        0.018270069733262062,
        0.023502614349126816,
        0.03708795830607414,
        0.014506855048239231,
        -0.05064919590950012,
        0.02077500708401203,
        -0.03722711652517319,
        -0.027371102944016457,
        -0.00752462400123477,
        -0.06445982307195663,
        0.030041716992855072,
        -0.043248001486063004,
        -0.01133634988218546,
        -0.0679548904299736,
        -0.03972670063376427,
        0.03103221394121647,
        -0.05272660404443741,
        0.051183756440877914,
        0.027178822085261345,
        -0.027222588658332825,
        -0.06022831052541733,
        -0.03350960463285446,
        0.011441429145634174,
        -0.029839258641004562,
        -0.04360179230570793,
        0.05166889354586601,
        0.029320525005459785,
        -0.02265770547091961,
        0.20303887128829956,
        -0.0719984695315361,
        0.026136312633752823,
        0.0506775863468647,
        -0.022543422877788544,
        0.04510302096605301,
        0.011060211807489395,
        -0.03543888404965401,
        -0.0524173267185688,
        0.02328626997768879,
        0.011277354322373867,
        -0.02304711379110813,
        0.02461525984108448,
        0.021920373663306236,
        -0.03578388690948486,
        0.006070572417229414,
        -0.0038321325555443764,
        0.062326282262802124,
        0.04543479159474373,
        -0.010819749906659126,
        -0.013333816081285477,
        -0.013888240791857243,
        0.022677108645439148,
        0.06646382063627243,
        -0.009931140579283237,
        0.010797626338899136,
        -0.1230325773358345,
        0.005469938274472952,
        0.10297595709562302,
        -0.002808703575283289,
        0.02639196440577507,
        0.024558130651712418,
        -0.0316333994269371,
        -0.029152819886803627,
        -0.046623408794403076,
        0.0008853336330503225,
        0.037219926714897156,
        0.02600911818444729,
        -0.026564041152596474,
        0.027388494461774826,
        -0.04563958942890167,
        -0.04015076905488968,
        -0.10504266619682312,
        -0.018933242186903954,
        -0.04819495230913162,
        -0.015017157420516014,
        0.012280016206204891,
        -0.0007717136759310961,
        0.022983483970165253,
        -0.032581716775894165,
        0.056787148118019104,
        -0.03798016160726547,
        0.0489574633538723,
        -0.033827248960733414,
        -0.047919947654008865,
        -0.020004356279969215,
        0.02678564190864563,
        -0.02230537310242653,
        0.009693851694464684,
        -0.008032074198126793,
        0.006303871050477028,
        0.01998262107372284,
        -0.03729827329516411,
        -0.05940171703696251,
        0.1788894534111023,
        -0.028112195432186127,
        -0.04978051409125328,
        -0.03995279595255852,
        0.022550612688064575,
        0.023149531334638596,
        -0.04178539291024208,
        0.05509162321686745,
        0.01941325142979622,
        -0.0358525887131691,
        0.011903834529221058,
        0.1269153207540512,
        0.03153420239686966,
        -0.022649675607681274,
        0.013193967752158642,
        -0.04820502921938896,
        0.014318419620394707,
        0.0017067616572603583,
        -0.033100903034210205,
        0.006658685393631458,
        0.08396468311548233,
        -0.00151489966083318,
        -0.004237016662955284,
        -0.011225730180740356,
        -0.06008340045809746,
        0.03658802807331085,
        0.016968028619885445,
        0.006216353736817837,
        0.05071122199296951,
        -0.053609609603881836,
        -0.0066231959499418736,
        -0.02465749904513359,
        0.043651118874549866,
        -0.01380832027643919,
        0.014779431745409966,
        0.028844403102993965,
        -0.024404767900705338,
        0.016102436929941177,
        -0.014288388192653656,
        -0.03329680114984512,
        0.02465948648750782,
        -0.006356971804052591,
        0.049100834876298904,
        0.029026450589299202,
        0.02210664004087448,
        0.05517623946070671,
        -0.0027457689866423607,
        -0.0715741440653801,
        -0.009087832644581795,
        0.04724990949034691,
        -0.049957916140556335,
        -0.024460477754473686,
        0.012071515433490276,
        -0.010441997088491917,
        0.004244095645844936,
        -0.023053936660289764,
        0.03506153076887131,
        0.003958819434046745,
        -0.10997574031352997,
        -0.045070234686136246,
        -0.258037269115448,
        0.019740935415029526,
        0.01158275455236435,
        -0.032285839319229126,
        0.019599763676524162,
        -0.032884884625673294,
        -0.002372759860008955,
        0.04452374577522278,
        0.006557594984769821,
        0.035107746720314026,
        0.033622369170188904,
        -0.06333349645137787,
        -0.005509733688086271,
        0.0308276005089283,
        0.004514939617365599,
        0.06100839748978615,
        0.011195761151611805,
        0.025139179080724716,
        -0.06775597482919693,
        0.03853647783398628,
        -0.03981718793511391,
        0.008362931199371815,
        -0.06301651149988174,
        -0.09001700580120087,
        0.04755348339676857,
        0.008431398309767246,
        0.20516787469387054,
        0.08274852484464645,
        0.02613852545619011,
        -0.0706547275185585,
        0.05774884298443794,
