{
    "index": 660,
    "page": 103,
    "text": "XXXI. “Of the free will there is no thief or robber”: out of Epictetus; Whose is this al-\nso: that we should find a certain art and method of assenting; and that we should \nalways observe with great care and heed the inclinations of our minds, that they may \nalways be with their due restraint and reservation, always charitable, and according \nto the true worth of every present object. And as for earnest longing, that we should \naltogether avoid it: and to use averseness in those things only, that wholly depend of \nour own wills. It is not about ordinary petty matters, believe it, that all our strife and \ncontention is, but whether, with the vulgar, we should be mad, or by the help of phi-\nlosophy wise and sober, said he.",
    "embedding_of_chunk": [
        -0.026155594736337662,
        -0.004723940044641495,
        0.03519142046570778,
        -0.014667387120425701,
        0.006608733907341957,
        -0.001410875585861504,
        0.09306105226278305,
        0.042241938412189484,
        0.02319500781595707,
        -0.023065948858857155,
        0.0028956790920346975,
        -0.0657501295208931,
        0.032343506813049316,
        0.0394824855029583,
        -0.003020433010533452,
        -0.006813954561948776,
        0.031095270067453384,
        0.04411008581519127,
        -0.04356315732002258,
        0.05556312948465347,
        0.07904468476772308,
        -0.05184685438871384,
        0.002714186906814575,
        -0.08399104326963425,
        0.015389496460556984,
        0.019575128331780434,
        -0.027418559417128563,
        -0.0602157898247242,
        -0.01430234033614397,
        -0.1403229981660843,
        -0.01094105001538992,
        -0.0682470053434372,
        0.014575149863958359,
        -0.02847244404256344,
        -0.020348038524389267,
        -0.010950573720037937,
        -0.04800935834646225,
        0.04230126738548279,
        -0.03549341857433319,
        0.07283992320299149,
        0.027842000126838684,
        0.04316679388284683,
        -0.03180163726210594,
        -0.0520356111228466,
        -0.05048266053199768,
        -0.062092412263154984,
        -0.0060513936914503574,
        -0.03993267938494682,
        0.02989240363240242,
        0.010215173475444317,
        -0.013978135772049427,
        0.004591574426740408,
        0.006792709697037935,
        0.034416843205690384,
        0.012143339961767197,
        0.04774410277605057,
        0.045094314962625504,
        0.004983988124877214,
        0.019282372668385506,
        0.029167678207159042,
        0.05534754693508148,
        0.03798758611083031,
        -0.22016757726669312,
        0.07523615658283234,
        0.0468829944729805,
        0.030577069148421288,
        -0.029212307184934616,
        -0.020061733201146126,
        0.051761988550424576,
        0.05376254394650459,
        0.016086788848042488,
        0.007398767396807671,
        0.046172402799129486,
        0.06247147172689438,
        0.05540502071380615,
        -0.0009548860834911466,
        0.00016163624241016805,
        -0.042065542191267014,
        -0.04613271728157997,
        -0.01297784224152565,
        -0.014820641838014126,
        0.015985829755663872,
        -0.006075085606426001,
        0.02304190583527088,
        -0.07143430411815643,
        -0.04049774631857872,
        0.005792140495032072,
        -0.058102674782276154,
        0.07744856923818588,
        0.025511594489216805,
        -0.03239094465970993,
        -0.009486126713454723,
        -0.04683413729071617,
        -0.011379287578165531,
        -0.03016539290547371,
        0.014132415875792503,
        0.0071698399260640144,
        0.012129639275372028,
        -0.09800148755311966,
        0.22702012956142426,
        -0.0010913882870227098,
        0.05735958367586136,
        0.010246056132018566,
        -0.027219118550419807,
        0.0640631914138794,
        -0.034477729350328445,
        -0.029226617887616158,
        -0.05186501145362854,
        -0.030609237030148506,
        -0.03946388140320778,
        0.03663907200098038,
        -0.03856236860156059,
        0.0967901349067688,
        -0.08350419253110886,
        0.049090638756752014,
        -0.010678096674382687,
        0.04627334699034691,
        -0.013517675921320915,
        0.0006690859445370734,
        0.011434687301516533,
        -0.030002834275364876,
        0.001913663581945002,
        0.038508281111717224,
        -0.0066974228248000145,
        -0.01805155538022518,
        -0.11226195096969604,
        0.027351535856723785,
        0.10211428254842758,
        0.012440760619938374,
        -0.016412798315286636,
        -0.012604907155036926,
        -0.044422250241041183,
        -0.01554002333432436,
        -0.019265400245785713,
        0.010271442122757435,
        0.024303434416651726,
        0.035073667764663696,
        -0.023505577817559242,
        0.04325611889362335,
        -0.06494389474391937,
        -0.00783418770879507,
        -0.10188528150320053,
        -0.023465152829885483,
        -0.09412231296300888,
        0.012223190627992153,
        0.029950806871056557,
        0.03059004805982113,
        0.024935998022556305,
        0.030782923102378845,
        0.024105815216898918,
        -0.019440660253167152,
        0.009915878996253014,
        -0.03424752131104469,
        -0.04271635413169861,
        0.014252785593271255,
        0.04186450317502022,
        0.024297278374433517,
        0.05918220430612564,
        -0.06171359121799469,
        0.04000318422913551,
        0.015755511820316315,
        -0.02927270531654358,
        -0.0447356291115284,
        0.1266491711139679,
        -0.009448260068893433,
        -0.017325231805443764,
        -0.0323062427341938,
        -0.030333086848258972,
        -0.011371725238859653,
        0.006217929534614086,
        0.021186361089348793,
        -0.016157465055584908,
        -0.09504622220993042,
        0.02509613335132599,
        0.07895734906196594,
        0.029631026089191437,
        -0.05426095426082611,
        -0.023464858531951904,
        -0.02544190175831318,
        0.021748177707195282,
        0.03194420784711838,
        -0.053356848657131195,
        -0.06273455172777176,
        0.046987708657979965,
        0.01759105920791626,
        -0.05213962495326996,
        0.013581459410488605,
        -0.06252454221248627,
        0.029304826632142067,
        0.04906667023897171,
        0.014578742906451225,
        0.06949450075626373,
        -0.0739355981349945,
        -0.022429706528782845,
        -0.019919589161872864,
        -0.05986632779240608,
        -0.044419825077056885,
        -0.0006598170730285347,
        -0.04417412728071213,
        -0.008244488388299942,
        -0.030578020960092545,
        0.005629087332636118,
        -0.06698078662157059,
        0.002619237406179309,
        0.02563338167965412,
        0.01048137154430151,
        0.06563937664031982,
        -0.02991499751806259,
        0.0042865038849413395,
        0.027274753898382187,
        -0.04453755170106888,
        0.05341966822743416,
        0.05722387880086899,
        0.018579058349132538,
        -0.0204523503780365,
        0.056914228945970535,
        0.0248757004737854,
        0.017998959869146347,
        0.01424681767821312,
        0.004947293549776077,
        0.02600577287375927,
        -0.0692928284406662,
        -0.06225645914673805,
        -0.23018568754196167,
        -0.0015132278203964233,
        -0.04669611155986786,
        -0.02599935419857502,
        0.05177551880478859,
        -0.032561689615249634,
        0.038093797862529755,
        -0.041980989277362823,
        0.021386094391345978,
        0.05335007235407829,
        0.05114085599780083,
        -0.026800306513905525,
        -0.016154956072568893,
        0.05794587731361389,
        -0.006246112287044525,
        0.07577414810657501,
