{
    "index": 555,
    "page": 87,
    "text": "particular natures; how absurd and ridiculous is it, first to say that all parts of the \nwhole are, by their proper natural constitution, subject to alteration; and then when \nany such thing doth happen, as when one doth fall sick and dieth, to take on and \nwonder as though some strange thing had happened? Though this besides might \nmove not so grievously to take on when any such thing doth happen, that whatsoev-\ner is dissolved, it is dissolved into those things, whereof it was compounded. For eve-\nry dissolution is either a mere dispersion, of the elements into those elements again \nwhereof everything did consist, or a change, of that which is more solid into earth; \nand of that which is pure and subtile or spiritual, into air. So that by this means",
    "embedding_of_chunk": [
        -0.0025776394177228212,
        -0.014919580891728401,
        0.04367994889616966,
        -0.018156079575419426,
        0.011002554558217525,
        -0.026210695505142212,
        0.06386023759841919,
        0.02193681336939335,
        -0.01293275784701109,
        -0.015395070426166058,
        0.015296228229999542,
        -0.060514792799949646,
        0.036207105964422226,
        0.03070334903895855,
        -0.01200097519904375,
        0.025570256635546684,
        -0.014197702519595623,
        -0.013241995126008987,
        -0.07324949651956558,
        0.038745809346437454,
        0.035142410546541214,
        -0.0026655460242182016,
        -0.01762297935783863,
        -0.04645990952849388,
        0.0436626635491848,
        0.04149568825960159,
        -0.03688652068376541,
        -0.03301629424095154,
        -0.022773295640945435,
        -0.19795101881027222,
        0.01066355686634779,
        -0.001069538644514978,
        0.03967932239174843,
        -0.02161262370646,
        -0.007560162339359522,
        0.011524640023708344,
        -0.026997597888112068,
        0.015403177589178085,
        -0.033333346247673035,
        0.056611303240060806,
        0.056504495441913605,
        0.020484551787376404,
        -0.019616667181253433,
        -0.07026568055152893,
        -0.0407470166683197,
        -0.03968924283981323,
        -0.0018957157153636217,
        0.01474232878535986,
        0.05562907084822655,
        0.006923283915966749,
        -0.022932328283786774,
        -0.022459907457232475,
        0.016881439834833145,
        0.06346150487661362,
        0.027227934449911118,
        0.04124680906534195,
        0.04969622939825058,
        0.024550212547183037,
        0.043081771582365036,
        0.03521876409649849,
        0.03240223228931427,
        0.037494316697120667,
        -0.19213682413101196,
        0.10854940116405487,
        0.0833495631814003,
        -0.006913716904819012,
        -0.02645222097635269,
        -0.05841429904103279,
        0.07284475862979889,
        0.017167335376143456,
        -0.037926170974969864,
        0.04264891892671585,
        0.01843969151377678,
        0.022699454799294472,
        -0.01808157004415989,
        -0.023022325709462166,
        -0.001945009920746088,
        -0.050206393003463745,
        -0.030005715787410736,
        0.024203892797231674,
        0.000620028527919203,
        0.008769393898546696,
        -0.02760281227529049,
        -0.018350597470998764,
        -0.05156619846820831,
        -0.03095962107181549,
        0.009585180319845676,
        -0.06930935382843018,
        0.05455075576901436,
        0.040702611207962036,
        -0.05220182612538338,
        -0.023844541981816292,
        -0.011368938721716404,
        0.026745805516839027,
        -0.009396512061357498,
        0.0010024706134572625,
        0.011276552453637123,
        0.009715355932712555,
        0.03217381611466408,
        0.21218347549438477,
        -0.06496275216341019,
        0.025284189730882645,
        0.029982931911945343,
        -0.050763312727212906,
        0.03944825008511543,
        -0.02237892523407936,
        -0.031142346560955048,
        -0.05300178378820419,
        -0.0008752323919907212,
        -0.009589804336428642,
        0.02251746505498886,
        -0.026697926223278046,
        0.029635924845933914,
        -0.061903584748506546,
        0.017312994226813316,
        -0.001310867490246892,
        0.0179069135338068,
        0.0107011329382658,
        -0.06914276629686356,
        0.002039943356066942,
        0.0010442384518682957,
        0.02689317800104618,
        0.036146380007267,
        0.0081919115036726,
        0.01746956631541252,
        -0.05978386476635933,
        0.036109354346990585,
        0.07224538177251816,
        -0.02073419839143753,
        -0.00037023413460701704,
        0.05044140666723251,
        -0.050528544932603836,
        -0.045405253767967224,
        -0.016458867117762566,
        0.006442516576498747,
        0.018655426800251007,
        0.008076603524386883,
        -0.028830403462052345,
        0.020566368475556374,
        -0.0019191360333934426,
        -0.06266121566295624,
        -0.13052399456501007,
        -0.034461550414562225,
        -0.10125193744897842,
        -0.022240949794650078,
        0.07938210666179657,
        0.005833226256072521,
        0.01932275854051113,
        0.009357374161481857,
        0.0370679572224617,
        -0.02721993252635002,
        0.03608148172497749,
        -0.05087677389383316,
        -0.031694959849119186,
        0.021354975178837776,
        0.012029583565890789,
        0.03651614114642143,
        0.03633347526192665,
        -0.06114933267235756,
        0.026274561882019043,
        -0.014646928757429123,
        -0.03982636332511902,
        -0.027444150298833847,
        0.1621631532907486,
        0.04089087247848511,
        0.005447061732411385,
        -0.041246455162763596,
        0.024248570203781128,
        0.05647110566496849,
        0.007024835329502821,
        0.009022335521876812,
        0.026362746953964233,
        -0.03892093896865845,
        0.0071219890378415585,
        0.07650788873434067,
        0.028720660135149956,
        -0.0037692899350076914,
        -0.016480788588523865,
        0.012772736139595509,
        0.01313809584826231,
        0.07963430136442184,
        -0.02130342461168766,
        -0.04664594680070877,
        0.07716288417577744,
        0.04065322503447533,
        -0.07414565980434418,
        -0.023295480757951736,
        -0.011414972133934498,
        0.0044448887929320335,
        0.04151074215769768,
        -0.01876218244433403,
        0.02334272302687168,
        -0.04071199521422386,
        -0.015619593672454357,
        -0.017881516367197037,
        -0.007756573148071766,
        -0.0438186377286911,
        -0.02473270520567894,
        -0.020990386605262756,
        -0.014336981810629368,
        0.002860295120626688,
        0.013896085321903229,
        -0.053411729633808136,
        0.014612934552133083,
        0.025765053927898407,
        0.042607713490724564,
        0.00548577168956399,
        -0.0032112409826368093,
        -0.001059455331414938,
        0.04746487736701965,
        0.0016048055840656161,
        0.03475237637758255,
        0.01843993365764618,
        -0.0038682727608829737,
        -0.006755698937922716,
        0.038211971521377563,
        0.010714825242757797,
        -0.009067794308066368,
        0.015353666618466377,
        0.03858345001935959,
        0.057960737496614456,
        -0.1362444907426834,
        -0.04151848331093788,
        -0.247694730758667,
        0.001945110154338181,
        0.00038638757541775703,
        -0.08538821339607239,
        0.09388833492994308,
        -0.008527356199920177,
        0.02568303979933262,
        -0.024094173684716225,
        0.054461702704429626,
        0.025217130780220032,
        0.06115986779332161,
        0.007024562451988459,
        -0.019318465143442154,
        -0.007171614561229944,
        0.005673761013895273,
