{
    "index": 112,
    "page": 19,
    "text": "THE SECOND BOOK \n\nR \n\nEMEMBER HOW LONG thou hast already put off these things, and how often a \ncertain day and hour as it were, having been set unto thee by the gods, thou \nhast neglected it. It is high time for thee to understand the true nature both \n\nof the world, whereof thou art a part; and of that Lord and Governor of the world, \nfrom whom, as a channel from the spring, thou thyself didst flow: and that there is \nbut a certain limit of time appointed unto thee, which if thou shalt not make use of \nto calm and allay the many distempers of thy soul, it will pass away and thou with it, \nand never after return.",
    "embedding_of_chunk": [
        -0.03669290244579315,
        0.025939326733350754,
        0.04441807419061661,
        -0.029920728877186775,
        0.013693995773792267,
        -0.004288113676011562,
        0.03819611668586731,
        0.011942701414227486,
        0.05915059894323349,
        -0.0036536110565066338,
        -0.0248298067599535,
        -0.04804331064224243,
        0.02775629423558712,
        0.036996979266405106,
        0.018261743709445,
        0.002051049144938588,
        -0.013949344865977764,
        0.029963338747620583,
        -0.07980819046497345,
        0.03226455673575401,
        0.0769258365035057,
        -0.010969305410981178,
        -0.027873186394572258,
        -0.06500185281038284,
        0.010114552453160286,
        0.03911196067929268,
        -0.05279889702796936,
        -0.01641237922012806,
        -0.02471335418522358,
        -0.1921594887971878,
        0.005033548455685377,
        -0.0352717824280262,
        0.008420629426836967,
        -0.008563902229070663,
        -0.039074234664440155,
        -0.02289174310863018,
        -0.020281076431274414,
        0.020505882799625397,
        -0.0411195233464241,
        0.05341020226478577,
        0.016716284677386284,
        0.03945444896817207,
        -0.02578791230916977,
        -0.03077804483473301,
        -0.03089427761733532,
        -0.0386161208152771,
        -0.041243888437747955,
        -0.042337119579315186,
        0.027563467621803284,
        -0.04750273376703262,
        -0.008692829869687557,
        0.012401933781802654,
        0.058545760810375214,
        0.045182742178440094,
        0.06475114822387695,
        0.028956066817045212,
        0.03992244973778725,
        0.022830286994576454,
        0.039128612726926804,
        0.021937377750873566,
        0.02303483709692955,
        -0.00036922379513271153,
        -0.25682514905929565,
        0.0734076052904129,
        0.04324135184288025,
        0.024078447371721268,
        -0.015911096706986427,
        -0.026254048570990562,
        0.03080558590590954,
        0.05196572095155716,
        -0.05244768410921097,
        0.03510696813464165,
        0.05619259923696518,
        0.06902644038200378,
        0.026509074494242668,
        -0.015613972209393978,
        0.012136993929743767,
        -0.06476794183254242,
        0.016883837059140205,
        0.011486710980534554,
        0.00022595521295443177,
        0.00946872029453516,
        0.00721758371219039,
        0.0010791397653520107,
        -0.037088342010974884,
        -0.016519255936145782,
        0.003913666121661663,
        -0.05561717227101326,
        0.028331216424703598,
        0.030828585848212242,
        -0.005238116253167391,
        -0.03806065022945404,
        0.008955544792115688,
        0.005013733636587858,
        -0.066795215010643,
        0.01181063149124384,
        0.021341275423765182,
        0.010302363894879818,
        -0.019366467371582985,
        0.18186156451702118,
        -0.038080111145973206,
        0.01765940897166729,
        -0.008078168146312237,
        0.006023182068020105,
        0.05568389967083931,
        -0.03366783261299133,
        -0.03318678215146065,
        -0.0434371754527092,
        -0.0050894152373075485,
        0.032975684851408005,
        0.012672046199440956,
        -0.02162761054933071,
        0.06628041714429855,
        -0.06300368905067444,
        0.05803905799984932,
        0.04060559719800949,
        0.04199008271098137,
        0.015447322279214859,
        -0.06323710829019547,
        0.018836060538887978,
        -0.001347700715996325,
        0.03278489038348198,
        0.07870578020811081,
        -0.008029688149690628,
        0.03083834983408451,
        -0.0915788784623146,
        0.09623926877975464,
        0.09066489338874817,
        -0.003815195756033063,
        0.004751830827444792,
        0.021477987989783287,
        -0.027188559994101524,
        -0.05239427089691162,
        -0.029561851173639297,
        0.0243136677891016,
        0.033987659960985184,
        0.033663950860500336,
        -0.023305369541049004,
        0.03434140235185623,
        -0.08878466486930847,
        -0.014464089646935463,
        -0.1388266384601593,
        -0.04220735654234886,
        -0.10172555595636368,
        0.007103273645043373,
        0.086716428399086,
        0.024230405688285828,
        0.0422498919069767,
        -0.02264435775578022,
        -0.005308227613568306,
        -0.04746804013848305,
        0.02688467688858509,
        -0.04093169793486595,
        -0.03606146574020386,
        0.02059067413210869,
        0.04373697191476822,
        0.0486534908413887,
        0.08129807561635971,
        -0.01018396858125925,
        -0.029446981847286224,
        0.0003799710830207914,
        -0.005595065653324127,
        -0.08382246643304825,
        0.09175895154476166,
        -0.008416786789894104,
        -0.034965630620718,
        -0.0044466652907431126,
        0.005367637611925602,
        0.004400735720992088,
        0.01564336009323597,
        0.033181726932525635,
        0.010273966006934643,
        -0.025951197370886803,
        0.041241634637117386,
        0.11232905089855194,
        0.020369909703731537,
        -0.046244606375694275,
        -0.010591057129204273,
        0.02590174414217472,
        0.044670864939689636,
        0.0384337492287159,
        -0.051977403461933136,
        -0.04472369700670242,
        0.06926295161247253,
        0.01090477779507637,
        -0.055775877088308334,
        -0.0003952479164581746,
        -0.03002118319272995,
        -0.0017244138289242983,
        0.09480510652065277,
        -0.0036519146524369717,
        0.01686219871044159,
        -0.025531861931085587,
        0.008358924649655819,
        -0.01702716201543808,
        -0.04251674562692642,
        -0.01055647898465395,
        0.023942526429891586,
        -0.03935658559203148,
        -0.008951529860496521,
        0.020145006477832794,
        -0.018895376473665237,
        -0.010476326569914818,
        0.03160861134529114,
        0.015192096121609211,
        0.011540019884705544,
        -0.0030678585171699524,
        -0.01576984114944935,
        0.028211213648319244,
        0.01791931875050068,
        -8.384117973037064e-05,
        0.00040791239007376134,
        0.023885708302259445,
        -0.05722762271761894,
        0.010071810334920883,
        0.04104623571038246,
        0.027205316349864006,
        0.0006188729894347489,
        0.02657109871506691,
        0.06983494758605957,
        0.030654573813080788,
        -0.09944680333137512,
        -0.047173626720905304,
        -0.22898760437965393,
        0.006376326084136963,
        -0.009371060878038406,
        -0.06276154518127441,
        0.06600194424390793,
        -0.050293806940317154,
        -0.01251409575343132,
        -0.02841763198375702,
        0.040078211575746536,
        0.018677745014429092,
        0.04728700593113899,
        -0.04010823369026184,
        -0.04487914219498634,
        0.017871927469968796,
        -0.041612278670072556,
        0.07572916895151138,
        0.011099840514361858,
        0.046223051846027374,
        -0.06276896595954895,
        -0.0012075499398633838,
