{
    "index": 748,
    "page": 117,
    "text": "We like Marcus none the worse for this spice of mischief. \n\n                                            \n80 Fronto’s wife. \n\n81 Fronto’s daughter. \n\n82 Ad M. Cæs ii. 12. \nAPPENDIX \n\n83 describes a visit to a country town, and shows the antiquarian spirit \n\nAnother letter\n\nof the writer: \n\n“M. CÆSAR to his Master M. FRONTO, greeting.",
    "embedding_of_chunk": [
        -0.0191351268440485,
        0.03576386347413063,
        0.01959468238055706,
        -0.029767252504825592,
        -0.0015176795423030853,
        -0.020036419853568077,
        0.07815007865428925,
        0.014661298133432865,
        -0.00907735712826252,
        -0.04752543941140175,
        0.0011214085388928652,
        -0.049605004489421844,
        0.030065661296248436,
        0.010991913266479969,
        0.01954318955540657,
        -0.004400718491524458,
        -0.014795897528529167,
        0.03953070193529129,
        -0.03590086102485657,
        -0.00962487980723381,
        0.0402047261595726,
        -0.0297993216663599,
        -0.017936009913682938,
        -0.06212954223155975,
        0.05941096320748329,
        0.011824216693639755,
        -0.006678515113890171,
        0.008790098130702972,
        -0.06075570359826088,
        -0.15716220438480377,
        0.004692207556217909,
        -0.02387690357863903,
        0.058284539729356766,
        -0.008889704011380672,
        -0.016775306314229965,
        -0.04826267436146736,
        0.02693483978509903,
        0.04822968691587448,
        -0.04543495178222656,
        0.02217547781765461,
        0.08221115916967392,
        0.005107582546770573,
        0.010321741923689842,
        -0.024736065417528152,
        -0.054855432361364365,
        -0.01028562244027853,
        0.010424008592963219,
        -0.012542614713311195,
        0.0657440647482872,
        -0.035112518817186356,
        -0.012105802074074745,
        -0.04043348878622055,
        -0.0016673353966325521,
        0.01665486954152584,
        0.017008939757943153,
        -0.016580041497945786,
        0.06328867375850677,
        0.029321391135454178,
        0.018394166603684425,
        0.04990850016474724,
        0.016128966584801674,
        0.05495963618159294,
        -0.24410375952720642,
        0.052663885056972504,
        0.05172906443476677,
        -0.011508720926940441,
        -0.06931917369365692,
        -0.007569601759314537,
        -0.0018073903629556298,
        0.07699063420295715,
        -0.04756982997059822,
        0.04823281243443489,
        0.01240712683647871,
        0.05793029069900513,
        -0.010195262730121613,
        0.006491547916084528,
        -0.022243112325668335,
        -0.0627388134598732,
        0.010751713067293167,
        0.0050041815266013145,
        -0.022967340424656868,
        0.002165372483432293,
        -0.006767826154828072,
        -0.006586862727999687,
        -0.02340209297835827,
        -0.04620860144495964,
        0.030122671276330948,
        -0.0421227365732193,
        0.048866525292396545,
        -0.007400230970233679,
        0.025182541459798813,
        -0.05290858447551727,
        -0.01597428508102894,
        0.0047127180732786655,
        -0.038031160831451416,
        -0.018929794430732727,
        0.025265328586101532,
        0.005571440327912569,
        -0.04353540390729904,
        0.20308850705623627,
        -0.04887135326862335,
        0.06950412690639496,
        0.05616995319724083,
        -0.0365438386797905,
        0.034194137901067734,
        -0.020122773945331573,
        0.018332425504922867,
        -0.07241170853376389,
        -0.009749841876327991,
        -0.01601962000131607,
        -0.024111434817314148,
        -0.04588085040450096,
        0.02772187814116478,
        -0.050607118755578995,
        0.02150685340166092,
        -0.03413904085755348,
        0.08543887734413147,
        -0.017798732966184616,
        -0.04384603723883629,
        -0.030871201306581497,
        -0.018988976255059242,
        0.009241710416972637,
        0.02025740034878254,
        0.04691338911652565,
        0.046695269644260406,
        -0.11593974381685257,
        0.053357817232608795,
        0.09187474846839905,
        0.006005745846778154,
        0.03509306535124779,
        0.03479762002825737,
        -0.029328538104891777,
        -0.021912187337875366,
        -0.017291303724050522,
        0.03274917975068092,
        0.008777111768722534,
        -0.025302261114120483,
        -0.0010919212363660336,
        0.024972204118967056,
        -0.05327058583498001,
        -0.02222113311290741,
        -0.1630132645368576,
        -0.049421247094869614,
        -0.04843038320541382,
        -0.019781606271862984,
        0.07409847527742386,
        0.028531458228826523,
        0.03499332070350647,
        -0.03579610958695412,
        0.06385780870914459,
        0.014386716298758984,
        0.019916493445634842,
        -0.04453541338443756,
        7.748330244794488e-05,
        0.012864521704614162,
        0.03993505612015724,
        0.018398050218820572,
        0.07741016149520874,
        -0.06236125901341438,
        0.021842852234840393,
        0.0041904873214662075,
        -0.051897820085287094,
        -0.0316690057516098,
        0.07538163661956787,
        0.027770400047302246,
        -0.07667871564626694,
        -0.004831825848668814,
        0.049834974110126495,
        -0.0016682876739650965,
        -0.039133038371801376,
        0.06693395227193832,
        0.04646824672818184,
        -0.07204875349998474,
        0.03298079967498779,
        0.10380294173955917,
        0.011256983503699303,
        -0.014562365598976612,
        -0.060652293264865875,
        -0.0039770230650901794,
        0.01327159907668829,
        0.04077093303203583,
        0.003249984933063388,
        -0.05243885889649391,
        0.030906548723578453,
        0.0460503026843071,
        -0.04462577775120735,
        -0.006552297621965408,
        -0.033374786376953125,
        0.0594945102930069,
        0.0718269944190979,
        0.014548455365002155,
        0.07237161695957184,
        -0.0369044691324234,
        -0.02406894974410534,
        -0.04613557457923889,
        -0.0310989860445261,
        -0.013719279319047928,
        0.02584686502814293,
        0.02147587202489376,
        -0.007004735991358757,
        -0.007786366157233715,
        0.006658872589468956,
        -0.04761078581213951,
        0.01948435604572296,
        0.05196746066212654,
        0.033031582832336426,
        0.0086313271895051,
        -0.029575766995549202,
        -0.017046764492988586,
        0.04016875848174095,
        -0.044195689260959625,
        0.009210815653204918,
        0.05002744123339653,
        -0.013001483865082264,
        -0.025739051401615143,
        0.04237646982073784,
        -0.023086268454790115,
        0.08232538402080536,
        0.02663000114262104,
        0.025584416463971138,
        0.020631639286875725,
        -0.045536015182733536,
        -0.09482058137655258,
        -0.24380826950073242,
        0.008333389647305012,
        0.008826116099953651,
        -0.06894706189632416,
        0.043151676654815674,
        -0.020877758041024208,
        0.035597965121269226,
        -0.019951799884438515,
        0.06695199012756348,
        0.06417595595121384,
        0.040042586624622345,
        -0.04243022948503494,
        -0.041638441383838654,
        0.05529365688562393,
        -0.023088624700903893,
        0.06556369364261627,
        0.04498950392007828,
        0.041511133313179016,
        0.007258279714733362,
        0.024985726922750473,
        0.022622257471084595,
        0.006356520112603903,
        -0.03755979984998703,
        -0.08728991448879242,
        0.03518316149711609,
        -0.016225144267082214,
        0.16427503526210785,
        0.11452383548021317,
        -0.04728275537490845,
