{
    "index": 422,
    "page": 67,
    "text": "THE EIGHTH BOOK \n\nT \n\nHIS ALSO, among other things, may serve to keep thee from vainglory; if thou \nshalt consider, that thou art now altogether incapable of the commendation of \none, who all his life long, or from his youth at least, hath lived a philosopher’s",
    "embedding_of_chunk": [
        -0.028028013184666634,
        -0.00318114529363811,
        0.004876465070992708,
        -0.010907161049544811,
        -0.06863715499639511,
        0.020800964906811714,
        0.08186483383178711,
        0.020131869241595268,
        0.013351970352232456,
        -0.025555914267897606,
        -0.04427885264158249,
        -0.06106491759419441,
        0.01870044134557247,
        0.02859404869377613,
        0.027827691286802292,
        0.0029639338608831167,
        0.027778584510087967,
        0.08557670563459396,
        -0.05313780903816223,
        -0.00020993530051782727,
        0.05821569636464119,
        -0.028205206617712975,
        -0.011069006286561489,
        -0.05769144371151924,
        0.04326682537794113,
        0.06333912163972855,
        -0.019522111862897873,
        -0.05665154755115509,
        -0.008199991658329964,
        -0.155831441283226,
        0.023958712816238403,
        -0.02586265094578266,
        0.043897707015275955,
        -0.023564526811242104,
        -0.0063644228503108025,
        -0.00047874587471596897,
        -0.037223223596811295,
        0.0325518436729908,
        -0.04793693870306015,
        0.08646383136510849,
        0.0399271696805954,
        0.04189130291342735,
        -0.04508669674396515,
        -0.03300100192427635,
        -0.010471443645656109,
        -0.005371300503611565,
        -0.028721684589982033,
        -0.046827688813209534,
        0.023423338308930397,
        -0.03342876210808754,
        -0.028202174231410027,
        0.008912038058042526,
        0.0224299319088459,
        0.04348483681678772,
        -0.0013124104589223862,
        0.018069887533783913,
        0.028215335682034492,
        0.015711573883891106,
        0.02703036367893219,
        0.0176527202129364,
        0.0346335805952549,
        0.027577374130487442,
        -0.2557606101036072,
        0.07807908207178116,
        0.05022916570305824,
        0.006425606552511454,
        -0.024277089163661003,
        -0.029304135590791702,
        0.0041459547355771065,
        0.05651845410466194,
        -0.03506702184677124,
        0.01543365977704525,
        0.03277910500764847,
        0.05241509899497032,
        0.027208460494875908,
        0.048063475638628006,
        0.025689443573355675,
        -0.031125176697969437,
        -0.010472197085618973,
        0.03612270951271057,
        -0.024635853245854378,
        0.012429541908204556,
        -0.021492382511496544,
        -0.00413232296705246,
        -0.040445610880851746,
        -0.0631086453795433,
        0.011904671788215637,
        -0.07399562746286392,
        0.019633889198303223,
        0.03375483304262161,
        -0.024782387539744377,
        -0.025567766278982162,
        0.02721272222697735,
        0.037171050906181335,
        -0.05210763216018677,
        -0.042173922061920166,
        0.012419027276337147,
        -0.04124228656291962,
        -0.04382522404193878,
        0.23579123616218567,
        -0.034655146300792694,
        0.03272124379873276,
        0.05506306141614914,
        -0.0017934908391907811,
        0.04774901643395424,
        -0.023279527202248573,
        -0.05319827422499657,
        -0.06660153716802597,
        -0.02386746183037758,
        0.03786681964993477,
        -0.019502444192767143,
        -0.004167242906987667,
        0.032466091215610504,
        -0.06333350390195847,
        0.06730694323778152,
        0.021523715928196907,
        0.0560285858809948,
        -0.0049644154496490955,
        -0.059694234281778336,
        0.011008179746568203,
        -0.015110130421817303,
        0.04002159833908081,
        0.09758421033620834,
        -0.006208296399563551,
        0.017309686169028282,
        -0.08089175820350647,
        0.05750215798616409,
        0.10763846337795258,
        0.022410374134778976,
        0.009543785825371742,
        -0.007806276902556419,
        -0.058484937995672226,
        -0.028205562382936478,
        -0.039965495467185974,
        -0.02083175629377365,
        0.014314176514744759,
        0.03186687454581261,
        -0.0012428801273927093,
        0.061087559908628464,
        -0.03964976221323013,
        -0.012570774182677269,
        -0.14464251697063446,
        -0.03428317606449127,
        -0.05626687407493591,
        -0.04014426842331886,
        0.060104213654994965,
        0.0213887058198452,
        0.020292365923523903,
        0.0027381747495383024,
        0.002976192394271493,
        -0.013890526257455349,
        0.03083471767604351,
        -0.0500115305185318,
        0.004523723851889372,
        -0.012103273533284664,
        0.017260316759347916,
        0.039231076836586,
        0.09810490161180496,
        -0.055399611592292786,
        0.0158090703189373,
        -0.036176376044750214,
        -0.016453322023153305,
        -0.04548678919672966,
        0.12806428968906403,
        -0.024834558367729187,
        -0.02449219673871994,
        -0.003494538366794586,
        0.02950139157474041,
        0.005236154887825251,
        0.0007013382855802774,
        0.0755368024110794,
        0.010937928222119808,
        -0.04557101055979729,
        0.09021035581827164,
        0.09390681982040405,
        0.019372761249542236,
        -0.03923771157860756,
        0.00803942047059536,
        0.014094882644712925,
        -0.01077814120799303,
        0.027726588770747185,
        -0.041680630296468735,
        -0.06604031473398209,
        0.05281025916337967,
        0.00545389112085104,
        -0.026870980858802795,
        -0.032677970826625824,
        -0.07462295889854431,
        0.04568503797054291,
        0.05948386341333389,
        0.007267436478286982,
        0.07656508684158325,
        -0.035020649433135986,
        -0.03292793780565262,
        0.013054147362709045,
        0.015125894919037819,
        -0.05566908046603203,
        -0.016186611726880074,
        -0.016274455934762955,
        -0.03205264359712601,
        -0.008634738624095917,
        -0.020800303667783737,
        -0.05002622678875923,
        0.04760754480957985,
        0.045323051512241364,
        -0.006338619161397219,
        0.0007870188564993441,
        -0.029382552951574326,
        0.07526358962059021,
        0.011822483502328396,
        -0.03948033228516579,
        -0.006116483360528946,
        0.01824776828289032,
        0.009128999896347523,
        -0.024010879918932915,
        0.011219562962651253,
        0.017848672345280647,
        0.03338823840022087,
        0.016608070582151413,
        0.0027127761859446764,
        0.029809746891260147,
        -0.11522791534662247,
        -0.06214220076799393,
        -0.22759220004081726,
        0.004705708008259535,
        -0.014215381816029549,
        -0.060627397149801254,
        0.07106192409992218,
        -0.07554985582828522,
        -0.012038837186992168,
        -0.017481636255979538,
        0.023818233981728554,
        -0.0033064887393265963,
        0.034720808267593384,
        -0.04586806148290634,
        -0.03277519717812538,
        0.026445012539625168,
        -0.02864319458603859,
        0.03893135115504265,
        0.015125692822039127,
        0.02957327663898468,
        -0.03700786828994751,
        0.00047938586794771254,
        0.00816933810710907,
        0.0988789051771164,
        -0.039540212601423264,
        -0.07111937552690506,
        0.0023605593014508486,
        -0.010699804872274399,
        0.20007473230361938,
        0.05680646002292633,
        -0.017346598207950592,
        -0.05100091174244881,
        0.03328081592917442,
