{
    "index": 284,
    "page": 45,
    "text": "XXVI. Why should imprudent unlearned souls trouble that which is both learned, \nand prudent? And which is that that is so? she that understandeth the beginning \nand the end, and hath the true knowledge of that rational essence, that passeth \nthrough all things subsisting, and through all ages being ever the same, disposing \nand dispensing as it were this universe by certain periods of time.",
    "embedding_of_chunk": [
        -0.04842096194624901,
        -0.013613501563668251,
        0.02258158288896084,
        -0.015895679593086243,
        -0.010571321472525597,
        -0.002579142339527607,
        0.05059831216931343,
        0.03489013388752937,
        -0.0076842838898301125,
        -0.03032292053103447,
        0.01195726078003645,
        -0.13907451927661896,
        0.010234077461063862,
        0.06118664890527725,
        0.03364770486950874,
        0.02754010446369648,
        -0.009479953907430172,
        0.052993033081293106,
        -0.08536957949399948,
        0.029996316879987717,
        0.06127335503697395,
        -0.03680833801627159,
        -0.015542129054665565,
        -0.05428551137447357,
        0.01998567022383213,
        0.04542392119765282,
        -0.034977130591869354,
        -0.057143714278936386,
        -0.007078144699335098,
        -0.15843448042869568,
        0.019526222720742226,
        -0.010152948088943958,
        0.026776302605867386,
        -0.008231383748352528,
        -0.0040007284842431545,
        -0.019923744723200798,
        -0.022574016824364662,
        0.03801649436354637,
        -0.04828660562634468,
        0.03564488887786865,
        0.05937692150473595,
        0.060413822531700134,
        -0.012947103008627892,
        -0.023196909576654434,
        -0.08385717123746872,
        -0.054731585085392,
        -0.011980383656919003,
        -0.03157280758023262,
        0.012330867350101471,
        -0.07962203770875931,
        -0.026315560564398766,
        0.011935923248529434,
        -0.004285185597836971,
        0.022888043895363808,
        -0.029058028012514114,
        0.007804484106600285,
        0.06685565412044525,
        0.046521808952093124,
        0.04979420453310013,
        0.0742863267660141,
        0.030695272609591484,
        0.040722575038671494,
        -0.20365123450756073,
        0.0993347242474556,
        0.044664349406957626,
        -0.0001680489513091743,
        -0.035463977605104446,
        -0.04681723937392235,
        0.01637360453605652,
        0.05977277457714081,
        -0.032837945967912674,
        0.03408699110150337,
        0.026891961693763733,
        0.05957935377955437,
        0.00995501410216093,
        0.0017808211268857121,
        0.017102189362049103,
        -0.08355657756328583,
        -0.005533395800739527,
        0.03618979454040527,
        0.0376729816198349,
        0.010105615481734276,
        0.006591846235096455,
        -0.01310914009809494,
        -0.05291629582643509,
        -0.05975393205881119,
        -0.012950084172189236,
        -0.062109824270009995,
        0.04343246668577194,
        -0.005860893987119198,
        -0.03383949398994446,
        -0.01171485148370266,
        -0.04513287544250488,
        0.03475482389330864,
        -0.005825796164572239,
        -0.048958633095026016,
        0.06491764634847641,
        0.020213594660162926,
        -0.05489129573106766,
        0.17665047943592072,
        -0.04206709563732147,
        0.03391243889927864,
        0.04010322690010071,
        -0.013078643940389156,
        0.04740987718105316,
        0.018996454775333405,
        -0.024480877444148064,
        -0.03718234971165657,
        -0.03221350535750389,
        -0.06927523761987686,
        0.0026357569731771946,
        -0.04238531365990639,
        0.04328542202711105,
        -0.06341803818941116,
        0.03416837751865387,
        0.013623607344925404,
        0.0212026946246624,
        0.017125342041254044,
        -0.05107622966170311,
        -0.02741643227636814,
        -0.02224895916879177,
        0.015236612409353256,
        0.07627703994512558,
        -0.020469410344958305,
        0.014238433912396431,
        -0.10487018525600433,
        0.034657400101423264,
        0.1198473572731018,
        -0.030508125200867653,
        0.0016646640142425895,
        0.016024138778448105,
        -0.03597044572234154,
        -0.015015105716884136,
        0.0010145892156288028,
        0.00649848161265254,
        0.051781658083200455,
        0.013589492067694664,
        0.0008439562516286969,
        0.012951897457242012,
        -0.038897354155778885,
        -0.03360941633582115,
        -0.11673407256603241,
        -0.013763419352471828,
        -0.07048944383859634,
        -0.05563262477517128,
        0.07943453639745712,
        -0.018894098699092865,
        0.07155833393335342,
        0.01945444755256176,
        0.040390800684690475,
        -0.0017152014188468456,
        0.014713997952640057,
        -0.0577746219933033,
        -0.03399321436882019,
        0.02706420049071312,
        0.04960570111870766,
        0.046747732907533646,
        0.03012421913444996,
        -0.058826521039009094,
        -0.02420814521610737,
        0.03605055436491966,
        -0.03635114058852196,
        -0.06318803131580353,
        0.13991443812847137,
        0.04303569346666336,
        0.0011776883620768785,
        0.0266194436699152,
        0.012944390997290611,
        0.010611973702907562,
        -0.024487454444169998,
        0.04136990010738373,
        -0.01291706133633852,
        -0.06593825668096542,
        0.027939483523368835,
        0.10550062358379364,
        0.04816248640418053,
        0.002624909160658717,
        0.006109859794378281,
        0.016986379399895668,
        0.030992334708571434,
        0.03201323747634888,
        -0.014256748370826244,
        -0.04296364635229111,
        0.05682336539030075,
        0.020897436887025833,
        -0.050662264227867126,
        0.004995659459382296,
        -0.05727082118391991,
        0.019532829523086548,
        0.012680687010288239,
        0.019093334674835205,
        0.031395215541124344,
        -0.06517773121595383,
        0.0004706899344455451,
        -0.036728765815496445,
        0.0034024470951408148,
        -0.013643572106957436,
        0.02296224609017372,
        -0.03983553126454353,
        -0.0228167362511158,
        -0.03243081271648407,
        0.014292302541434765,
        -0.026580655947327614,
        0.03608046844601631,
        -0.0020682739559561014,
        0.03540471941232681,
        0.05399298667907715,
        -0.021249253302812576,
        0.04516114667057991,
        0.03202604874968529,
        -0.018214482814073563,
        0.01788019947707653,
        0.001170937903225422,
        -0.014682481996715069,
        -0.024859469383955002,
        0.03956982120871544,
        0.031062506139278412,
        -0.005622174125164747,
        0.043000686913728714,
        0.059854794293642044,
        0.0398809015750885,
        -0.0924057811498642,
        -0.07780364900827408,
        -0.23118679225444794,
        0.04822128638625145,
        -0.027574807405471802,
        -0.04077079892158508,
        0.06603402644395828,
        -0.023164616897702217,
        0.009120273403823376,
        -0.00885422807186842,
        0.016314595937728882,
        0.02473399043083191,
        0.06517919898033142,
        -0.008691497147083282,
        -0.028169631958007812,
        0.003361808368936181,
        0.0032415473833680153,
        0.036603622138500214,
        0.03449928015470505,
        0.028936350718140602,
        -0.055695634335279465,
        0.015496724285185337,
        -0.059910912066698074,
        0.037625979632139206,
        -0.021474113687872887,
        -0.0995507463812828,
        0.001246544998139143,
        0.007173500489443541,
        0.18550118803977966,
        0.052548833191394806,
