{
    "index": 152,
    "page": 24,
    "text": "for those that happen unto him, he believes them to be so. For that lot and portion \nwhich is assigned to every one, as it is unavoidable and necessary, so is it always \nprofitable. He remembers besides that whatsoever partakes of reason, is akin unto \nhim, and that to care for all men generally, is agreeing to the nature of a man: but as \nfor honour and praise, that they ought not generally to be admitted and accepted of \nTHIRD BOOK",
    "embedding_of_chunk": [
        -0.020011737942695618,
        0.010589251294732094,
        0.0042803725227713585,
        -0.03682916238903999,
        0.022377025336027145,
        0.0013170473976060748,
        0.11926975846290588,
        0.02209184132516384,
        -0.011193216778337955,
        -0.0089270556345582,
        -0.018416142091155052,
        -0.07387270778417587,
        0.024602171033620834,
        0.044992443174123764,
        0.018757538869976997,
        0.011569691821932793,
        -0.026498740538954735,
        0.032036785036325455,
        -0.10101542621850967,
        0.02325218915939331,
        0.04432670399546623,
        -0.006892947480082512,
        -0.027090515941381454,
        -0.045728202909231186,
        0.023471873253583908,
        0.02050285041332245,
        -0.045605357736349106,
        0.0018161986954510212,
        0.004535459913313389,
        -0.16634111106395721,
        -0.0006893875543028116,
        -0.05776096135377884,
        0.06875760108232498,
        -0.01125319954007864,
        0.00832569319754839,
        -0.0488746352493763,
        -0.05264970287680626,
        0.023422224447131157,
        -0.03538328409194946,
        0.05346016585826874,
        0.046303294599056244,
        0.02158369868993759,
        -0.039218511432409286,
        -0.0342220664024353,
        -0.04978157579898834,
        -0.04401986673474312,
        -0.009864479303359985,
        -0.03627434000372887,
        0.03471379354596138,
        -0.03559769317507744,
        0.016032269224524498,
        -0.005960279144346714,
        0.04635285213589668,
        0.02269594371318817,
        0.007800155784934759,
        0.01835240237414837,
        0.04141690582036972,
        0.024929294362664223,
        -0.022244812920689583,
        -0.018118830397725105,
        0.04220106452703476,
        0.051968224346637726,
        -0.22472578287124634,
        0.06231363117694855,
        0.056169819086790085,
        0.018332701176404953,
        -0.029821377247571945,
        -0.025189001113176346,
        -0.018796775490045547,
        0.06849480420351028,
        -0.019183972850441933,
        0.03663672134280205,
        0.07092598080635071,
        0.049860160797834396,
        0.037518180906772614,
        -0.009571228176355362,
        0.0043451059609651566,
        -0.05201854556798935,
        -0.05933541804552078,
        0.015585917979478836,
        -0.003733796766027808,
        0.023930363357067108,
        -0.019307639449834824,
        0.00956658460199833,
        -0.05721476674079895,
        -0.05286606401205063,
        0.03289702162146568,
        -0.061334382742643356,
        0.018759341910481453,
        0.010947493836283684,
        -0.0026860497891902924,
        -0.005636249668896198,
        -0.02075820416212082,
        0.02292655222117901,
        -0.03323565423488617,
        -0.017100278288125992,
        0.04046805202960968,
        0.013097463175654411,
        -0.06629940867424011,
        0.1940002143383026,
        -0.019021350890398026,
        0.02390173450112343,
        0.014033496379852295,
        -0.021456953138113022,
        0.06588249653577805,
        -0.0035148353781551123,
        -0.038115303963422775,
        -0.05993712693452835,
        -0.01194827351719141,
        0.022290624678134918,
        -0.01218989584594965,
        -0.007037714123725891,
        0.04613880440592766,
        -0.08620855212211609,
        0.02445368655025959,
        0.04900755360722542,
        0.060746822506189346,
        0.001115784514695406,
        -0.0565970316529274,
        -0.04213378205895424,
        -0.025180000811815262,
        0.05720927566289902,
        0.025862060487270355,
        -0.01770622842013836,
        -0.012577722780406475,
        -0.1055108904838562,
        0.05300522968173027,
        0.09707358479499817,
        0.04196523129940033,
        -0.011562449857592583,
        0.009929453022778034,
        -0.03817824274301529,
        -0.08605749905109406,
        -0.006642225198447704,
        0.0006364263244904578,
        0.009088356047868729,
        0.02670097164809704,
        -0.029179465025663376,
        0.04692716896533966,
        0.009661359712481499,
        -0.014687173068523407,
        -0.1094503179192543,
        -0.06648970395326614,
        -0.08371318131685257,
        -0.011093748733401299,
        0.0919967070221901,
        0.01049452368170023,
        0.03232893720269203,
        -0.012593750841915607,
        0.018053699284791946,
        -0.011315811425447464,
        0.0625089704990387,
        -0.06363393366336823,
        -0.02138097956776619,
        0.0025761378929018974,
        0.032340142875909805,
        0.03899873048067093,
        0.03174665942788124,
        -0.029269617050886154,
        0.008396484889090061,
        -0.007303223013877869,
        -0.014173903502523899,
        -0.07647004723548889,
        0.13217276334762573,
        -0.005658718291670084,
        -0.03804592043161392,
        0.0007875582086853683,
        -0.0021176119334995747,
        -0.006687299348413944,
        -0.00878602173179388,
        0.015171884559094906,
        0.02266651950776577,
        -0.08334890753030777,
        0.05088543891906738,
        0.0770154669880867,
        0.03922008350491524,
        -0.04480926692485809,
        -3.837374606519006e-05,
        0.002079734345898032,
        0.01639835350215435,
        0.04118702933192253,
        -0.051810864359140396,
        -0.06958744674921036,
        0.039905846118927,
        0.031661804765462875,
        -0.03867493197321892,
        -0.0068838889710605145,
        -0.020348507910966873,
        0.017336606979370117,
        0.09406217932701111,
        0.023056143894791603,
        0.0972466841340065,
        -0.03156505152583122,
        -0.019486742094159126,
        -0.007887392304837704,
        -0.009916163980960846,
        -0.06557127833366394,
        -0.027347568422555923,
        -0.03116704523563385,
        0.00482191052287817,
        -0.049646712839603424,
        -0.010756980627775192,
        -0.009927659295499325,
        -0.014815670438110828,
        0.03433644026517868,
        0.04346579685807228,
        -0.023974301293492317,
        0.0034644880797713995,
        0.0333944596350193,
        0.02434120886027813,
        -0.036667969077825546,
        0.026486916467547417,
        0.00712076760828495,
        0.0018218636978417635,
        -0.03768496960401535,
        0.035308837890625,
        0.031587857753038406,
        0.02364608459174633,
        0.026847107335925102,
        0.027630183845758438,
        0.03163042291998863,
        -0.06913486123085022,
        -0.04074420779943466,
        -0.20976735651493073,
        0.0014762362698093057,
        -0.016162408515810966,
        -0.010981734842061996,
        0.08554103970527649,
        -0.04538164287805557,
        0.0270574651658535,
        -0.009241790510714054,
        0.018348734825849533,
        0.04164920374751091,
        0.04641944169998169,
        -0.047224365174770355,
        -0.013005186803638935,
        0.026861069723963737,
        0.0013542270753532648,
        0.03102818690240383,
        -0.043814174830913544,
        -0.028036918491125107,
        -0.04089580476284027,
        0.03334015607833862,
        -0.04901884123682976,
        0.1255742758512497,
        -0.021638473495841026,
        -0.06162811070680618,
        0.01218345109373331,
        0.00898409727960825,
