{
    "index": 456,
    "page": 71,
    "text": "XXXI. Receive temporal blessings without ostentation, when they are sent and thou \nshalt be able to part with them with all readiness and facility when they are taken \nfrom thee again.",
    "embedding_of_chunk": [
        -0.050764601677656174,
        0.03461794555187225,
        0.03118191286921501,
        -0.048022039234638214,
        0.02931463159620762,
        -0.0029896667692810297,
        0.05722127482295036,
        0.015596998855471611,
        0.0032997005619108677,
        -0.031177155673503876,
        0.022400490939617157,
        -0.07329807430505753,
        0.05865896865725517,
        0.01733483374118805,
        0.008916330523788929,
        0.017451291903853416,
        0.002336122328415513,
        0.017840368673205376,
        -0.09028158336877823,
        0.0028730144258588552,
        0.03287182003259659,
        -0.03885335847735405,
        -0.023251131176948547,
        -0.03821223974227905,
        0.07131826877593994,
        0.018181808292865753,
        -0.020989039912819862,
        -0.05037404224276543,
        0.0004597173829097301,
        -0.12301814556121826,
        -0.0048157223500311375,
        -0.02683982253074646,
        -0.025772089138627052,
        -0.015703054144978523,
        -0.03745998814702034,
        -0.020969897508621216,
        4.2398463847348467e-05,
        0.0413987822830677,
        -0.024057278409600258,
        0.08185771107673645,
        0.0798075869679451,
        0.05043403431773186,
        -0.017024431377649307,
        -0.02888737991452217,
        -0.03565128147602081,
        -0.09587228298187256,
        -0.01929469220340252,
        -0.07680900394916534,
        0.03744097799062729,
        -0.026668842881917953,
        0.023955481126904488,
        0.010998641140758991,
        0.05330284684896469,
        0.0676247775554657,
        0.021560348570346832,
        0.059723109006881714,
        0.060282230377197266,
        0.008485611528158188,
        0.03277335315942764,
        -0.004804463591426611,
        0.02073902264237404,
        0.06612543761730194,
        -0.21712152659893036,
        0.05535099655389786,
        0.05820273980498314,
        -0.0034654741175472736,
        -0.022021692246198654,
        -0.03556862100958824,
        -0.0013806920032948256,
        0.03439293056726456,
        -0.035029780119657516,
        0.019469784572720528,
        -0.0007528854184783995,
        0.04804592207074165,
        0.028503039851784706,
        -0.028044480830430984,
        0.0337553396821022,
        -0.055635739117860794,
        -0.004958321340382099,
        0.015454926528036594,
        -0.020952647551894188,
        -0.016804208979010582,
        -0.0026565436273813248,
        -0.020690657198429108,
        -0.03462003916501999,
        -0.0554417185485363,
        -0.005875349510461092,
        -0.09635097533464432,
        0.03338880464434624,
        0.026396246626973152,
        -0.04011186584830284,
        -0.006433450151234865,
        -0.0432966873049736,
        -0.0030611050315201283,
        -0.029565250501036644,
        -0.03966701775789261,
        0.050610046833753586,
        0.0029794012662023306,
        -0.08535867184400558,
        0.24362291395664215,
        -0.03457781672477722,
        0.06962058693170547,
        0.0222582146525383,
        -0.027224674820899963,
        0.05700866878032684,
        -0.02961336262524128,
        -0.04229528456926346,
        -0.07616163045167923,
        -0.02581615000963211,
        -0.005433549638837576,
        -0.035645268857479095,
        -0.017798028886318207,
        0.06609779596328735,
        -0.05867384001612663,
        -0.0013809441588819027,
        0.02382889948785305,
        0.01674993894994259,
        0.03414550796151161,
        0.007611500099301338,
        -0.017096977680921555,
        -0.023447686806321144,
        0.011956947855651379,
        0.039373382925987244,
        -0.025519410148262978,
        -0.031015735119581223,
        -0.07348287850618362,
        0.05305996164679527,
        0.06212954968214035,
        -0.01071468647569418,
        0.025319945067167282,
        0.03584672138094902,
        -0.051873840391635895,
        -0.03620268031954765,
        -0.02999265491962433,
        0.02247411571443081,
        0.05076078698039055,
        0.0027001805137842894,
        -0.031125320121645927,
        -0.009786449372768402,
        -0.06870037317276001,
        0.001333624473772943,
        -0.10884712636470795,
        0.0018169631948694587,
        -0.1335878223180771,
        -0.019893702119588852,
        0.09149207919836044,
        0.008601615205407143,
        0.06278156489133835,
        -0.030330702662467957,
        0.00638573756441474,
        -0.03524773567914963,
        0.04460016265511513,
        -0.029855627566576004,
        -0.02610136568546295,
        0.0017693224363029003,
        0.08684935420751572,
        0.024564333260059357,
        0.05307479202747345,
        -0.03754246607422829,
        0.02281966060400009,
        0.040790364146232605,
        -0.07658565789461136,
        -0.048320554196834564,
        0.11470047384500504,
        0.03361612185835838,
        -0.06447920203208923,
        0.004265066236257553,
        0.0452369749546051,
        0.03870241343975067,
        -0.02884175069630146,
        0.026912342756986618,
        -0.022210652008652687,
        -0.020893899723887444,
        -0.014616363681852818,
        0.12682946026325226,
        0.005048099905252457,
        0.011229145340621471,
        0.019067054614424706,
        -0.01700230874121189,
        0.017077449709177017,
        0.003111889585852623,
        -0.06223459541797638,
        -0.05215732753276825,
        0.05324003845453262,
        0.018906593322753906,
        -0.006545597687363625,
        -0.04016447812318802,
        -0.047188080847263336,
        0.038236334919929504,
        0.009751261211931705,
        0.0029140892438590527,
        0.01592419669032097,
        -0.048384763300418854,
        -0.024417433887720108,
        -0.0005808022688142955,
        -0.010933317244052887,
        -0.06473693251609802,
        -0.0010530324652791023,
        0.015736201778054237,
        -0.03046526573598385,
        0.024241231381893158,
        -0.00794785562902689,
        -0.0012579623144119978,
        0.012759847566485405,
        0.05151434987783432,
        0.012331866659224033,
        0.031106755137443542,
        -0.024456502869725227,
        0.057918962091207504,
        0.04513493925333023,
        -0.04668568819761276,
        0.04235462471842766,
        0.08085313439369202,
        -0.04401596635580063,
        -0.029759662225842476,
        0.058856796473264694,
        0.03844388946890831,
        0.011489770375192165,
        0.04659534618258476,
        0.019342796877026558,
        0.06330712139606476,
        -0.07728327065706253,
        -0.046969424933195114,
        -0.21879813075065613,
        0.03285655379295349,
        -0.0158914215862751,
        -0.04702598229050636,
        0.025404296815395355,
        -0.04211260750889778,
        0.015719477087259293,
        -0.045366983860731125,
        0.034676868468523026,
        0.02978827990591526,
        0.0863201916217804,
        -0.03994927182793617,
        -0.015859350562095642,
        0.021142147481441498,
        -0.014157888479530811,
        0.03751176595687866,
        0.0154290571808815,
        0.014141426421701908,
        -0.011084740981459618,
        -0.007331413216888905,
        0.012380730360746384,
        0.07271787524223328,
        -0.05196448042988777,
        -0.06272406131029129,
        0.022584039717912674,
        -0.014996220357716084,
        0.1870444118976593,
        0.046369340270757675,
        0.03237970173358917,
        -0.055057093501091,
        0.014068079181015491,
        0.047880224883556366,
        -0.004267981741577387,
        -0.14211127161979675,
