{
    "index": 732,
    "page": 114,
    "text": "68 [Ibid.] v. 27. \n\n69 [Ibid.] v. 22. \n\n70 Ep. Gracae, 6. \n\n71 Ad Anton. Imp., 1I. 4. \nAPPENDIX \n\n72 \n\nSome idea of his literary style may he gathered from the letter which follows:\n\n“I heard Polemo declaim the other day, to say something of things sublunary. If \nyou ask what I thought of him, listen. He seems to me an industrious farmer, \nendowed with the greatest skill, who has cultivated a large estate for corn and \nvines only, and indeed with a rich return of fine crops. But yet in that land of \nhis there is no Pompeian fig or Arician vegetable, no Tarentine rose, or pleasing \ncoppice, or thick grove, or shady plane tree; all is for use rather than for pleas-\nure, such as one ought rather to commend, but cares not to love.",
    "embedding_of_chunk": [
        -0.023842209950089455,
        0.02954217977821827,
        0.052574142813682556,
        -0.0533023327589035,
        -0.018321899697184563,
        0.0022706459276378155,
        0.07618933171033859,
        0.04279181733727455,
        -0.020087337121367455,
        -0.01738891378045082,
        0.004830845165997744,
        -0.0827770009636879,
        0.03296449035406113,
        0.0009309434681199491,
        0.010472060181200504,
        -0.026458146050572395,
        0.04357709363102913,
        0.06149875745177269,
        -0.040100909769535065,
        0.011022629216313362,
        0.1142585501074791,
        0.00024043877783697098,
        -0.008669822476804256,
        -0.05258297920227051,
        0.049411043524742126,
        0.037150073796510696,
        -0.00406672665849328,
        -0.015799956396222115,
        -0.02283114567399025,
        -0.15429803729057312,
        0.007024382706731558,
        -0.013126429170370102,
        0.06093457341194153,
        -0.03185633569955826,
        -0.0026312668342143297,
        -0.020966680720448494,
        -0.04203169047832489,
        0.03119797073304653,
        -0.05878663435578346,
        0.04026758670806885,
        0.05524541065096855,
        -0.00512226577848196,
        -0.013180715031921864,
        0.023012349382042885,
        -0.03295791521668434,
        -0.02006199210882187,
        0.004440209362655878,
        -0.012684871442615986,
        0.037935979664325714,
        -0.04255222529172897,
        -0.020006345584988594,
        -0.029529718682169914,
        0.010895313695073128,
        -0.005586852785199881,
        0.005673994310200214,
        0.03193757310509682,
        0.04789750650525093,
        0.02037970721721649,
        -0.019533324986696243,
        0.03216175362467766,
        0.030557401478290558,
        0.02810683287680149,
        -0.2273319661617279,
        0.0627899244427681,
        0.06563591212034225,
        0.013507579453289509,
        -0.08837596327066422,
        -0.028013497591018677,
        -0.0016707676695659757,
        0.05542691797018051,
        0.031051812693476677,
        0.03571472316980362,
        0.019892621785402298,
        0.05122196674346924,
        0.004016916733235121,
        -0.02101604826748371,
        -0.06352636218070984,
        -0.03972702845931053,
        -0.030544590204954147,
        0.014258247800171375,
        -0.013819986954331398,
        0.0017935484647750854,
        -0.03303569182753563,
        -0.0065121701918542385,
        -0.058257926255464554,
        -0.04512679576873779,
        0.016409745439887047,
        -0.03581422567367554,
        0.04091890528798103,
        0.019781623035669327,
        0.02226383239030838,
        -0.033968448638916016,
        -0.03575075790286064,
        0.022702999413013458,
        -0.08349660784006119,
        0.016085462644696236,
        0.012743381783366203,
        0.008241105824708939,
        -0.11241503804922104,
        0.20796288549900055,
        -0.01734570972621441,
        0.03397005796432495,
        0.06468641012907028,
        -0.008467843756079674,
        0.017100214958190918,
        0.009679321199655533,
        -0.01645577698945999,
        -0.06735627353191376,
        -0.005225120112299919,
        0.03016568347811699,
        -0.011484688147902489,
        -0.05342307314276695,
        0.026012593880295753,
        -0.024526802822947502,
        0.07012110203504562,
        0.01852169632911682,
        0.05708906427025795,
        0.028630733489990234,
        -0.04195414111018181,
        0.024592118337750435,
        -0.016780270263552666,
        0.017867526039481163,
        -0.01429611723870039,
        0.006513329688459635,
        0.030347751453518867,
        -0.0998041182756424,
        0.049647752195596695,
        0.07265438884496689,
        0.020328791812062263,
        0.01736362650990486,
        0.04142366349697113,
        -0.025932570919394493,
        -0.00871395692229271,
        -0.049125418066978455,
        0.028108907863497734,
        0.03522906452417374,
        0.06313750147819519,
        -0.0035293553955852985,
        0.03464611619710922,
        -0.06893365830183029,
        -0.038983650505542755,
        -0.102261982858181,
        -0.06993649899959564,
        -0.007153233978897333,
        -0.002035783836618066,
        0.06438498944044113,
        0.01627351902425289,
        0.05216611549258232,
        -0.043212804943323135,
        0.0421663373708725,
        -0.013364950194954872,
        0.04451143369078636,
        0.00215470464900136,
        -0.010543213225901127,
        0.009626810438930988,
        0.028270335868000984,
        0.010146991349756718,
        0.08032695949077606,
        -0.03866741433739662,
        0.06723211705684662,
        0.003691537771373987,
        -0.02691129967570305,
        -0.05584995076060295,
        0.1206878125667572,
        0.010936294682323933,
        -0.05037415772676468,
        -0.06492260843515396,
        0.03721659630537033,
        0.035027842968702316,
        0.02119176834821701,
        0.07013446092605591,
        0.056083861738443375,
        -0.06216881796717644,
        0.009286053478717804,
        0.05958905071020126,
        0.016389375552535057,
        -0.008163008838891983,
        -0.04652689769864082,
        0.010585575364530087,
        0.0322297178208828,
        0.07422321289777756,
        -0.04196303337812424,
        0.007564688101410866,
        0.04918698966503143,
        -0.01301975455135107,
        -0.02698964811861515,
        -0.021657124161720276,
        -0.02017916925251484,
        0.06342758238315582,
        0.031802743673324585,
        0.0017855237238109112,
        0.05605938285589218,
        -0.049370720982551575,
        0.004817673470824957,
        -0.052261702716350555,
        -0.0135293398052454,
        -0.026360467076301575,
        0.006035121623426676,
        -0.012540126219391823,
        -0.04361311346292496,
        -0.04871585965156555,
        0.013377431780099869,
        -0.0454675555229187,
        -0.021199045702815056,
        0.03252024203538895,
        0.03568200767040253,
        0.01773415505886078,
        -0.019430603832006454,
        0.05800490826368332,
        0.01932024583220482,
        -0.023152731359004974,
        0.04653303697705269,
        0.031028734520077705,
        0.028782526031136513,
        -0.05731578171253204,
        0.05667305365204811,
        0.02060586027801037,
        0.04077252373099327,
        0.021552512422204018,
        0.020519929006695747,
        0.007827122695744038,
        -0.11443034559488297,
        -0.07303525507450104,
        -0.240702822804451,
        0.01452556997537613,
        -0.012177728116512299,
        -0.03446773439645767,
        0.05593857169151306,
        -0.05312288552522659,
        0.0538787841796875,
        -0.032955560833215714,
        0.06018221005797386,
        0.05584866181015968,
        0.02145484648644924,
        -0.03266969323158264,
        -0.04728792980313301,
        0.052043452858924866,
        -0.018199864774942398,
        0.06907162815332413,
