{
    "index": 647,
    "page": 100,
    "text": "tion, that to be angry is not the part of a man, but that to be meek and gentle, as it \nsavours of more humanity, so of more manhood. That in this, there is strength and \nnerves, or vigour and fortitude: whereof anger and indignation is altogether void. For \nthe nearer everything is unto unpassionateness, the nearer it is unto power. And as \nELEVENTH BOOK",
    "embedding_of_chunk": [
        -0.010140734724700451,
        0.020784735679626465,
        0.03740021958947182,
        0.004590702708810568,
        0.0034252130426466465,
        0.025938497856259346,
        0.1035839170217514,
        0.029383154585957527,
        -2.8847240173490718e-05,
        -0.039724111557006836,
        0.01772664673626423,
        -0.09708038717508316,
        0.019760342314839363,
        0.020856255665421486,
        0.012755648232996464,
        0.025896616280078888,
        0.009074119850993156,
        0.04476207122206688,
        -0.07752136886119843,
        0.04997600242495537,
        0.04140414670109749,
        -0.0013848190428689122,
        0.0028690786566585302,
        -0.06677361577749252,
        0.024101486429572105,
        0.02267838455736637,
        -0.05439504235982895,
        0.0046849860809743404,
        -0.010887578129768372,
        -0.1525615006685257,
        0.025343233719468117,
        -0.05148221552371979,
        0.04590602219104767,
        -0.06583095341920853,
        -0.03871062025427818,
        -0.03190157189965248,
        -0.048368487507104874,
        0.043408289551734924,
        -0.02397792413830757,
        0.07330719381570816,
        0.01766745187342167,
        -0.017160451039671898,
        -0.011175721883773804,
        -0.04465877637267113,
        -0.063943050801754,
        -0.020951060578227043,
        -0.02817901410162449,
        -0.017161495983600616,
        0.05320879444479942,
        -0.027689585462212563,
        0.010775082744657993,
        -0.047352030873298645,
        0.004072244744747877,
        0.03874262794852257,
        -0.0017761117778718472,
        -0.030766693875193596,
        0.07814285904169083,
        -0.006684651132673025,
        0.023538943380117416,
        -0.003786850720643997,
        0.06543050706386566,
        0.014982453547418118,
        -0.19788728654384613,
        0.08137673139572144,
        0.05256420746445656,
        0.003576503600925207,
        -0.021229173988103867,
        0.024903111159801483,
        0.005949005950242281,
        0.05509929358959198,
        -0.04966090992093086,
        0.025350965559482574,
        0.05277088284492493,
        0.04118318483233452,
        0.055993691086769104,
        -0.02730565145611763,
        0.010418797843158245,
        -0.03972186520695686,
        0.017470741644501686,
        0.01174476183950901,
        0.020378362387418747,
        0.01603059470653534,
        -0.02844666689634323,
        -0.0016243113204836845,
        -0.045277275145053864,
        -0.05420736223459244,
        0.00603102520108223,
        -0.08362217247486115,
        0.015819858759641647,
        0.05028709024190903,
        -0.02055077627301216,
        -0.02647402696311474,
        0.0020706327632069588,
        0.043253716081380844,
        -0.04087008163332939,
        -0.05034669488668442,
        0.016666265204548836,
        -0.004327377770096064,
        -0.08436337113380432,
        0.1948612928390503,
        -0.03282397240400314,
        0.045068152248859406,
        0.021751008927822113,
        -0.036653369665145874,
        0.0420261025428772,
        -0.03013620525598526,
        0.024447564035654068,
        -0.029167942702770233,
        -0.056467004120349884,
        -0.005694135557860136,
        -0.01863309182226658,
        -0.07266462594270706,
        0.030460596084594727,
        -0.045495957136154175,
        0.06332118064165115,
        -0.01153884269297123,
        0.05054085701704025,
        -0.010500096715986729,
        -0.024034470319747925,
        0.00580176617950201,
        0.0007441112538799644,
        -0.0013957107439637184,
        0.020254986360669136,
        -0.04322168603539467,
        0.0013826849171891809,
        -0.1020788922905922,
        0.04686199501156807,
        0.11402523517608643,
        0.0393405482172966,
        -0.04792226105928421,
        -0.0015669686254113913,
        -0.0314151830971241,
        -0.05041735991835594,
        -0.008286875672638416,
        0.052751123905181885,
        0.04245856776833534,
        -0.018918275833129883,
        -0.05813615769147873,
        0.03085397742688656,
        0.009589115157723427,
        -0.015370603650808334,
        -0.15786975622177124,
        -0.04190392047166824,
        -0.08874720335006714,
        -0.016146335750818253,
        0.0614282600581646,
        -0.0034752804785966873,
        0.018842723220586777,
        -0.045407235622406006,
        0.03424113616347313,
        -0.010556225664913654,
        0.028935419395565987,
        -0.06416751444339752,
        -0.02238519676029682,
        0.012026268057525158,
        0.007982037961483002,
        0.009830038994550705,
        0.06980135291814804,
        -0.025519106537103653,
        -0.0037737179081887007,
        0.016615716740489006,
        -0.007105665281414986,
        -0.08895960450172424,
        0.08918701857328415,
        0.03317858651280403,
        -0.05836772173643112,
        0.0001082445596694015,
        0.03392695263028145,
        -0.019110852852463722,
        0.0013022080529481173,
        0.041721440851688385,
        -0.02300115115940571,
        -0.05064351111650467,
        0.06848565489053726,
        0.08637431263923645,
        0.03373545780777931,
        -0.011247141286730766,
        -0.025114726275205612,
        -0.028921160846948624,
        0.07261622697114944,
        0.057350993156433105,
        -0.03265146166086197,
        -0.05904441699385643,
        0.035701684653759,
        0.025959601625800133,
        -0.018300222232937813,
        0.01444237120449543,
        -0.03701868653297424,
        0.03359510749578476,
        0.07295598089694977,
        0.008176859468221664,
        0.060298528522253036,
        -0.07276101410388947,
        -0.019635627046227455,
        -0.052477773278951645,
        -0.009973349049687386,
        -0.0015861999709159136,
        -0.01677011325955391,
        -0.017932718619704247,
        -0.00701985415071249,
        -0.004917643964290619,
        0.0050648790784180164,
        -0.012151805683970451,
        0.01526415254920721,
        0.04866873472929001,
        0.03979803994297981,
        -0.03147633373737335,
        -0.007212737109512091,
        0.020511606708168983,
        0.056677427142858505,
        -0.008408403024077415,
        0.04332038387656212,
        0.0868491679430008,
        -0.001949341269209981,
        -0.011922629550099373,
        0.02406897582113743,
        0.02761167846620083,
        0.03268611058592796,
        0.0004433021822478622,
        0.03057081811130047,
        -0.027110183611512184,
        -0.11436355113983154,
        -0.0631430372595787,
        -0.23877008259296417,
        -0.012801053933799267,
        -0.008615327067673206,
        -0.03754125535488129,
        0.07907158881425858,
        -0.042836811393499374,
        0.03490692377090454,
        0.0009080249001272023,
        0.016088012605905533,
        0.015294951386749744,
        0.07001107931137085,
        -0.018031692132353783,
        -0.04543798789381981,
        0.027934597805142403,
        0.01909363456070423,
        0.08454246073961258,
        -0.016542809084057808,
        -0.011820132844150066,
        -0.020522531121969223,
        0.020788446068763733,
        -0.025234157219529152,
        0.05667813867330551,
        -0.0455511249601841,
        -0.07240261137485504,
        -0.01853875070810318,
        0.019442474469542503,
        0.1914583146572113,
        0.039227209985256195,
