{
    "index": 688,
    "page": 107,
    "text": "the same mind. Thou hast also forgotten that every man’s mind partakes of the Dei-\nty, and issueth from thence; and that no man can properly call anything his own, no \nnot his son, nor his body, nor his life; for that they all proceed from that One who is \nthe giver of all things: that all things are but opinion; that no man lives properly, but \nTWELFTH BOOK",
    "embedding_of_chunk": [
        -9.991281694965437e-05,
        0.0311445165425539,
        -0.008402355015277863,
        -0.02487354911863804,
        -0.025485720485448837,
        0.021244779229164124,
        0.11071014404296875,
        0.056455910205841064,
        0.0094990199431777,
        -0.023449957370758057,
        -0.019211458042263985,
        -0.07793136686086655,
        0.026982193812727928,
        0.04362485185265541,
        0.038724303245544434,
        -0.004758723545819521,
        -0.02877686358988285,
        0.03685377538204193,
        -0.05594300106167793,
        0.020429281517863274,
        0.036643434315919876,
        -0.037266265600919724,
        -0.03478648141026497,
        -0.07883249223232269,
        0.04390288144350052,
        0.011148698627948761,
        -0.03161707893013954,
        -0.03575398772954941,
        0.00919113215059042,
        -0.17689713835716248,
        0.019841767847537994,
        -0.02151605114340782,
        0.05106322839856148,
        -0.004792382009327412,
        -0.012035902589559555,
        -0.005097835790365934,
        -0.047982990741729736,
        0.04973602667450905,
        -0.03590069338679314,
        0.07409703731536865,
        0.014531360007822514,
        0.033369895070791245,
        -0.023738624528050423,
        0.001278940588235855,
        0.004964620340615511,
        -0.01911490224301815,
        -0.040953997522592545,
        0.0028454747516661882,
        0.07257585972547531,
        -0.03194814920425415,
        -0.029756169766187668,
        -0.02349279634654522,
        0.0073513733223080635,
        0.030928710475564003,
        0.008842119947075844,
        0.02556910738348961,
        0.026991143822669983,
        0.004731631372123957,
        0.04159658029675484,
        0.02294865809381008,
        0.04632541537284851,
        0.043604448437690735,
        -0.2437802404165268,
        0.08134399354457855,
        0.09021598100662231,
        0.013683333992958069,
        -0.049252066761255264,
        -0.044305041432380676,
        -0.005841218400746584,
        0.05047132074832916,
        -0.026506604626774788,
        0.03420211374759674,
        0.059448618441820145,
        0.05698298662900925,
        0.0418197326362133,
        -0.020728563889861107,
        -0.00545146968215704,
        -0.052304551005363464,
        -0.009191654622554779,
        0.023542920127511024,
        -0.03258214518427849,
        0.03359578177332878,
        -0.03685687482357025,
        -0.027242986485362053,
        -0.012149864807724953,
        0.00910493079572916,
        0.006864182185381651,
        -0.051571402698755264,
        0.019436828792095184,
        0.007931960746645927,
        -0.02366185560822487,
        0.006703406106680632,
        0.014433629810810089,
        0.026814190670847893,
        -0.03450649604201317,
        -0.006125513464212418,
        0.0231449156999588,
        0.016653509810566902,
        -0.0833558663725853,
        0.1815830022096634,
        -0.04231199994683266,
        0.066928431391716,
        0.04557335376739502,
        -0.041499584913253784,
        0.04252977296710014,
        -0.018005164340138435,
        -0.029403312131762505,
        -0.08157365024089813,
        -0.026669226586818695,
        0.053645141422748566,
        -0.022185154259204865,
        -0.06772170960903168,
        0.03940560296177864,
        -0.07664448022842407,
        0.022865690290927887,
        -0.013981105759739876,
        0.07144562155008316,
        -0.03191845491528511,
        -0.006050392985343933,
        -0.024718143045902252,
        0.023661214858293533,
        0.06275960057973862,
        0.03421834483742714,
        0.007828222587704659,
        -0.021667830646038055,
        -0.082678884267807,
        0.03630464896559715,
        0.0966607853770256,
        0.006091447547078133,
        -0.00034111502463929355,
        0.02654985710978508,
        -0.040593478828668594,
        -0.018588822335004807,
        -0.036436837166547775,
        0.01933947205543518,
        0.0395529568195343,
        0.008693719282746315,
        -0.02317926473915577,
        0.05171003192663193,
        -0.04163064435124397,
        -0.022797616198658943,
        -0.15520943701267242,
        -0.028009481728076935,
        -0.05791940912604332,
        -0.04366615414619446,
        0.09620736539363861,
        0.023590462282299995,
        -0.005081264767795801,
        -0.032756973057985306,
        0.07561058551073074,
        -0.022089555859565735,
        0.061195969581604004,
        -0.027280494570732117,
        -0.015344887040555477,
        -0.011106069199740887,
        0.038958221673965454,
        0.024267764762043953,
        0.04690154641866684,
        -0.035240743309259415,
        0.032228995114564896,
        -0.010844872333109379,
        0.005376155488193035,
        -0.02644086629152298,
        0.13711248338222504,
        -0.020690536126494408,
        -0.041130609810352325,
        -0.020085610449314117,
        0.023632917553186417,
        0.03978757932782173,
        -0.003612129483371973,
        0.053717318922281265,
        -0.014846363104879856,
        -0.05612611398100853,
        0.0590812973678112,
        0.06772922724485397,
        0.056270573288202286,
        -0.021404169499874115,
        -0.023766128346323967,
        -0.002823273651301861,
        -0.012419072911143303,
        0.032630257308483124,
        -0.062000975012779236,
        -0.059127286076545715,
        0.027980759739875793,
        0.015240350738167763,
        -0.025647154077887535,
        -0.022293539717793465,
        -0.04453260079026222,
        0.057290542870759964,
        0.10022970288991928,
        0.011082474142313004,
        0.0709943100810051,
        0.016653306782245636,
        -0.027020027860999107,
        -0.05458306148648262,
        -0.015850694850087166,
        -0.05492854863405228,
        7.205390284070745e-05,
        -0.03135928511619568,
        -0.0027857564855366945,
        -0.01775488629937172,
        -0.022947244346141815,
        -0.026098299771547318,
        0.013639756478369236,
        0.0021394160576164722,
        0.03163639456033707,
        -0.03553532063961029,
        -0.04212452471256256,
        0.03759656101465225,
        0.04257814958691597,
        -0.042614273726940155,
        0.020836934447288513,
        0.025159893557429314,
        -0.004322824068367481,
        -0.0330335833132267,
        0.01445103157311678,
        -0.006403646431863308,
        0.01015405636280775,
        0.023881716653704643,
        0.036680616438388824,
        0.022464187815785408,
        -0.11914992332458496,
        -0.07792385667562485,
        -0.2024937868118286,
        -0.020544419065117836,
        -0.011029726825654507,
        -0.059194859117269516,
        0.078914575278759,
        -0.05029474198818207,
        0.02197723463177681,
        0.0029530744068324566,
        0.022687088698148727,
        0.08953721076250076,
        0.05747527629137039,
        -0.024578411132097244,
        -0.02589941956102848,
        0.020091336220502853,
        -0.01329808495938778,
        0.06312006711959839,
        -0.008427400141954422,
        0.007312370929867029,
        -0.05589912831783295,
        0.003488795831799507,
        -0.01701071672141552,
        0.0759412944316864,
        -0.021358292549848557,
        -0.07576943933963776,
        0.01977776177227497,
        -0.0060419184155762196,
        0.20111459493637085,
        0.06125720962882042,
