{
    "index": 106,
    "page": 17,
    "text": "know moreover, that this transgressor, whosoever he be, is my kinsman, not by the \nsame blood and seed, but by participation of the same reason, and of the same di-\nvine particle; How can I either be hurt by any of those, since it is not in their power \nto make me incur anything that is truly reproachful? or angry, and ill affected to-\nwards him, who by nature is so near unto me? for we are all born to be fellow-\nworkers, as the feet, the hands, and the eyelids; as the rows of the upper and under",
    "embedding_of_chunk": [
        -0.029943615198135376,
        -0.019625749439001083,
        0.027720758691430092,
        0.018123330548405647,
        0.015031150542199612,
        -0.006778196431696415,
        0.12039545923471451,
        0.023346614092588425,
        -0.01671045646071434,
        -0.03293543681502342,
        0.01395235676318407,
        -0.0787239596247673,
        0.022853422909975052,
        0.009243329986929893,
        0.001419368083588779,
        -0.002458348171785474,
        -0.032628171145915985,
        0.056661207228899,
        -0.10852757096290588,
        0.022574322298169136,
        0.014246439561247826,
        -0.006610608659684658,
        -0.029449699446558952,
        -0.05630991980433464,
        0.02069752663373947,
        0.03987705335021019,
        -0.02911067195236683,
        -0.007294534705579281,
        0.027128562331199646,
        -0.17071092128753662,
        0.007392276544123888,
        -0.014647617936134338,
        -0.0009984464850276709,
        -0.00579337403178215,
        0.01050572469830513,
        -0.03085314668715,
        -0.04147695004940033,
        0.05905822291970253,
        -0.024741023778915405,
        0.022899148985743523,
        0.030017882585525513,
        0.03676070645451546,
        -0.020083602517843246,
        -0.044973500072956085,
        -0.02068181149661541,
        -0.0022032810375094414,
        -0.01179126650094986,
        0.012130721472203732,
        0.03071459010243416,
        0.01401250995695591,
        0.009603256359696388,
        -0.014045518822968006,
        0.01354279275983572,
        0.04576634615659714,
        0.02302515134215355,
        0.006643121596425772,
        0.0676688551902771,
        0.005899136886000633,
        0.050760142505168915,
        0.009466229937970638,
        0.06407849490642548,
        -0.004275093320757151,
        -0.20580032467842102,
        0.09350387752056122,
        0.039353251457214355,
        0.007170895580202341,
        -0.05320088937878609,
        -0.034784045070409775,
        0.01678536646068096,
        0.06207707151770592,
        -0.04567703232169151,
        0.034929968416690826,
        0.06034926325082779,
        0.028730403631925583,
        0.020889634266495705,
        -0.024967728182673454,
        -0.02441292814910412,
        -0.026939133182168007,
        -0.025791110470891,
        0.020708881318569183,
        -0.009132375940680504,
        0.0060208383947610855,
        -0.010956528596580029,
        -0.007180128246545792,
        -0.05838597193360329,
        -0.03429042920470238,
        0.04315858334302902,
        -0.042176954448223114,
        0.01828320510685444,
        0.030700629577040672,
        -0.05903775244951248,
        -0.03839186578989029,
        -0.007920951582491398,
        -0.02627134509384632,
        -0.03359116613864899,
        -0.030852705240249634,
        0.032328035682439804,
        0.017757544293999672,
        -0.04301724210381508,
        0.20801988244056702,
        -0.048727188259363174,
        0.021724674850702286,
        0.020498845726251602,
        -0.013315482065081596,
        0.018865715712308884,
        -0.01502914447337389,
        -0.014821074903011322,
        -0.03388058766722679,
        -0.03657160699367523,
        0.05949794128537178,
        0.0020792789291590452,
        -0.0310092531144619,
        0.011009524576365948,
        -0.05268638953566551,
        0.03353513404726982,
        -0.02679050713777542,
        0.05770917609333992,
        0.01754741370677948,
        -0.03929971158504486,
        0.021654870361089706,
        -0.0014169466448947787,
        0.04627647623419762,
        0.020619992166757584,
        -0.004529742058366537,
        0.014554871246218681,
        -0.054871197789907455,
        0.051961421966552734,
        0.13157029449939728,
        0.06594683974981308,
        -0.008788371458649635,
        0.03007444180548191,
        -0.0337911881506443,
        -0.015719039365649223,
        -0.02115771360695362,
        0.023728402331471443,
        0.04133196175098419,
        0.013571429997682571,
        -0.018841778859496117,
        -0.004956176970154047,
        -0.012707976624369621,
        -0.004164580721408129,
        -0.1591271162033081,
        -0.043128613382577896,
        -0.062314603477716446,
        -0.03596477583050728,
        0.06790699064731598,
        -0.029278939589858055,
        0.046745430678129196,
        -0.04555352404713631,
        0.04530879110097885,
        -0.025159567594528198,
        0.032770007848739624,
        -0.03890988975763321,
        -0.018252167850732803,
        0.02256978303194046,
        0.018100395798683167,
        0.039622265845537186,
        0.08014138042926788,
        0.009331928566098213,
        0.04185762628912926,
        0.02462693676352501,
        -0.04720466211438179,
        -0.056922003626823425,
        0.1238366961479187,
        0.05112260952591896,
        -0.05216345936059952,
        -0.013906056061387062,
        0.027423027902841568,
        0.009929399937391281,
        -0.023223992437124252,
        0.0436859093606472,
        0.00885539036244154,
        -0.04294515773653984,
        0.056846488267183304,
        0.08316303044557571,
        0.03119185008108616,
        -0.04229004681110382,
        0.006256284657865763,
        -0.018716515973210335,
        0.04167250171303749,
        0.06497201323509216,
        -0.06444819271564484,
        -0.046236105263233185,
        0.036290790885686874,
        0.0037089455872774124,
        0.010678381659090519,
        -0.011144696734845638,
        -0.03707525506615639,
        0.00927043054252863,
        0.061399251222610474,
        0.0006015091203153133,
        0.04304803907871246,
        -0.09455200284719467,
        -0.008581156842410564,
        -0.02458171546459198,
        -0.0040836818516254425,
        -0.029837336391210556,
        -0.03997930511832237,
        -0.04431124031543732,
        -0.015444603748619556,
        0.00010079811909236014,
        0.030421888455748558,
        -0.025146404281258583,
        0.036049023270606995,
        -0.021028798073530197,
        0.023941317573189735,
        0.0028665177524089813,
        -0.013290210627019405,
        0.014413426630198956,
        0.021372565999627113,
        -0.0013783619506284595,
        0.017505209892988205,
        0.032661113888025284,
        0.01357443816959858,
        -0.0320713184773922,
        0.024377627298235893,
        0.02055017091333866,
        0.043556734919548035,
        0.040872201323509216,
        0.032115645706653595,
        0.01896972395479679,
        -0.09144081175327301,
        -0.0628034770488739,
        -0.2404501587152481,
        0.030360756441950798,
        -0.024667734280228615,
        -0.024296706542372704,
        0.05240130051970482,
        -0.04347163438796997,
        0.039368513971567154,
        -0.011613600887358189,
        0.023312384262681007,
        0.015401924960315228,
        0.10120344161987305,
        -0.00034218045766465366,
        -0.022553574293851852,
        0.030086275190114975,
        -0.03360100835561752,
        0.06819223612546921,
        -0.005006543826311827,
        0.023268887773156166,
        -0.03618030250072479,
        0.004548346623778343,
        -0.010378241539001465,
        0.051459215581417084,
        -0.023879103362560272,
