{
    "index": 10,
    "page": 3,
    "text": "stroying a whole Roman Legion and invading Syria (162). Verus was sent off in hot \nhaste to quell this rising; and he fulfilled his trust by plunging into drunkenness and \ndebauchery, while the war was left to his officers. Soon after Marcus had to face a \nmore serious danger at home in the coalition of several powerful tribes on the north-\nern frontier. Chief among those were the Marcomanni or Marchmen, the Quadi (men-\ntioned in this book), the Sarmatians, the Catti, the Jazyges. In Rome itself there was \nINTRODUCTION",
    "embedding_of_chunk": [
        -0.0016360785812139511,
        0.0562603697180748,
        -0.006018562242388725,
        -0.007281044498085976,
        -0.002562915440648794,
        -0.024664342403411865,
        0.01903117075562477,
        0.07652296870946884,
        0.015836117789149284,
        -0.02595597319304943,
        -0.004306440707296133,
        -0.06816542893648148,
        0.03539057448506355,
        0.057383228093385696,
        0.009690779261291027,
        -0.045687250792980194,
        -0.01830584742128849,
        0.025426995009183884,
        -0.07684332877397537,
        0.019665222615003586,
        -0.010902421548962593,
        -0.019267551600933075,
        0.0391911119222641,
        -0.04540122300386429,
        0.025199420750141144,
        0.07949800044298172,
        -0.030670301988720894,
        -0.060556650161743164,
        -0.02086283452808857,
        -0.202406644821167,
        0.0038042571395635605,
        -0.01473764143884182,
        0.059897977858781815,
        -0.060890257358551025,
        -0.01576918177306652,
        -0.030186567455530167,
        -0.013065388426184654,
        0.051129300147295,
        0.0035320203751325607,
        0.022093383595347404,
        0.05044398456811905,
        0.031687021255493164,
        0.008860587142407894,
        -0.031278010457754135,
        -0.02436203695833683,
        -0.02658308669924736,
        -0.00388689199462533,
        0.021237727254629135,
        0.09619035571813583,
        -0.013010799884796143,
        0.03851033002138138,
        -0.00887520145624876,
        0.005459376610815525,
        0.028154082596302032,
        0.011063690297305584,
        0.0003764553111977875,
        0.07353968918323517,
        0.05439457669854164,
        0.02078656107187271,
        0.007671855855733156,
        -0.019539296627044678,
        0.07258245348930359,
        -0.21543768048286438,
        0.035624630749225616,
        0.011354535818099976,
        0.012582429684698582,
        -0.030149025842547417,
        0.016850920394062996,
        -0.009270308539271355,
        0.06353309005498886,
        -0.0724000409245491,
        0.043134622275829315,
        0.05194944515824318,
        0.036222852766513824,
        0.03208843618631363,
        -0.0033609310630708933,
        -0.02813558466732502,
        -0.015248985961079597,
        0.03518785163760185,
        6.379404658218846e-05,
        0.0034927513916045427,
        -0.032843053340911865,
        -0.011818166822195053,
        -0.03157602623105049,
        -0.055199675261974335,
        -0.044415030628442764,
        0.04409673064947128,
        -0.049453504383563995,
        0.056941788643598557,
        -0.01000953372567892,
        0.0007307879277504981,
        -0.020942844450473785,
        -0.02084559015929699,
        -0.011844495311379433,
        -0.08742386102676392,
        -0.03233261778950691,
        0.03485717251896858,
        0.030879948288202286,
        -0.006435600109398365,
        0.19659607112407684,
        0.014248255640268326,
        0.020016370341181755,
        0.035376016050577164,
        0.0249496903270483,
        0.04756572097539902,
        -0.019795436412096024,
        -0.007294970098882914,
        -0.04503200203180313,
        -0.016265379264950752,
        0.024184932932257652,
        -0.013379168696701527,
        -0.011129726655781269,
        0.025402940809726715,
        -0.06591879576444626,
        0.05786392092704773,
        -0.03145727887749672,
        0.04233136028051376,
        -0.022480390965938568,
        -0.05371749773621559,
        0.02566220797598362,
        0.028653448447585106,
        0.017392216250300407,
        0.05313282087445259,
        0.016898034140467644,
        0.05096440762281418,
        -0.05194099619984627,
        0.04824034124612808,
        0.03181559965014458,
        0.029551763087511063,
        -0.017226455733180046,
        0.04785338044166565,
        -0.04990445449948311,
        -0.020354636013507843,
        -0.007683332543820143,
        -0.006961198057979345,
        0.035234950482845306,
        -0.00930637028068304,
        -0.01919451355934143,
        0.01274342555552721,
        -0.068200021982193,
        -0.09131168574094772,
        -0.1493336409330368,
        -0.029543865472078323,
        -0.10494980216026306,
        -0.05134037882089615,
        0.0005749124684371054,
        -0.005959514062851667,
        -0.006543250754475594,
        -0.04828982800245285,
        0.02639644593000412,
        0.021335048601031303,
        0.04026392474770546,
        -0.018810391426086426,
        -0.024051962420344353,
        0.004625613801181316,
        0.03517541661858559,
        0.043632879853248596,
        0.11305227130651474,
        -0.06438920646905899,
        -0.013460110872983932,
        -0.00023026354028843343,
        -0.05349108204245567,
        -0.04712728038430214,
        0.06880730390548706,
        0.03987916186451912,
        -0.03149966523051262,
        -0.018879834562540054,
        0.01599789597094059,
        -0.020408514887094498,
        -0.047085292637348175,
        -0.01511184498667717,
        -0.01621321402490139,
        -0.028622187674045563,
        0.05499716103076935,
        0.024704424664378166,
        0.07329094409942627,
        -0.055858150124549866,
        -0.03438204526901245,
        0.010186533443629742,
        0.01873866841197014,
        0.04064891114830971,
        -0.043021369725465775,
        -0.06294451653957367,
        0.03404134511947632,
        0.01854422129690647,
        -0.014231833629310131,
        -0.043427396565675735,
        -0.029930202290415764,
        0.029739491641521454,
        0.026899930089712143,
        0.004322001710534096,
        0.05980058014392853,
        -0.06714407354593277,
        -0.06309768557548523,
        -0.011845196597278118,
        -0.024373391643166542,
        -0.027093570679426193,
        -0.007528016809374094,
        -0.006142504513263702,
        -0.0028372076340019703,
        -0.05587761849164963,
        -0.009238802827894688,
        -0.03230706602334976,
        0.06025905907154083,
        0.05521140620112419,
        0.011934282258152962,
        -0.027118869125843048,
        -0.0017009610310196877,
        -0.025630462914705276,
        0.05839916318655014,
        -0.04804027080535889,
        0.06958688050508499,
        0.05498414486646652,
        -0.06135646998882294,
        -0.00520450621843338,
        0.02938784472644329,
        0.006336649414151907,
        0.01912790909409523,
        -0.039180148392915726,
        0.030145233497023582,
        0.07103993743658066,
        -0.08174806088209152,
        -0.024216303601861,
        -0.18016868829727173,
        0.000374180352082476,
        0.04371790960431099,
        -0.036271415650844574,
        0.013040571473538876,
        -0.024101004004478455,
        0.07241064310073853,
        -0.03207630664110184,
        0.06238125264644623,
        0.025256019085645676,
        0.06048290431499481,
        -0.030062345787882805,
        -0.06699341535568237,
        0.059269294142723083,
        0.019944066181778908,
        0.0610562302172184,
        0.008209068328142166,
        0.009675304405391216,
        -0.018270110711455345,
        -0.01768479309976101,
        0.0058282120153307915,
        0.04109449312090874,
        -0.05383898690342903,
