{
    "index": 574,
    "page": 90,
    "text": "XIV. What is that that is slow, and yet quick? merry, and yet grave? He that in all \nthings doth follow reason for his guide.",
    "embedding_of_chunk": [
        -0.05646839737892151,
        0.028320295736193657,
        -0.00010125801054527983,
        -0.016072703525424004,
        0.0009373361826874316,
        -0.0070399334654212,
        0.07389688491821289,
        0.05769311636686325,
        0.0065052444115281105,
        -0.023958442732691765,
        -0.004085265565663576,
        -0.03701857104897499,
        0.02394036017358303,
        0.05276845395565033,
        -0.008890395052731037,
        0.018976036459207535,
        -0.017215855419635773,
        0.012898019514977932,
        -0.046404704451560974,
        0.005355554167181253,
        0.10464741289615631,
        0.011971541680395603,
        -0.03447095677256584,
        -0.053556930273771286,
        0.010349745862185955,
        0.035460520535707474,
        0.010277800261974335,
        -0.0524262934923172,
        -0.04089537262916565,
        -0.15773187577724457,
        -0.009625089354813099,
        -0.04230880364775658,
        0.021168267354369164,
        0.003136119106784463,
        -0.05012195184826851,
        -0.005464266519993544,
        -0.03320038691163063,
        0.05811406299471855,
        -0.05620410293340683,
        0.031909577548503876,
        0.019878560677170753,
        0.039120931178331375,
        -0.02511313557624817,
        -0.04484449326992035,
        0.009187904186546803,
        -0.04594466835260391,
        -0.013474776409566402,
        -0.011327916756272316,
        -0.0013529987772926688,
        -0.07994525134563446,
        -0.03835171461105347,
        -0.014558875933289528,
        0.04693206027150154,
        0.0071628945879638195,
        0.016887761652469635,
        0.03196679428219795,
        0.08887720853090286,
        0.047342974692583084,
        0.05269039049744606,
        0.029754068702459335,
        0.03392026945948601,
        0.011431466788053513,
        -0.22914521396160126,
        0.07817360758781433,
        0.015567842870950699,
        0.028848934918642044,
        -0.061536263674497604,
        -0.04662264883518219,
        -0.029831675812602043,
        0.07030145078897476,
        -0.049537915736436844,
        0.03454579412937164,
        0.03079472854733467,
        0.08924737572669983,
        -0.013621121644973755,
        -0.005988745018839836,
        0.015344765037298203,
        -0.0303205493837595,
        -0.007120722439140081,
        0.05931985005736351,
        -0.0049551380798220634,
        0.02570355124771595,
        -0.042389314621686935,
        0.003013674635440111,
        -0.027539405971765518,
        -0.028487253934144974,
        0.02114572376012802,
        -0.08340144902467728,
        0.04438738152384758,
        0.02182808704674244,
        0.014092229306697845,
        -0.041662950068712234,
        -0.03703651204705238,
        0.017818652093410492,
        -0.03556663170456886,
        -0.04220262169837952,
        0.011925334110856056,
        -0.005395486950874329,
        -0.07649216800928116,
        0.1852671504020691,
        0.003089223289862275,
        0.03313015028834343,
        0.018584229052066803,
        0.014800156466662884,
        0.04968799278140068,
        0.008183012716472149,
        -0.02304599992930889,
        -0.0564364418387413,
        0.007138428278267384,
        0.0125611936673522,
        0.00897129438817501,
        -0.017626218497753143,
        0.04047679901123047,
        -0.07231494039297104,
        0.05124165862798691,
        -0.025131898000836372,
        0.017344938591122627,
        0.0326867438852787,
        -0.07667025923728943,
        0.04784905165433884,
        0.011910855770111084,
        -0.013641808182001114,
        0.07342823594808578,
        -0.02612028829753399,
        0.04638756439089775,
        -0.06642522662878036,
        0.03762824833393097,
        0.11737480759620667,
        0.039610493928194046,
        0.01785368099808693,
        0.04388159140944481,
        -0.028865037485957146,
        -0.030823824927210808,
        -0.0013473402941599488,
        0.02262749709188938,
        0.04811917245388031,
        0.0344683863222599,
        -0.031234322115778923,
        0.047066885977983475,
        -0.07277724146842957,
        -0.08727078884840012,
        -0.07255847752094269,
        -0.010455947369337082,
        -0.1148722767829895,
        -0.0052530113607645035,
        0.1030244305729866,
        -0.004503002855926752,
        -0.0013721800642088056,
        -0.045708805322647095,
        0.029436195269227028,
        0.0181061252951622,
        0.031230555847287178,
        -0.030104780569672585,
        -0.024242527782917023,
        -0.020920831710100174,
        0.0305067989975214,
        0.03226974979043007,
        0.0625399649143219,
        -0.0394146703183651,
        -0.0068376557901501656,
        -0.017150208353996277,
        -0.06076781079173088,
        -0.04024631157517433,
        0.06577768921852112,
        0.00021473912056535482,
        -0.041996587067842484,
        -0.040618572384119034,
        -0.004331141244620085,
        -0.0011654667323455215,
        -0.004763992968946695,
        -0.01682717353105545,
        0.030058473348617554,
        -0.07921390980482101,
        0.00636682566255331,
        0.1241028904914856,
        0.03587200492620468,
        -0.008658604696393013,
        0.004556042607873678,
        0.0028663743287324905,
        0.02639654651284218,
        0.05873047187924385,
        -0.020574940368533134,
        -0.0540495365858078,
        0.061693426221609116,
        0.033467743545770645,
        -0.027347704395651817,
        -0.027913644909858704,
        -0.047580111771821976,
        0.031486790627241135,
        0.006233587861061096,
        0.004234939813613892,
        0.03836222365498543,
        -0.010266026481986046,
        -0.010204611346125603,
        -0.04082067310810089,
        -0.025628602132201195,
        -0.009828153997659683,
        0.03947865217924118,
        -0.0012985189678147435,
        -0.02558649517595768,
        0.021676866337656975,
        -0.01524818129837513,
        -0.0024857590906322002,
        0.041409701108932495,
        -0.005165134556591511,
        0.03057750128209591,
        -0.00887256022542715,
        -0.06324411183595657,
        0.04263801500201225,
        0.02150147035717964,
        -0.08283189684152603,
        0.0072806216776371,
        0.030996132642030716,
        -0.0010458746692165732,
        -0.05033128708600998,
        0.016815613955259323,
        -0.002250069286674261,
        0.02108660340309143,
        -0.024252261966466904,
        0.065113864839077,
        0.017774568870663643,
        -0.09055759012699127,
        -0.04796791821718216,
        -0.24644835293293,
        -0.02760636992752552,
        -0.027073150500655174,
        -0.008930524811148643,
        0.08365576714277267,
        -0.027713291347026825,
        -0.011669249273836613,
        0.012235622853040695,
        0.010925538837909698,
        0.05265084654092789,
        0.06272045522928238,
        -0.05415712296962738,
        -0.03285272791981697,
        -0.016615837812423706,
        -0.007829232141375542,
        0.04821041226387024,
        0.029858103021979332,
        0.007952560670673847,
        -0.015156961977481842,
        -0.007951865904033184,
        -0.004709487780928612,
        0.08369415998458862,
        -0.019078480079770088,
        -0.0810554027557373,
        0.025228388607501984,
        -0.012243131175637245,
        0.21927407383918762,
        0.03431661054491997,
        0.033088311553001404,
        -0.09331142157316208,
        0.03733479604125023,
        0.021603982895612717,
        -0.017087098211050034,
        -0.11361099779605865,
        0.04244032874703407,
        0.038194961845874786,
