{
    "index": 125,
    "page": 21,
    "text": "usually represent themselves unto us, he can conceive of it no otherwise, than as of \na work of nature, and he that fears any work of nature, is a very child. Now death, it \nis not only a work of nature, but also conducing to nature. \n\n12 with thyself how man, and by what part of his, is joined unto God, \n\nXI. Consider",
    "embedding_of_chunk": [
        -0.01078343577682972,
        -0.03601789101958275,
        -0.004024173133075237,
        -0.05642096325755119,
        0.015014183707535267,
        0.036726146936416626,
        0.13047531247138977,
        0.022402552887797356,
        0.010506464168429375,
        -0.042879026383161545,
        -0.014556171372532845,
        -0.08789237588644028,
        0.047443605959415436,
        0.03816665709018707,
        0.014027485623955727,
        -0.0023509403690695763,
        -0.006720854435116053,
        0.056425802409648895,
        -0.0917578712105751,
        0.0410507395863533,
        0.051747675985097885,
        -0.008799460716545582,
        -0.020856166258454323,
        -0.07379955798387527,
        0.02927212417125702,
        0.0012951412936672568,
        -0.05413470417261124,
        -0.01495882123708725,
        0.024680498987436295,
        -0.14627425372600555,
        -0.00973439123481512,
        -0.06778230518102646,
        0.034130584448575974,
        -0.015143586322665215,
        -0.0041148788295686245,
        -0.012572565115988255,
        -0.0088384123519063,
        0.06631046533584595,
        -0.027304915711283684,
        0.049065474420785904,
        -0.00016783009050413966,
        0.03388112783432007,
        -0.06884301453828812,
        -0.0018032242078334093,
        -0.03403109312057495,
        -0.012692737393081188,
        0.0015899685677140951,
        -0.04397517070174217,
        0.04223160073161125,
        -0.00594058632850647,
        -0.010190220549702644,
        0.00890923198312521,
        0.02075023204088211,
        0.08002560585737228,
        0.015624415129423141,
        0.037901077419519424,
        0.06462313234806061,
        0.009200046770274639,
        0.040325894951820374,
        0.013762906193733215,
        0.052142828702926636,
        0.023113245144486427,
        -0.21479901671409607,
        0.05605478212237358,
        0.03651997447013855,
        0.038936350494623184,
        -0.07048110663890839,
        -0.036672793328762054,
        0.016840694472193718,
        0.035151299089193344,
        -0.028432322666049004,
        0.04446764662861824,
        0.021428879350423813,
        0.06136437505483627,
        0.014147024601697922,
        0.00539746880531311,
        -0.011648230254650116,
        -0.056995611637830734,
        -0.01841762103140354,
        0.014886179938912392,
        -0.03147387132048607,
        0.03134946897625923,
        -0.013651234097778797,
        0.02434149943292141,
        -0.0325385257601738,
        -0.028365084901452065,
        0.002644674386829138,
        -0.05893798917531967,
        0.076081283390522,
        0.07150670886039734,
        -0.03734267130494118,
        -0.04716482385993004,
        -0.02048373594880104,
        -0.0030354526825249195,
        -0.019860023632645607,
        -0.011814609169960022,
        0.037763457745313644,
        0.008613310754299164,
        -0.0557168610394001,
        0.19939370453357697,
        -0.06393703073263168,
        0.03535684943199158,
        0.04378111660480499,
        0.009591236710548401,
        0.004259356763213873,
        0.02269933931529522,
        -0.029541973024606705,
        -0.05211808905005455,
        -0.012225943617522717,
        0.00401614373549819,
        0.030963532626628876,
        -0.04378476366400719,
        -0.02347099594771862,
        -0.0467936135828495,
        0.02936498075723648,
        -0.013659711927175522,
        0.018261076882481575,
        0.01125037856400013,
        -0.031446151435375214,
        0.001323338714428246,
        0.003143216948956251,
        0.033206015825271606,
        0.03686164692044258,
        -0.002915517659857869,
        0.046837225556373596,
        -0.08546033501625061,
        0.06796470284461975,
        0.12408480048179626,
        0.055854856967926025,
        0.018749956041574478,
        0.05081924796104431,
        -0.029658809304237366,
        -0.033184029161930084,
        -0.002432172419503331,
        0.006909326184540987,
        0.030690547078847885,
        0.0035621309652924538,
        -0.009165006689727306,
        0.01917634904384613,
        -0.00558162946254015,
        -0.00859520211815834,
        -0.09126806259155273,
        -0.04123426601290703,
        -0.10930529981851578,
        -0.013928753323853016,
        0.044362861663103104,
        0.02218136563897133,
        0.02705991454422474,
        -0.06146761029958725,
        0.048405133187770844,
        -0.05271925404667854,
        0.04034982621669769,
        -0.03962510824203491,
        -0.012123862281441689,
        -0.0008036352228373289,
        0.02803165651857853,
        0.011607469990849495,
        0.015185236930847168,
        -0.025257010012865067,
        -0.011856905184686184,
        0.009578739292919636,
        -0.006212072446942329,
        -0.02742639370262623,
        0.1301879733800888,
        0.04385958984494209,
        -0.015057059936225414,
        -0.00375723815523088,
        0.014182936400175095,
        0.03407061845064163,
        -0.028380384668707848,
        0.049943290650844574,
        -0.0010997419012710452,
        -0.016301985830068588,
        0.07335354387760162,
        0.09004586935043335,
        0.021383872255682945,
        -0.06034617871046066,
        -0.00540090911090374,
        -0.008763320744037628,
        0.04978186637163162,
        0.05250706523656845,
        -0.061300888657569885,
        -0.04640759900212288,
        0.045073941349983215,
        0.018329016864299774,
        -0.030166536569595337,
        -0.011195437051355839,
        -0.043049003928899765,
        0.02069149725139141,
        0.05605677142739296,
        0.023677920922636986,
        0.07670950144529343,
        -0.0474884957075119,
        -0.018838774412870407,
        -0.05527691915631294,
        -0.0011380859650671482,
        -0.024012314155697823,
        -0.004466226790100336,
        -0.02215193770825863,
        0.011740713380277157,
        -0.04497521370649338,
        -0.01813688315451145,
        -0.027604524046182632,
        0.021287083625793457,
        -0.0228324793279171,
        0.006853458937257528,
        0.019036756828427315,
        0.027793074026703835,
        0.03960392251610756,
        0.008767153136432171,
        -0.03985859453678131,
        0.020632529631257057,
        0.023997139185667038,
        0.016495561227202415,
        -0.02492833137512207,
        0.02666701376438141,
        0.009913871996104717,
        0.052226562052965164,
        0.06660565733909607,
        0.041604384779930115,
        0.011151991784572601,
        -0.12791277468204498,
        -0.024030320346355438,
        -0.2454986721277237,
        -0.012550150975584984,
        -0.02532319910824299,
        -0.045914892107248306,
        0.036920540034770966,
        -0.04315057024359703,
        -0.0448872335255146,
        -0.014008822850883007,
        0.03291086107492447,
        0.021404532715678215,
        0.05001096427440643,
        -0.04570632800459862,
        -0.010886933654546738,
        0.04165494441986084,
        -0.021564606577157974,
        0.046504635363817215,
        -0.006089033093303442,
        0.011969095095992088,
        0.0028269425965845585,
        0.025829724967479706,
        -0.04306573420763016,
        0.05032309889793396,
        -0.024198636412620544,
        -0.06087781861424446,
        -0.01576087810099125,
        0.006986862979829311,
        0.2152659147977829,
        0.07943541556596756,
        0.022572804242372513,
