{
    "index": 19,
    "page": 5,
    "text": "As a soldier we have seen that Marcus was both capable and successful; as an ad-\nministrator he was prudent and conscientious. Although steeped in the teachings of \nphilosophy, he did not attempt to remodel the world on any preconceived plan. He \ntrod the path beaten by his predecessors, seeking only to do his duty as well as he \ncould, and to keep out corruption. He did some unwise things, it is true. To create a \ncompeer in empire, as he did with Verus, was a dangerous innovation which could \nonly succeed if one of the two effaced himself; and under Diocletian this very prece-\ndent caused the Roman Empire to split into halves. He erred in his civil administra-\ntion by too much centralising. But the strong point of his reign was the administra-",
    "embedding_of_chunk": [
        -0.020684093236923218,
        0.014727722853422165,
        0.07044049352407455,
        -0.044434208422899246,
        -0.027966486290097237,
        -0.024705834686756134,
        0.057156503200531006,
        0.052195627242326736,
        -0.03550339490175247,
        -0.029561882838606834,
        0.016035642474889755,
        -0.10257906466722488,
        0.041274409741163254,
        0.0624263733625412,
        0.014891215600073338,
        -0.032051779329776764,
        -0.011000790633261204,
        0.06975848227739334,
        -0.02962145209312439,
        0.046099305152893066,
        0.025487923994660378,
        -0.032073620706796646,
        -0.004152592271566391,
        -0.06550439447164536,
        0.05122572183609009,
        0.03407374024391174,
        -0.0035966578871011734,
        -0.03417784720659256,
        -0.03446201980113983,
        -0.19862444698810577,
        -0.0037927019875496626,
        -0.053996097296476364,
        0.06367570161819458,
        -0.06046558544039726,
        -0.004871903453022242,
        -0.032398540526628494,
        -0.01774395816028118,
        0.04882636293768883,
        -0.022145044058561325,
        0.005410287529230118,
        0.043239984661340714,
        0.027227407321333885,
        -0.03180687502026558,
        -0.04651869833469391,
        -0.04840048775076866,
        -0.013727961108088493,
        0.013269979506731033,
        -0.03471091017127037,
        0.04649542272090912,
        -0.015483302064239979,
        0.006990669295191765,
        0.005320430733263493,
        0.00547484215348959,
        0.025528861209750175,
        0.04349665716290474,
        0.020359430462121964,
        0.0905303955078125,
        0.07766488194465637,
        -0.005145705305039883,
        0.06490591913461685,
        0.012967334128916264,
        0.027828829362988472,
        -0.2416815608739853,
        0.021375244483351707,
        0.03254632279276848,
        -0.0062239267863333225,
        -0.06802535802125931,
        -0.032460812479257584,
        -0.03156689181923866,
        0.08642031252384186,
        -0.03040037490427494,
        0.031200848519802094,
        0.0628354474902153,
        0.04405078664422035,
        -0.0039781262166798115,
        0.002120754448696971,
        -0.01820920966565609,
        0.013303806073963642,
        0.03437419980764389,
        0.018934540450572968,
        0.0011535767698660493,
        -0.012768721207976341,
        -0.029662594199180603,
        -0.027783455327153206,
        -0.05720825865864754,
        -0.05118131637573242,
        0.010901367291808128,
        -0.06309739500284195,
        0.04227898642420769,
        -0.035782307386398315,
        0.01671597547829151,
        -0.009939066134393215,
        -0.006291375961154699,
        -0.00445901695638895,
        -0.05376885086297989,
        -0.0009753158665262163,
        0.018577035516500473,
        0.010617977008223534,
        -0.07943196594715118,
        0.2001706063747406,
        -0.023483773693442345,
        0.04815814644098282,
        0.05503951013088226,
        0.008936834521591663,
        0.09615733474493027,
        0.0025271782651543617,
        0.006962865125387907,
        -0.014386767521500587,
        -0.04583539813756943,
        0.005151749588549137,
        0.0019085109233856201,
        -0.055747732520103455,
        0.012935658916831017,
        -0.05924409627914429,
        0.043371085077524185,
        -0.04277963563799858,
        0.046863481402397156,
        -0.009996018372476101,
        -0.051965370774269104,
        -0.004204089287668467,
        -0.009968768805265427,
        0.015209445729851723,
        0.03110957145690918,
        -0.023097148165106773,
        0.023899197578430176,
        -0.0638652816414833,
        0.08355441689491272,
        0.06445629894733429,
        -0.001360695925541222,
        -0.024810759350657463,
        0.00731896236538887,
        -0.03923172876238823,
        0.005778465885668993,
        0.0032599817495793104,
        0.003994007594883442,
        -0.011399982497096062,
        -0.01253739558160305,
        -0.023519005626440048,
        0.0362042672932148,
        -0.030075179412961006,
        -0.062428027391433716,
        -0.09065241366624832,
        -0.016300315037369728,
        -0.07645152509212494,
        -0.03085932321846485,
        0.05340617150068283,
        0.03828970715403557,
        0.017778370529413223,
        -0.01475856825709343,
        0.05310049280524254,
        -0.013718454167246819,
        0.0060414657928049564,
        -0.01782551407814026,
        -0.005018904339522123,
        0.023889776319265366,
        0.02247544750571251,
        0.03614456206560135,
        0.04871303588151932,
        -0.06842754036188126,
        0.00202611624263227,
        -0.01957825757563114,
        -0.03278912976384163,
        -0.049263983964920044,
        0.1484123170375824,
        0.034954577684402466,
        -0.04716957360506058,
        -0.005034187808632851,
        0.008439278230071068,
        -0.007025762461125851,
        0.007982781156897545,
        0.003024469828233123,
        0.026759229600429535,
        -0.05359429866075516,
        0.00829493347555399,
        0.045344237238168716,
        0.00803721509873867,
        -0.06974218040704727,
        -0.05219892039895058,
        0.010257922112941742,
        0.04363564774394035,
        0.07167364656925201,
        -0.030994029715657234,
        -0.02835729904472828,
        0.021878665313124657,
        0.00038074571057222784,
        -0.004143063444644213,
        -0.0016787085914984345,
        -0.0064714630134403706,
        0.014946595765650272,
        0.0840899720788002,
        -0.005039379931986332,
        0.08878554403781891,
        -0.09237230569124222,
        -0.07562991976737976,
        -0.07147084921598434,
        0.010601728223264217,
        -0.008256996050477028,
        0.01074520219117403,
        -0.05135319381952286,
        0.011691625230014324,
        -0.06901831924915314,
        -0.029593443498015404,
        -0.027917878702282906,
        0.019921446219086647,
        0.04964325949549675,
        -0.0025380724109709263,
        -0.03254279866814613,
        -0.010839501395821571,
        0.05252823233604431,
        0.044982220977544785,
        -0.048925161361694336,
        0.03928104788064957,
        0.055367469787597656,
        -0.04665450379252434,
        -0.023737555369734764,
        0.02793222852051258,
        0.0032177045941352844,
        0.06272494047880173,
        0.06722401827573776,
        0.026029298081994057,
        0.023586327210068703,
        -0.003792904084548354,
        -0.05681872367858887,
        -0.2412322610616684,
        -0.034862738102674484,
        -0.011659430339932442,
        -0.018289178609848022,
        0.037558186799287796,
        -0.04398130998015404,
        0.07604289799928665,
        0.006656864657998085,
        0.025652281939983368,
        -0.008222094736993313,
        0.0700838565826416,
        -0.028189120814204216,
        0.004181933123618364,
        0.06706574559211731,
        -0.03809773549437523,
