{
    "index": 447,
    "page": 70,
    "text": "XXIV. Lucilla buried Verus; then was Lucilla herself buried by others. So Secunda \nMaximus, then Secunda herself. So Epitynchanus, Diotimus; then Epitynchanus \nhimself. So Antoninus Pius, Faustina his wife; then Antoninus himself. This is the \ncourse of the world. First Celer, Adrianus; then Adrianus himself. And those austere \nones; those that foretold other men’s deaths; those that were so proud and stately, \nwhere are they now? Those austere ones I mean, such as were Charax, and Demetri-\nus the Platonic, and Eudaemon, and others like unto those. They were all but for one \nday; all dead and gone long since. Some of them no sooner dead, than forgotten. \nOthers soon turned into fables. Of others, even that which was fabulous, is now long",
    "embedding_of_chunk": [
        -0.06640669703483582,
        0.010291379876434803,
        0.053534455597400665,
        0.008245422504842281,
        0.0013074183370918036,
        0.009549729526042938,
        0.022906430065631866,
        0.06815878301858902,
        0.008250070735812187,
        -0.05829223245382309,
        0.03146957978606224,
        -0.07620113343000412,
        0.03284768387675285,
        0.022260360419750214,
        0.012381276115775108,
        0.0348820798099041,
        -0.020220158621668816,
        0.04099149629473686,
        -0.07620970904827118,
        -0.004590199328958988,
        0.08041222393512726,
        -0.04454262554645538,
        0.009548516944050789,
        -0.035924315452575684,
        0.01179300993680954,
        0.0524267740547657,
        -0.0011428982252255082,
        -0.06670224666595459,
        -0.03542312979698181,
        -0.15605108439922333,
        -0.035929884761571884,
        -0.07384353876113892,
        0.02330823428928852,
        0.008526146411895752,
        -0.0365322083234787,
        0.012558327987790108,
        -0.04993291199207306,
        0.025559518486261368,
        -0.03566811978816986,
        0.07741435617208481,
        0.024116838350892067,
        0.018669934943318367,
        -0.02692241035401821,
        -0.030535899102687836,
        -0.04623909667134285,
        -0.04863334819674492,
        -0.03715219721198082,
        0.004781097639352083,
        0.03667670115828514,
        -0.022900624200701714,
        0.013364691287279129,
        0.011121530085802078,
        -0.011175538413226604,
        0.02891245111823082,
        0.02201104536652565,
        0.012087145820260048,
        0.06700234860181808,
        -0.0038321015890687704,
        0.009752619080245495,
        0.03775176405906677,
        0.040785498917102814,
        0.020039422437548637,
        -0.20978668332099915,
        0.06392515450716019,
        0.016331542283296585,
        0.028690502047538757,
        -0.042729344218969345,
        -0.06228246912360191,
        0.011694935150444508,
        0.07898113131523132,
        -0.03309295326471329,
        0.02062446065247059,
        0.05315447971224785,
        0.05356790870428085,
        0.041389644145965576,
        0.009607949294149876,
        0.02694748528301716,
        -0.04527343437075615,
        0.0058074756525456905,
        0.0210215263068676,
        0.006923035718500614,
        0.00754935760051012,
        -0.002723648678511381,
        -0.0004965470870956779,
        -0.07877449691295624,
        -0.038809653371572495,
        0.026816314086318016,
        -0.03594708815217018,
        0.018534166738390923,
        0.016586992889642715,
        -0.03159201145172119,
        0.009106859564781189,
        0.005422688089311123,
        0.020439110696315765,
        -0.05362401902675629,
        -0.006414339412003756,
        0.026267096400260925,
        0.010344008915126324,
        -0.007763696834445,
        0.22119911015033722,
        -0.02378309704363346,
        0.03499031439423561,
        0.020370911806821823,
        0.016500355675816536,
        0.06249488890171051,
        0.046331025660037994,
        -0.011639139614999294,
        -0.06193786486983299,
        -0.027254056185483932,
        -0.009323766455054283,
        0.019104890525341034,
        -0.027198869735002518,
        0.03664808347821236,
        -0.03857463225722313,
        0.05578524246811867,
        -0.019976509734988213,
        0.04876997694373131,
        0.024100257083773613,
        -0.013937058858573437,
        0.0153699591755867,
        0.015062295831739902,
        0.01572873443365097,
        0.05375850573182106,
        -0.031274158507585526,
        0.057847924530506134,
        -0.07796293497085571,
        0.08007154613733292,
        0.06898891180753708,
        0.002020991174504161,
        -0.0015335290227085352,
        0.02128741890192032,
        0.0011143563315272331,
        -0.037889912724494934,
        -0.01350617129355669,
        -0.0196212287992239,
        0.04782913252711296,
        0.03029928356409073,
        -0.018544720485806465,
        0.007272797171026468,
        -0.10000260174274445,
        -0.06964521110057831,
        -0.1334598809480667,
        -0.03718295693397522,
        -0.07563050836324692,
        -0.019793100655078888,
        0.07408459484577179,
        -0.008855035528540611,
        -0.002519708126783371,
        -0.042603299021720886,
        0.07161523401737213,
        -0.018386611714959145,
        0.020127614960074425,
        -0.0053255269303917885,
        0.00808763224631548,
        0.005032964516431093,
        0.013200652785599232,
        0.024522073566913605,
        0.07409709692001343,
        -0.041249703615903854,
        -0.034556567668914795,
        0.04503508284687996,
        -0.0036205744836479425,
        -0.05107149854302406,
        0.1443892866373062,
        0.07061125338077545,
        -0.042869389057159424,
        0.012587727047502995,
        0.010226859711110592,
        0.06337857991456985,
        -0.022735554724931717,
        0.05336989834904671,
        0.01118836272507906,
        -0.07937503606081009,
        0.034542739391326904,
        0.0737476646900177,
        0.02501029334962368,
        -0.02080005221068859,
        -0.006857173051685095,
        -0.025016333907842636,
        0.025329532101750374,
        0.014132176525890827,
        -0.02982487715780735,
        -0.046885523945093155,
        0.08610320836305618,
        -0.03824520483613014,
        -0.04876136779785156,
        0.02463529258966446,
        -0.03291632980108261,
        0.031223582103848457,
        0.07726312428712845,
        -0.021962890401482582,
        0.04978402704000473,
        -0.03851541504263878,
        0.016383502632379532,
        -0.024088112637400627,
        -0.012502200901508331,
        -0.013823662884533405,
        -0.0050278292037546635,
        -0.054740600287914276,
        -0.003927837125957012,
        -0.014219087548553944,
        -0.000984526239335537,
        -0.001750617753714323,
        -0.0014290751423686743,
        0.04704776778817177,
        0.0039911093190312386,
        -0.029567738994956017,
        -0.02878398261964321,
        0.04066493734717369,
        -0.01549200527369976,
        -0.03872448205947876,
        0.005464327521622181,
        0.07250256836414337,
        0.00219709612429142,
        -0.00020593698718585074,
        0.0429387129843235,
        -0.0191059410572052,
        0.007561745122075081,
        0.037352871149778366,
        0.03360147774219513,
        0.03856678307056427,
        -0.11253806948661804,
        -0.07220420241355896,
        -0.19178904592990875,
        -0.027739595621824265,
        -0.0006537812296301126,
        -0.0810178592801094,
        0.03372267261147499,
        -0.0447867214679718,
        0.018900617957115173,
        0.007802896201610565,
        0.06173199787735939,
        0.031058041378855705,
        0.07209468632936478,
        -0.06589461863040924,
        -0.01854410022497177,
        0.052195966243743896,
        0.006498578004539013,
        0.06057387590408325,
