{
    "index": 770,
    "page": 121,
    "text": "he outgrew his master’s intellectual training, he never lost touch with the true heart \nof the man it is that which Fronto’s name brings up to his remembrance, not disser-\ntations on compound verbs or fatuous criticisms of style. \n\n \n\n                                            \n93 In the war against the Catti. \n\n94 Page 4 above. \n\n95 Ad Verum, ii. 7 \nNOTES \n\nNotes \n\nT \n\nHIS BEING NEITHER A CRITICAL EDITION of the text nor an emended edition of \nCasaubon’s translation, it has not been thought necessary to add full notes. \nCasaubon’s own notes have been omitted, because for the most part they are",
    "embedding_of_chunk": [
        -0.060121070593595505,
        0.04930483177304268,
        0.01677076704800129,
        -0.02929350920021534,
        -0.008093766868114471,
        -0.044302940368652344,
        0.045767463743686676,
        0.03955383971333504,
        0.005076508037745953,
        -0.04730604961514473,
        -0.024351857602596283,
        -0.08074420690536499,
        0.04115357995033264,
        0.045131754130125046,
        0.04660871624946594,
        -0.05148892104625702,
        -0.02999010682106018,
        0.07018176466226578,
        -0.02805926837027073,
        0.03375086188316345,
        0.04112965986132622,
        -0.010819721966981888,
        -0.019328942522406578,
        -0.002507120603695512,
        0.0492774061858654,
        0.01075184065848589,
        -0.03820551931858063,
        -0.014284278266131878,
        -0.0251481831073761,
        -0.21249838173389435,
        0.0014375237515196204,
        -0.043867867439985275,
        0.04667701572179794,
        0.013688969425857067,
        -0.004280604887753725,
        -0.01850244402885437,
        -0.03519778698682785,
        0.07208829373121262,
        -0.05334591493010521,
        0.08530307561159134,
        0.0408727191388607,
        0.02710246667265892,
        -0.00213382625952363,
        -0.02801041305065155,
        -0.011965759098529816,
        -0.023265410214662552,
        0.011595219373703003,
        -0.0023041919339448214,
        0.06609196960926056,
        -0.03676927089691162,
        0.0065135410986840725,
        -0.058610331267118454,
        0.009465649724006653,
        0.014584288001060486,
        0.029104037210345268,
        0.027420636266469955,
        0.053333718329668045,
        0.02364988997578621,
        0.05116245150566101,
        0.055506277829408646,
        0.015912462025880814,
        0.0910453200340271,
        -0.27332377433776855,
        0.06184162572026253,
        0.05707337707281113,
        -0.008785138837993145,
        -0.04692276567220688,
        0.020702047273516655,
        -0.007245129905641079,
        0.0638447105884552,
        -0.08146606385707855,
        0.008976259268820286,
        0.03981069102883339,
        0.06703599542379379,
        0.028399255126714706,
        -0.0634232684969902,
        -0.020464975386857986,
        -0.015033846721053123,
        -0.003104777541011572,
        0.013585337437689304,
        0.002015636069700122,
        0.0003815818054135889,
        -0.021726148203015327,
        0.0006716107600368559,
        -0.0580054335296154,
        -0.026522396132349968,
        0.06874314695596695,
        -0.03781802952289581,
        0.007403900381177664,
        0.021886536851525307,
        -0.00407346710562706,
        -0.040969230234622955,
        -0.0029354041907936335,
        0.00981519091874361,
        -0.02403242327272892,
        -0.011552190408110619,
        0.03048017807304859,
        0.04822734743356705,
        -0.09598876535892487,
        0.18926194310188293,
        -0.0249114278703928,
        0.02826688252389431,
        0.04380112141370773,
        -0.011934794485569,
        0.014049571938812733,
        0.01374337263405323,
        -0.00013504068192560226,
        -0.04392913728952408,
        -0.03550400584936142,
        0.03594335913658142,
        -0.005601570475846529,
        -0.023400453850626945,
        0.043631717562675476,
        -0.014994466677308083,
        0.06483343243598938,
        0.0129844406619668,
        0.0802900567650795,
        -0.024152109399437904,
        -0.00971490889787674,
        0.03270452469587326,
        0.02447298914194107,
        -0.0017599941929802299,
        0.041070520877838135,
        -0.011301186867058277,
        0.029429415240883827,
        -0.08249636739492416,
        0.06502621620893478,
        0.06779120117425919,
        0.0076888082548975945,
        -0.012953703291714191,
        0.013883388601243496,
        -0.05332410708069801,
        -0.059230461716651917,
        -0.038236502557992935,
        0.00788261741399765,
        0.014694511890411377,
        0.02249746397137642,
        0.009485460817813873,
        0.011226655915379524,
        -0.028287850320339203,
        -0.043703142553567886,
        -0.10423874109983444,
        -0.03638685494661331,
        -0.009211585856974125,
        -0.03961903974413872,
        0.05610739067196846,
        0.02484571374952793,
        0.04170401766896248,
        -0.016334522515535355,
        0.060379624366760254,
        -0.04069586470723152,
        0.06013961881399155,
        -0.05104628950357437,
        0.008683056570589542,
        0.002810385078191757,
        0.01284787617623806,
        0.017323924228549004,
        0.06271195411682129,
        -0.05065324530005455,
        0.02062155120074749,
        -0.005019104573875666,
        -0.04695000499486923,
        -0.037179965525865555,
        0.11794541776180267,
        -0.036926113069057465,
        -0.053111426532268524,
        -0.03281543031334877,
        -4.129374701733468e-06,
        0.011989858001470566,
        -0.016063829883933067,
        0.03783833980560303,
        0.007829043082892895,
        -0.07094442844390869,
        0.019465584307909012,
        0.051979247480630875,
        0.025314588099718094,
        0.004267968703061342,
        -0.054489731788635254,
        0.01700637862086296,
        -7.618900417583063e-05,
        0.04264603555202484,
        -0.027598664164543152,
        -0.07219899445772171,
        0.024554962292313576,
        0.07227728515863419,
        -0.031675513833761215,
        -0.022853408008813858,
        -0.0633227750658989,
        0.0364779531955719,
        0.08541195839643478,
        0.008604224771261215,
        0.07824885100126266,
        -0.03880464285612106,
        -0.019969593733549118,
        -0.03007601760327816,
        0.003685000818222761,
        -0.01822820119559765,
        -0.008236659690737724,
        0.004811134189367294,
        0.0012339043896645308,
        -0.0391450859606266,
        0.010759630240499973,
        -0.04119427874684334,
        -0.008584718219935894,
        0.0556408129632473,
        0.03060937486588955,
        -0.00036683084908872843,
        -0.005816962104290724,
        -0.012325742281973362,
        0.03217000141739845,
        -0.04149963706731796,
        0.037330977618694305,
        0.0347948893904686,
        0.025026559829711914,
        -0.012787933461368084,
        0.010917591862380505,
        -0.014007443562150002,
        0.061997365206480026,
        0.03214963898062706,
        0.041837211698293686,
        0.0021895263344049454,
        -0.06938362121582031,
        -0.09011629223823547,
        -0.22155199944972992,
        -0.01185357291251421,
        -0.012039395049214363,
        -0.03903942182660103,
        0.04911075904965401,
        -0.07164949923753738,
        0.04122607409954071,
        -0.016663070768117905,
        0.05546391382813454,
        0.010072590783238411,
        0.02526887133717537,
        -0.008200572803616524,
        -0.0690387487411499,
        0.021449079737067223,
        -0.030393514782190323,
        0.06358855217695236,
        0.004542684648185968,
        0.019573796540498734,
        -0.05471484363079071,
        -0.0048268926329910755,
