{
    "index": 415,
    "page": 65,
    "text": "XXXIX. Free from all compulsion in all cheerfulness and alacrity thou mayst run out \nthy time, though men should exclaim against thee never so much, and the wild \nbeasts should pull in sunder the poor members of thy pampered mass of flesh. For \nwhat in either of these or the like cases should hinder the mind to retain her own \nrest and tranquillity, consisting both in the right judgment of those things that hap-\npen unto her, and in the ready use of all present matters and occasions? So that her \njudgment may say, to that which is befallen her by way of cross: this thou art in very \ndeed, and according to thy true nature: notwithstanding that in the judgment of \nopinion thou dust appear otherwise: and her discretion to the present object; thou",
    "embedding_of_chunk": [
        -0.05160283297300339,
        0.03118755854666233,
        0.02494085393846035,
        0.0234556645154953,
        -0.016030091792345047,
        0.036058325320482254,
        0.09751188009977341,
        0.020279599353671074,
        0.03610343113541603,
        -0.018620043992996216,
        -0.04421586915850639,
        -0.09454742074012756,
        0.04338020086288452,
        0.03625023365020752,
        -0.0020101338159292936,
        0.013285175897181034,
        0.020918037742376328,
        0.04127468913793564,
        -0.05807073414325714,
        0.013393468223512173,
        0.05093301832675934,
        -0.032369788736104965,
        -0.001965756993740797,
        -0.07157759368419647,
        0.0007472910219803452,
        0.008331161923706532,
        -0.03068392165005207,
        -0.0493195541203022,
        -0.02491678297519684,
        -0.14789383113384247,
        0.010100580751895905,
        -0.054088667035102844,
        0.02217995747923851,
        0.029461704194545746,
        0.0082356883212924,
        0.011816664598882198,
        -0.016726020723581314,
        0.04503072425723076,
        -0.05230587720870972,
        0.06901188939809799,
        0.028132284060120583,
        0.06432241946458817,
        0.005938706453889608,
        -0.03771036118268967,
        -0.04151378199458122,
        -0.05046088993549347,
        -0.014952805824577808,
        -0.026642708107829094,
        0.026703817769885063,
        -0.006844471674412489,
        0.009025958366692066,
        -0.007290312089025974,
        0.00809743907302618,
        0.03214769437909126,
        0.018512656912207603,
        0.03592628240585327,
        0.06661739945411682,
        0.014637262560427189,
        0.029418684542179108,
        0.00828833319246769,
        0.020150519907474518,
        0.04337097704410553,
        -0.21290726959705353,
        0.04494401067495346,
        0.052618999034166336,
        0.018608681857585907,
        -0.03768453001976013,
        -0.01235421933233738,
        0.017136234790086746,
        0.05486203357577324,
        -0.022144638001918793,
        0.03880590945482254,
        0.017493924126029015,
        0.05302997678518295,
        0.03436139598488808,
        -0.00025871634716168046,
        0.014171147719025612,
        -0.06597645580768585,
        -0.008110162802040577,
        0.022744232788681984,
        -0.020916815847158432,
        0.020641682669520378,
        0.016598735004663467,
        0.027856290340423584,
        -0.035543687641620636,
        -0.03354630619287491,
        0.005723919253796339,
        -0.09726366400718689,
        0.07082024961709976,
        0.015294558368623257,
        -0.026382258161902428,
        -0.012572405859827995,
        -0.02955641597509384,
        0.02523665316402912,
        -0.058394379913806915,
        -0.014601573348045349,
        0.03963891789317131,
        0.032581593841314316,
        -0.049019955098629,
        0.2043701410293579,
        -0.045762836933135986,
        0.056778859347105026,
        0.0010300225112587214,
        -0.033600103110075,
        0.04834246635437012,
        -0.013974894769489765,
        -0.004137525334954262,
        -0.07027144730091095,
        -0.04670000448822975,
        -0.0038558223750442266,
        0.03953822702169418,
        -0.027753548696637154,
        0.04810982942581177,
        -0.02585998922586441,
        0.0457855723798275,
        0.023295344784855843,
        0.04898923635482788,
        -0.020166873931884766,
        0.0004763469914905727,
        -0.00602692598477006,
        -0.017968079075217247,
        -0.0004809497622773051,
        0.05738752335309982,
        -0.003441232955083251,
        0.012195510789752007,
        -0.11342587321996689,
        0.07510949671268463,
        0.09574546664953232,
        -0.009564941748976707,
        -0.018084274604916573,
        0.007546732667833567,
        -0.05484926328063011,
        -0.015266546048223972,
        -0.008674005046486855,
        0.05381897836923599,
        0.021120797842741013,
        0.02112281695008278,
        -0.01827486976981163,
        0.057564876973629,
        -0.06424296647310257,
        -0.030834700912237167,
        -0.18679215013980865,
        -0.03245050832629204,
        -0.10519761592149734,
        -0.006929949391633272,
        0.0806310847401619,
        0.04710245504975319,
        0.009540867060422897,
        -0.001469047972932458,
        0.04084989055991173,
        -0.012583675794303417,
        0.04877788573503494,
        -0.04918769747018814,
        -0.029466716572642326,
        -0.0026183160953223705,
        0.053008828312158585,
        0.007667313329875469,
        0.07907804846763611,
        -0.04124309495091438,
        0.024054106324911118,
        0.05934615060687065,
        -0.011342007666826248,
        -0.020796513184905052,
        0.11698447167873383,
        -0.008255901746451855,
        -0.009711487218737602,
        -0.009575508534908295,
        -0.0021968602668493986,
        0.009690229780972004,
        0.0031246705912053585,
        0.03585868701338768,
        0.016046252101659775,
        -0.09589172899723053,
        0.0010406728833913803,
        0.06766191124916077,
        0.01786789484322071,
        -0.042187951505184174,
        0.0037496830336749554,
        0.0011358908377587795,
        -0.011360786855220795,
        0.04933920130133629,
        -0.02342100255191326,
        -0.06720508635044098,
        0.06975887715816498,
        0.03069308213889599,
        -0.012930464930832386,
        0.009073430672287941,
        -0.030944259837269783,
        0.04976958408951759,
        0.06697218865156174,
        -0.022972052916884422,
        0.0007144110859371722,
        -0.04488234594464302,
        -0.01892693340778351,
        -0.05175450071692467,
        -0.03219451755285263,
        -0.04623401165008545,
        0.012487132102251053,
        -0.042076364159584045,
        0.0076713259331882,
        0.022779684513807297,
        -0.0050963121466338634,
        -0.02055075578391552,
        0.01828240230679512,
        0.06232839450240135,
        0.0002931858762167394,
        0.026185940951108932,
        -0.04681864753365517,
        0.05196740850806236,
        0.011168254539370537,
        -0.016441650688648224,
        0.020023219287395477,
        0.038190197199583054,
        -0.005585831124335527,
        -0.006979386787861586,
        0.07901506125926971,
        0.035754431039094925,
        0.00179920787923038,
        0.05751190334558487,
        0.012451175600290298,
        0.016495615243911743,
        -0.10493144392967224,
        -0.06332385540008545,
        -0.24550849199295044,
        0.04081552103161812,
        -0.0031008729711174965,
        -0.041723426431417465,
        0.10346169024705887,
        -0.0639127567410469,
        0.024586163461208344,
        -0.030381692573428154,
        0.03765947371721268,
        0.0164507944136858,
        0.04397999867796898,
        -0.06568644940853119,
        -0.019940532743930817,
        0.02507050335407257,
        -0.026595741510391235,
