{
    "index": 303,
    "page": 48,
    "text": "Those that be admired by them that are more moderate and restrained, are compre-\nhended under things animated: as flocks and herds. Those that are yet more gentle \nand curious, their admiration is commonly confined to reasonable creatures only; \nnot in general as they are reasonable, but as they are capable of art, or of some craft \nand subtile invention: or perchance barely to reasonable creatures; as they that de-\nlight in the possession of many slaves. But he that honours a reasonable soul in \ngeneral, as it is reasonable and naturally sociable, doth little regard anything else: \nand above all things is careful to preserve his own, in the continual habit and exer-\ncise both of reason and sociableness: and thereby doth co-operate with him, of",
    "embedding_of_chunk": [
        -0.0067891632206737995,
        -0.01092497631907463,
        0.04820070415735245,
        -0.02363773062825203,
        0.007820947095751762,
        0.0057286834344267845,
        0.07334458082914352,
        0.018541332334280014,
        -0.021003570407629013,
        -0.0041848523542284966,
        -0.025666745379567146,
        -0.05661970376968384,
        0.036104489117860794,
        0.017713185399770737,
        -0.003911045379936695,
        0.007502686232328415,
        0.03590716794133186,
        0.04477447643876076,
        -0.06222590059041977,
        0.027655771002173424,
        0.013089699670672417,
        -0.021760281175374985,
        -0.021257290616631508,
        -0.07263503968715668,
        -0.013988685794174671,
        0.027393195778131485,
        -0.010748609900474548,
        -0.024826673790812492,
        -0.024123230949044228,
        -0.12484055757522583,
        -0.007637782488018274,
        -0.04956544563174248,
        0.0551360584795475,
        -0.022477488964796066,
        0.0010732179507613182,
        -0.018205728381872177,
        -0.010456427931785583,
        0.03753746300935745,
        -0.0017488348530605435,
        0.03297841548919678,
        0.022798465564846992,
        0.0051045832224190235,
        -0.02447456307709217,
        -0.04961250349879265,
        -0.06728513538837433,
        -0.035164736211299896,
        -0.01036262046545744,
        -0.030859090387821198,
        -0.025950195267796516,
        -0.040264878422021866,
        -0.00970782432705164,
        -0.04253741353750229,
        0.005955967120826244,
        0.018659032881259918,
        -0.015054510906338692,
        0.004867982119321823,
        0.05451614037156105,
        0.008079461753368378,
        0.033932384103536606,
        -0.01925015263259411,
        0.06195593625307083,
        0.06326856464147568,
        -0.17954270541667938,
        0.07908620685338974,
        0.017988350242376328,
        0.004176180809736252,
        -0.04259083420038223,
        -0.038388848304748535,
        -0.0007045866223052144,
        0.014961267821490765,
        0.016104012727737427,
        0.022186771035194397,
        0.06104021519422531,
        0.03700965270400047,
        0.018890194594860077,
        -0.016563275828957558,
        -0.031085506081581116,
        -0.06428586691617966,
        -0.023225711658596992,
        0.012792208231985569,
        0.007414302323013544,
        -0.005879946984350681,
        -0.012221665121614933,
        0.021804796531796455,
        -0.033938102424144745,
        -0.019836053252220154,
        0.04976412653923035,
        -0.0956278070807457,
        0.016956083476543427,
        0.04336467757821083,
        -0.03706509619951248,
        -0.022477667778730392,
        -0.0380321741104126,
        -0.0029682519380003214,
        -0.02948766201734543,
        -0.011827930808067322,
        0.021598219871520996,
        -0.018934937193989754,
        -0.07581580430269241,
        0.24333620071411133,
        0.004798975773155689,
        0.04927666112780571,
        0.03853114694356918,
        -0.031121719628572464,
        0.05351458489894867,
        -0.018349822610616684,
        0.01092197559773922,
        -0.013000482693314552,
        -0.0331280380487442,
        0.00474038440734148,
        0.006093225907534361,
        -0.01664099283516407,
        0.03231427073478699,
        -0.06176261231303215,
        0.03738963231444359,
        0.012253651395440102,
        -0.012041340582072735,
        0.023579366505146027,
        0.022978506982326508,
        -0.02280210331082344,
        -0.02387477457523346,
        0.02523350901901722,
        0.09152065962553024,
        -0.030518831685185432,
        0.04057914763689041,
        -0.07366390526294708,
        0.03547912463545799,
        0.08849406242370605,
        0.013660592027008533,
        -0.014809680171310902,
        -0.016357924789190292,
        -0.029791617766022682,
        0.013939990662038326,
        -0.012218162417411804,
        0.04190462827682495,
        0.032119978219270706,
        0.01766074448823929,
        -0.007801651023328304,
        0.013585726730525494,
        -0.01860998570919037,
        -0.0017304816283285618,
        -0.12126703560352325,
        -0.018975991755723953,
        -0.14186367392539978,
        -0.01680820994079113,
        0.05573929473757744,
        -0.022985441610217094,
        0.06731615960597992,
        -0.022205421701073647,
        0.05429578199982643,
        -0.022551242262125015,
        0.01573263853788376,
        -0.03751750290393829,
        0.004180763848125935,
        0.04180191829800606,
        0.006663820240646601,
        0.028416035696864128,
        0.09406857192516327,
        -0.03736969828605652,
        0.019334567710757256,
        0.036757227033376694,
        -0.035325657576322556,
        -0.013154401443898678,
        0.09852828830480576,
        0.04756282642483711,
        -0.05783713608980179,
        -0.02552853710949421,
        -0.00534692220389843,
        -0.0023196463007479906,
        0.012093985453248024,
        0.010277255438268185,
        0.022858254611492157,
        -0.06321114301681519,
        0.04257422313094139,
        0.08172564208507538,
        0.026588747277855873,
        -0.08347101509571075,
        0.005843904800713062,
        -0.03131527453660965,
        0.0339934304356575,
        0.06292025744915009,
        -0.05956975370645523,
        -0.04210437834262848,
        0.0707339346408844,
        0.0356069840490818,
        -0.015124893747270107,
        -0.03906369209289551,
        -0.026265688240528107,
        0.0650998204946518,
        0.07525081932544708,
        -0.0077691106125712395,
        0.029841233044862747,
        -0.06132429093122482,
        -0.020053057000041008,
        -0.013882973231375217,
        0.013073968701064587,
        0.0036577414721250534,
        -0.03084690123796463,
        -0.042344506829977036,
        -0.016857171431183815,
        -0.031054480001330376,
        -0.005098078399896622,
        -0.0299370139837265,
        0.02190130576491356,
        0.04719281569123268,
        0.03416523337364197,
        0.004251739010214806,
        -0.0276042353361845,
        0.050896402448415756,
        0.02386515960097313,
        -0.044117823243141174,
        0.03302786871790886,
        -0.006409899331629276,
        0.014301738701760769,
        -0.05142023041844368,
        0.07727054506540298,
        0.027274437248706818,
        0.007945507764816284,
        0.03998836129903793,
        -0.0018445184687152505,
        0.03786449134349823,
        -0.08402575552463531,
        -0.0718042328953743,
        -0.2709138095378876,
        0.02198590151965618,
        0.003324662335216999,
        -0.04373583942651749,
        0.07887250930070877,
        -0.06560101360082626,
        0.053581226617097855,
        -0.048199981451034546,
        0.024867039173841476,
        0.02075195126235485,
        0.026308342814445496,
        -0.019088225439190865,
        -0.02898409590125084,
        0.03832586482167244,
        0.01108517311513424,
