{
    "index": 521,
    "page": 82,
    "text": "cause, to accept it contentedly: whatsoever thou doest, whereof thou thyself art the \ncause, to do it justly: which will be, if both in thy resolution and in thy action thou \nhave no further end, than to do good unto others, as being that, which by thy natu-\nral constitution, as a man, thou art bound unto.",
    "embedding_of_chunk": [
        -0.011963347904384136,
        -0.005010397173464298,
        0.0041879815980792046,
        -0.04335635155439377,
        -0.01523562427610159,
        0.016008084639906883,
        0.10819026082754135,
        0.07434386014938354,
        -0.01636691205203533,
        -0.032328296452760696,
        0.02599368616938591,
        -0.08232768625020981,
        -0.003874201560392976,
        0.018017306923866272,
        0.020340869203209877,
        0.0023749032989144325,
        -0.03302355110645294,
        0.05893782526254654,
        -0.10481464117765427,
        0.024847274646162987,
        0.03526471182703972,
        0.008574055507779121,
        0.008805559016764164,
        -0.05337043106555939,
        0.026694465428590775,
        0.038769546896219254,
        -0.03136049583554268,
        -0.0468798466026783,
        0.0004871072596870363,
        -0.17735342681407928,
        -0.016744427382946014,
        -0.03316279500722885,
        0.019880492240190506,
        -0.008050649426877499,
        0.001808081055060029,
        -0.026622366160154343,
        -0.04250763729214668,
        -0.0008809716091491282,
        -0.026613252237439156,
        0.059759508818387985,
        0.010918449610471725,
        0.052593812346458435,
        0.005308295134454966,
        -0.06588978320360184,
        -0.04196835681796074,
        -0.027190955355763435,
        0.011362679302692413,
        -0.01609421893954277,
        0.00493706064298749,
        -0.02426053024828434,
        -0.024716779589653015,
        -0.013762560673058033,
        0.0022033334244042635,
        0.041407689452171326,
        0.03184982016682625,
        0.05935835465788841,
        0.050365153700113297,
        0.051337651908397675,
        0.04590875282883644,
        0.01625811494886875,
        0.022289851680397987,
        0.022622976452112198,
        -0.264001727104187,
        0.09760364890098572,
        0.07874184846878052,
        0.017311228439211845,
        0.00028054288122802973,
        0.007581150624901056,
        -0.02313215844333172,
        0.07260933518409729,
        -0.035196252167224884,
        0.03951849788427353,
        0.013743509538471699,
        0.06783845275640488,
        0.0222028661519289,
        -0.014534585177898407,
        0.017358427867293358,
        -0.05932927504181862,
        -0.005876743700355291,
        0.0036168491933494806,
        0.010340607725083828,
        0.013283670879900455,
        0.01612899824976921,
        0.028383007273077965,
        -0.05869363993406296,
        -0.0395844466984272,
        -0.003558627562597394,
        -0.07754248380661011,
        0.07228495180606842,
        0.018912173807621002,
        -0.019588526338338852,
        -0.0032911114394664764,
        -0.027803758159279823,
        0.035103265196084976,
        -0.05414249375462532,
        -0.021260742098093033,
        0.03821041062474251,
        -0.012602646835148335,
        -0.05320938676595688,
        0.17695969343185425,
        -0.055355604737997055,
        0.026655303314328194,
        -0.006669233087450266,
        -0.038254767656326294,
        0.053399596363306046,
        0.03422248736023903,
        -0.012057555839419365,
        -0.0354241207242012,
        -0.02606431394815445,
        -0.02274763211607933,
        0.010481875389814377,
        -0.015649937093257904,
        0.04645044356584549,
        -0.06667134910821915,
        0.04220927506685257,
        0.03749283403158188,
        0.047056645154953,
        0.022626426070928574,
        -0.040155861526727676,
        -0.03425893932580948,
        -0.028078071773052216,
        0.02408570796251297,
        0.03143675997853279,
        -0.05153738707304001,
        -0.01890556700527668,
        -0.10078943520784378,
        0.04410192742943764,
        0.14123079180717468,
        0.02415982447564602,
        -0.06089683249592781,
        0.019731692969799042,
        -0.06121440976858139,
        -0.05531926080584526,
        0.006049138959497213,
        0.026741497218608856,
        0.0008334749145433307,
        0.03094317391514778,
        -0.015761004760861397,
        0.0044291093945503235,
        -0.017883721739053726,
        -0.004946091677993536,
        -0.09953270852565765,
        -0.03099057823419571,
        -0.11235411465167999,
        -0.02686225064098835,
        0.07446755468845367,
        0.010088881477713585,
        0.03820529580116272,
        -0.05383174121379852,
        0.022532543167471886,
        -0.013113432563841343,
        0.06911186128854752,
        -0.050439365208148956,
        -0.007983011193573475,
        -0.00023777228489052504,
        0.04556899145245552,
        0.009932567365467548,
        0.01671580784022808,
        -0.005997723899781704,
        0.010648544877767563,
        -0.04164004325866699,
        -0.05167676508426666,
        -0.05972199887037277,
        0.10440654307603836,
        -0.005189390387386084,
        -0.04155021905899048,
        -0.0050926790572702885,
        -0.007604817394167185,
        0.01950613036751747,
        -0.000956417468842119,
        0.006685580126941204,
        0.005401927977800369,
        -0.04556454345583916,
        0.038737114518880844,
        0.08515314012765884,
        0.03851940482854843,
        -0.06500072032213211,
        0.03151736035943031,
        -0.003749251365661621,
        0.019340015947818756,
        0.027247726917266846,
        -0.058979857712984085,
        -0.06601689755916595,
        0.03076719120144844,
        0.023650262504816055,
        -0.011800135485827923,
        0.008255279622972012,
        -0.03330158069729805,
        0.057191550731658936,
        0.012196110561490059,
        -0.032304443418979645,
        0.07949269562959671,
        -0.06647226214408875,
        -0.0052457223646342754,
        -0.01590069942176342,
        -0.040377888828516006,
        -0.04354892671108246,
        -0.021120969206094742,
        -0.004472983069717884,
        0.013193189166486263,
        -0.010285435244441032,
        0.006307425908744335,
        -0.03662664443254471,
        0.011088494211435318,
        0.023305639624595642,
        0.0019421083852648735,
        -0.02741933986544609,
        -0.017638804391026497,
        0.030972663313150406,
        0.03946681320667267,
        -0.05511244386434555,
        0.0794476568698883,
        0.04955144599080086,
        0.007792404852807522,
        -0.009452927857637405,
        0.022862816229462624,
        0.027674170210957527,
        0.027712080627679825,
        0.011138592846691608,
        0.06530187278985977,
        -0.0023203520104289055,
        -0.06674931198358536,
        -0.03595045208930969,
        -0.2505215108394623,
        0.003719991073012352,
        -0.0154086509719491,
        -0.028314946219325066,
        0.0627402514219284,
        -0.028876077383756638,
        -0.0019434877904132009,
        0.02063116617500782,
        -0.010369734838604927,
        0.05135563388466835,
        0.07397008687257767,
        -0.02926298789680004,
        -0.02518855407834053,
        0.013603162951767445,
        -0.017020270228385925,
        0.04116459935903549,
        -0.019013844430446625,
        0.020052595064044,
        -0.009720460511744022,
        0.013387301005423069,
        -0.034627437591552734,
        0.0558292418718338,
        -0.020716825500130653,
        -0.08608236908912659,
        0.01282741129398346,
        0.013800100423395634,
        0.1771148294210434,
        0.07983901351690292,
        0.04983020946383476,
        -0.00828645471483469,
