{
    "index": 707,
    "page": 110,
    "text": "50 In another place he deems himself blest \n\n51 although the context shows \n\nbecause Pronto had taught him to speak the truth;\n\nhim to be speaking of expression, it is still a point in favour of Pronto. A sincere heart \nis better than literary taste; and if Fronto had not done his duty by the young prince, \n\n                                            \n48 References are made to the edition of Naber, Leipzig (Trübner), 1867. \n\n49 Ad Verum Imp. Aur. Cæs., ii, 7. \n\n50 Ad M. Cæs., iii. 17. \n\n51 [Ibid.] iii. 12. \nAPPENDIX \n\nit is not easy to understand the friendship which remained between them up to the \nlast.",
    "embedding_of_chunk": [
        -0.06423671543598175,
        0.044351547956466675,
        0.03825443983078003,
        -0.040744129568338394,
        0.004209168255329132,
        -0.011450957506895065,
        0.06420239806175232,
        0.067072294652462,
        -0.014040208421647549,
        -0.05074044317007065,
        0.00584809435531497,
        -0.07413336634635925,
        0.012837451882660389,
        0.03654349967837334,
        0.0072016604244709015,
        0.0015143235214054585,
        0.007136223837733269,
        0.001632876810617745,
        -0.08340586721897125,
        0.023215848952531815,
        0.035073112696409225,
        -0.036291517317295074,
        -0.027036301791667938,
        -0.07323203980922699,
        0.04942375421524048,
        0.04339034482836723,
        -0.02670258656144142,
        -0.01808914728462696,
        -0.032786790281534195,
        -0.16475944221019745,
        0.029046744108200073,
        -0.02171214111149311,
        0.029232114553451538,
        -0.0320221446454525,
        -0.039107996970415115,
        -0.00565348332747817,
        -0.043252237141132355,
        0.016654180362820625,
        -0.05018972232937813,
        0.03955060988664627,
        0.034794896841049194,
        -0.021830078214406967,
        0.00383988069370389,
        -0.007725108880549669,
        -0.031684454530477524,
        -0.010804503224790096,
        0.021201593801379204,
        -0.0359308086335659,
        0.0225051436573267,
        -0.023876821622252464,
        -0.02296726405620575,
        -0.022727306932210922,
        -0.009806104004383087,
        0.003136106999590993,
        0.0055158864706754684,
        0.046955350786447525,
        0.07025700062513351,
        0.04155590385198593,
        0.05304582044482231,
        0.046255923807621,
        0.02703542448580265,
        0.04661380872130394,
        -0.2548525929450989,
        0.04849131405353546,
        0.03471052274107933,
        0.02073770761489868,
        -0.040471337735652924,
        -0.012428871355950832,
        -0.01179691031575203,
        0.050038184970617294,
        -0.03189205750823021,
        0.0068438113667070866,
        0.07004006952047348,
        0.0203371774405241,
        -0.0012250372674316168,
        -0.021566340699791908,
        -0.04052887111902237,
        -0.018407806754112244,
        0.03710232675075531,
        0.030172403901815414,
        -0.013814453035593033,
        0.01745087280869484,
        -0.029158273711800575,
        0.026849238201975822,
        -0.05365888401865959,
        -0.04225367307662964,
        0.059790272265672684,
        -0.0486702099442482,
        -0.009158645756542683,
        0.023901205509901047,
        -0.009195290505886078,
        -0.029773930087685585,
        -0.02943328209221363,
        0.02751830592751503,
        -0.022159621119499207,
        -0.02906019054353237,
        -0.003088233759626746,
        0.02964409440755844,
        -0.04567016288638115,
        0.16464553773403168,
        -0.04770711436867714,
        0.041569776833057404,
        0.040643464773893356,
        -0.016856364905834198,
        0.028334641829133034,
        -0.005617865361273289,
        0.0002469015889801085,
        -0.03204400837421417,
        -0.03438698500394821,
        0.03550412878394127,
        -0.01468784362077713,
        -0.055654607713222504,
        0.021848147734999657,
        -0.033843670040369034,
        0.06359733641147614,
        0.0009852448711171746,
        0.08504510670900345,
        0.01965058594942093,
        -0.04744643345475197,
        -0.00744934007525444,
        -0.03135751187801361,
        -0.0075348420068621635,
        0.04597228020429611,
        -0.0014547505415976048,
        0.00311585096642375,
        -0.07714200019836426,
        0.0512256994843483,
        0.09831778705120087,
        -0.014833571389317513,
        -0.006664894986897707,
        0.019030719995498657,
        -0.04719521477818489,
        -0.05133988708257675,
        -0.009088501334190369,
        -0.012555391527712345,
        0.00027239040355198085,
        0.003939654212445021,
        -0.01633359305560589,
        0.0582127571105957,
        -0.04862242937088013,
        -0.03955185413360596,
        -0.14581352472305298,
        -0.06035807728767395,
        -0.028846289962530136,
        -0.03930475935339928,
        0.07238557934761047,
        -0.02930121310055256,
        0.04992714151740074,
        -0.02676893025636673,
        0.05095997825264931,
        -0.027771176770329475,
        0.04140971228480339,
        -0.030267322435975075,
        0.013535700738430023,
        0.012937885709106922,
        -0.04010049253702164,
        0.004167097620666027,
        0.07982219010591507,
        -0.01651993952691555,
        0.04343809187412262,
        0.011744732037186623,
        -0.04801366478204727,
        -0.01705440878868103,
        0.09910184144973755,
        0.052122652530670166,
        -0.0411963053047657,
        -0.024026770144701004,
        0.00028939350158907473,
        0.0030340314842760563,
        -0.010040129534900188,
        0.044538464397192,
        -0.009494262747466564,
        -0.041015371680259705,
        0.06329401582479477,
        0.061175864189863205,
        0.020829612389206886,
        -0.03365841135382652,
        -0.02240336872637272,
        -0.051005832850933075,
        0.023548297584056854,
        0.05396461486816406,
        -0.05203665792942047,
        -0.009925837628543377,
        0.06221612170338631,
        0.006510347593575716,
        -0.0319005511701107,
        0.04388265684247017,
        -0.0549430176615715,
        0.0789908766746521,
        0.10888022184371948,
        0.0190481748431921,
        0.09502893686294556,
        -0.016000639647245407,
        -0.005351841915398836,
        -0.04361726716160774,
        -0.04055049642920494,
        -0.049049898982048035,
        -0.014736481942236423,
        -0.040197212249040604,
        -0.0015028150519356132,
        -0.029036758467555046,
        0.008154851384460926,
        -0.038288041949272156,
        -0.0028389894869178534,
        -0.0033734373282641172,
        0.05613444000482559,
        0.010190211236476898,
        -0.005126411560922861,
        0.053791593760252,
        0.025120824575424194,
        -0.05614228546619415,
        0.015368478372693062,
        0.04116005077958107,
        0.006743324920535088,
        0.01974465698003769,
        0.02730841375887394,
        -0.016481462866067886,
        0.051456935703754425,
        0.05872682109475136,
        0.05684899538755417,
        -0.0015516277635470033,
        -0.09171481430530548,
        -0.0634835734963417,
        -0.2316596955060959,
        0.024577228352427483,
        0.0019696680828928947,
        -0.03583698719739914,
        0.06838757544755936,
        -0.031832706183195114,
        0.03142064809799194,
        0.001377524109557271,
        0.03659820556640625,
        0.07631813734769821,
        0.03799443319439888,
        -0.07008485496044159,
        -0.02071084827184677,
        0.0627584382891655,
        -0.00967166107147932,
        0.046466466039419174,
        0.03126174956560135,
        0.03685124218463898,
        0.0008157272241078317,
        -0.0169646255671978,
