{
    "index": 676,
    "page": 106,
    "text": "XI. Either fate, (and that either an absolute necessity, and unavoidable decree; or a \nplacable and flexible Providence) or all is a mere casual confusion, void of all order \nand government. If an absolute and unavoidable necessity, why doest thou resist? If \na placable and exorable Providence, make thyself worthy of the divine help and assis-\ntance. If all be a mere confusion without any moderator, or governor, then hast thou \nreason to congratulate thyself; that in such a general flood of confusion thou thyself \nhast obtained a reasonable faculty, whereby thou mayest govern thine own life and \nactions. But if thou beest carried away with the flood, it must be thy body perchance, \nor thy life, or some other thing that belongs unto them that is carried away: thy mind",
    "embedding_of_chunk": [
        0.0008328879484906793,
        -0.00829190481454134,
        -0.011778793297708035,
        -0.013909414410591125,
        -0.014809883199632168,
        0.020912757143378258,
        0.08190660923719406,
        0.07124988734722137,
        0.0017675708513706923,
        0.009847372770309448,
        -0.0008099822443909943,
        -0.09033234417438507,
        0.020190885290503502,
        0.013334427960216999,
        0.022471554577350616,
        0.022578855976462364,
        -0.017460299655795097,
        0.0681476891040802,
        -0.07003854215145111,
        0.01368619967252016,
        0.09167100489139557,
        -0.04371879622340202,
        -0.07330141961574554,
        -0.03810981661081314,
        0.04457635432481766,
        0.05026543140411377,
        -0.015978848561644554,
        -0.054781343787908554,
        -0.016249915584921837,
        -0.17817391455173492,
        -0.005747961346060038,
        -0.026178335770964622,
        0.003378337249159813,
        -0.004746089223772287,
        -0.002109895460307598,
        -0.010860688053071499,
        -0.006819238420575857,
        0.04271929711103439,
        -0.007439794484525919,
        0.03329338878393173,
        0.023451123386621475,
        0.057418495416641235,
        0.004248371347784996,
        -0.024964256212115288,
        -0.015276824124157429,
        -0.08627922832965851,
        -0.021378593519330025,
        0.01195885892957449,
        0.020334970206022263,
        -0.012999285012483597,
        -0.019459348171949387,
        -0.002857423387467861,
        0.024337826296687126,
        0.04912877827882767,
        0.04134734347462654,
        0.05115494877099991,
        0.042301807552576065,
        0.03335137665271759,
        0.04655982926487923,
        0.020077751949429512,
        0.019873138517141342,
        0.016127057373523712,
        -0.21524426341056824,
        0.06967345625162125,
        0.05053562670946121,
        -0.0013237580424174666,
        -0.026343349367380142,
        -0.03366957977414131,
        0.010369991883635521,
        0.048940032720565796,
        -0.011933637782931328,
        0.025413675233721733,
        0.020006811246275902,
        0.10243581235408783,
        0.01063323300331831,
        -0.04538622871041298,
        -0.015996599569916725,
        -0.05807837098836899,
        -0.012003983370959759,
        0.027140581980347633,
        0.020661363378167152,
        0.019468557089567184,
        -0.004546468611806631,
        -0.021837208420038223,
        -0.036437783390283585,
        -0.04020625725388527,
        0.02180088497698307,
        -0.08211348950862885,
        0.04064667597413063,
        -0.017027487978339195,
        -0.003003734862431884,
        -0.009166732430458069,
        0.03298061713576317,
        0.00811210460960865,
        -0.022094350308179855,
        -0.0024514314718544483,
        0.07731184363365173,
        -0.033416811376810074,
        -0.06380211561918259,
        0.22465859353542328,
        -0.04320940002799034,
        0.030588075518608093,
        0.01405167393386364,
        -0.022431014105677605,
        0.048105403780937195,
        -0.004149161744862795,
        -0.01668626070022583,
        -0.06193571165204048,
        -0.015628237277269363,
        0.010815530084073544,
        0.02398822456598282,
        -0.05229407176375389,
        0.06956103444099426,
        -0.06055654212832451,
        0.043484125286340714,
        0.038547441363334656,
        0.0005020993412472308,
        -0.0357702299952507,
        -0.03720508888363838,
        -0.00816198717802763,
        -0.014621366746723652,
        0.05253342166543007,
        0.05350631847977638,
        -0.020908266305923462,
        0.005549323745071888,
        -0.09188133478164673,
        0.04209018126130104,
        0.10342331975698471,
        0.016341594979166985,
        -0.00709238275885582,
        -0.01235975045710802,
        -0.06394730508327484,
        -0.013839018531143665,
        -0.022338977083563805,
        0.017786430194973946,
        0.009906429797410965,
        -0.005393826402723789,
        -0.00011515354708535597,
        -0.0036640726029872894,
        -0.05480877682566643,
        -0.04028288275003433,
        -0.13144849240779877,
        -0.014768632128834724,
        -0.10653180629014969,
        -0.03273676708340645,
        0.10512659698724747,
        0.013974517583847046,
        0.02068624272942543,
        -0.02634064108133316,
        0.046163834631443024,
        -0.05206865072250366,
        0.03937755525112152,
        -0.05752319470047951,
        -0.046265434473752975,
        0.019023310393095016,
        0.037832826375961304,
        0.020019888877868652,
        0.052343353629112244,
        -0.032387424260377884,
        0.023190965875983238,
        0.019327091053128242,
        -0.05327204242348671,
        -0.032020192593336105,
        0.1472252607345581,
        0.009044342674314976,
        -0.020851371809840202,
        0.004528369288891554,
        -0.008558826521039009,
        0.016335660591721535,
        -0.015527724288403988,
        0.0181182399392128,
        0.010210292413830757,
        -0.07725423574447632,
        0.0166773684322834,
        0.0711674690246582,
        0.046884823590517044,
        -0.012063540518283844,
        -0.0009956168942153454,
        -0.00024542168830521405,
        0.017830777913331985,
        0.04942591115832329,
        -0.06943686306476593,
        -0.05117923393845558,
        0.07307436317205429,
        0.021686844527721405,
        -0.035877760499715805,
        -0.010935666039586067,
        -0.04175436496734619,
        0.036731548607349396,
        0.01919599436223507,
        -0.015132118947803974,
        0.06313657015562057,
        -0.03619254380464554,
        -0.01918010599911213,
        -0.03658652678132057,
        0.0036482345312833786,
        -0.016141535714268684,
        -0.021857790648937225,
        -0.03762727975845337,
        -0.03392694517970085,
        -0.010505784302949905,
        -0.0023441039957106113,
        0.007286761421710253,
        0.009545614942908287,
        0.0372178889811039,
        0.010520534589886665,
        0.01048621628433466,
        -0.011099331080913544,
        -0.001307325204834342,
        0.032105978578329086,
        -0.03248295187950134,
        0.04969433695077896,
        0.03892805427312851,
        -0.0014474042691290379,
        -0.015721067786216736,
        0.050927791744470596,
        0.029795430600643158,
        0.005798633210361004,
        0.03880603238940239,
        0.03290042653679848,
        0.03987696394324303,
        -0.10833567380905151,
        -0.02150639519095421,
        -0.22504302859306335,
        0.018199454993009567,
        -0.045905325561761856,
        -0.03700842708349228,
        0.055695075541734695,
        -0.06906170397996902,
        -0.015571330673992634,
        -0.003264376427978277,
        -0.0038951325695961714,
        0.036766018718481064,
        0.05258302018046379,
        -0.05851391330361366,
        -0.007037933450192213,
