{
    "index": 484,
    "page": 76,
    "text": "For as for that which doth not, it is its own fault and loss, if it bereave itself of her \nlight. \n\nLV. He that feareth death, either feareth that he shall have no sense at all, or that his \nsenses will not be the same. Whereas, he should rather comfort himself, that either \nno sense at all, and so no sense of evil; or if any sense, then another life, and so no \ndeath properly. \n\nLVI. All men are made one for another: either then teach them better, or bear with \nthem. \n\nLVII. The motion of the mind is not as the motion of a dart. For the mind when it is \nwary and cautelous, and by way of diligent circumspection turneth herself many \nways, may then as well be said to go straight on to the object, as when it useth no \nsuch circumspection.",
    "embedding_of_chunk": [
        -0.013867374509572983,
        -0.020072095096111298,
        0.003513927338644862,
        -0.004359706304967403,
        -0.018971674144268036,
        0.019829025492072105,
        0.15059995651245117,
        0.03764524310827255,
        0.020327819511294365,
        -0.04063883423805237,
        0.020376641303300858,
        -0.0865841954946518,
        0.028422461822628975,
        0.0668315589427948,
        -0.006656415294855833,
        -0.0021724661346524954,
        0.0019434080459177494,
        0.04702252522110939,
        -0.06412860006093979,
        0.0414731539785862,
        0.08266652375459671,
        -0.05118982493877411,
        -0.008457215502858162,
        -0.046278052031993866,
        0.011052806861698627,
        0.017694590613245964,
        -0.02048368752002716,
        -0.006534261628985405,
        -0.008697357028722763,
        -0.16188617050647736,
        0.0052623082883656025,
        -0.06881726533174515,
        -0.015163429081439972,
        -0.026476673781871796,
        -0.008009522221982479,
        -0.008199640549719334,
        -0.04439859837293625,
        0.04859081655740738,
        -0.0017089906614273787,
        0.02727092243731022,
        0.03980940207839012,
        0.030709873884916306,
        -0.030917605385184288,
        -0.009676619432866573,
        -0.0018575529102236032,
        -0.06938252598047256,
        0.007861416786909103,
        0.003133267629891634,
        0.05195121094584465,
        -0.047100845724344254,
        -0.028110122308135033,
        -0.036895185708999634,
        0.023713432252407074,
        0.014941390603780746,
        -0.022267727181315422,
        -0.001681761583313346,
        0.038827188313007355,
        0.04003399610519409,
        0.026790134608745575,
        0.019091187044978142,
        0.06728428602218628,
        0.0012466410407796502,
        -0.21194089949131012,
        0.07535480707883835,
        0.061106402426958084,
        0.005783916916698217,
        -0.03175702691078186,
        -0.06054743006825447,
        0.012467524036765099,
        0.06402383744716644,
        -0.010052485391497612,
        0.009992644190788269,
        0.06435723602771759,
        0.03163807839155197,
        0.039129629731178284,
        -0.0037465987261384726,
        0.0033094885293394327,
        -0.05808199197053909,
        -0.005700353998690844,
        0.024317575618624687,
        -0.014361782930791378,
        0.028076879680156708,
        -0.035093192011117935,
        0.020768005400896072,
        -0.027336055412888527,
        -0.04506092891097069,
        0.015309283509850502,
        -0.08588846772909164,
        0.004323380533605814,
        -0.020658086985349655,
        -0.024146968498826027,
        -0.011121327057480812,
        -0.01252526044845581,
        -0.007124538533389568,
        -0.035562992095947266,
        -0.029209375381469727,
        0.02985888160765171,
        0.03853064402937889,
        -0.07280150055885315,
        0.19236524403095245,
        -0.04113154858350754,
        0.037757571786642075,
        0.024714799597859383,
        -0.0010982508538290858,
        0.09154506027698517,
        -0.011880923993885517,
        -0.01604434661567211,
        -0.061131950467824936,
        -0.03556443378329277,
        0.006277317181229591,
        0.0238941740244627,
        1.762269312166609e-05,
        0.02743704617023468,
        -0.0564994215965271,
        0.05142825096845627,
        0.03973634913563728,
        0.049655839800834656,
        0.016160570085048676,
        -0.00308811804279685,
        0.022098105400800705,
        -0.014647377654910088,
        -0.007021869998425245,
        0.0831754207611084,
        -0.03488913178443909,
        0.030916133895516396,
        -0.12018340826034546,
        0.0329451858997345,
        0.13700009882450104,
        0.03700632601976395,
        -0.01529238373041153,
        0.042385268956422806,
        -0.08387397974729538,
        -0.013082501478493214,
        -0.0064206779934465885,
        0.006026395596563816,
        0.05384278669953346,
        0.03359721973538399,
        -0.044145941734313965,
        0.02711592987179756,
        -0.05618748813867569,
        -0.021125126630067825,
        -0.12308522313833237,
        -0.024736113846302032,
        -0.10938873142004013,
        -0.02619163878262043,
        0.04409831389784813,
        -0.010205176658928394,
        0.013073413632810116,
        -0.04150176793336868,
        0.07872571051120758,
        -0.04164242744445801,
        0.04376998916268349,
        -0.04732140526175499,
        -0.029872776940464973,
        0.015752511098980904,
        0.03145519644021988,
        0.005315026268362999,
        0.052703119814395905,
        -0.036813195794820786,
        0.03867889940738678,
        0.03292909264564514,
        -0.037969011813402176,
        -0.03177904337644577,
        0.11441540718078613,
        -0.008197849616408348,
        0.0095028355717659,
        -0.021847393363714218,
        0.018797334283590317,
        0.03364449739456177,
        -0.05195074528455734,
        0.04182196781039238,
        0.0076466770842671394,
        -0.03634177893400192,
        0.0037321411073207855,
        0.06826891750097275,
        0.028116164728999138,
        -0.051302049309015274,
        -0.04490935429930687,
        -0.01667662151157856,
        0.06656678020954132,
        0.026459019631147385,
        -0.04508904367685318,
        -0.044193390756845474,
        0.05378442257642746,
        0.027272969484329224,
        -0.008171364665031433,
        -0.014313317835330963,
        -0.01758025959134102,
        0.029599588364362717,
        0.04578930512070656,
        0.01252234447747469,
        0.027264123782515526,
        -0.028934897854924202,
        -0.026944758370518684,
        -0.05576121434569359,
        -0.011296910233795643,
        -0.019587986171245575,
        -0.01171267032623291,
        -0.029824621975421906,
        -0.005984848830848932,
        0.008106178604066372,
        0.004175553098320961,
        -0.021762916818261147,
        0.01553391944617033,
        0.02217714861035347,
        0.00921726506203413,
        0.036093924194574356,
        -0.029995456337928772,
        0.02438429184257984,
        0.04629073292016983,
        -0.06902261078357697,
        -0.02107722871005535,
        0.03240117430686951,
        -0.013746233657002449,
        -0.043085984885692596,
        0.03895626962184906,
        0.006973437499254942,
        0.028371259570121765,
        0.02571791037917137,
        0.03638580068945885,
        0.0045820060186088085,
        -0.09752222895622253,
        -0.04437742382287979,
        -0.21526367962360382,
        -0.005188300274312496,
        -0.03165946900844574,
        -0.046591416001319885,
        0.08484043180942535,
        -0.043343253433704376,
        -0.010976155288517475,
        -0.020737290382385254,
        -0.015526490285992622,
        0.05483238399028778,
        0.05038437992334366,
        -0.056130003184080124,
        -0.045773960649967194,
        0.0009737758082337677,
