{
    "index": 98,
    "page": 16,
    "text": "torches and statues, and other like particulars of state and magnificence; but that a \nman may reduce and contract himself almost to the state of a private man, and yet \nfor all that not to become the more base and remiss in those public matters and af-\nfairs, wherein power and authority is requisite. That I have had such a brother, who \nby his own example might stir me up to think of myself; and by his respect and love, \ndelight and please me. That I have got ingenuous children, and that they were not \nborn distorted, nor with any other natural deformity. That I was no great proficient in \nthe study of rhetoric and poetry, and of other faculties, which perchance I might",
    "embedding_of_chunk": [
        -0.011199351400136948,
        0.0497165285050869,
        0.036149367690086365,
        -0.024761302396655083,
        -0.02066386118531227,
        0.02412484399974346,
        0.08086985349655151,
        0.050077732652425766,
        -0.038791704922914505,
        -0.023495130240917206,
        0.007740892469882965,
        -0.05968056619167328,
        0.03868947923183441,
        0.028665734454989433,
        0.03552018105983734,
        0.03594920411705971,
        -0.009483291767537594,
        0.04187093302607536,
        -0.09792804718017578,
        0.022449035197496414,
        0.04895732179284096,
        -0.025986405089497566,
        -0.0338493250310421,
        -0.04639124125242233,
        0.03287799283862114,
        0.04055550694465637,
        -0.03145201504230499,
        -0.02571498602628708,
        -0.017372911795973778,
        -0.15686815977096558,
        0.004821432754397392,
        -0.04520713537931442,
        0.04873980954289436,
        -0.03052797168493271,
        -0.01755654625594616,
        -0.04522732272744179,
        -0.03943266347050667,
        0.0329425148665905,
        -0.027354395017027855,
        0.03107100911438465,
        0.0655316635966301,
        0.0043938662856817245,
        0.021656712517142296,
        -0.034889645874500275,
        -0.029049796983599663,
        -0.013821456581354141,
        -0.0037415437400341034,
        0.0019147213315591216,
        0.015738438814878464,
        -0.011037052609026432,
        0.005200604908168316,
        -0.02491711638867855,
        0.023228101432323456,
        0.05883723869919777,
        0.03267623856663704,
        0.0545574314892292,
        0.09578964859247208,
        -3.7483150663319975e-05,
        0.04354458674788475,
        0.029579639434814453,
        0.004542234819382429,
        0.037212055176496506,
        -0.28143200278282166,
        0.057536523789167404,
        0.03559699282050133,
        0.039936695247888565,
        -0.07538488507270813,
        -0.044665511697530746,
        0.013703601434826851,
        0.060846585780382156,
        -0.019665345549583435,
        0.04267483204603195,
        0.06480740755796432,
        0.03923231363296509,
        -0.0027249460108578205,
        -0.008628398180007935,
        -0.03428615629673004,
        -0.027742279693484306,
        -0.011371280066668987,
        0.0033582330215722322,
        -0.01050646509975195,
        0.019412850961089134,
        -0.013658878393471241,
        -0.002258723136037588,
        -0.07766472548246384,
        -0.023194922134280205,
        0.023615283891558647,
        -0.08444838970899582,
        0.036197058856487274,
        0.04709348455071449,
        -0.03429296240210533,
        -0.010663721710443497,
        -0.02631320431828499,
        0.009361080825328827,
        -0.02597697824239731,
        -0.02496146224439144,
        0.005527758039534092,
        0.00805403757840395,
        -0.05394529923796654,
        0.17848123610019684,
        -0.031652286648750305,
        0.01692192442715168,
        0.007239090744405985,
        -0.029719166457653046,
        0.028280535712838173,
        0.0024310338776558638,
        -0.009452051483094692,
        -0.024844998493790627,
        -0.05246514081954956,
        0.0005221583996899426,
        -0.017334921285510063,
        -0.04081770032644272,
        0.043248653411865234,
        -0.025959452614188194,
        0.040837839245796204,
        -0.018312247470021248,
        0.04557913541793823,
        0.011050003580749035,
        -0.037750471383333206,
        0.016128910705447197,
        -0.0075960177928209305,
        0.04884238913655281,
        0.03593214228749275,
        -0.029158856719732285,
        0.016878018155694008,
        -0.09624002128839493,
        0.042398132383823395,
        0.10341134667396545,
        0.038411498069763184,
        0.0041113183833658695,
        0.009405730292201042,
        -0.012170320376753807,
        -0.026665283367037773,
        -0.03790643811225891,
        0.02614782750606537,
        0.011572938412427902,
        -0.03572193533182144,
        -0.031404394656419754,
        0.05469253659248352,
        -0.005622600670903921,
        -0.003819800214841962,
        -0.11962846666574478,
        -0.06771409511566162,
        -0.06263145804405212,
        -0.01894785277545452,
        0.070677250623703,
        0.0003432324156165123,
        0.062227293848991394,
        -0.06283228099346161,
        0.050669677555561066,
        -0.014399328269064426,
        0.031012151390314102,
        -0.025516392663121223,
        -0.033356375992298126,
        0.032022830098867416,
        0.022086510434746742,
        0.009074880741536617,
        0.09669627994298935,
        -0.03649728372693062,
        0.0414479598402977,
        0.03058484010398388,
        -0.046595249325037,
        -0.048277340829372406,
        0.0860840380191803,
        0.022198257967829704,
        -0.06680972129106522,
        -0.006702516693621874,
        -0.004495208151638508,
        0.0033567517530173063,
        -0.023103460669517517,
        0.0513717383146286,
        0.03895829990506172,
        -0.0644378811120987,
        0.048460379242897034,
        0.07030961662530899,
        0.004462824668735266,
        -0.041179243475198746,
        0.005837947595864534,
        -0.008576678112149239,
        0.03718802332878113,
        0.06610714644193649,
        -0.07027085870504379,
        -0.039947595447301865,
        0.047467608004808426,
        0.03179946169257164,
        -0.05176612734794617,
        -0.007713528349995613,
        -0.04415014013648033,
        0.04696919769048691,
        0.08349225670099258,
        -0.008473453111946583,
        0.0908886268734932,
        -0.08688711374998093,
        -0.01818310096859932,
        -0.046916745603084564,
        -0.011617573909461498,
        -0.01901675947010517,
        -0.04438303783535957,
        -0.05282362177968025,
        -0.02780173532664776,
        -0.037781693041324615,
        0.0031576426699757576,
        -0.02017502672970295,
        0.028586495667696,
        0.017938746139407158,
        0.048469673842191696,
        -0.012948088347911835,
        -0.016939781606197357,
        0.022098345682024956,
        0.0044332449324429035,
        -0.04572073370218277,
        -0.00852279830724001,
        0.0061373021453619,
        -0.015413153916597366,
        -0.05568883195519447,
        0.032489992678165436,
        0.02695409767329693,
        0.045203644782304764,
        0.031719107180833817,
        0.047078657895326614,
        0.029612066224217415,
        -0.09450623393058777,
        -0.06656122207641602,
        -0.20886842906475067,
        0.0011186667252331972,
        -0.03058113157749176,
        -0.06764711439609528,
        0.09174977242946625,
        -0.06865734606981277,
        0.03316214308142662,
        -0.01626512221992016,
        0.03932715579867363,
        0.0306562352925539,
        0.03999100252985954,
        -0.018158290535211563,
        -0.024223152548074722,
        0.05981460586190224,
        -0.0008838939247652888,
        0.05072838068008423,
        -0.009960205294191837,
        -0.002615636447444558,
