{
    "index": 500,
    "page": 79,
    "text": "that, which is of its own nature. As for unreasonable creatures then, they had not \nlong been, but presently begun among them swarms, and flocks, and broods of \nyoung ones, and a kind of mutual love and affection. For though but unreasonable, \nyet a kind of soul these had, and therefore was that natural desire of union more \nstrong and intense in them, as in creatures of a more excellent nature, than either in \nplants, or stones, or trees. But among reasonable creatures, begun commonwealths, \nfriendships, families, public meetings, and even in their wars, conventions, and truc-\nes. Now among them that were yet of a more excellent nature, as the stars and plan-\nets, though by their nature far distant one from another, yet even among them began",
    "embedding_of_chunk": [
        -0.041230302304029465,
        -0.01735568791627884,
        0.04731117561459541,
        -0.01094775926321745,
        -0.007734542712569237,
        0.008465529419481754,
        0.03715993091464043,
        0.03573966026306152,
        0.00039092887891456485,
        -0.00042132847011089325,
        0.018197961151599884,
        -0.08582698553800583,
        0.03775433823466301,
        0.020474333316087723,
        0.008406702429056168,
        0.013152198866009712,
        -0.009000284597277641,
        0.0002305428934050724,
        -0.06314252316951752,
        0.06549966335296631,
        0.04158332198858261,
        -0.01291186735033989,
        -0.02517431415617466,
        -0.00885070487856865,
        0.006843735463917255,
        0.07734104245901108,
        -0.024374887347221375,
        -0.016337217763066292,
        -0.00779081741347909,
        -0.16284386813640594,
        -0.025680191814899445,
        -0.025187257677316666,
        0.047679293900728226,
        -0.014095151796936989,
        -0.005223534535616636,
        -0.008160102181136608,
        0.00791153684258461,
        0.039843227714300156,
        -0.018914079293608665,
        0.053762342780828476,
        0.05883529782295227,
        0.0043622516095638275,
        0.0021554811391979456,
        -0.0517520010471344,
        -0.046588849276304245,
        -0.015607411041855812,
        -0.03520107641816139,
        0.0005721212364733219,
        0.011319742538034916,
        -0.04719658941030502,
        -0.009289294481277466,
        -0.040909744799137115,
        -0.009705822914838791,
        0.018333349376916885,
        0.0306156687438488,
        0.04054953157901764,
        0.08586199581623077,
        0.04087451472878456,
        0.044454023241996765,
        0.01366528682410717,
        0.05842430144548416,
        0.04522526636719704,
        -0.20696845650672913,
        0.06926485151052475,
        0.040003255009651184,
        0.00791865959763527,
        -0.06592565029859543,
        -0.02407265082001686,
        0.03827563300728798,
        0.02368665114045143,
        -0.02097383141517639,
        0.05273747071623802,
        0.05529429018497467,
        0.015008335933089256,
        0.019220806658267975,
        -0.003729770891368389,
        -0.020598530769348145,
        -0.06753486394882202,
        0.0026315830182284117,
        0.029964758083224297,
        -0.039876554161310196,
        0.014583746902644634,
        -0.03193745017051697,
        0.0038327518850564957,
        -0.048839859664440155,
        -0.049025196582078934,
        0.028910977765917778,
        -0.06039635092020035,
        0.028736360371112823,
        0.018321102485060692,
        -0.01274079643189907,
        -0.0448656864464283,
        -0.018061093986034393,
        0.017401844263076782,
        -0.032165806740522385,
        -0.010828913189470768,
        0.018174614757299423,
        -0.011123178526759148,
        -0.023292459547519684,
        0.22131790220737457,
        -0.021681224927306175,
        0.02987980842590332,
        0.026284124702215195,
        -0.01955752819776535,
        0.0326676219701767,
        -0.0201268270611763,
        -0.03297920897603035,
        -0.07773642987012863,
        -0.003045904217287898,
        0.01976344734430313,
        0.03909017890691757,
        -0.051028940826654434,
        0.008619001135230064,
        -0.017411984503269196,
        0.026843365281820297,
        0.0018314206972718239,
        0.020153425633907318,
        0.0013785215560346842,
        -0.00044155356590636075,
        -0.017322944477200508,
        -0.014193310402333736,
        0.02014085277915001,
        0.03556237369775772,
        -0.03043120726943016,
        0.04145258292555809,
        -0.06439675390720367,
        0.03190441057085991,
        0.07629752904176712,
        0.011552398093044758,
        -0.018202122300863266,
        0.01374729536473751,
        -0.014202556572854519,
        -0.015288440510630608,
        -0.035792991518974304,
        0.019499581307172775,
        0.016016509383916855,
        -0.0014327953103929758,
        -0.021829862147569656,
        0.010513097047805786,
        -0.005727917887270451,
        -0.03820519894361496,
        -0.1648300290107727,
        -0.0524803102016449,
        -0.10224370658397675,
        -0.022466840222477913,
        0.047350846230983734,
        0.0312019195407629,
        0.049888934940099716,
        -0.05340377986431122,
        0.07536494731903076,
        -0.03107462264597416,
        0.008041399531066418,
        -0.03516301140189171,
        -0.03014889545738697,
        0.02947799675166607,
        0.04336421936750412,
        0.05229371786117554,
        0.11488886922597885,
        -0.02899489551782608,
        0.001326331403106451,
        0.029848380014300346,
        -0.01945125311613083,
        -0.021363593637943268,
        0.133748397231102,
        0.07802461087703705,
        -0.07961729168891907,
        -0.004683362320065498,
        0.00211287010461092,
        0.012907777912914753,
        0.013799319975078106,
        0.04318030923604965,
        0.020305143669247627,
        -0.01753753423690796,
        0.06498833745718002,
        0.06564781814813614,
        0.025386609137058258,
        -0.03207840397953987,
        0.00015664075908716768,
        -0.027034154161810875,
        0.005937639623880386,
        0.043479640036821365,
        -0.04541527479887009,
        -0.07006043940782547,
        0.07408368587493896,
        0.027818143367767334,
        -0.033342137932777405,
        -0.006726834457367659,
        -0.023580212146043777,
        0.008867806755006313,
        0.053357094526290894,
        0.012289869599044323,
        0.04894706979393959,
        -0.030061859637498856,
        -0.009761412627995014,
        -0.03717334568500519,
        -0.04623964801430702,
        -0.027280570939183235,
        -0.03587326407432556,
        -0.029357895255088806,
        -0.01614094339311123,
        -0.026638833805918694,
        -0.022785771638154984,
        0.00045153635437600315,
        0.05068294331431389,
        0.03246762603521347,
        0.02454758994281292,
        0.03085174597799778,
        -0.010272710584104061,
        0.026100683957338333,
        -0.006880773697048426,
        -0.01891198940575123,
        0.027129435911774635,
        0.009269434958696365,
        0.0028516389429569244,
        -0.07115813344717026,
        0.05229363590478897,
        0.017880773171782494,
        0.0030898854602128267,
        0.03466995805501938,
        0.03370554372668266,
        0.035793837159872055,
        -0.11207520216703415,
        -0.07216764241456985,
        -0.2101117968559265,
        0.004401039332151413,
        -0.011230338364839554,
        -0.06883420795202255,
        0.0913991928100586,
        -0.0349290557205677,
        0.022393064573407173,
        -0.0246429443359375,
        -0.0011337699834257364,
        0.05599947273731232,
        0.06176610663533211,
        -0.009422983974218369,
        -0.016743719577789307,
        0.06377632170915604,
        0.012528706341981888,
