{
    "index": 377,
    "page": 60,
    "text": "XVII. The nature of the universe, of the common substance of all things as it were of \nso much wax hath now perchance formed a horse; and then, destroying that figure, \nhath new tempered and fashioned the matter of it into the form and substance of a \ntree: then that again into the form and substance of a man: and then that again into \nsome other. Now every one of these doth subsist but for a very little while. As for dis-\nsolution, if it be no grievous thing to the chest or trunk, to be joined together; why \nshould it be more grievous to be put asunder?",
    "embedding_of_chunk": [
        -0.010837338864803314,
        -0.015519417822360992,
        0.038133375346660614,
        0.008466594852507114,
        -0.02297874167561531,
        -0.02117343433201313,
        0.07208247482776642,
        0.04271179810166359,
        0.036320239305496216,
        0.003751779207959771,
        0.0010295341489836574,
        -0.11489781737327576,
        0.04950281232595444,
        0.05319603532552719,
        0.011483014561235905,
        -0.017051834613084793,
        -0.013167389668524265,
        0.010336941108107567,
        -0.09573492407798767,
        0.02906826324760914,
        0.07329121232032776,
        -0.01707005314528942,
        -0.042425837367773056,
        -0.03668021783232689,
        0.01071410346776247,
        0.03452974930405617,
        -0.05520889535546303,
        -0.03371560201048851,
        0.015799883753061295,
        -0.1603127270936966,
        -0.01772681064903736,
        0.008950883522629738,
        0.06415707617998123,
        -0.019500652328133583,
        -0.011311491951346397,
        -0.021455993875861168,
        0.003401427995413542,
        0.002124479040503502,
        -0.0675216093659401,
        0.07838229089975357,
        0.018550217151641846,
        0.009212343953549862,
        -0.051746662706136703,
        -0.055602192878723145,
        -0.005488967057317495,
        -0.030447663739323616,
        -0.032996635884046555,
        -0.0012459260178729892,
        0.04893229901790619,
        -0.05282141640782356,
        -0.015340215526521206,
        -0.04722794517874718,
        -0.011269183829426765,
        0.052221767604351044,
        0.0007958086207509041,
        0.058759745210409164,
        0.048125118017196655,
        0.00265392754226923,
        0.0014326790114864707,
        0.02327180653810501,
        0.019288277253508568,
        0.03858180716633797,
        -0.1745917648077011,
        0.08877726644277573,
        0.09369315207004547,
        0.022999629378318787,
        -0.05339396372437477,
        -0.03222277760505676,
        0.05282988399267197,
        0.06656450033187866,
        -0.011947790160775185,
        0.0348222441971302,
        0.009876596741378307,
        0.05270517244935036,
        0.011221077293157578,
        0.00665697967633605,
        -0.00029565428849309683,
        -0.051881611347198486,
        0.0024701557122170925,
        0.043412622064352036,
        -0.011206906288862228,
        0.0199140477925539,
        -0.02759326435625553,
        -0.014803747646510601,
        -0.07455240935087204,
        -0.055992189794778824,
        0.02002076618373394,
        -0.07683238387107849,
        -0.008444173261523247,
        0.007691132836043835,
        -0.011837313883006573,
        -0.013301809318363667,
        0.01631597802042961,
        0.04640648141503334,
        -0.04079635813832283,
        -0.019165953621268272,
        0.02525441162288189,
        0.010195550508797169,
        0.026974007487297058,
        0.20544539391994476,
        -0.03473206236958504,
        0.030485117807984352,
        0.02786990813910961,
        -0.04222603887319565,
        0.03308707848191261,
        -0.028682813048362732,
        -0.05609342083334923,
        -0.021965105086565018,
        -0.0025113190058618784,
        0.03258960694074631,
        0.03816474229097366,
        -0.03309124335646629,
        0.019172312691807747,
        -0.034125495702028275,
        0.05398727208375931,
        -0.037950146943330765,
        -0.0005943700671195984,
        -0.01616532728075981,
        -0.04864366725087166,
        -0.023243211209774017,
        -0.010506898164749146,
        0.03539238125085831,
        0.0424412302672863,
        0.003987897653132677,
        0.03227279707789421,
        -0.0781903937458992,
        -0.007651645690202713,
        0.10054811090230942,
        0.01976432465016842,
        0.026203494518995285,
        0.04584505781531334,
        -0.014675339683890343,
        -0.038945574313402176,
        -0.027977794408798218,
        -0.026292886584997177,
        0.02875419333577156,
        0.038744453340768814,
        -0.00394085980951786,
        0.015527124516665936,
        -0.011510802432894707,
        -0.05482949689030647,
        -0.12493175268173218,
        -0.051536157727241516,
        -0.08684173971414566,
        -0.03128385543823242,
        0.08582276105880737,
        0.014180712401866913,
        0.015170116908848286,
        -0.030778519809246063,
        0.04912874847650528,
        -0.06430581212043762,
        0.012025255709886551,
        -0.03177868574857712,
        -0.016103029251098633,
        0.01952310837805271,
        0.023701122030615807,
        0.016139470040798187,
        0.03424723818898201,
        -0.02023644931614399,
        0.01594080962240696,
        -0.006943625397980213,
        -0.010676945559680462,
        -0.024952732026576996,
        0.13591507077217102,
        0.04095454514026642,
        -0.01206889096647501,
        -0.03292129188776016,
        0.00798787735402584,
        0.018277516588568687,
        -0.002310359850525856,
        0.05523202195763588,
        0.040273118764162064,
        -0.050690390169620514,
        0.05679646134376526,
        0.09849455207586288,
        0.005075454246252775,
        -0.05952844396233559,
        -0.022883810102939606,
        -0.026493042707443237,
        0.04481998458504677,
        0.10558444261550903,
        -0.04401152580976486,
        -0.05272051692008972,
        0.044378142803907394,
        0.01735205575823784,
        -0.058224912732839584,
        -0.03238125517964363,
        -0.02603846974670887,
        0.014346273615956306,
        0.041022006422281265,
        0.009436353109776974,
        0.056324899196624756,
        -0.05368592217564583,
        -0.03917096555233002,
        -0.051352642476558685,
        -0.016595646739006042,
        -0.010075874626636505,
        -0.021480562165379524,
        -0.004289151635020971,
        0.018297869712114334,
        -0.053591854870319366,
        -0.014929142780601978,
        -0.05593279376626015,
        0.006446652580052614,
        0.0037058533634990454,
        0.013249818235635757,
        -0.001838341704569757,
        -0.011254529468715191,
        0.005656408611685038,
        0.010556983761489391,
        -0.017076002433896065,
        0.0006453113164752722,
        0.01804340071976185,
        0.006051338277757168,
        -0.06601462513208389,
        0.017494667321443558,
        0.010606778785586357,
        -0.011286444962024689,
        0.003490694100037217,
        0.020059805363416672,
        0.038120828568935394,
        -0.08443870395421982,
        -0.019319389015436172,
        -0.250602662563324,
        0.03684292733669281,
        -0.007722299080342054,
        -0.007543619722127914,
        0.10123348236083984,
        -0.014179755933582783,
        0.009869270026683807,
        -0.008670038543641567,
        0.006969263311475515,
        -0.007284748833626509,
        0.0904298648238182,
        -0.00339355762116611,
        -0.009813208132982254,
        0.0014164912281557918,
        -0.002582762623205781,
        0.04201710596680641,
        0.02777448669075966,
        0.0005162534071132541,
        -0.041915882378816605,
        -0.0012065601767972112,
        -0.023822203278541565,
