{
    "index": 494,
    "page": 78,
    "text": "man, in matter of death, not in any wise to carry himself either violently, or proudly \nbut patiently to wait for it, as one of nature’s operations: that with the same mind as \nnow thou dost expect when that which yet is but an embryo in thy wife’s belly shall \ncome forth, thou mayst expect also when thy soul shall fall off from that outward \ncoat or skin: wherein as a child in the belly it lieth involved and shut up. But thou \ndesirest a more popular, and though not so direct and philosophical, yet a very pow-\nerful and penetrative recipe against the fear of death, nothing can make they more \nwilling to part with thy life, than if thou shalt consider, both what the subjects them-\nselves are that thou shalt part with, and what manner of disposition thou shalt no",
    "embedding_of_chunk": [
        -0.030950993299484253,
        0.027604859322309494,
        0.007747592870146036,
        -0.004185792990028858,
        -0.009342227131128311,
        0.050621308386325836,
        0.12779495120048523,
        0.0429854616522789,
        0.016894131898880005,
        -0.044009018689394,
        -0.014931157231330872,
        -0.08162568509578705,
        0.0314168818295002,
        0.022609563544392586,
        0.012491269037127495,
        0.050279174000024796,
        0.003534008050337434,
        0.03918769955635071,
        -0.08431799709796906,
        0.04157055541872978,
        0.0513274185359478,
        -0.01624041236937046,
        -0.021801374852657318,
        -0.07125255465507507,
        0.017454342916607857,
        0.008077354170382023,
        -0.03306388854980469,
        -0.02907712385058403,
        -0.009374761953949928,
        -0.12778973579406738,
        0.02121264487504959,
        -0.046768199652433395,
        0.04962911829352379,
        -0.038770973682403564,
        -0.024447672069072723,
        0.013634360395371914,
        -0.0019212868064641953,
        0.07695876061916351,
        -0.03760133683681488,
        0.059855103492736816,
        0.010588775388896465,
        0.04163093864917755,
        -0.04349595680832863,
        -0.01642853394150734,
        0.014144083485007286,
        -0.0164240263402462,
        -0.023942338302731514,
        -0.013708622194826603,
        0.04483091086149216,
        -0.026810791343450546,
        -0.019838154315948486,
        0.005725713912397623,
        0.009039536118507385,
        0.0203939788043499,
        0.019628196954727173,
        -0.002738965442404151,
        0.04653360694646835,
        0.0167692881077528,
        0.022098494693636894,
        0.05820467695593834,
        0.0366300567984581,
        0.0020961181726306677,
        -0.19792862236499786,
        0.06235441192984581,
        0.06692536920309067,
        -0.018041284754872322,
        -0.05512354522943497,
        -0.04640632122755051,
        0.03793412074446678,
        0.04919569194316864,
        -0.03665575385093689,
        0.0595979243516922,
        0.07550704479217529,
        0.0857110321521759,
        -0.009616870433092117,
        -0.012747582979500294,
        0.04408115893602371,
        -0.08895331621170044,
        -0.0014590442879125476,
        0.008420047350227833,
        -0.026936251670122147,
        0.03801277279853821,
        -0.01068574097007513,
        0.020138973370194435,
        -0.05788920819759369,
        -0.04593989625573158,
        -0.0025042432826012373,
        -0.0703546404838562,
        0.012808523140847683,
        0.02686699479818344,
        -0.0399542897939682,
        -0.04844876006245613,
        -0.03074324131011963,
        -0.003235021373257041,
        -0.0661056712269783,
        -0.004058890976011753,
        0.010900452733039856,
        0.012766406871378422,
        -0.03792654350399971,
        0.18951641023159027,
        -0.02362147532403469,
        0.043889161199331284,
        0.014760839752852917,
        -0.006377942394465208,
        0.04635561630129814,
        0.01808113604784012,
        -0.02520502172410488,
        -0.056437984108924866,
        -0.012258044444024563,
        -0.0020992979407310486,
        0.022880641743540764,
        -0.017678260803222656,
        0.036849040538072586,
        -0.036465536803007126,
        0.044485703110694885,
        0.018022561445832253,
        0.0309721939265728,
        0.006129876244813204,
        -0.02205488085746765,
        0.014517586678266525,
        -0.006099904887378216,
        0.006793908774852753,
        0.07301560789346695,
        -0.028713183477520943,
        0.020803745836019516,
        -0.08483907580375671,
        0.05952199921011925,
        0.13434475660324097,
        -0.009462295100092888,
        -0.044911615550518036,
        0.04429995268583298,
        -0.034749068319797516,
        -0.030837533995509148,
        -0.0341564379632473,
        0.032558150589466095,
        0.02767718769609928,
        0.009054181165993214,
        -0.003986213356256485,
        0.01732235960662365,
        -0.07764196395874023,
        -0.024000367149710655,
        -0.14373084902763367,
        -0.05462176352739334,
        -0.11999695003032684,
        -0.012642513029277325,
        0.04578971490263939,
        0.05509625002741814,
        0.036948807537555695,
        -0.04074898734688759,
        0.026497408747673035,
        -0.06434857845306396,
        0.050854187458753586,
        -0.03238724544644356,
        -0.025512313470244408,
        0.0024650017730891705,
        0.031908031553030014,
        -0.014926048927009106,
        0.08018530160188675,
        -0.020416274666786194,
        0.007318130694329739,
        0.014798302203416824,
        -0.0262674018740654,
        -0.05163327604532242,
        0.11374243348836899,
        0.010637166909873486,
        -0.0300837941467762,
        -0.000465799355879426,
        0.00629486283287406,
        0.04580749571323395,
        -0.009006430394947529,
        0.06613083928823471,
        -0.01941181719303131,
        -0.023366451263427734,
        0.03796510025858879,
        0.07587305456399918,
        0.04201781377196312,
        -0.061133433133363724,
        -0.005535784177482128,
        0.024520790204405785,
        0.0026414792519062757,
        0.05359736084938049,
        -0.06132006272673607,
        -0.06046813726425171,
        0.03135673701763153,
        0.016098173335194588,
        -0.041318442672491074,
        0.01157611794769764,
        -0.04980529472231865,
        0.04652983322739601,
        0.06261610984802246,
        0.0013974037719890475,
        0.04606790095567703,
        -0.026453319936990738,
        -0.01413514744490385,
        -0.04162953048944473,
        -0.033130936324596405,
        -0.03279000148177147,
        -0.020431211218237877,
        -0.024584060534834862,
        -0.017725232988595963,
        -0.004544030874967575,
        -0.03203578665852547,
        -0.0018491982482373714,
        0.032295603305101395,
        0.025823654606938362,
        0.004655882716178894,
        0.02116190642118454,
        -0.025611277669668198,
        0.04533539339900017,
        0.01830124855041504,
        -0.04112640395760536,
        0.04141734167933464,
        0.02502087689936161,
        -0.006205822806805372,
        -0.014996493235230446,
        0.05652524530887604,
        0.017234787344932556,
        0.013664071448147297,
        0.04447716847062111,
        0.021403329446911812,
        0.018625561147928238,
        -0.1036515012383461,
        -0.04447982832789421,
        -0.24067771434783936,
        0.014186118729412556,
        -0.027695950120687485,
        -0.07590814679861069,
        0.1095939353108406,
        -0.060463063418865204,
        0.0026263094041496515,
        -0.027801785618066788,
        0.01178774330765009,
        0.02042948082089424,
        0.054566822946071625,
        -0.02353748306632042,
        -0.02074388600885868,
        0.043899476528167725,
        0.009519592858850956,
