{
    "index": 259,
    "page": 41,
    "text": "XI. What is the use that now at this present I make of my soul? Thus from time to \ntime and upon all occasions thou must put this question to thyself; what is now that \npart of mine which they call the rational mistress part, employed about? Whose soul \ndo I now properly possess? a child’s? or a youth’s? a woman’s? or a tyrant’s? some \nbrute, or some wild beast’s soul?",
    "embedding_of_chunk": [
        -0.06080076843500137,
        0.02878628857433796,
        0.035146165639162064,
        -0.030906565487384796,
        -0.001129970420151949,
        0.031100217252969742,
        0.11069931834936142,
        -0.005491873249411583,
        0.044255055487155914,
        -0.008036228828132153,
        0.018964512273669243,
        -0.08304890990257263,
        0.03665635734796524,
        0.03805466368794441,
        0.04132123291492462,
        0.02509983442723751,
        0.012805890291929245,
        0.04844732582569122,
        -0.07399684935808182,
        0.0428890623152256,
        0.007795433979481459,
        -0.057043273001909256,
        -0.0643005296587944,
        -0.051753658801317215,
        0.009764023125171661,
        0.05044931545853615,
        -0.04910382255911827,
        -0.015203474089503288,
        0.0065465965308249,
        -0.15979933738708496,
        0.006428147666156292,
        -0.02385571412742138,
        0.03371511772274971,
        7.109221769496799e-05,
        -0.019300736486911774,
        -0.011023372411727905,
        -0.011925473809242249,
        0.059272050857543945,
        0.007110763341188431,
        0.053670551627874374,
        0.024370072409510612,
        0.04461497440934181,
        -0.02776172012090683,
        -0.062239617109298706,
        -0.029171371832489967,
        -0.010821111500263214,
        -0.013419120572507381,
        0.001371796359308064,
        0.008600570261478424,
        -0.030387692153453827,
        -0.00031259714160114527,
        0.011348005384206772,
        0.031934984028339386,
        0.0704391598701477,
        -0.025055646896362305,
        0.0033347145654261112,
        0.09226059168577194,
        0.015450780279934406,
        0.03959082439541817,
        0.061867136508226395,
        0.04409963637590408,
        0.027245447039604187,
        -0.20266006886959076,
        0.10318529605865479,
        0.01946212723851204,
        0.002341296523809433,
        -0.046764105558395386,
        -0.04892248287796974,
        -0.0158394742757082,
        0.052620984613895416,
        -0.028597978875041008,
        0.005005363374948502,
        0.018129529431462288,
        0.063698910176754,
        0.008103176951408386,
        -0.00963355042040348,
        -0.006153974682092667,
        -0.08268149942159653,
        -0.028441444039344788,
        -0.0032555884681642056,
        -0.016691308468580246,
        0.07325033843517303,
        -0.019746217876672745,
        -0.004267537966370583,
        -0.04850869998335838,
        -0.007171158213168383,
        0.0426032617688179,
        -0.04873413220047951,
        0.018609652295708656,
        0.02928316406905651,
        0.00465953815728426,
        -0.06600721925497055,
        -0.028142090886831284,
        0.044797055423259735,
        -0.019093025475740433,
        -0.04827933758497238,
        0.04128159582614899,
        0.03431175276637077,
        -0.032251037657260895,
        0.1984933316707611,
        -0.06476983428001404,
        0.03994904085993767,
        0.041818276047706604,
        -0.02822297438979149,
        0.015326340682804585,
        0.020090116187930107,
        -0.02675037831068039,
        -0.010916220024228096,
        -0.05617339909076691,
        0.013085068203508854,
        0.0006934036500751972,
        -0.02061597630381584,
        0.010254552587866783,
        -0.047115258872509,
        0.06128033995628357,
        -0.013070750050246716,
        0.004917570855468512,
        0.008359737694263458,
        -0.014976474456489086,
        0.011170479469001293,
        0.008687413297593594,
        0.023518195375800133,
        0.057771459221839905,
        0.007151148747652769,
        0.03176143765449524,
        -0.11050281673669815,
        0.05248129740357399,
        0.07729510217905045,
        -0.046066250652074814,
        -0.0034032233525067568,
        0.014963663183152676,
        -0.0332195907831192,
        -0.07379692792892456,
        -0.03151227906346321,
        0.0411251075565815,
        0.038689885288476944,
        0.021080348640680313,
        -0.003530796617269516,
        0.03722994402050972,
        -0.00687010120600462,
        -0.030420128256082535,
        -0.11910922825336456,
        -0.03667847812175751,
        -0.09247841686010361,
        -0.004486649297177792,
        0.0902545377612114,
        -0.015138812363147736,
        0.027737116441130638,
        -0.010834856890141964,
        0.039966896176338196,
        -0.02387235499918461,
        0.046581387519836426,
        -0.05350179970264435,
        -0.015928642824292183,
        0.02472677454352379,
        0.03508143126964569,
        -0.007924504578113556,
        0.05253135785460472,
        -0.0503452867269516,
        -0.015665996819734573,
        0.03785562887787819,
        -0.028108594939112663,
        -0.06670057028532028,
        0.11137330532073975,
        0.05501873046159744,
        -0.06242891401052475,
        -0.02656411938369274,
        -0.007588950917124748,
        0.010442477650940418,
        -0.006266981363296509,
        0.041889555752277374,
        -0.03731090575456619,
        -0.08611235022544861,
        0.02858283743262291,
        0.09380265325307846,
        0.02496839314699173,
        -0.026924852281808853,
        0.02475806325674057,
        -0.011920055374503136,
        0.04988271743059158,
        0.052542299032211304,
        -0.045952633023262024,
        -0.06863626837730408,
        0.054773978888988495,
        0.037044741213321686,
        -0.06411541253328323,
        0.011652047745883465,
        -0.04861334711313248,
        0.020788006484508514,
        0.04680771380662918,
        -0.021397368982434273,
        0.047588929533958435,
        -0.07418642938137054,
        -0.007659964729100466,
        -0.03134096786379814,
        -0.01841822825372219,
        0.002948162378743291,
        0.023366780951619148,
        -0.037539105862379074,
        -0.015177417546510696,
        -0.02662118710577488,
        0.009171174839138985,
        0.019746478646993637,
        0.03883460909128189,
        0.007693043444305658,
        0.022359665483236313,
        0.0032658246345818043,
        -0.008972498588263988,
        0.040604155510663986,
        0.035468894988298416,
        -0.013941680081188679,
        0.05566781014204025,
        0.04947466775774956,
        -0.0133090540766716,
        -0.05158166587352753,
        0.0008282369817607105,
        0.026281986385583878,
        -0.024082330986857414,
        0.006987272296100855,
        0.06001831218600273,
        0.02977900765836239,
        -0.11619499325752258,
        -0.04893864318728447,
        -0.22305747866630554,
        0.05510871112346649,
        -0.034283000975847244,
        -0.041986044496297836,
        0.051825039088726044,
        -0.04081707075238228,
        0.010320857167243958,
        -0.014397039078176022,
        0.023981381207704544,
        -0.005313095171004534,
        0.051060840487480164,
        -0.05503729358315468,
        -0.010419163852930069,
        0.020890681073069572,
        0.009478573687374592,
        0.056665122509002686,
        0.03250681981444359,
        -0.026055198162794113,
        -0.03852296993136406,
        -0.0014981564600020647,
        -0.049735456705093384,
        -0.009024413302540779,
        -0.002885466907173395,
        -0.056634873151779175,
        0.025946935638785362,
        -0.002556310733780265,
        0.1998981535434723,
        0.1044892892241478,
