{
    "index": 618,
    "page": 97,
    "text": "IV. Have I done anything charitably? then am I benefited by it. See that this upon all \noccasions may present itself unto thy mind, and never cease to think of it. What is \nthy profession? to be good. And how should this be well brought to pass, but by cer-\ntain theorems and doctrines; some Concerning the nature of the universe, and some \nConcerning the proper and particular constitution of man?",
    "embedding_of_chunk": [
        -0.024623215198516846,
        0.011470315046608448,
        0.030246516689658165,
        -0.04815967381000519,
        -0.012453030794858932,
        0.01766892336308956,
        0.12019968032836914,
        0.032072748988866806,
        -0.02542908489704132,
        -0.0031166947446763515,
        -0.015914713963866234,
        -0.0711635947227478,
        0.03543751314282417,
        0.016754455864429474,
        0.0005529053159989417,
        0.019337428733706474,
        0.008923936635255814,
        0.02406245283782482,
        -0.08133816719055176,
        0.003925085999071598,
        0.03300569951534271,
        -0.04162377119064331,
        -0.038889672607183456,
        -0.03875786066055298,
        0.022114543244242668,
        0.03120657429099083,
        -0.03574134409427643,
        -0.024696990847587585,
        -0.010668370872735977,
        -0.14176487922668457,
        -0.017537130042910576,
        -0.0796155035495758,
        0.032910291105508804,
        0.0379905179142952,
        -0.01993042603135109,
        -0.021319786086678505,
        -0.040534619241952896,
        0.061936646699905396,
        -0.0045957546681165695,
        0.07072209566831589,
        0.056629158556461334,
        0.013390768319368362,
        -0.03406912088394165,
        -0.03943154215812683,
        -0.04244432970881462,
        -0.053925495594739914,
        0.022367317229509354,
        0.00808695238083601,
        -0.016898464411497116,
        -0.027542410418391228,
        -0.027373621240258217,
        -0.017249764874577522,
        -0.013935986906290054,
        0.08283563703298569,
        -0.003373812884092331,
        0.03005993925035,
        0.04517458751797676,
        0.041043464094400406,
        0.0220653023570776,
        -0.003257333068177104,
        0.04146794602274895,
        0.050829898566007614,
        -0.2518492639064789,
        0.0840369388461113,
        0.053363800048828125,
        0.03941445052623749,
        -0.05739203095436096,
        -0.03285124525427818,
        -0.022604601457715034,
        0.029299108311533928,
        0.018042342737317085,
        0.02497789077460766,
        0.025785908102989197,
        0.06203990429639816,
        0.03207116201519966,
        0.0033194117713719606,
        -0.01660793088376522,
        -0.06338363885879517,
        0.002514797495678067,
        0.027297629043459892,
        -0.025145793333649635,
        0.02855546772480011,
        0.0011840147199109197,
        0.008510410785675049,
        -0.043203093111515045,
        -0.01974797062575817,
        -0.0014581386931240559,
        -0.04996257275342941,
        0.056489039212465286,
        0.029523519799113274,
        -0.008371983654797077,
        0.0007609138847328722,
        -0.032807737588882446,
        0.018853431567549706,
        -0.02797795832157135,
        -0.029382718726992607,
        0.05363651365041733,
        0.03235144168138504,
        -0.052073463797569275,
        0.20216751098632812,
        -0.05187031254172325,
        -0.019832275807857513,
        0.043767523020505905,
        -0.03551281616091728,
        0.02662752941250801,
        0.001961223781108856,
        -0.02597910538315773,
        -0.03713718801736832,
        -0.01266033761203289,
        0.013196105137467384,
        -0.005841835867613554,
        -0.01099496427923441,
        0.003510328009724617,
        -0.050148751586675644,
        0.04152142256498337,
        0.06969309598207474,
        0.04822808504104614,
        0.01776004768908024,
        -0.01840292103588581,
        -0.015774758532643318,
        -0.008597204461693764,
        0.07579164206981659,
        0.05737794563174248,
        -0.019518481567502022,
        -0.030192682519555092,
        -0.13837644457817078,
        0.07094822078943253,
        0.10379781574010849,
        0.03247463330626488,
        0.010073335841298103,
        0.01690620556473732,
        -0.025736067444086075,
        -0.02038838155567646,
        -0.027067268267273903,
        0.02232455462217331,
        0.021123064681887627,
        0.02363443747162819,
        -0.002915423596277833,
        0.047034308314323425,
        -0.01456237118691206,
        -0.032579801976680756,
        -0.14259013533592224,
        -0.05750855803489685,
        -0.0942041426897049,
        -0.023281462490558624,
        0.06280830502510071,
        0.009861953556537628,
        0.02847609668970108,
        -0.013089044950902462,
        0.01520230807363987,
        -0.01191785465925932,
        0.06000519171357155,
        -0.0412050299346447,
        -0.015559464693069458,
        0.023089034482836723,
        0.040726471692323685,
        0.04215012118220329,
        0.04383943974971771,
        -0.06218830123543739,
        0.007387840189039707,
        -0.006728227715939283,
        -0.024249689653515816,
        -0.02016075886785984,
        0.15004347264766693,
        0.014044877141714096,
        -0.006486427970230579,
        0.02259162999689579,
        0.011087766848504543,
        0.004959783051162958,
        -0.03120289370417595,
        0.029392970725893974,
        0.005447508301585913,
        -0.06994204223155975,
        0.07385072857141495,
        0.11569509655237198,
        -0.007910538464784622,
        -0.04521448165178299,
        0.016488751396536827,
        -0.023256773129105568,
        -0.00202802661806345,
        0.05920278653502464,
        -0.05724157392978668,
        -0.08019226044416428,
        0.03245718777179718,
        0.00030241295462474227,
        -0.023319264873862267,
        -0.017644301056861877,
        -0.024489546194672585,
        0.03486227989196777,
        0.033640582114458084,
        -0.009730125777423382,
        0.05498121306300163,
        -0.09141810238361359,
        -0.0020462502725422382,
        -0.0533112958073616,
        -0.01826157048344612,
        -0.01592019945383072,
        -0.021620426326990128,
        -0.02391454577445984,
        0.0018885378958657384,
        -0.03944731131196022,
        -0.030699828639626503,
        -0.010744724422693253,
        0.036390382796525955,
        0.0052650440484285355,
        0.010722557082772255,
        0.024862637743353844,
        0.023677224293351173,
        0.06358269602060318,
        0.04832149296998978,
        -0.06267078965902328,
        0.018643265590071678,
        0.05791768431663513,
        -0.006668785586953163,
        -0.011470329947769642,
        0.01655046083033085,
        0.052550822496414185,
        0.03684081882238388,
        0.01931063085794449,
        0.0233691968023777,
        0.018868708983063698,
        -0.08396610617637634,
        -0.05461069568991661,
        -0.21821339428424835,
        -0.0016634599305689335,
        -0.0251762792468071,
        -0.01702723279595375,
        0.0932653397321701,
        -0.027401041239500046,
        0.008378325030207634,
        0.02125762775540352,
        -0.0007250464404933155,
        0.002825177973136306,
        0.04781045764684677,
        -0.02285199798643589,
        -0.027625419199466705,
        0.01670864410698414,
        -0.009646518155932426,
        0.04869859665632248,
        0.0030615106225013733,
        -0.03995007276535034,
        -0.03489609807729721,
        0.006049195304512978,
        -0.013619119301438332,
        0.07585667818784714,
        -0.01666664332151413,
        -0.0551702082157135,
        0.010375216603279114,
        -0.04036717116832733,
        0.1911701112985611,
