{
    "index": 648,
    "page": 101,
    "text": "grief doth proceed from weakness, so doth anger. For both, both he that is angry and \nthat grieveth, have received a wound, and cowardly have as it were yielded them-\nselves unto their affections. If thou wilt have a tenth also, receive this tenth gift from \nHercules the guide and leader of the Muses: that is a mad man’s part, to look that \nthere should be no wicked men in the world, because it is impossible. Now for a man \nto brook well enough, that there should be wicked men in the world, but not to en-\ndure that any should transgress against himself, is against all equity, and indeed ty-\nrannical.",
    "embedding_of_chunk": [
        -0.052422501146793365,
        0.02236635610461235,
        0.0439765527844429,
        -0.022741710767149925,
        0.0018502605380490422,
        0.018687011674046516,
        0.09554886072874069,
        0.06310810893774033,
        -0.015402454882860184,
        -0.04840049892663956,
        0.021286236122250557,
        -0.06170246750116348,
        0.044458650052547455,
        0.01556289941072464,
        -0.019595380872488022,
        0.03916434943675995,
        0.0016688114264979959,
        0.040800631046295166,
        -0.07733667641878128,
        0.03196287900209427,
        0.08069632202386856,
        -0.0022803221363574266,
        -0.010435369797050953,
        -0.0441146194934845,
        0.02476106584072113,
        0.004625396337360144,
        -0.014279352501034737,
        0.0031750029884278774,
        -0.0606684647500515,
        -0.16804622113704681,
        -0.011636409908533096,
        -0.09467589110136032,
        0.026640748605132103,
        -0.04795891046524048,
        -0.03077026642858982,
        -0.037895504385232925,
        -0.019660931080579758,
        0.05865103751420975,
        -0.049926064908504486,
        0.05252465978264809,
        0.05747094005346298,
        0.00922385323792696,
        -0.021405886858701706,
        -0.05873003229498863,
        -0.015023262239992619,
        -0.02604260854423046,
        -0.028188634663820267,
        -0.009965118952095509,
        0.049812201410532,
        -0.04624500125646591,
        -0.010576133616268635,
        -0.03432599455118179,
        0.028853433206677437,
        0.0514579676091671,
        -0.029432563111186028,
        0.027005184441804886,
        0.07547850161790848,
        0.030233297497034073,
        0.015071646310389042,
        0.002011823933571577,
        0.04881855472922325,
        -0.007541886530816555,
        -0.22431430220603943,
        0.04530441015958786,
        0.054790183901786804,
        0.015593268908560276,
        -0.0555046908557415,
        0.003033962333574891,
        0.013983125798404217,
        0.07757377624511719,
        -0.04678232967853546,
        -0.010952247306704521,
        0.07585731148719788,
        0.038459789007902145,
        -0.021402614191174507,
        -0.03361861780285835,
        0.014883807860314846,
        -0.03934723138809204,
        0.0013673360226675868,
        0.04922908917069435,
        -0.026594698429107666,
        0.017271433025598526,
        -0.022942928597331047,
        -0.00817947555333376,
        -0.025869974866509438,
        -0.03523724526166916,
        0.06071539968252182,
        -0.07473520189523697,
        -0.019319962710142136,
        -0.012750972993671894,
        -0.03212210163474083,
        -0.019230373203754425,
        0.02206534519791603,
        0.04732425883412361,
        -0.053219590336084366,
        -0.011173589155077934,
        -0.0017217667773365974,
        -0.01800980046391487,
        -0.04711301997303963,
        0.24392013251781464,
        0.00021893827943131328,
        0.011563298292458057,
        -0.002737447153776884,
        -0.04078395292162895,
        0.04126621410250664,
        -0.03216258063912392,
        -0.02199602499604225,
        -0.05267862603068352,
        -0.04367798566818237,
        -0.012342562898993492,
        0.021610695868730545,
        -0.0416179820895195,
        0.06457994133234024,
        -0.05220530927181244,
        0.0494428426027298,
        0.004293499514460564,
        0.031609710305929184,
        0.01285000890493393,
        -0.025755098089575768,
        -0.019001780077815056,
        -0.012660196982324123,
        0.008616534993052483,
        0.06307502090930939,
        -0.0433911494910717,
        0.011013029143214226,
        -0.07370860874652863,
        0.03022906370460987,
        0.09267358481884003,
        0.060623787343502045,
        -0.010747057385742664,
        0.019587960094213486,
        -0.022907018661499023,
        -0.0611811988055706,
        -0.011438710615038872,
        0.011854924261569977,
        0.04080788791179657,
        0.003148716874420643,
        -0.031000040471553802,
        0.02576097659766674,
        -0.029995055869221687,
        0.003693855367600918,
        -0.14925868809223175,
        -0.0642356276512146,
        -0.07639364153146744,
        0.009881014004349709,
        0.05265951156616211,
        0.01707109622657299,
        -0.000257432518992573,
        -0.015602381899952888,
        0.037172362208366394,
        -0.03043360449373722,
        0.001773479743860662,
        -0.04038912430405617,
        -0.001438851817511022,
        -0.001494264928624034,
        0.030184533447027206,
        -0.006440536119043827,
        0.09262528270483017,
        -0.04373304173350334,
        0.04020818695425987,
        0.030970867723226547,
        -0.039972513914108276,
        -0.0885709747672081,
        0.056490708142519,
        0.02840796858072281,
        -0.017220130190253258,
        0.0013752763625234365,
        -0.01118122786283493,
        -0.02905709110200405,
        0.00543986214324832,
        0.05898354947566986,
        0.016745982691645622,
        -0.05059424042701721,
        0.0699712410569191,
        0.08587302267551422,
        0.048337578773498535,
        -0.03199708089232445,
        -0.05545777454972267,
        -0.017619796097278595,
        0.0759131982922554,
        0.05851386860013008,
        -0.02652418427169323,
        -0.04365945979952812,
        0.04755862429738045,
        0.03303057700395584,
        0.0010949843563139439,
        -0.010604298673570156,
        -0.05031926929950714,
        0.030746346339583397,
        0.045629482716321945,
        0.012716117314994335,
        0.04375068470835686,
        -0.036966338753700256,
        0.004605405032634735,
        -0.018758738413453102,
        -0.026260981336236,
        -0.003275737166404724,
        0.0033542197197675705,
        -0.05267155542969704,
        0.013409900479018688,
        0.013865253888070583,
        -0.02622051164507866,
        -0.07355177402496338,
        0.030801432207226753,
        0.016576651483774185,
        0.03140377253293991,
        0.005812653340399265,
        0.0008097313111647964,
        0.027958104386925697,
        0.004434497095644474,
        -0.04231182858347893,
        0.01589817740023136,
        0.06364356726408005,
        0.01744791679084301,
        -0.03432196378707886,
        0.03820940479636192,
        0.0398540198802948,
        0.03562289476394653,
        0.019568219780921936,
        0.0024475688114762306,
        0.002958629745990038,
        -0.06935922801494598,
        -0.04013719782233238,
        -0.24224629998207092,
        -0.015891075134277344,
        0.007737606298178434,
        -0.04257217422127724,
        0.06833982467651367,
        -0.029193256050348282,
        0.034157153218984604,
        -0.016994990408420563,
        0.04121946543455124,
        0.04576143994927406,
        0.07635227590799332,
        -0.06107020378112793,
        -0.021746596321463585,
        0.020194850862026215,
        0.011552114970982075,
        0.08161133527755737,
        -0.03037272021174431,
        0.025038497522473335,
        -0.06148845702409744,
        0.0038991242181509733,
