{
    "index": 533,
    "page": 84,
    "text": "XLI. “In my sickness” (saith Epicurus of himself): “my discourses were not concern-\ning the nature of my disease, neither was that, to them that came to visit me, the \nsubject of my talk; but in the consideration and contemplation of that, which was of \nespecial weight and moment, was all my time bestowed and spent, and among others \nin this very thing, how my mind, by a natural and unavoidable sympathy partaking \nin some sort with the present indisposition of my body, might nevertheless keep her-\nself free from trouble, and in present possession of her own proper happiness. Nei-\nther did I leave the ordering of my body to the physicians altogether to do with me \nwhat they would, as though I expected any great matter from them, or as though I",
    "embedding_of_chunk": [
        -0.030155643820762634,
        0.029967067763209343,
        0.07019229978322983,
        0.006043286994099617,
        -0.007284532301127911,
        -0.03259742259979248,
        0.11324521154165268,
        0.07866723835468292,
        0.013657882809638977,
        -0.033524371683597565,
        -0.024674685671925545,
        -0.06000090762972832,
        0.06896147131919861,
        0.06954459846019745,
        -0.004768869839608669,
        -0.009801548905670643,
        0.018195657059550285,
        0.007703507784754038,
        -0.06712127476930618,
        0.07976710051298141,
        0.004934818018227816,
        -0.04369950667023659,
        -0.012490171007812023,
        -0.035340335220098495,
        0.017780087888240814,
        0.06375723332166672,
        -0.011739830486476421,
        -0.01416311226785183,
        -0.008614455349743366,
        -0.14814499020576477,
        -0.027072664350271225,
        -0.04681991785764694,
        0.05314790830016136,
        -0.06837103515863419,
        -0.045251067727804184,
        0.04103637486696243,
        -0.05377357453107834,
        0.04931245371699333,
        -0.05825333297252655,
        0.05171547830104828,
        0.0322100967168808,
        0.013106095604598522,
        -0.013941548764705658,
        -0.05707979202270508,
        -0.03356676176190376,
        -0.061302151530981064,
        -0.029623785987496376,
        0.0094305956736207,
        0.0837760716676712,
        -0.021548332646489143,
        -0.01995154842734337,
        -0.010238848626613617,
        0.023609790951013565,
        0.02886740118265152,
        0.020759642124176025,
        0.022532474249601364,
        0.040291521698236465,
        0.0031067815143615007,
        -0.003619606839492917,
        0.04585576429963112,
        0.05166502296924591,
        0.06627215445041656,
        -0.24525019526481628,
        0.08579614013433456,
        0.05452461913228035,
        0.0061885640025138855,
        -0.06080528721213341,
        -0.03704382851719856,
        0.031775329262018204,
        0.04304543882608414,
        -0.025946106761693954,
        -0.0006903022294864058,
        0.08652667701244354,
        0.08641557395458221,
        0.03402157127857208,
        -0.02898287959396839,
        0.008891867473721504,
        -0.04376805201172829,
        -0.014265158213675022,
        0.006397987715899944,
        0.0007468382245860994,
        0.022267762571573257,
        -0.010690368711948395,
        -0.0243949256837368,
        -0.040195878595113754,
        -0.03426368162035942,
        0.02412250079214573,
        -0.06781028211116791,
        0.06539138406515121,
        0.017960606142878532,
        -0.02432272955775261,
        -0.04501449689269066,
        -0.019513491541147232,
        -0.0178169384598732,
        -0.045671962201595306,
        -0.04306221753358841,
        -0.01221425086259842,
        0.040438681840896606,
        -0.03821101412177086,
        0.21084138751029968,
        -0.038549866527318954,
        -0.009040436707437038,
        0.010295062325894833,
        0.0017059380188584328,
        0.014907648786902428,
        -0.04839085042476654,
        -0.03568227216601372,
        -0.07280811667442322,
        -0.027554737403988838,
        -0.035130105912685394,
        0.026882123202085495,
        -0.008655859157443047,
        0.027336278930306435,
        -0.050765056163072586,
        0.07517123222351074,
        0.03420362249016762,
        0.03220339119434357,
        -0.010404720902442932,
        -0.03658244386315346,
        0.028723929077386856,
        -0.015760991722345352,
        -0.01736024208366871,
        0.0663711205124855,
        -0.007884211838245392,
        0.0214618518948555,
        -0.0742955207824707,
        0.061604321002960205,
        0.09926936030387878,
        0.0355503186583519,
        0.008407051675021648,
        0.03240149840712547,
        -0.041764672845602036,
        -0.05990180745720863,
        0.0005173836834728718,
        0.008516126312315464,
        0.0062764910981059074,
        0.045481614768505096,
        -0.026807863265275955,
        0.0303778238594532,
        -0.03750143200159073,
        -0.008114327676594257,
        -0.16120146214962006,
        -0.06174309179186821,
        -0.06914610415697098,
        -0.008198621682822704,
        0.06310584396123886,
        0.004624947905540466,
        0.02530081942677498,
        -0.018205152824521065,
        -0.0016751306829974055,
        0.011911444365978241,
        -0.017931196838617325,
        -0.03726709634065628,
        0.004595376551151276,
        0.011416166089475155,
        0.0053098625503480434,
        0.021984903141856194,
        0.07048385590314865,
        -0.029293017461895943,
        -0.011709662154316902,
        -0.002705080434679985,
        -0.08148044347763062,
        -0.02857794426381588,
        0.10668334364891052,
        0.016215559095144272,
        -0.022077471017837524,
        -0.017495086416602135,
        0.017622267827391624,
        0.019762592390179634,
        0.0006831149803474545,
        0.06074529141187668,
        0.0073593128472566605,
        -0.06499502807855606,
        0.03885016217827797,
        0.07509177178144455,
        0.026611266657710075,
        -0.03313581272959709,
        -0.0009290838497690856,
        -0.019232317805290222,
        0.008741915225982666,
        0.040484316647052765,
        -0.040943946689367294,
        -0.02897028811275959,
        0.075151726603508,
        0.009869877249002457,
        -0.06345893442630768,
        0.008555418811738491,
        0.006888629402965307,
        0.035042308270931244,
        0.04312321916222572,
        -0.007511512376368046,
        0.02860117517411709,
        -0.06523815542459488,
        -0.02817041426897049,
        -0.04531241953372955,
        -0.0920829102396965,
        -0.03671831265091896,
        -0.013757044449448586,
        -0.0386035218834877,
        0.01178556215018034,
        -0.0290996041148901,
        -0.008582379668951035,
        -0.017567098140716553,
        0.0656287670135498,
        0.02229352667927742,
        -0.002136548748239875,
        -0.05457006022334099,
        -0.007942020893096924,
        0.04882584139704704,
        0.057902317494153976,
        -0.03395324945449829,
        0.06713011115789413,
        0.07750353962182999,
        -0.0005036925431340933,
        -0.008861382491886616,
        0.02436130680143833,
        0.001291254535317421,
        -0.00529412692412734,
        0.029169682413339615,
        0.03549757972359657,
        0.046872012317180634,
        -0.10850509256124496,
        -0.07873408496379852,
        -0.1686476618051529,
        -0.008806455880403519,
        -0.007891853339970112,
        -0.08330614119768143,
        0.03194063901901245,
        -0.025260426104068756,
        0.014745190739631653,
        -0.012866432778537273,
        0.06260652095079422,
        0.04661283269524574,
        0.04270273447036743,
        -0.0030053905211389065,
        -0.02930544875562191,
        0.017105726525187492,
        -0.038576796650886536,
