{
    "index": 636,
    "page": 99,
    "text": "they creep in and lurk in some corner, it is in our power to wipe them off. Remember-\ning moreover, that this care and circumspection of thine, is to continue but for a \nwhile, and then thy life will be at an end. And what should hinder, but that thou \nmayest do well with all these things? For if they be according to nature, rejoice in \nthem, and let them be pleasing and acceptable unto thee. But if they be against na-\nture, seek thou that which is according to thine own nature, and whether it be for \nthy credit or no, use all possible speed for the attainment of it: for no man ought to \nbe blamed, for seeking his own good and happiness.",
    "embedding_of_chunk": [
        -0.03293963149189949,
        0.000601388281211257,
        0.030260007828474045,
        -0.020813999697566032,
        0.025802873075008392,
        0.01545842457562685,
        0.09285648167133331,
        0.0231114961206913,
        0.011128638871014118,
        -0.025215255096554756,
        -0.0009375353110954165,
        -0.08072257786989212,
        0.048121318221092224,
        0.049510736018419266,
        -0.00924707017838955,
        0.04232262447476387,
        -0.015907015651464462,
        0.07110227644443512,
        -0.07506333291530609,
        0.015269109979271889,
        0.046761151403188705,
        -0.0076560671441257,
        -0.015070222318172455,
        -0.029357148334383965,
        0.003296175505965948,
        0.02462489902973175,
        -0.04534021019935608,
        -0.03023819625377655,
        -0.04437699168920517,
        -0.1374458521604538,
        -0.007112709805369377,
        -0.06624120473861694,
        0.047162678092718124,
        -0.008589062839746475,
        -0.008504845201969147,
        -0.02711499109864235,
        -0.02794196642935276,
        0.04071774333715439,
        -0.018821492791175842,
        0.0496547631919384,
        0.0664949119091034,
        0.020721690729260445,
        -0.02663275972008705,
        -0.05348743125796318,
        -0.015949860215187073,
        -0.03452591225504875,
        -0.012969011440873146,
        -0.058851294219493866,
        0.029185183346271515,
        -0.023243531584739685,
        -0.011527540162205696,
        -0.017317267134785652,
        -0.004746365826576948,
        0.05202102288603783,
        0.03442135453224182,
        0.019254738464951515,
        0.07801518589258194,
        0.025853430852293968,
        0.04743404686450958,
        0.0174771249294281,
        0.054579321295022964,
        0.01580454222857952,
        -0.20287060737609863,
        0.07805947959423065,
        0.07030392438173294,
        0.01606440171599388,
        -0.03816768899559975,
        -0.018355662003159523,
        -0.0068896557204425335,
        0.03502010554075241,
        -0.03366149961948395,
        0.04776839539408684,
        0.05226358398795128,
        0.0493968240916729,
        0.011235786601901054,
        0.007988082244992256,
        -0.01188918761909008,
        -0.049748197197914124,
        -0.04165709391236305,
        -0.001068080309778452,
        -0.010123164393007755,
        0.004017033614218235,
        -0.005320530850440264,
        -0.013743960298597813,
        -0.05475076660513878,
        -0.05317743122577667,
        0.017774080857634544,
        -0.07876842468976974,
        0.07715141773223877,
        -0.012389947660267353,
        0.005088909529149532,
        -0.03926614671945572,
        0.005719901993870735,
        0.01659543626010418,
        -0.03266330808401108,
        -0.026106806471943855,
        0.02126130647957325,
        0.013661225326359272,
        -0.06840913742780685,
        0.21001826226711273,
        -0.0441536009311676,
        0.05432599410414696,
        0.0350780226290226,
        -0.040694501250982285,
        0.03472897410392761,
        0.006199534982442856,
        -0.022526860237121582,
        -0.028234172612428665,
        -0.019905593246221542,
        0.009144213981926441,
        0.051449913531541824,
        -0.014698967337608337,
        0.015592629089951515,
        -0.03611571341753006,
        0.050812412053346634,
        -0.00807778351008892,
        0.05068531632423401,
        0.0369240827858448,
        -0.030452871695160866,
        0.002510364865884185,
        -0.03467324376106262,
        0.02147323451936245,
        0.020562805235385895,
        -0.03562610223889351,
        0.007434283383190632,
        -0.11462167650461197,
        0.03550916537642479,
        0.127196803689003,
        0.022364510223269463,
        0.00701352721080184,
        -0.022047879174351692,
        -0.041349511593580246,
        -0.018617626279592514,
        -0.00450189970433712,
        -0.0035366355441510677,
        0.011476547457277775,
        0.001188640366308391,
        -0.041749175637960434,
        0.038370281457901,
        -0.04073888435959816,
        -0.025466060265898705,
        -0.1566416621208191,
        -0.04211292043328285,
        -0.14803947508335114,
        0.017402341589331627,
        0.06366176158189774,
        0.0062488471157848835,
        0.029029784724116325,
        -0.05088605731725693,
        0.021998275071382523,
        -0.014081625267863274,
        0.04120950773358345,
        -0.0308519396930933,
        -0.052073366940021515,
        -0.01710873655974865,
        0.04067908227443695,
        0.024099327623844147,
        0.04638884961605072,
        -0.04471922293305397,
        0.002792172832414508,
        -0.0028488405514508486,
        0.01622716523706913,
        -0.061620257794857025,
        0.1160622164607048,
        0.022633178159594536,
        0.025338610634207726,
        -0.0043340809643268585,
        0.007557411212474108,
        -0.005855053197592497,
        0.021811462938785553,
        0.03076297976076603,
        -0.013527998700737953,
        -0.03573588281869888,
        0.07125474512577057,
        0.0773698166012764,
        0.036841150373220444,
        -0.023584425449371338,
        -0.029276711866259575,
        0.0024089424405246973,
        0.03820328786969185,
        0.014615919440984726,
        -0.03462234139442444,
        -0.06807929277420044,
        0.024631809443235397,
        0.0287903044372797,
        -0.03604988753795624,
        -0.01339685171842575,
        -0.04013551399111748,
        0.03915988653898239,
        0.05023554712533951,
        -0.04325466230511665,
        0.003169500268995762,
        -0.04423845559358597,
        -0.02281511016190052,
        -0.03091016598045826,
        -0.023512285202741623,
        -0.08275604993104935,
        -0.00437510758638382,
        -0.035793695598840714,
        0.007101697847247124,
        -0.016121165826916695,
        -0.007562890648841858,
        -0.0014721755869686604,
        0.03213082253932953,
        0.03526066243648529,
        0.006807297933846712,
        0.02399417944252491,
        -0.02274351567029953,
        0.07854336500167847,
        0.010921120643615723,
        -0.00855686143040657,
        0.024153556674718857,
        0.055347420275211334,
        -0.02911650761961937,
        -0.030294721946120262,
        0.019899141043424606,
        0.04101429507136345,
        0.0059854681603610516,
        0.04430273175239563,
        0.06538917124271393,
        0.021769506856799126,
        -0.06358665972948074,
        -0.07047367095947266,
        -0.22888611257076263,
        0.02487448789179325,
        -0.025821855291724205,
        -0.07472680509090424,
        0.08193260431289673,
        -0.05003715306520462,
        0.008374216966331005,
        -0.030728302896022797,
        0.00026049252483062446,
        0.001796993426978588,
        0.06853745132684708,
        -0.0628465786576271,
        -0.03426751121878624,
        0.03615467622876167,
        -0.01589086279273033,
        0.08130773901939392,
        -0.003922488074749708,
        0.01799597404897213,
        -0.03519611433148384,
