{
    "index": 639,
    "page": 99,
    "text": "all things, how they are forced by their opinions that they hold, to do what they do; \nand even those things that they do, with what pride and self-conceit they do them. \nThirdly, that if they do these things rightly, thou hast no reason to be grieved. But if \nnot rightly, it must needs be that they do them against their wills, and through mere \nELEVENTH BOOK",
    "embedding_of_chunk": [
        -0.02322825789451599,
        0.0016040690243244171,
        0.018310880288481712,
        -0.06234152615070343,
        0.009472458623349667,
        0.028373895213007927,
        0.10049018263816833,
        0.03027407079935074,
        -8.485947910230607e-05,
        -0.006031496450304985,
        -0.01423516683280468,
        -0.05818457156419754,
        -0.016286905854940414,
        0.006242602597922087,
        -0.013395537622272968,
        0.03944334387779236,
        0.011559980921447277,
        0.06782957166433334,
        -0.11433124542236328,
        0.01162025984376669,
        0.05336194112896919,
        -0.030139634385704994,
        -0.0029104959685355425,
        -0.03954768553376198,
        0.05288165062665939,
        0.052310504019260406,
        -0.05151734873652458,
        -0.00577189214527607,
        -0.03955637663602829,
        -0.13082267343997955,
        -0.034342676401138306,
        -0.02673281356692314,
        0.0414038822054863,
        -0.039814263582229614,
        0.0020574212539941072,
        -0.007015200797468424,
        -0.016028260812163353,
        0.03307029977440834,
        -0.06461332738399506,
        0.03867273032665253,
        0.021286064758896828,
        0.01880817301571369,
        -0.04296531900763512,
        -0.03444269299507141,
        -0.008422854356467724,
        -0.03852088004350662,
        6.978668534429744e-05,
        -0.03617943450808525,
        0.032041240483522415,
        -0.03429655730724335,
        -0.00792573019862175,
        -0.028461074456572533,
        0.028879234567284584,
        -0.006384667940437794,
        0.021424153819680214,
        -0.031149908900260925,
        0.04847438633441925,
        0.04387558996677399,
        0.05194535478949547,
        0.004088428802788258,
        0.06803721189498901,
        0.005965620744973421,
        -0.19753503799438477,
        0.11265549808740616,
        0.049531254917383194,
        0.029345117509365082,
        -0.03613296151161194,
        0.025601143017411232,
        -0.025589751079678535,
        0.09192197024822235,
        -0.061159562319517136,
        -0.002998881507664919,
        0.0646020695567131,
        0.07835950702428818,
        -0.006615000776946545,
        -0.005617006216198206,
        -0.0024970078375190496,
        -0.030484871938824654,
        -0.04600217938423157,
        -0.005900802556425333,
        -0.007874946109950542,
        0.0034569764975458384,
        0.00744018005207181,
        0.01991879567503929,
        -0.05304504930973053,
        -0.039504051208496094,
        -0.0004219837428536266,
        -0.08930876106023788,
        0.033362988382577896,
        0.008279044181108475,
        -0.02426471933722496,
        -0.03946304693818092,
        -0.011772526428103447,
        0.04802202433347702,
        -0.04026656225323677,
        -0.007545632775872946,
        0.016021404415369034,
        -0.0030069879721850157,
        -0.051267728209495544,
        0.21917681396007538,
        -0.051803216338157654,
        0.04512088745832443,
        0.025593308731913567,
        -0.008251780644059181,
        0.07064710557460785,
        -0.027549276128411293,
        0.012753439135849476,
        -0.07531259953975677,
        -0.040541306138038635,
        0.007650723215192556,
        0.015301309525966644,
        -0.026899252086877823,
        0.04047223925590515,
        -0.06592883914709091,
        0.06381086260080338,
        0.009730357676744461,
        0.035739727318286896,
        -0.012524980120360851,
        -0.03611971065402031,
        -0.004864847287535667,
        -0.01284004095941782,
        0.029222149401903152,
        0.026991544291377068,
        -0.015498248860239983,
        0.012213407084345818,
        -0.12381254881620407,
        0.010808342136442661,
        0.06640194356441498,
        0.030712706968188286,
        -0.022359618917107582,
        -0.007040584925562143,
        -0.031319666653871536,
        -0.06531616300344467,
        -0.007493310142308474,
        0.009783810004591942,
        0.04092245548963547,
        0.00835481844842434,
        -0.01195361278951168,
        0.04654437676072121,
        -0.040244210511446,
        -0.01564185321331024,
        -0.12977492809295654,
        -0.05791783332824707,
        -0.10369710624217987,
        -0.017711585387587547,
        0.09456383436918259,
        -0.04057774320244789,
        0.03939923644065857,
        -0.0016967859119176865,
        0.07638039439916611,
        -0.02295043133199215,
        0.03876454010605812,
        -0.05622367933392525,
        -0.040589455515146255,
        -0.016574516892433167,
        0.019968947395682335,
        -0.0004459858755581081,
        0.043476808816194534,
        -0.029078153893351555,
        0.02240969054400921,
        0.02180067077279091,
        -0.004016901832073927,
        -0.03001590631902218,
        0.16030441224575043,
        0.019893348217010498,
        -0.039403099566698074,
        0.011066884733736515,
        0.025457456707954407,
        0.003834715113043785,
        0.0028114791493862867,
        0.03348764032125473,
        0.01009867712855339,
        -0.07646378129720688,
        0.022832313552498817,
        0.06220472231507301,
        0.05491311103105545,
        -0.005469825118780136,
        -0.001756858080625534,
        -0.018041158095002174,
        0.05036269128322601,
        0.028530137613415718,
        -0.048242874443531036,
        -0.03173104301095009,
        0.06356348097324371,
        0.00015691935550421476,
        -0.02885325439274311,
        0.001637125387787819,
        -0.07639041543006897,
        0.03349272534251213,
        0.06151331216096878,
        0.0024299263022840023,
        0.03149884566664696,
        -0.033848781138658524,
        -0.04365326464176178,
        -0.008770553395152092,
        -0.014819875359535217,
        -0.00991066824644804,
        0.013409585691988468,
        -0.029445301741361618,
        -0.010111183859407902,
        -0.052116405218839645,
        -0.012378152459859848,
        -0.03153838589787483,
        0.02384110726416111,
        0.03044062852859497,
        0.01635892689228058,
        -0.015291325747966766,
        0.000685945968143642,
        0.053931042551994324,
        -0.0033623201306909323,
        -0.028084706515073776,
        0.0369790643453598,
        0.03126336261630058,
        -0.019429076462984085,
        -0.03467346727848053,
        0.03537039831280708,
        0.01242486946284771,
        0.03940223902463913,
        -0.016688944771885872,
        0.03461343050003052,
        0.03437008708715439,
        -0.07974439114332199,
        -0.037474215030670166,
        -0.23434822261333466,
        0.008078704588115215,
        -0.015946242958307266,
        -0.03772831708192825,
        0.08509078621864319,
        -0.01303380448371172,
        0.024110086262226105,
        -0.024270061403512955,
        -0.025173258036375046,
        0.10245390236377716,
        0.07104597240686417,
        -0.07223205268383026,
        -0.031193165108561516,
        0.02250918745994568,
        0.006695356220006943,
        0.048847462981939316,
        -0.028003262355923653,
        -0.0017346162348985672,
        -0.039542004466056824,
        0.0360761433839798,
        -0.0365678146481514,
        0.05142299085855484,
        -0.030618159100413322,
        -0.07754287123680115,
        0.022820057347416878,
        0.030528191477060318,
        0.20066943764686584,
        0.05668259412050247,
