{
    "index": 93,
    "page": 16,
    "text": "8 and the like. In all these things,",
    "embedding_of_chunk": [
        -0.014799746684730053,
        -0.053945355117321014,
        0.02810637466609478,
        -0.024746909737586975,
        -0.04562078043818474,
        0.06304502487182617,
        0.07772203534841537,
        0.015041591599583626,
        0.0011895847273990512,
        0.013815601356327534,
        -0.0072774323634803295,
        -0.049642808735370636,
        0.005247860215604305,
        0.035574186593294144,
        -0.0052599250338971615,
        0.000868786359205842,
        0.0314880833029747,
        -0.02130729891359806,
        -0.1049569770693779,
        0.03980336710810661,
        0.06451934576034546,
        -0.023569222539663315,
        0.00014404368994291872,
        -0.05336666479706764,
        0.014651757664978504,
        0.06721861660480499,
        -0.03882123902440071,
        -0.025964142754673958,
        -0.011178835295140743,
        -0.171579509973526,
        0.01853967271745205,
        -0.010609626770019531,
        0.09364086389541626,
        -0.02712245285511017,
        -0.0015771717298775911,
        -0.043741777539253235,
        -0.02672075852751732,
        0.006048884242773056,
        -0.07079596817493439,
        0.029636763036251068,
        0.06623747199773788,
        0.01965220645070076,
        -0.009241419844329357,
        -0.028584223240613937,
        -0.03466815873980522,
        -0.0322665274143219,
        -0.03162936866283417,
        0.01631702110171318,
        0.028669366613030434,
        -0.05243339389562607,
        -0.022208385169506073,
        -0.015798483043909073,
        0.007430237717926502,
        0.06120334938168526,
        -0.024640681222081184,
        0.014434169046580791,
        0.04354517534375191,
        0.01992221362888813,
        0.04474308714270592,
        -0.006728191394358873,
        0.013038343749940395,
        0.009773683734238148,
        -0.16310684382915497,
        0.15563853085041046,
        0.045360881835222244,
        0.009799523279070854,
        -0.051832765340805054,
        -0.033455219119787216,
        0.002546847565099597,
        0.06988239288330078,
        -0.02224070392549038,
        0.03614521399140358,
        0.008449318818747997,
        0.08423315733671188,
        0.010723553597927094,
        0.000950522196944803,
        -0.009936914779245853,
        -0.021137665957212448,
        -0.002540980000048876,
        0.013600233942270279,
        -0.03476443141698837,
        -0.03169570490717888,
        -0.045165836811065674,
        0.020509587600827217,
        -0.02519269660115242,
        -0.07517480850219727,
        0.0318993479013443,
        -0.01700153946876526,
        -0.01117697637528181,
        0.026014305651187897,
        -0.0718805268406868,
        0.01327500119805336,
        -0.07391733676195145,
        0.021406155079603195,
        -0.04307236894965172,
        -0.04862669110298157,
        0.02997707761824131,
        -0.04910753294825554,
        -0.012857738882303238,
        0.21758303046226501,
        -0.0049097915180027485,
        0.03986077010631561,
        0.0593145452439785,
        -0.010046969167888165,
        0.015265163034200668,
        -0.02229362726211548,
        -0.011866699904203415,
        -0.03873174637556076,
        -0.043156277388334274,
        0.012797835282981396,
        -0.004267669282853603,
        -0.01167525164783001,
        0.041762012988328934,
        -0.034829434007406235,
        0.049636151641607285,
        -0.02902163751423359,
        0.0353611558675766,
        -0.025446172803640366,
        -0.01360517181456089,
        -0.005134585313498974,
        0.04357638955116272,
        0.04402035474777222,
        0.0264840479940176,
        -0.005110663361847401,
        0.04414154961705208,
        -0.08134892582893372,
        -0.013229357078671455,
        0.07928084582090378,
        0.017211072146892548,
        0.015602955594658852,
        0.007834026589989662,
        0.0007205271976999938,
        -0.015902098268270493,
        -0.0005494702490977943,
        -0.015773173421621323,
        0.0059812432155013084,
        0.02039581909775734,
        0.011874592863023281,
        0.019117793068289757,
        -0.034652162343263626,
        -0.008721338585019112,
        -0.12210842967033386,
        -0.011611856520175934,
        -0.14139027893543243,
        0.0052320994436740875,
        0.10210530459880829,
        -0.027621431276202202,
        0.04397164285182953,
        0.001261556288227439,
        0.03674173355102539,
        6.729845335939899e-05,
        0.055052656680345535,
        -0.021926280111074448,
        -0.028914568945765495,
        -0.012737756595015526,
        0.07015237212181091,
        0.020597383379936218,
        0.005981186870485544,
        -0.07078789174556732,
        0.008997472934424877,
        -0.013908605091273785,
        -0.04459551349282265,
        -0.020249078050255775,
        0.06638164073228836,
        0.03818364813923836,
        -0.06760796159505844,
        -0.024418368935585022,
        0.038147009909152985,
        -0.00879754964262247,
        -0.014336937107145786,
        0.019874976947903633,
        0.04676547273993492,
        -0.016877464950084686,
        0.0250115767121315,
        0.0896555706858635,
        -0.00852368026971817,
        -0.048546016216278076,
        -0.003922676667571068,
        0.023802729323506355,
        -0.0047037312760949135,
        0.020954051986336708,
        -0.043239157646894455,
        -0.009099063463509083,
        0.05966035649180412,
        0.03190195932984352,
        -0.036279093474149704,
        -0.023829950019717216,
        -0.03972160071134567,
        0.050091467797756195,
        0.029205402359366417,
        -0.012835775502026081,
        0.0028749112971127033,
        -0.0473402701318264,
        -0.010422627441585064,
        -0.0054923417046666145,
        0.0051427558064460754,
        -0.015455069951713085,
        -0.00570480152964592,
        0.02338864840567112,
        -0.047034237533807755,
        0.01015445962548256,
        -0.01883348450064659,
        -0.0574333518743515,
        0.07144653052091599,
        0.07230523973703384,
        0.03465944156050682,
        -0.027667878195643425,
        -0.039666611701250076,
        0.04927494749426842,
        0.03563078120350838,
        -0.060485512018203735,
        0.007414237130433321,
        0.06669441610574722,
        -0.007291979156434536,
        -0.006197204347699881,
        -0.031143024563789368,
        -0.014678770676255226,
        0.06647840887308121,
        -0.006401973310858011,
        0.0152839170768857,
        0.05884580314159393,
        -0.10103350132703781,
        -0.007137494161725044,
        -0.22632597386837006,
        0.01230356190353632,
        0.0006118681048974395,
        -0.015542571432888508,
        0.07810226082801819,
        -0.04567895829677582,
        0.006519892252981663,
        -0.03952707722783089,
        0.06768365949392319,
        0.06856340169906616,
        0.0709519311785698,
        -0.02909550815820694,
        -0.009867072105407715,
        0.030466577038168907,
        -0.043018609285354614,
        0.0705009177327156,
        0.009355409070849419,
        0.005148531403392553,
        0.0035733957774937153,
        0.05657876282930374,
        -0.024579960852861404,
        0.0882914587855339,
        -0.04859543964266777,
        -0.03302133455872536,
        0.04632086306810379,
        -0.05457785725593567,
        0.2141185998916626,
        0.06633806973695755,
        0.004092823248356581,
        -0.049301374703645706,
        0.07034128904342651,
        0.04835560545325279,
        0.0016827742801979184,
        -0.09633971005678177,
        0.07687801122665405,
        0.04041765630245209,
        -0.005400639958679676,
        -0.02865424007177353,
        -0.03672408685088158,
