{
    "index": 461,
    "page": 72,
    "text": "XXXIV. Let not the general representation unto thyself of the wretchedness of this \nour mortal life, trouble thee. Let not thy mind wander up and down, and heap to-\ngether in her thoughts the many troubles and grievous calamities which thou art as \nsubject unto as any other. But as everything in particular doth happen, put this \nquestion unto thyself, and say: What is it that in this present matter, seems unto \nthee so intolerable? For thou wilt be ashamed to confess it. Then upon this presently \ncall to mind, that neither that which is future, nor that which is past can hurt thee; \nbut that only which is present. (And that also is much lessened, if thou dost lightly \ncircumscribe it): and then check thy mind if for so little a while, (a mere instant), it \ncannot hold out with patience.",
    "embedding_of_chunk": [
        -0.02385842800140381,
        0.014323820360004902,
        0.01961674727499485,
        -0.006237550172954798,
        0.0006505689234472811,
        0.020714549347758293,
        0.08425813168287277,
        0.02389894798398018,
        0.0016453901771456003,
        -0.03701615706086159,
        -0.008678531274199486,
        -0.08694662153720856,
        0.025538545101881027,
        0.03556817024946213,
        -0.017272429540753365,
        0.01357048749923706,
        -0.003576958319172263,
        0.04595378413796425,
        -0.0746031254529953,
        0.03485598415136337,
        0.05996625870466232,
        -0.02766241505742073,
        -0.012790712527930737,
        -0.0539088137447834,
        0.012257528491318226,
        0.006242950912564993,
        -0.011452456004917622,
        -0.032545991241931915,
        -0.013991263695061207,
        -0.16942836344242096,
        0.013158735819160938,
        -0.06563937664031982,
        0.024493077769875526,
        -0.014904030598700047,
        -0.0209187101572752,
        0.03364132344722748,
        -0.026818832382559776,
        0.05281704664230347,
        -0.04668140783905983,
        0.0871974527835846,
        0.016770541667938232,
        0.04699200019240379,
        -0.05292780324816704,
        -0.07768222689628601,
        -0.07127588242292404,
        -0.05876318737864494,
        -0.00920458696782589,
        -0.014836049638688564,
        0.0284416526556015,
        -0.0383908785879612,
        -0.04461590573191643,
        -0.012370622716844082,
        0.02705835923552513,
        0.01522148959338665,
        0.001828441978432238,
        0.019679289311170578,
        0.07545486837625504,
        -0.0071703363209962845,
        0.02747323177754879,
        0.013743499293923378,
        0.03574226796627045,
        0.008867482654750347,
        -0.20455127954483032,
        0.06392768025398254,
        0.05667857080698013,
        0.02031428925693035,
        -0.014587079174816608,
        -0.02400699257850647,
        0.003104433650150895,
        0.07535663992166519,
        -0.052621372044086456,
        0.041368138045072556,
        0.00804592203348875,
        0.09744225442409515,
        0.04254721477627754,
        -0.014716818928718567,
        -3.676360211102292e-05,
        -0.07265906035900116,
        0.019939202815294266,
        0.04155689850449562,
        0.02501022070646286,
        0.026023192331194878,
        0.017453022301197052,
        8.223858458222821e-05,
        -0.056834809482097626,
        -0.06355682015419006,
        0.01472956221550703,
        -0.057610079646110535,
        0.038488272577524185,
        -0.005572080612182617,
        -0.03417271748185158,
        -0.050624165683984756,
        0.013925190083682537,
        0.008694157004356384,
        -0.04786262661218643,
        -0.03979778662323952,
        0.0518086813390255,
        -0.011642946861684322,
        -0.05861455202102661,
        0.21975678205490112,
        -0.041526567190885544,
        0.06449390202760696,
        0.035188138484954834,
        -0.02407245524227619,
        0.05526784062385559,
        -0.0061502340249717236,
        -0.023541761562228203,
        -0.04481682926416397,
        -0.05849719047546387,
        -0.009671740233898163,
        0.019444946199655533,
        -0.03197832778096199,
        0.03379551321268082,
        -0.03548135608434677,
        0.0278300978243351,
        0.01655435375869274,
        0.04743282124400139,
        -0.014256264083087444,
        -0.018819659948349,
        0.025101467967033386,
        0.004934592638164759,
        0.025645604357123375,
        0.055279117077589035,
        -0.010309268720448017,
        -0.008124497719109058,
        -0.09248518943786621,
        0.03526363894343376,
        0.113131083548069,
        0.005484225228428841,
        -0.02095601335167885,
        -0.0012278640642762184,
        -0.07528143376111984,
        -0.04999538138508797,
        0.01939985156059265,
        0.04469015821814537,
        0.029865656048059464,
        -0.00989800225943327,
        -0.026259513571858406,
        0.012383404187858105,
        -0.0777057409286499,
        -0.014861335046589375,
        -0.1630055159330368,
        -0.03527363762259483,
        -0.07886571437120438,
        -0.049858834594488144,
        0.08768455684185028,
        -0.02201724424958229,
        0.029555676504969597,
        -0.0273212231695652,
        -0.009425880387425423,
        -0.009629509411752224,
        0.037799570709466934,
        -0.03764097020030022,
        -0.029596727341413498,
        0.016484232619404793,
        0.032185353338718414,
        -0.0006632127333432436,
        0.04816015437245369,
        -0.05275345593690872,
        0.028379222378134727,
        0.04626278951764107,
        -0.0034051360562443733,
        -0.04044927656650543,
        0.14039327204227448,
        0.02867363765835762,
        0.017142506316304207,
        -0.005291531328111887,
        0.003902354510501027,
        0.03334178403019905,
        -0.02429620549082756,
        0.04630402848124504,
        0.02715316228568554,
        -0.06145617365837097,
        0.0489673987030983,
        0.0835031196475029,
        0.007296172436326742,
        -0.01805151253938675,
        0.006641460582613945,
        0.005753391422331333,
        0.03445395454764366,
        0.02778952196240425,
        -0.02983454428613186,
        -0.04636392742395401,
        0.04498676583170891,
        0.026538532227277756,
        -0.02211967669427395,
        0.025498026981949806,
        -0.030115675181150436,
        0.03673491254448891,
        0.03357650339603424,
        -0.017733978107571602,
        -0.0020109054166823626,
        -0.09369435906410217,
        0.0013175454223528504,
        -0.03840893507003784,
        -0.004348068498075008,
        -0.026968101039528847,
        0.0010504102101549506,
        -0.021673161536455154,
        -0.010507466271519661,
        0.00973531138151884,
        -0.008047783747315407,
        -0.03613997623324394,
        0.058372240513563156,
        0.04503713548183441,
        -0.03041463904082775,
        0.017150036990642548,
        -0.03847212716937065,
        0.044926729053258896,
        0.001473056967370212,
        -0.06544042378664017,
        0.005418050568550825,
        0.04836290329694748,
        -0.019006162881851196,
        0.01953975483775139,
        0.061082400381565094,
        0.022456446662545204,
        -0.0020108805038034916,
        0.030564334243535995,
        0.04367556422948837,
        0.018745549023151398,
        -0.10475903004407883,
        -0.055396221578121185,
        -0.23474623262882233,
        0.03515325114130974,
        -0.02328997664153576,
        -0.027630198746919632,
        0.03720312565565109,
        -0.05862383171916008,
        0.005074255634099245,
        -0.005009976215660572,
        0.03141307085752487,
        0.0481032058596611,
        0.05726826936006546,
        -0.025500232353806496,
        -0.031695928424596786,
        0.01800631545484066,
