{
    "index": 388,
    "page": 2,
    "text": "29",
    "embedding_of_chunk": [
        -0.009934593923389912,
        -0.01204865425825119,
        -0.004308474715799093,
        -0.016435321420431137,
        -0.001814624178223312,
        0.03782091289758682,
        0.031528279185295105,
        0.059510912746191025,
        0.02480880171060562,
        -0.029036322608590126,
        -0.013473034836351871,
        -0.08405847102403641,
        0.052184849977493286,
        0.0391848087310791,
        -0.02999196946620941,
        0.04034366458654404,
        -0.0014252483379095793,
        0.022325249388813972,
        -0.061084598302841187,
        0.06654761731624603,
        0.025772906839847565,
        -0.01839520037174225,
        -0.013905873522162437,
        -0.05664626136422157,
        0.05049658194184303,
        0.07362640649080276,
        -0.05779498443007469,
        -0.030313218012452126,
        -0.053127072751522064,
        -0.1483955830335617,
        -0.009082652628421783,
        -0.0062492042779922485,
        0.08259881287813187,
        -0.03858436644077301,
        -0.02871226705610752,
        -0.052719250321388245,
        -0.0069352081045508385,
        0.04335392639040947,
        -0.02682153321802616,
        0.038379210978746414,
        0.04819450154900551,
        -0.00011198788706678897,
        -0.023024097084999084,
        -0.056760720908641815,
        0.012495536357164383,
        -0.029336698353290558,
        -0.026503683999180794,
        0.00791003555059433,
        0.07606789469718933,
        -0.04576095938682556,
        0.03706604987382889,
        -0.022286659106612206,
        0.0028549900744110346,
        0.07916723936796188,
        -0.01253783330321312,
        0.026225177571177483,
        0.010517616756260395,
        0.057252269238233566,
        0.02548343874514103,
        -0.0006118003511801362,
        0.011968303471803665,
        0.01675889454782009,
        -0.2665303945541382,
        0.08274653553962708,
        0.031041443347930908,
        0.005223138723522425,
        -0.03572346642613411,
        -0.01864422671496868,
        -0.01460985653102398,
        0.0444045327603817,
        -0.0746946632862091,
        0.06430982798337936,
        0.05045389384031296,
        0.0383317805826664,
        0.0353192575275898,
        -0.06948644667863846,
        -0.017593277618288994,
        -0.02015134133398533,
        -0.009824884124100208,
        -0.028282564133405685,
        0.028702883049845695,
        -0.040738485753536224,
        0.022828390821814537,
        -0.010731278918683529,
        -0.008422945626080036,
        -0.01312174741178751,
        -0.005954309832304716,
        -0.06410037726163864,
        0.054810311645269394,
        0.038728948682546616,
        -0.08138616383075714,
        -0.011523140594363213,
        -0.06163739040493965,
        -0.012900752015411854,
        -0.12155189365148544,
        -0.049143847078084946,
        0.04307573661208153,
        0.004914550110697746,
        -0.016780588775873184,
        0.2425186187028885,
        -0.05474972724914551,
        0.07170341908931732,
        0.023304374888539314,
        0.004047892987728119,
        0.026272417977452278,
        0.0015462340088561177,
        -0.053054165095090866,
        -0.02909567579627037,
        -0.02770358882844448,
        0.0178592037409544,
        -0.0187279861420393,
        -0.005638837814331055,
        0.012545857578516006,
        -0.03671053424477577,
        0.043246734887361526,
        0.0020697196014225483,
        0.06795312464237213,
        0.0302425567060709,
        -0.04402262717485428,
        0.027889922261238098,
        0.0289425328373909,
        0.02159508503973484,
        0.052684228867292404,
        -0.006244872696697712,
        0.03858277201652527,
        -0.05937990918755531,
        0.056246139109134674,
        0.10757872462272644,
        0.0295513104647398,
        0.03776047006249428,
        0.022802164778113365,
        -0.05350596830248833,
        -0.024444641545414925,
        -0.04253315553069115,
        0.002442633267492056,
        0.03024357557296753,
        -0.008459595032036304,
        0.018035391345620155,
        0.05071617290377617,
        -0.05853770300745964,
        -0.03762855753302574,
        -0.13669875264167786,
        0.01602335460484028,
        -0.10543769598007202,
        -0.02445371262729168,
        0.06025433912873268,
        -0.03979659825563431,
        0.01252242736518383,
        -0.03488940745592117,
        0.043536655604839325,
        -0.06635681539773941,
        -0.008982964791357517,
        -0.022762993350625038,
        -0.037660423666238785,
        0.02195613645017147,
        0.06832287460565567,
        0.012378091923892498,
        0.0511636808514595,
        -0.02027534693479538,
        -0.0032995762303471565,
        0.011920440010726452,
        -0.0612713061273098,
        -0.04818446561694145,
        0.06152202561497688,
        0.034031953662633896,
        -0.10394315421581268,
        0.009658698923885822,
        0.010229532606899738,
        0.009536503814160824,
        0.013055246323347092,
        0.025197308510541916,
        0.006949206348508596,
        -0.022117944434285164,
        0.02892548404633999,
        0.045710764825344086,
        0.04520020633935928,
        -0.006444406230002642,
        0.03064240887761116,
        -0.0030757759232074022,
        0.02360566146671772,
        0.00825550314038992,
        -0.054513752460479736,
        -0.0802718997001648,
        0.04184683412313461,
        0.040768567472696304,
        0.007947898469865322,
        -0.019446156919002533,
        -0.02954527735710144,
        0.06813753396272659,
        0.04440205544233322,
        -0.02484993264079094,
        0.020055536180734634,
        -0.02556823194026947,
        0.013387424871325493,
        -0.03792361915111542,
        -0.03305811434984207,
        -0.0362655371427536,
        -0.05267329514026642,
        0.019712554290890694,
        -0.014772185124456882,
        0.07156366854906082,
        -0.026518836617469788,
        -0.02670847438275814,
        0.009652008302509785,
        -0.012281984090805054,
        0.02772459387779236,
        -0.05027240887284279,
        -0.0008770777494646609,
        0.07171972095966339,
        0.03913460299372673,
        -0.05033883824944496,
        0.0096255112439394,
        0.07962830364704132,
        -0.007798032369464636,
        -0.05154866725206375,
        0.034209638833999634,
        -0.02199742943048477,
        0.0474747009575367,
        0.005485981702804565,
        0.02474605105817318,
        0.025950759649276733,
        -0.08477138727903366,
        -0.03611131012439728,
        -0.2163384109735489,
        0.04759516939520836,
        0.002415167633444071,
        -0.04731597751379013,
        0.02655029110610485,
        -0.01966664381325245,
        0.037709373980760574,
        -0.05396351218223572,
        0.06171425059437752,
        0.019263457506895065,
        0.005959199741482735,
        0.0006390636553987861,
        -0.05210867524147034,
        0.029124412685632706,
        -0.03955674171447754,
        0.08330756425857544,
        0.050296932458877563,
        0.009896833449602127,
        -0.03763214126229286,
        -0.004986470099538565,
        0.007396971806883812,
        0.0444956012070179,
        -0.03462971746921539,
        -0.047857969999313354,
        0.05567006766796112,
        0.016919193789362907,
        0.19937241077423096,
        0.08180119097232819,
        -0.03683973476290703,
        -0.01122301910072565,
        0.0837998241186142,
        -0.006589183583855629,
        -0.014288858510553837,
        -0.09341049194335938,
        0.027484897524118423,
        0.0026360726915299892,
        0.04749284312129021,
        -0.015714753419160843,
        -0.052970271557569504,
        -0.026187149807810783,
        -0.04490374028682709,
