{
    "index": 177,
    "page": 29,
    "text": "III. They seek for themselves private retiring places, as country villages, the sea-\nshore, mountains; yea thou thyself art wont to long much after such places. But all \nthis thou must know proceeds from simplicity in the highest degree. At what time \nsoever thou wilt, it is in thy power to retire into thyself, and to be at rest, and free \nfrom all businesses. A man cannot any whither retire better than to his own soul; he \nespecially who is beforehand provided of such things within, which whensoever he \ndoth withdraw himself to look in, may presently afford unto him perfect ease and \ntranquillity. By tranquillity I understand a decent orderly disposition and carriage, \nfree from all confusion and tumultuousness. Afford then thyself this retiring contin-",
    "embedding_of_chunk": [
        -0.023309340700507164,
        0.0031273963395506144,
        0.002715599723160267,
        -0.014539106748998165,
        0.02779906429350376,
        0.03097592666745186,
        0.09543044865131378,
        0.013747427612543106,
        -0.02826087363064289,
        -0.004332855809479952,
        0.03797431290149689,
        -0.07391246408224106,
        0.008276906795799732,
        0.010389965027570724,
        0.02434508316218853,
        0.03605131059885025,
        -0.032401956617832184,
        0.04527265951037407,
        -0.06057148799300194,
        0.02127849869430065,
        0.04039740189909935,
        -0.03464622050523758,
        -0.03437042981386185,
        -0.03378547728061676,
        0.04800941050052643,
        0.022862019017338753,
        -0.037624213844537735,
        -0.0067928447388112545,
        -0.02305038645863533,
        -0.13215380907058716,
        -0.003283189842477441,
        -0.05595427751541138,
        -0.013632172718644142,
        -0.052038341760635376,
        -0.0306804571300745,
        -0.02048991434276104,
        -0.007888889871537685,
        0.03441229462623596,
        -0.00868496485054493,
        0.02327136881649494,
        0.04228823259472847,
        0.03923998773097992,
        -0.02044920064508915,
        -0.03208267316222191,
        -0.05641070753335953,
        -0.01258749421685934,
        -0.0023417233023792505,
        -0.03131910786032677,
        -0.004875479731708765,
        -0.018248476088047028,
        -0.027694426476955414,
        -0.024482298642396927,
        0.02957177720963955,
        0.060052596032619476,
        0.03252226486802101,
        0.033886827528476715,
        0.05423258990049362,
        0.034318119287490845,
        0.0011868271976709366,
        -0.0033526355400681496,
        0.03033841960132122,
        0.04580486938357353,
        -0.26765987277030945,
        0.046341799199581146,
        0.07475106418132782,
        0.04334424063563347,
        -0.002937896875664592,
        -0.026026615872979164,
        -0.022729476913809776,
        0.04775344207882881,
        -0.009648839943110943,
        0.03251150995492935,
        0.013478167355060577,
        0.026968196034431458,
        0.028781408444046974,
        -0.03310504928231239,
        -0.010936163365840912,
        -0.031028902158141136,
        -0.03800616413354874,
        0.029417255893349648,
        0.014569735154509544,
        0.011995742097496986,
        0.006229056511074305,
        0.022958803921937943,
        -0.08202489465475082,
        -0.05414603650569916,
        0.021690500900149345,
        -0.0903240218758583,
        0.05438186973333359,
        0.019273733720183372,
        -0.027159029617905617,
        0.0015927614877000451,
        -0.011977434158325195,
        0.007416591979563236,
        -0.018213458359241486,
        -0.02571779675781727,
        0.048470478504896164,
        0.020516611635684967,
        -0.06512292474508286,
        0.20711521804332733,
        -0.001106529962271452,
        0.04321993887424469,
        0.04055337235331535,
        -0.027834462001919746,
        0.03631352260708809,
        0.009227786213159561,
        -0.036131907254457474,
        -0.015509188175201416,
        -0.006732976529747248,
        -0.0032830103300511837,
        0.017772529274225235,
        -0.013640502467751503,
        0.03127478063106537,
        -0.017944497987627983,
        -0.014927714131772518,
        0.02372066117823124,
        0.017319681122899055,
        0.003985004965215921,
        -0.035639338195323944,
        -0.012010462582111359,
        -0.005083733703941107,
        0.04159852862358093,
        0.02984415739774704,
        0.0053335512056946754,
        -0.02177884243428707,
        -0.1130015179514885,
        0.049745701253414154,
        0.10677559673786163,
        0.03213558718562126,
        0.03045133501291275,
        0.02960074692964554,
        0.0025177053175866604,
        -0.0680704191327095,
        -0.00041554265771992505,
        -0.002077034441754222,
        -0.011919079348444939,
        0.02250182256102562,
        -0.0239675585180521,
        0.04410551115870476,
        -0.06429256498813629,
        -0.013795241713523865,
        -0.12140681594610214,
        -0.03691348806023598,
        -0.11086420714855194,
        0.029238849878311157,
        0.09305455535650253,
        0.0625702440738678,
        0.009246696718037128,
        -0.031102223321795464,
        0.043039921671152115,
        0.014062370173633099,
        0.05751466378569603,
        -0.01713332161307335,
        -0.02271503023803234,
        0.008136880584061146,
        0.03392726927995682,
        0.03871221840381622,
        0.08591138571500778,
        -0.049224935472011566,
        0.01435871236026287,
        -0.009232222102582455,
        -0.028944337740540504,
        -0.0489455983042717,
        0.12017712742090225,
        0.0212714783847332,
        -0.04640484228730202,
        -0.01654597744345665,
        0.01713106781244278,
        0.0024095913395285606,
        0.006522185634821653,
        0.025550125166773796,
        0.036196377128362656,
        -0.06350821256637573,
        0.0753345713019371,
        0.09567980468273163,
        0.053407151252031326,
        -0.06301074475049973,
        -0.0016190129099413753,
        0.003674437990412116,
        0.020841533318161964,
        0.0007534442702308297,
        -0.0407961905002594,
        -0.05424559488892555,
        0.04624186083674431,
        -0.002374093048274517,
        -0.02689441666007042,
        0.01476413942873478,
        -0.042036667466163635,
        0.037061769515275955,
        0.08265536278486252,
        -0.008689719252288342,
        0.05368196964263916,
        -0.05485527962446213,
        -0.010345214046537876,
        -0.03417544066905975,
        0.025962021201848984,
        -0.03352250158786774,
        0.025684604421257973,
        0.022624490782618523,
        -0.01535007357597351,
        -0.0025717841926962137,
        -0.02319221943616867,
        -0.02324904501438141,
        0.05517113208770752,
        0.007868136279284954,
        0.035227760672569275,
        0.033249929547309875,
        0.007925433106720448,
        0.06635957956314087,
        0.0023998310789465904,
        -0.046216774731874466,
        0.038201138377189636,
        0.06097444146871567,
        0.011068479157984257,
        0.008256593719124794,
        0.014173796400427818,
        0.01136421225965023,
        -0.016326304525136948,
        0.014661377295851707,
        0.043363913893699646,
        0.051686789840459824,
        -0.0823051854968071,
        -0.07904116809368134,
        -0.22260746359825134,
        0.019097965210676193,
        -0.015611794777214527,
        -0.05851086974143982,
        0.07684293389320374,
        -0.057725466787815094,
        0.012055979110300541,
        -0.001173555850982666,
        0.012079580686986446,
        0.030399445444345474,
        0.06312726438045502,
        -0.09173329174518585,
        -0.011319135315716267,
        0.042049918323755264,
        0.02270045131444931,
