{
    "index": 659,
    "page": 102,
    "text": "47 Green \n\ngrapes, ripe grapes, dried grapes, or raisins: so many changes and mutations of one \nthing, not into that which was not absolutely, but rather so many several changes \n\n                                            \n45 [“My heart,” etc. (31): From Homer, Odyssey, ix. 413. \n\n“They will” (32): From Hesiod, Opera et Dies, 184.] \n\n46 [“Epictetus” (34): Arr. 1, 11, 37.] \n\n47 [“Cut down grapes” (35): Correct “ears of corn.” \n\n“Epictetus” (36): Arr. 3, 22, 105.] \nELEVENTH BOOK \n\nand mutations, not into that which hath no being at all, but into that which is not \nyet in being.",
    "embedding_of_chunk": [
        -0.013963856734335423,
        -0.038153551518917084,
        0.05482327565550804,
        -0.05008210986852646,
        -0.0005084786098450422,
        -0.031197579577565193,
        0.04107353091239929,
        0.06103547289967537,
        0.00736858369782567,
        0.0015950945671647787,
        0.015163440257310867,
        -0.10587091743946075,
        -0.029426556080579758,
        0.0059546600095927715,
        -0.018618497997522354,
        -0.02360713481903076,
        -0.0017799283377826214,
        0.040049582719802856,
        -0.09452811628580093,
        0.023780304938554764,
        0.06378746032714844,
        0.02520553208887577,
        0.012569073587656021,
        -0.056874800473451614,
        0.05423961207270622,
        0.06477916985750198,
        0.015945103019475937,
        -0.006748193874955177,
        -0.0552595853805542,
        -0.1867247074842453,
        -0.02050418220460415,
        0.009104952216148376,
        0.06993000954389572,
        -0.009231055155396461,
        -0.02077505551278591,
        -0.010618221946060658,
        -0.02112293243408203,
        0.003064829157665372,
        -0.04013178497552872,
        0.07621603459119797,
        0.09054325520992279,
        -0.0007422708440572023,
        -0.015350613743066788,
        -0.06147851422429085,
        -0.08398174494504929,
        0.015044228173792362,
        -0.04459670931100845,
        -0.014493171125650406,
        0.06732138246297836,
        -0.024898849427700043,
        -0.04568646103143692,
        -0.03354152664542198,
        0.022185102105140686,
        0.02122533693909645,
        0.02735859528183937,
        0.013966439291834831,
        0.08197344094514847,
        0.04395485296845436,
        0.03018774837255478,
        0.053160086274147034,
        0.05928179994225502,
        -0.0035361165646463633,
        -0.21703381836414337,
        0.08439309895038605,
        0.05590379238128662,
        0.014667156152427197,
        -0.060620587319135666,
        -0.025981200858950615,
        0.009014874696731567,
        0.06808105111122131,
        -0.028156541287899017,
        0.049918122589588165,
        0.02485480159521103,
        0.05593709275126457,
        0.049883924424648285,
        -0.015610346570611,
        -0.03522515669465065,
        -0.060797203332185745,
        -0.006631604861468077,
        0.003208744805306196,
        -0.029321707785129547,
        -0.015177450142800808,
        -0.06024441495537758,
        -0.014726397581398487,
        -0.06287053227424622,
        -0.07291630655527115,
        0.002858053892850876,
        -0.030726993456482887,
        0.042905982583761215,
        0.030482053756713867,
        -0.03482755273580551,
        -0.03919642046093941,
        0.014543670229613781,
        -0.020249342545866966,
        -0.041102129966020584,
        0.007189984433352947,
        0.02443538047373295,
        0.01349676214158535,
        0.008161449804902077,
        0.20342384278774261,
        -0.047506049275398254,
        0.008654008619487286,
        0.002343307249248028,
        -0.014706145040690899,
        0.010383895598351955,
        -0.007989136502146721,
        -0.029379338026046753,
        -0.02848394401371479,
        0.021579114720225334,
        0.023551294580101967,
        -0.0024893975351005793,
        -0.012363282963633537,
        0.0731501430273056,
        -0.046159643679857254,
        0.05321413278579712,
        -0.0035344581119716167,
        0.07064798474311829,
        -0.01445335429161787,
        -0.01075851172208786,
        0.007690963335335255,
        -0.03144322708249092,
        0.01824481599032879,
        0.015775470063090324,
        -0.028922894969582558,
        0.038066379725933075,
        -0.06616770476102829,
        0.0217730812728405,
        0.10837998986244202,
        0.04947501793503761,
        0.03139737993478775,
        0.05505460500717163,
        -0.032806240022182465,
        -0.0820004791021347,
        -0.05320855230093002,
        -0.013281377032399178,
        0.012526389211416245,
        0.0364648774266243,
        -0.010500917211174965,
        -0.018351584672927856,
        -0.010825573466718197,
        -0.06662876904010773,
        -0.11688937991857529,
        -0.01613152027130127,
        -0.10477109998464584,
        0.008270292542874813,
        0.09946756809949875,
        0.0012942422181367874,
        0.04986149072647095,
        -0.026159169152379036,
        0.05675897002220154,
        -0.02974500134587288,
        0.06033678725361824,
        0.011459476314485073,
        -0.03930378332734108,
        -0.02174486219882965,
        0.02086525410413742,
        0.01668667048215866,
        0.04400259256362915,
        -0.028311489149928093,
        0.006365730427205563,
        0.03573627769947052,
        0.011966678313910961,
        -0.028976889327168465,
        0.10179264843463898,
        0.026572557166218758,
        -0.029440872371196747,
        -0.040815047919750214,
        -0.00012501829769462347,
        0.04061911627650261,
        -0.0033739625941962004,
        0.047962531447410583,
        0.010606667026877403,
        -0.04827965423464775,
        0.03569016233086586,
        0.07821093499660492,
        0.029277270659804344,
        -0.029320448637008667,
        0.016632527112960815,
        -0.015134807676076889,
        0.008497071452438831,
        0.05874764919281006,
        -0.021241117268800735,
        -0.055667776614427567,
        0.0880763903260231,
        0.02606411837041378,
        -0.04022657871246338,
        -0.012253822758793831,
        -0.018839523196220398,
        0.04085152596235275,
        0.060212694108486176,
        0.008495237678289413,
        0.01848614402115345,
        -0.07253486663103104,
        0.010441061109304428,
        -0.04155886918306351,
        -0.030320310965180397,
        -0.017103582620620728,
        -0.00994898285716772,
        -0.022350842133164406,
        -0.004605463705956936,
        -0.0005746713140979409,
        -0.010458012111485004,
        -0.02569371834397316,
        0.03443676605820656,
        0.016630075871944427,
        0.036280516535043716,
        -0.014049271121621132,
        -0.03533659502863884,
        0.0610104575753212,
        0.005070149432867765,
        -0.0432150736451149,
        0.027757272124290466,
        0.03419416397809982,
        0.016826113685965538,
        -0.049483343958854675,
        0.009165282361209393,
        -0.0042700679041445255,
        0.03757261484861374,
        0.046455077826976776,
        0.03273684158921242,
        0.063779316842556,
        -0.1153038889169693,
        -0.048204533755779266,
        -0.22223614156246185,
        -0.013947567902505398,
        0.020005328580737114,
        -0.048215098679065704,
        0.04592868313193321,
        0.0007556088967248797,
        1.6536543625988998e-05,
        -0.008301418274641037,
        0.06953036785125732,
        0.049953315407037735,
        -0.008796735666692257,
        -0.016783814877271652,
        -0.03417385742068291,
        0.016717635095119476,
        0.01048976555466652,
        0.023551614955067635,
        -0.0010034168371930718,
        0.026015499606728554,
        0.0004346777277532965,
        0.008144944906234741,
