{
    "index": 100,
    "page": 17,
    "text": "have dwelt upon, if I had found myself to go on in them with success. That I did by \ntimes prefer those, by whom I was brought up, to such places and dignities, which \nthey seemed unto me most to desire; and that I did not put them off with hope and \nexpectation, that (since that they were yet but young) I would do the same hereafter. \nThat I ever knew Apollonius and Rusticus, and Maximus. That I have had occasion \noften and effectually to consider and meditate with myself, concerning that life which \nis according to nature, what the nature and manner of it is: so that as for the gods \nand such suggestions, helps and inspirations, as might be expected from them, \nnothing did hinder, but that I might have begun long before to live according to na-",
    "embedding_of_chunk": [
        -0.010678847320377827,
        0.043172020465135574,
        0.05580805987119675,
        -0.030892986804246902,
        -0.03553910180926323,
        0.0004451009735930711,
        0.07555679231882095,
        0.041318461298942566,
        -0.000716898066457361,
        -0.05127295106649399,
        -0.02203604392707348,
        -0.07665172964334488,
        0.01709618605673313,
        0.042852263897657394,
        0.027468465268611908,
        -0.005179191008210182,
        -0.015563246794044971,
        0.02422160655260086,
        -0.07822105288505554,
        0.021184831857681274,
        0.02481848932802677,
        -0.025278562679886818,
        0.007107076700776815,
        -0.07897701859474182,
        0.04063105210661888,
        0.0466185137629509,
        -0.03655393421649933,
        -0.04850738123059273,
        -0.006320882588624954,
        -0.1220216453075409,
        -0.013134373351931572,
        -0.05916808545589447,
        0.05627453699707985,
        -0.05374762788414955,
        -0.05196162313222885,
        0.016435198485851288,
        -0.032392580062150955,
        0.02998974174261093,
        -0.02928515523672104,
        0.045181259512901306,
        0.047499388456344604,
        0.007151488680392504,
        0.010659869760274887,
        -0.003267141990363598,
        -0.036486636847257614,
        -0.023524228483438492,
        0.003217111574485898,
        -0.024509072303771973,
        0.030115623027086258,
        -0.008613829500973225,
        -0.0035004981327801943,
        -0.0023755677975714207,
        -0.0007956337067298591,
        0.024029945954680443,
        0.03595118969678879,
        0.048803526908159256,
        0.047895703464746475,
        0.060635555535554886,
        0.037891510874032974,
        0.05072792246937752,
        0.01086342241615057,
        0.026811005547642708,
        -0.2629847526550293,
        0.07935793697834015,
        0.03911185264587402,
        0.018863065168261528,
        -0.04808200150728226,
        -0.04856536537408829,
        0.022104572504758835,
        0.05521123483777046,
        -0.014463493600487709,
        0.048067495226860046,
        0.06777064502239227,
        0.0731775090098381,
        -0.0012019164860248566,
        -0.013794017024338245,
        -0.01220451295375824,
        -0.03557656332850456,
        -0.01005380880087614,
        -0.004542899783700705,
        0.016303300857543945,
        0.020557472482323647,
        -0.023073479533195496,
        -0.021948395296931267,
        -0.054455723613500595,
        0.0010492871515452862,
        0.009752236306667328,
        -0.06187233328819275,
        0.06766021251678467,
        0.008007483556866646,
        -0.005166591145098209,
        -0.046872928738594055,
        -0.07783933728933334,
        -0.004043711815029383,
        -0.04269366338849068,
        -0.001534158713184297,
        0.04024126008152962,
        0.04220353066921234,
        -0.048990730196237564,
        0.20073610544204712,
        -0.01388415414839983,
        0.03967457264661789,
        0.016666606068611145,
        -0.006198822986334562,
        0.03162548691034317,
        -0.012035871855914593,
        -0.03368726372718811,
        -0.05830678716301918,
        -0.004268710035830736,
        0.03431791067123413,
        0.05019557476043701,
        -0.025463130325078964,
        0.013958942145109177,
        -0.03035924583673477,
        0.02259373664855957,
        0.03189222887158394,
        0.06015608459711075,
        -0.014676176942884922,
        -0.017879240214824677,
        0.003938442561775446,
        -0.034975532442331314,
        0.022196371108293533,
        0.04663746431469917,
        -0.026284072548151016,
        0.010091648437082767,
        -0.09565886110067368,
        0.0773044303059578,
        0.07510627061128616,
        0.006143910810351372,
        0.0016773883253335953,
        0.04224548488855362,
        -0.017876865342259407,
        -0.03949017450213432,
        -0.03697402775287628,
        -0.003865629667416215,
        0.020390314981341362,
        0.03666475787758827,
        -0.021192843094468117,
        0.019969623535871506,
        -0.06132696941494942,
        -0.0382363460958004,
        -0.12492803484201431,
        0.002370351692661643,
        -0.06385428458452225,
        -0.002485201694071293,
        0.02172297239303589,
        0.03236822038888931,
        0.004468709696084261,
        -0.013398420065641403,
        0.017504850402474403,
        -0.022534798830747604,
        0.02304728515446186,
        -0.01383297797292471,
        -0.006958672311156988,
        0.02198493480682373,
        7.176330109359697e-05,
        0.0007992696482688189,
        0.08218250423669815,
        -0.05304998904466629,
        0.01986847072839737,
        0.0026256325654685497,
        -0.0397922582924366,
        -0.006327420007437468,
        0.12888595461845398,
        0.04470208287239075,
        -0.03959702327847481,
        0.009903296828269958,
        -0.01311259064823389,
        0.008431351743638515,
        0.01884026639163494,
        0.041678059846162796,
        0.01336965523660183,
        -0.047153834253549576,
        0.05462288856506348,
        0.06127568334341049,
        -0.008003677241504192,
        -0.05764291435480118,
        -0.003917645663022995,
        0.004898769315332174,
        0.04142424464225769,
        0.06535913050174713,
        -0.04071544483304024,
        -0.04864480718970299,
        0.040938153862953186,
        0.005860062316060066,
        -0.04140409454703331,
        -0.008769053034484386,
        -0.012019780464470387,
        0.009960620664060116,
        0.04768327996134758,
        0.024047041311860085,
        0.042221568524837494,
        -0.04204908013343811,
        0.00834003183990717,
        -0.03172816336154938,
        -0.024070724844932556,
        -0.002967514330521226,
        -0.029837146401405334,
        -0.06310362368822098,
        0.009647623635828495,
        -0.03693518042564392,
        -0.02144051156938076,
        -0.01053991261869669,
        0.03363123536109924,
        0.012326049618422985,
        0.007263707462698221,
        -0.008582430891692638,
        -0.011818364262580872,
        0.08029308915138245,
        -0.010532477870583534,
        -0.0795300155878067,
        0.04763626307249069,
        0.06833156943321228,
        0.011849930509924889,
        -0.036889247596263885,
        0.0439949631690979,
        0.014642809517681599,
        0.012181872501969337,
        0.04750737547874451,
        0.05430489778518677,
        0.03477340191602707,
        -0.10046230256557465,
        -0.07429315894842148,
        -0.2463325560092926,
        -0.00756437610834837,
        -0.01329875085502863,
        -0.03183307871222496,
        0.046821340918540955,
        -0.04918805509805679,
        0.05048909783363342,
        -0.032987069338560104,
        0.05848046764731407,
        0.007048575207591057,
        0.04166252911090851,
        -0.021381771191954613,
        -0.018108690157532692,
        0.06761318445205688,
        -0.017328403890132904,
