{
    "index": 67,
    "page": 12,
    "text": "3 [“Both to frequent” (4). Gr. το μή, C. conjectures το μέ. The text is probably right: “I did not frequent public \nlectures, and I was taught at home.”] \nFIRST BOOK \n\ndialogues in my youth; and that I took liking to the philosophers’ little couch and \nskins, and such other things, which by the Grecian discipline are proper to those \nwho profess philosophy.",
    "embedding_of_chunk": [
        0.005650509148836136,
        -0.004091043025255203,
        0.021883713081479073,
        -0.01950051821768284,
        -0.018526680767536163,
        -0.040576256811618805,
        0.04142998903989792,
        0.0601583831012249,
        0.01618746668100357,
        -0.009872842580080032,
        -0.04546891152858734,
        -0.06943244487047195,
        0.010003438219428062,
        0.04832674190402031,
        0.01331923995167017,
        -0.021470915526151657,
        0.007253809366375208,
        0.02836013399064541,
        -0.050641804933547974,
        0.02206089161336422,
        0.0943124070763588,
        -0.042346782982349396,
        0.0022397658322006464,
        -0.03753244876861572,
        0.04097672924399376,
        0.05562245845794678,
        -0.03005089797079563,
        -0.06934335082769394,
        -0.007248249836266041,
        -0.15617920458316803,
        -0.02415699139237404,
        -0.008874152787029743,
        0.06643195450305939,
        -0.049160849303007126,
        -0.006377733312547207,
        -0.030553560703992844,
        -0.022151635959744453,
        0.06402777135372162,
        -0.04145178943872452,
        0.06922850012779236,
        0.013707303442060947,
        0.004104314371943474,
        0.0016903176438063383,
        -0.058028679341077805,
        -0.042299624532461166,
        -0.020143333822488785,
        -0.002789714839309454,
        -0.0527191124856472,
        0.02810671739280224,
        -0.02886171266436577,
        -0.015395361930131912,
        -0.010202326811850071,
        0.01295649353414774,
        0.03583107888698578,
        -0.0018293189350515604,
        0.04040426388382912,
        0.045019809156656265,
        0.057551201432943344,
        0.008113617077469826,
        0.046442773193120956,
        0.014233875088393688,
        0.05027257278561592,
        -0.2549464702606201,
        0.10501450300216675,
        0.042553454637527466,
        0.032585714012384415,
        -0.027432352304458618,
        0.00120590440928936,
        0.00827482994645834,
        0.08540469408035278,
        -0.01901373080909252,
        0.035580433905124664,
        0.024896612390875816,
        0.10278063267469406,
        0.02124888449907303,
        -0.009176909923553467,
        -0.013416483998298645,
        -0.04291872680187225,
        -0.013110877946019173,
        -0.01443147100508213,
        -0.0017881080275401473,
        -0.0032035978510975838,
        -0.022115295752882957,
        -0.021431243047118187,
        -0.03742605447769165,
        -0.050962287932634354,
        -0.01565415970981121,
        -0.053069572895765305,
        0.0070802997797727585,
        0.010772532783448696,
        -0.02747727558016777,
        -0.004052778240293264,
        0.01662333309650421,
        0.04434329643845558,
        -0.051537834107875824,
        -0.05564288794994354,
        0.03775210678577423,
        0.032836128026247025,
        -0.028124934062361717,
        0.22714117169380188,
        -0.036122601479291916,
        0.015933655202388763,
        0.019222186878323555,
        0.0022012353874742985,
        0.03347989171743393,
        -0.0004943904932588339,
        -0.0069741979241371155,
        -0.0656077116727829,
        -0.0134394196793437,
        0.05010715126991272,
        -0.011120036244392395,
        -0.02808043360710144,
        0.06558071076869965,
        -0.07076898217201233,
        0.012459971010684967,
        0.035361580550670624,
        0.07208739221096039,
        0.015056949108839035,
        0.01851618103682995,
        0.0067170956172049046,
        -0.009812514297664165,
        0.009068631567060947,
        0.07056117057800293,
        -0.03645678237080574,
        0.032119330018758774,
        -0.09180847555398941,
        0.03397948667407036,
        0.10453750193119049,
        0.03163310885429382,
        -0.0022948523983359337,
        0.0003584859659895301,
        -0.04031931236386299,
        -0.014367084950208664,
        -0.04585620015859604,
        0.0017950723413378,
        0.018403615802526474,
        0.054180875420570374,
        -0.014406861737370491,
        0.03209874778985977,
        -0.009419379755854607,
        -0.015538319945335388,
        -0.10506431758403778,
        -0.0041457535699009895,
        -0.06566857546567917,
        0.005909550469368696,
        0.11206938326358795,
        0.010697037912905216,
        0.04179257154464722,
        -0.005248711444437504,
        0.03887312486767769,
        -0.017346343025565147,
        0.049775395542383194,
        0.00013534174649976194,
        -0.04422475025057793,
        0.05147219076752663,
        0.0011494990903884172,
        0.07465896755456924,
        0.05878002941608429,
        -0.0012274839682504535,
        0.006042945198714733,
        -0.019453061744570732,
        -0.01797531545162201,
        -0.04068557545542717,
        0.12886133790016174,
        -0.0063042412512004375,
        -0.05644369497895241,
        0.01420015748590231,
        -0.021725710481405258,
        -0.01934335008263588,
        -0.026180630549788475,
        0.09676863253116608,
        0.05139215290546417,
        -0.020405977964401245,
        0.027386898174881935,
        0.08959195017814636,
        0.024225836619734764,
        -0.050414811819791794,
        -0.004459637217223644,
        0.011594448238611221,
        0.04923034459352493,
        0.08248214423656464,
        -0.04714043810963631,
        -0.06643357127904892,
        0.038029104471206665,
        0.013486105017364025,
        -0.05166422948241234,
        -0.009816084057092667,
        -0.04162192344665527,
        0.046566758304834366,
        0.07551196962594986,
        -0.02573617547750473,
        0.0012821065029129386,
        -0.05445365980267525,
        -0.009218821302056313,
        -0.047143466770648956,
        -0.02302664890885353,
        0.0003386367461644113,
        -0.05150603875517845,
        -0.007856295444071293,
        -0.0012903099413961172,
        -0.0029276758432388306,
        -0.007654201239347458,
        -0.006522301118820906,
        0.04136853292584419,
        -0.03462309390306473,
        0.030616311356425285,
        -0.028879450634121895,
        0.021977774798870087,
        0.07021535933017731,
        0.01679104007780552,
        -0.04538504779338837,
        0.0254763625562191,
        0.009295507334172726,
        0.0013917764881625772,
        -0.039175376296043396,
        0.034364137798547745,
        0.0019310959614813328,
        0.03937571495771408,
        0.015045897103846073,
        -0.007197541184723377,
        -0.004676760174334049,
        -0.06485632061958313,
        -0.061001189053058624,
        -0.209104984998703,
        0.028188461437821388,
        0.03822079300880432,
        -0.04669015482068062,
        0.07181565463542938,
        -0.01908685825765133,
        0.0367722325026989,
        -0.025272326543927193,
        0.014758939854800701,
        0.043357234448194504,
        -0.0037118587642908096,
        -0.04493167996406555,
        -0.0366065539419651,
        0.002769703045487404,
        -0.05155971273779869,
        0.06419568508863449,
        -0.01107734628021717,
        0.0013709546765312552,
        -0.04774152860045433,
        -0.0223697442561388,
        -0.022556934505701065,
        -0.008076077327132225,
        -0.0274544395506382,
        -0.08123358339071274,
        0.0420437753200531,
        0.02689768560230732,
        0.19306565821170807,
        0.08970507979393005,
