{
    "index": 358,
    "page": 57,
    "text": "painfulness, and continual burden-bearing of wretched ants, the running to and fro \nof terrified mice: little puppets drawn up and down with wires and nerves: these be \nthe objects of the world. among all these thou must stand steadfast, meekly affected, \nand free from all manner of indignation; with this right ratiocination and apprehen-\nsion; that as the worth is of those things which a man doth affect, so is in very deed \nevery man’s worth more or less.",
    "embedding_of_chunk": [
        -0.023229746147990227,
        0.005741007626056671,
        0.04233759641647339,
        -0.023851117119193077,
        0.017092617228627205,
        0.027658626437187195,
        0.12197836488485336,
        0.03553418442606926,
        -0.0014523942954838276,
        -0.03666694462299347,
        0.011289567686617374,
        -0.08203445374965668,
        0.0526309572160244,
        0.032298263162374496,
        -0.016831183806061745,
        -0.016440290957689285,
        -0.03089762106537819,
        0.060472458600997925,
        -0.06497252732515335,
        0.07006874680519104,
        0.07425517588853836,
        -0.03367137536406517,
        0.009056663140654564,
        -0.08736714720726013,
        -0.0027837043162435293,
        0.044920992106199265,
        -0.005458312574774027,
        -0.002983289770781994,
        -0.03287902846932411,
        -0.12873749434947968,
        -0.023021917790174484,
        -0.050533365458250046,
        0.047760527580976486,
        -0.01095910556614399,
        0.01942676492035389,
        0.010216464288532734,
        -0.05809500813484192,
        0.03544539585709572,
        -0.020634695887565613,
        0.061415720731019974,
        0.0471513569355011,
        0.015183791518211365,
        -0.000950898218434304,
        -0.05880775302648544,
        -0.05716795474290848,
        -0.07596508413553238,
        -0.025195028632879257,
        -0.06120511516928673,
        0.017689919099211693,
        -0.023186733946204185,
        -0.0002098549739457667,
        -0.027354013174772263,
        0.01709917187690735,
        0.029333757236599922,
        -0.00223026005551219,
        0.012092208489775658,
        0.047544583678245544,
        0.03527448698878288,
        0.053004421293735504,
        0.02103816531598568,
        0.04762981832027435,
        0.004126003943383694,
        -0.18117594718933105,
        0.07262664288282394,
        0.04366949945688248,
        0.023601312190294266,
        -0.024084119126200676,
        -0.008880514651536942,
        -0.008403980173170567,
        0.06612209975719452,
        -0.018353622406721115,
        0.0277775377035141,
        0.0859331414103508,
        0.04429169371724129,
        0.017532631754875183,
        -0.03671184927225113,
        -0.04935727268457413,
        -0.07113466411828995,
        -0.002861919580027461,
        0.03329015150666237,
        0.028639137744903564,
        0.01920766942203045,
        0.014692910015583038,
        0.006101357750594616,
        -0.06982635706663132,
        -0.0493314266204834,
        0.03271530196070671,
        -0.059102822095155716,
        0.02307157963514328,
        0.030814114958047867,
        -0.044592369347810745,
        -0.020124221220612526,
        0.008014964871108532,
        0.01362176239490509,
        -0.042551327496767044,
        -0.03971162065863609,
        -0.019655071198940277,
        -0.01439256314188242,
        -0.0812976285815239,
        0.22014959156513214,
        0.004130236804485321,
        0.030147457495331764,
        0.03374723717570305,
        -0.048931099474430084,
        0.054088227450847626,
        -0.014875683933496475,
        -0.011222063563764095,
        -0.053468458354473114,
        -0.042687829583883286,
        0.036438390612602234,
        0.012493523769080639,
        -0.00527005223557353,
        0.015219236724078655,
        -0.02084950916469097,
        0.037822116166353226,
        -0.02298075705766678,
        0.021226219832897186,
        0.01142919436097145,
        -0.026649706065654755,
        0.01088943611830473,
        0.01160033792257309,
        0.023579498752951622,
        0.0341859832406044,
        -0.026767246425151825,
        0.006679952144622803,
        -0.10860694944858551,
        0.03824231028556824,
        0.1326398253440857,
        0.018735673278570175,
        0.013328725472092628,
        0.010998723097145557,
        -0.03788376227021217,
        -0.015827594324946404,
        -0.002140096854418516,
        0.036304932087659836,
        0.032475974410772324,
        0.010070707648992538,
        0.004116276279091835,
        0.014782382175326347,
        0.015127962455153465,
        -0.018480679020285606,
        -0.14593957364559174,
        -0.06193038076162338,
        -0.11990072578191757,
        -0.04302876442670822,
        0.08567233383655548,
        0.006422212813049555,
        0.01630958542227745,
        -0.03673785552382469,
        0.036776162683963776,
        -0.010055691935122013,
        0.020579839125275612,
        -0.056437358260154724,
        0.0033055793028324842,
        -0.020530007779598236,
        0.03207150846719742,
        0.01050313375890255,
        0.040327154099941254,
        -0.022245027124881744,
        -0.030488912016153336,
        0.019265905022621155,
        -0.020495416596531868,
        -0.03862743079662323,
        0.11012864112854004,
        0.004284507129341364,
        -0.028170760720968246,
        -0.012032873928546906,
        0.009248180314898491,
        0.004624200519174337,
        -0.01909729093313217,
        0.0180826373398304,
        0.011923165060579777,
        -0.06610839813947678,
        0.04705996438860893,
        0.05364767462015152,
        0.017437955364584923,
        -0.0047436985187232494,
        0.017956720665097237,
        -0.03278293460607529,
        0.044458918273448944,
        0.05995820462703705,
        -0.037119001150131226,
        -0.02495768293738365,
        0.04542117938399315,
        0.0009535716963000596,
        -0.017212247475981712,
        -0.06115439161658287,
        -0.02750668115913868,
        0.03566805273294449,
        0.06935354322195053,
        -0.007907912135124207,
        0.025241700932383537,
        -0.05507074296474457,
        -0.055052559822797775,
        -0.040760304778814316,
        -0.0025480214972049,
        -0.032032813876867294,
        -0.0058932071551680565,
        -0.03944011405110359,
        -0.02436947450041771,
        0.023120388388633728,
        -0.036466218531131744,
        -0.012180933728814125,
        0.010299626737833023,
        0.07913217693567276,
        0.03526424989104271,
        -0.0048080924898386,
        -0.008430506102740765,
        0.03555174916982651,
        0.02488861419260502,
        -0.04810431972146034,
        0.023666730150580406,
        0.08027219027280807,
        0.002825520234182477,
        -0.061228930950164795,
        0.04210555925965309,
        -0.0027458432596176863,
        0.014830471016466618,
        0.01988157629966736,
        0.039466485381126404,
        0.03306833654642105,
        -0.07814498990774155,
        -0.0627203956246376,
        -0.2246568351984024,
        0.007998082786798477,
        -0.008852747268974781,
        -0.06723463535308838,
        0.051363471895456314,
        -0.05049588531255722,
        0.04882010444998741,
        -0.036420151591300964,
        0.002247978001832962,
        0.029520276933908463,
        0.06401882320642471,
        -0.058957476168870926,
        -0.012076206505298615,
        0.04180172458291054,
        -0.028079677373170853,
        0.039493244141340256,
        -0.02041047252714634,
        0.026165595278143883,
        -0.026242386549711227,
        0.07436750084161758,
        -0.059992238879203796,
        0.030423691496253014,
        0.005475406534969807,
        -0.06737000495195389,
        0.01934012398123741,
