{
    "index": 754,
    "page": 118,
    "text": "Making all allowances for conventional exaggerations, it is clear from the corre-\nspondence that there was deep love between Marcus and his preceptor. The letters \ncover several years in succession, but soon after the birth of Marcus’s daughter, \nFaustina, there is a large gap. It does not follow that the letters ceased entirely, be-\ncause we know part of the collection is lost; but there was probably less intercourse \nbetween Marcus and Fronto after Marcus took to the study of philosophy under the \nguidance of Rusticus.",
    "embedding_of_chunk": [
        -0.00590465497225523,
        0.06135178729891777,
        0.02426765486598015,
        -0.05408310517668724,
        -0.008679313585162163,
        -0.005487143062055111,
        0.004887913819402456,
        0.05442170798778534,
        0.025289881974458694,
        -0.05113054811954498,
        0.014465291984379292,
        -0.03845413029193878,
        0.04509470611810684,
        0.025792764499783516,
        0.021206503733992577,
        -0.035836800932884216,
        0.010144932195544243,
        0.04209804907441139,
        -0.07100438326597214,
        0.011923116631805897,
        0.04473358020186424,
        -0.032725121825933456,
        -0.016916560009121895,
        -0.05066719651222229,
        0.03627942129969597,
        0.06354760378599167,
        -0.010173541493713856,
        -0.0302570853382349,
        -0.03564179688692093,
        -0.19627733528614044,
        0.028858881443738937,
        -0.029413890093564987,
        0.0738823264837265,
        -0.016170606017112732,
        0.020075149834156036,
        -0.024223865941166878,
        0.0054108030162751675,
        0.02997204102575779,
        -0.04320046305656433,
        0.026298243552446365,
        0.037924397736787796,
        0.018433811143040657,
        -0.008763853460550308,
        -0.025747818872332573,
        -0.037468068301677704,
        -0.003592624794691801,
        0.006625493988394737,
        -0.03618348017334938,
        0.06495431810617447,
        -0.04778975620865822,
        -0.010628413408994675,
        -0.017901284620165825,
        0.005831266287714243,
        0.01762063056230545,
        -0.02033241093158722,
        0.031060747802257538,
        0.09627244621515274,
        0.022778209298849106,
        0.016800325363874435,
        0.09036041796207428,
        0.006436262745410204,
        0.02097433991730213,
        -0.25913530588150024,
        0.03182058781385422,
        0.041633449494838715,
        -0.01912335678935051,
        -0.06260474026203156,
        -0.0939129889011383,
        -0.007499220781028271,
        0.07429619878530502,
        -0.02185775153338909,
        0.037342481315135956,
        0.037547219544649124,
        0.06276518106460571,
        0.017446869984269142,
        0.0009980963077396154,
        -0.037628646939992905,
        -0.05073091760277748,
        0.030766533687710762,
        0.01578584313392639,
        -0.013909843750298023,
        -0.03188967704772949,
        0.008759850636124611,
        0.005209012888371944,
        -0.0601896271109581,
        -0.025246303528547287,
        0.03799372911453247,
        -0.09785838425159454,
        -0.0054151457734405994,
        -0.006241739261895418,
        0.021231943741440773,
        -0.06920720636844635,
        -0.014018310233950615,
        0.0019417359726503491,
        -0.09770633280277252,
        0.0034360915888100863,
        0.015301628038287163,
        0.010351937264204025,
        -0.06122131273150444,
        0.20425985753536224,
        -0.058385562151670456,
        0.041143931448459625,
        0.044325873255729675,
        -0.01735527813434601,
        0.029711544513702393,
        -0.0015646498650312424,
        0.01386693399399519,
        -0.05697580426931381,
        -0.020172568038105965,
        0.0037457789294421673,
        0.010713660158216953,
        -0.045861754566431046,
        0.02348993718624115,
        -0.06309821456670761,
        -0.024711309000849724,
        -0.02541186846792698,
        0.09329704195261002,
        0.0038841443601995707,
        -0.00818853359669447,
        -0.023042496293783188,
        -0.022231407463550568,
        0.02661275863647461,
        0.03403392434120178,
        -0.014591251499950886,
        0.06012376770377159,
        -0.07397802174091339,
        0.05506686866283417,
        0.08232271671295166,
        -0.015492805279791355,
        0.011428676545619965,
        0.06041130796074867,
        -0.01122803334146738,
        -0.030871907249093056,
        -0.023679057136178017,
        0.02146652713418007,
        0.020385250449180603,
        -0.02540382370352745,
        0.0027775566559284925,
        0.018685195595026016,
        -0.040019694715738297,
        -0.011175689287483692,
        -0.14235734939575195,
        -0.0049240547232329845,
        -0.040746428072452545,
        -0.020289840176701546,
        0.06467584520578384,
        0.011160336434841156,
        0.041473813354969025,
        -0.00648618396371603,
        0.06278199702501297,
        -0.006188619416207075,
        0.03701018914580345,
        -0.030212732031941414,
        0.02883898839354515,
        0.012878911569714546,
        0.006113783922046423,
        0.015512215904891491,
        0.0669577494263649,
        -0.06909743696451187,
        0.02145850844681263,
        0.005665598902851343,
        -0.05438217148184776,
        -0.06422640383243561,
        0.14758659899234772,
        0.03545590862631798,
        -0.04553532600402832,
        -0.005384969990700483,
        -0.004289936739951372,
        0.026334043592214584,
        -0.008859037421643734,
        0.05781383067369461,
        0.03310951963067055,
        -0.04330546781420708,
        0.00480808736756444,
        0.10801468789577484,
        0.016096102073788643,
        -0.042976316064596176,
        -0.023579265922307968,
        0.0022345271427184343,
        0.05241434648633003,
        0.048380326479673386,
        -0.00930644478648901,
        -0.023268604651093483,
        0.06178413704037666,
        0.03174442797899246,
        -0.06298766285181046,
        -0.0073386020958423615,
        -0.03779817000031471,
        0.05351445451378822,
        0.09340576827526093,
        0.019323192536830902,
        0.06654400378465652,
        -0.051172226667404175,
        0.005212409421801567,
        -0.06753767281770706,
        -0.012521272525191307,
        -0.027072418481111526,
        -0.005219807382673025,
        -0.054164934903383255,
        0.021918846294283867,
        -0.027448227629065514,
        0.019710717722773552,
        -0.03995753452181816,
        0.015894081443548203,
        0.019829656928777695,
        0.009630388580262661,
        0.007461956702172756,
        -0.023679152131080627,
        0.047717783600091934,
        0.007934064604341984,
        -0.044992219656705856,
        0.027933338657021523,
        0.043080538511276245,
        -0.009756576269865036,
        -0.03847166523337364,
        0.0362602099776268,
        -0.013181455433368683,
        0.04955662786960602,
        0.03646005317568779,
        0.033921144902706146,
        0.02778007835149765,
        -0.07385845482349396,
        -0.06487301737070084,
        -0.23549164831638336,
        0.030828233808279037,
        -0.008292148821055889,
        -0.05441288277506828,
        0.05930027365684509,
        -0.07480485737323761,
        0.0140362698584795,
        0.004693686496466398,
        0.061725810170173645,
        -0.0031673710327595472,
        0.02443273738026619,
        0.0024165778886526823,
        -0.056596431881189346,
        0.05797506123781204,
        -0.04819411411881447,
        0.07255631685256958,
        0.09051203727722168,
        0.033623822033405304,
        -0.0505482517182827,
        0.0059927706606686115,
        -0.04680158942937851,
        0.03324508294463158,
        -0.03983362764120102,
