{
    "index": 779,
    "page": 124,
    "text": "DISPENSE WITH, put up with. \n\nDOGMATA, pithy sayings, or philosoph-\nical rules of life. \n\nCOMEDY, ANCIENT; a term applied to \nthe Attic comedy of Aristophanes and \nhis time, which criticised persons and \npolitics, like a modern comic journal, \nsuch as Punch. See New Comedy. \n\nEMPEDOCLES of Agrigentum, fl. 5th cen-\ntury B.C., a philosopher, who first laid \ndown that there were “four elements.” \nHe believed in the transmigration of \nsouls, and the indestructibility of mat-\nter. \n\nCOMPENDIOUS, short. \n\nCONCEIT, opinion. \n\nCONTENTATION, contentment. \n\nEPICTETUS, a famous Stoic philoso-\npher. He was of Phrygia, at first a \nslave, then freedman, lame, poor, and \ncontented. The work called Encheiridi-\non was compiled by a pupil from his \ndiscourses.",
    "embedding_of_chunk": [
        -0.028365815058350563,
        -0.009960814379155636,
        0.026816725730895996,
        -0.013057613745331764,
        -0.036811914294958115,
        -0.010856415145099163,
        0.07715845853090286,
        0.052235040813684464,
        -0.00904315710067749,
        -0.000638846424408257,
        -0.013388178311288357,
        -0.09053076058626175,
        0.020377593114972115,
        0.03589116409420967,
        0.03525624796748161,
        -0.03195662423968315,
        0.024297554045915604,
        0.06232795491814613,
        -0.03163064643740654,
        0.05338866636157036,
        0.11656177043914795,
        -0.04775647073984146,
        -0.053425662219524384,
        -0.047259725630283356,
        0.05079691484570503,
        0.06568221747875214,
        -0.018730100244283676,
        -0.08910070359706879,
        -0.03974088653922081,
        -0.1044887974858284,
        -0.008819405920803547,
        -0.0025759481359273195,
        -0.0055954852141439915,
        -0.016142603009939194,
        -0.001980080269277096,
        0.01923423819243908,
        -0.031561706215143204,
        0.03617703169584274,
        -0.05530431494116783,
        0.07610759884119034,
        0.01110315602272749,
        0.042405664920806885,
        -0.012705064378678799,
        -0.06510426849126816,
        -0.07799699157476425,
        -0.02820778824388981,
        0.003463613335043192,
        -0.03309423476457596,
        0.0035838524345308542,
        -0.012124811299145222,
        0.023999782279133797,
        -0.021183012053370476,
        -0.004365012515336275,
        0.022502003237605095,
        -0.009378306567668915,
        0.013543580658733845,
        0.05266808718442917,
        0.031256817281246185,
        0.0181290116161108,
        0.03789479285478592,
        0.01253864262253046,
        0.039371419697999954,
        -0.19224736094474792,
        0.09687622636556625,
        0.029369212687015533,
        -0.005908251740038395,
        -0.07824864238500595,
        -0.019643299281597137,
        -0.00690494803711772,
        0.04617390036582947,
        -0.01987767219543457,
        0.009800223633646965,
        0.0495283342897892,
        0.10336669534444809,
        0.053337015211582184,
        -0.02007567323744297,
        -0.0018539129523560405,
        -0.05502397194504738,
        -0.0030938039999455214,
        0.014746499247848988,
        0.02132280170917511,
        -0.007145216688513756,
        -0.038986727595329285,
        -0.02768353559076786,
        -0.07035031169652939,
        -0.0172241423279047,
        -0.0020866759587079287,
        -0.055246151983737946,
        0.043642807751894,
        0.032135117799043655,
        -0.05745089426636696,
        -0.004283370450139046,
        -0.011882690712809563,
        0.01877894438803196,
        -0.034629132598638535,
        -0.038873832672834396,
        0.014061014167964458,
        -0.021601388230919838,
        -0.0332270972430706,
        0.24016863107681274,
        -0.0142280962318182,
        0.03537677973508835,
        0.04455059394240379,
        -0.019743792712688446,
        0.03796009719371796,
        -0.022142507135868073,
        -0.010874651372432709,
        -0.06725814938545227,
        -0.03814249485731125,
        0.01921939291059971,
        0.004051704425364733,
        -0.02107810415327549,
        0.08335363119840622,
        -0.061393942683935165,
        0.07934065163135529,
        -0.05075322464108467,
        0.036703333258628845,
        0.019647805020213127,
        -0.006970035377889872,
        0.0013320978032425046,
        -0.0003364269796293229,
        0.026524847373366356,
        0.0495038777589798,
        -0.04318815842270851,
        0.028864024206995964,
        -0.11662372201681137,
        0.04508936405181885,
        0.11406619101762772,
        0.001978462329134345,
        -0.018798496574163437,
        0.013229891657829285,
        -0.0018170643597841263,
        -0.01507471688091755,
        -0.002727183746173978,
        0.009816630743443966,
        0.04791403189301491,
        0.0444905124604702,
        -0.02723679319024086,
        0.045542843639850616,
        -0.021049614995718002,
        -0.03117922507226467,
        -0.08874452114105225,
        -0.04826773703098297,
        -0.07601740956306458,
        -0.02439555525779724,
        0.04720910266041756,
        0.006488919723778963,
        0.013376732356846333,
        -0.0502263642847538,
        0.05417424067854881,
        -0.0547652505338192,
        -0.007032989989966154,
        -0.005140875931829214,
        0.0007165480637922883,
        0.010448895394802094,
        -0.0013176422799006104,
        0.047837916761636734,
        0.04040532186627388,
        -0.052759163081645966,
        0.006396836135536432,
        -0.007725710514932871,
        -0.02943514660000801,
        -0.05077894404530525,
        0.12346798181533813,
        0.04388672485947609,
        -0.04731367155909538,
        -0.017425425350666046,
        -0.025951432064175606,
        0.006339096464216709,
        -0.02757197991013527,
        0.03131362795829773,
        0.004418221302330494,
        -0.045933328568935394,
        0.013773292303085327,
        0.04528740048408508,
        0.015765497460961342,
        -0.005270563997328281,
        -0.023483049124479294,
        0.01375866774469614,
        0.015974324196577072,
        0.11180483549833298,
        -0.05348491296172142,
        -0.11237727105617523,
        0.060958780348300934,
        -0.010074404068291187,
        -0.02731088176369667,
        -0.029209109023213387,
        -0.06634595990180969,
        0.051678016781806946,
        0.030485058203339577,
        -0.011964588426053524,
        0.04986860603094101,
        -0.04672630876302719,
        -0.03966597467660904,
        -0.0889362171292305,
        -0.035923801362514496,
        -0.03182899206876755,
        0.0017184385797008872,
        0.00024064825265668333,
        -0.006625781301409006,
        -0.043534599244594574,
        0.007550075650215149,
        -0.0383743979036808,
        0.02314242534339428,
        0.008487717248499393,
        -0.006676777731627226,
        -0.033973775804042816,
        0.012911603786051273,
        0.06616266071796417,
        0.028426922857761383,
        -0.04589880257844925,
        0.060147497802972794,
        0.03614496439695358,
        -0.02041545882821083,
        0.0004061843210365623,
        0.022045651450753212,
        0.018503369763493538,
        -0.02766408771276474,
        0.056315772235393524,
        0.009985021315515041,
        0.05309225618839264,
        -0.0932484045624733,
        -0.06200752779841423,
        -0.20271523296833038,
        -0.0064811110496521,
        0.031956903636455536,
        -0.05927122384309769,
        0.10676995664834976,
        0.004737198352813721,
        0.01998632214963436,
        -0.03335261344909668,
        0.03933138772845268,
        0.037656184285879135,
        0.028072495013475418,
        0.008868230506777763,
        -0.021592147648334503,
        0.029692163690924644,
