{
    "index": 615,
    "page": 96,
    "text": "II. A pleasant song or dance; the Pancratiast’s exercise, sports that thou art wont to \nbe much taken with, thou shalt easily contemn; if the harmonious voice thou shalt \ndivide into so many particular sounds whereof it doth consist, and of every one in \nparticular shall ask thyself; whether this or that sound is it, that doth so conquer \nthee. For thou wilt be ashamed of it. And so for shame, if accordingly thou shalt con-\nsider it, every particular motion and posture by itself: and so for the wrestler’s exer-\ncise too. Generally then, whatsoever it be, besides virtue, and those things that pro-\nceed from virtue that thou art subject to be much affected with, remember presently \nthus to divide it, and by this kind of division, in each particular to attain unto the",
    "embedding_of_chunk": [
        -0.03667113184928894,
        -0.032961901277303696,
        0.017112987115979195,
        -0.03528674691915512,
        -0.02692616730928421,
        0.03242034092545509,
        0.08991923928260803,
        0.0552716888487339,
        0.02885698340833187,
        -0.006207359489053488,
        -0.008679256774485111,
        -0.07933241873979568,
        0.04704003781080246,
        -0.002432269509881735,
        0.00030230922857299447,
        0.03752247989177704,
        0.008626271970570087,
        0.07142853736877441,
        -0.07340863347053528,
        0.012921071611344814,
        0.053337372839450836,
        0.022260544821619987,
        -0.03198689967393875,
        -0.03297244384884834,
        0.029782436788082123,
        0.04084046185016632,
        -0.03733914718031883,
        -0.02815159596502781,
        -0.04063417762517929,
        -0.13291777670383453,
        0.0036492440849542618,
        -0.04084669053554535,
        0.013114647939801216,
        -0.012723092921078205,
        -0.043311718851327896,
        -0.022917907685041428,
        -0.02704770117998123,
        0.06158370524644852,
        -0.09084440767765045,
        0.07160355150699615,
        0.007210693322122097,
        0.016037432476878166,
        -0.01963661052286625,
        -0.05630054324865341,
        0.004069176502525806,
        -0.032775864005088806,
        -0.02747213840484619,
        0.00416913814842701,
        0.008341503329575062,
        -0.012099329382181168,
        -0.00834835134446621,
        -0.0451880507171154,
        -0.0012628815602511168,
        0.04310450702905655,
        0.03915650397539139,
        0.05242755636572838,
        0.05585630238056183,
        0.028178095817565918,
        0.04825528711080551,
        0.022703299298882484,
        0.05469074100255966,
        0.058472324162721634,
        -0.2166689783334732,
        0.08517530560493469,
        0.018963493406772614,
        0.010166437365114689,
        -0.045161884278059006,
        -0.026408759877085686,
        -0.009994585998356342,
        0.08295820653438568,
        -0.0026334708090871572,
        0.054610978811979294,
        0.055549249053001404,
        0.02282368391752243,
        -0.0008782038348726928,
        -0.016021711751818657,
        0.005549837835133076,
        -0.0539262555539608,
        -0.04311106353998184,
        0.033359941095113754,
        -0.022885696962475777,
        -0.00027779460651800036,
        -0.014408588409423828,
        -0.041641734540462494,
        -0.041155822575092316,
        -0.04546932876110077,
        0.01716638170182705,
        -0.08392495661973953,
        0.033490993082523346,
        0.024515468627214432,
        -0.024172063916921616,
        -0.006970056798309088,
        -0.04176712408661842,
        -0.005944511387497187,
        -0.061129674315452576,
        -0.017697198316454887,
        0.0035497783683240414,
        0.029832197353243828,
        -0.017178991809487343,
        0.21718592941761017,
        -0.015444246120750904,
        0.030970588326454163,
        0.006355559919029474,
        -0.015128371305763721,
        0.041370902210474014,
        -0.017021190375089645,
        -0.01916598528623581,
        -0.02139401063323021,
        0.00502639589831233,
        0.012367501854896545,
        0.01832583360373974,
        -0.017422936856746674,
        0.04810873419046402,
        -0.03786839172244072,
        0.06290189921855927,
        0.010862964205443859,
        0.012861635535955429,
        0.037880878895521164,
        -0.02562040276825428,
        -0.015920113772153854,
        -0.017533624544739723,
        0.00791518110781908,
        0.07772123068571091,
        0.029440119862556458,
        -0.0024664963129907846,
        -0.10710260272026062,
        0.05792955681681633,
        0.09416493028402328,
        0.04160774126648903,
        -0.0006229039863683283,
        0.03424398601055145,
        -0.05107428878545761,
        -0.039575982838869095,
        -0.03443214297294617,
        0.015863807871937752,
        0.007044774945825338,
        -0.005794140510261059,
        0.002944330684840679,
        0.06913302838802338,
        -0.014283922500908375,
        -0.008437931537628174,
        -0.16814328730106354,
        -0.024480555206537247,
        -0.10981517285108566,
        -0.019917145371437073,
        0.11135394871234894,
        -0.013606254942715168,
        -0.006276116706430912,
        -0.026265649124979973,
        0.0456937812268734,
        0.009413276799023151,
        0.02727508544921875,
        -0.02844364382326603,
        -0.01025470346212387,
        0.042209938168525696,
        0.022664282470941544,
        0.04174555093050003,
        0.05505787953734398,
        0.0006366894813254476,
        -0.027582600712776184,
        0.007159190718084574,
        -0.027364540845155716,
        -0.016436494886875153,
        0.08374790102243423,
        0.031229060143232346,
        -0.05340469628572464,
        -0.04702886939048767,
        0.004096509888768196,
        0.00031322994618676603,
        -0.025120321661233902,
        0.029586315155029297,
        -0.003165256232023239,
        -0.06588120013475418,
        0.047159649431705475,
        0.05955852195620537,
        0.013542930595576763,
        -0.0437779426574707,
        0.0431654118001461,
        -0.003370789811015129,
        0.012907342985272408,
        0.038516364991664886,
        -0.06702055037021637,
        -0.02403763122856617,
        0.040152501314878464,
        0.023098120465874672,
        -0.006501790136098862,
        -0.01589939370751381,
        -0.03696547448635101,
        0.0636548325419426,
        0.08618701249361038,
        -0.04078592732548714,
        0.035178348422050476,
        -0.08493834733963013,
        -0.015160449780523777,
        -0.03983171656727791,
        -0.017025090754032135,
        -0.04799060523509979,
        -0.016260821372270584,
        -0.013402498327195644,
        0.006595372222363949,
        -0.04800867289304733,
        0.021257339045405388,
        0.005055557936429977,
        0.02322089672088623,
        0.02676832675933838,
        0.007490344811230898,
        0.026862360537052155,
        -0.025604991242289543,
        0.01355130784213543,
        0.003634748049080372,
        -0.03294534981250763,
        0.012884053401648998,
        0.030136633664369583,
        -0.012906880117952824,
        0.002419449156150222,
        0.0538853257894516,
        0.03926093503832817,
        0.05440371483564377,
        0.015459420159459114,
        0.039548881351947784,
        -0.0011448601726442575,
        -0.0866905152797699,
        -0.07072047889232635,
        -0.22118902206420898,
        0.05724167823791504,
        0.010340392589569092,
        -0.019931813701987267,
        0.10207939147949219,
        -0.04208003357052803,
        -0.01004895567893982,
        -0.023099219426512718,
        0.049543023109436035,
        0.01764185167849064,
        0.04776677489280701,
        -0.03247523680329323,
        -0.05065999552607536,
        -0.019453203305602074,
