{
    "index": 311,
    "page": 49,
    "text": "stands in need of these things. But if thou shalt honour and respect thy mind only, \nthat will make thee acceptable towards thyself, towards thy friends very tractable; \nand conformable and concordant with the Gods; that is, accepting with praises \nwhatsoever they shall think good to appoint and allot unto thee.",
    "embedding_of_chunk": [
        -0.018508855253458023,
        -0.008330532349646091,
        -0.005368497222661972,
        -0.06805402040481567,
        -0.015805421397089958,
        0.03022759035229683,
        0.10632851719856262,
        0.028509613126516342,
        -0.025403713807463646,
        -0.015936197713017464,
        -0.022013116627931595,
        -0.08962385356426239,
        0.03503577411174774,
        0.009235439822077751,
        0.0037036004941910505,
        0.032605402171611786,
        0.016841473057866096,
        0.02982141077518463,
        -0.09110052138566971,
        0.016192983835935593,
        0.028152361512184143,
        -0.01842142827808857,
        -0.025217022746801376,
        -0.0578155554831028,
        0.01167453546077013,
        0.04334010183811188,
        -0.0259644016623497,
        -0.020141836255788803,
        -0.006048812065273523,
        -0.1524544209241867,
        -0.007453249301761389,
        -0.08327504992485046,
        0.03939416632056236,
        0.004877472762018442,
        -0.03653160110116005,
        0.010243957862257957,
        -0.010522093623876572,
        0.027937278151512146,
        -0.04399637132883072,
        0.060865309089422226,
        0.025030244141817093,
        0.024648191407322884,
        -0.014322221279144287,
        -0.03624420985579491,
        -0.04557447507977486,
        -0.05295778438448906,
        -0.009319344535470009,
        -0.03653699532151222,
        -0.006969658192247152,
        -0.051533885300159454,
        0.023263636976480484,
        -0.009538373909890652,
        -0.0014930092729628086,
        0.023351943120360374,
        0.020571628585457802,
        0.057862117886543274,
        0.020833848044276237,
        0.003939580172300339,
        0.02669474668800831,
        0.00842552725225687,
        0.029649514704942703,
        0.015707729384303093,
        -0.19107604026794434,
        0.0631994679570198,
        0.051722947508096695,
        0.008385416120290756,
        0.0008672939729876816,
        -0.013462471775710583,
        -0.01818600855767727,
        0.035428501665592194,
        -0.03408138081431389,
        0.050729334354400635,
        0.044200148433446884,
        0.048020750284194946,
        0.024388229474425316,
        -0.0050393445417284966,
        0.00500368420034647,
        -0.06015331670641899,
        -0.013122699223458767,
        -0.005885023158043623,
        -0.01851499080657959,
        0.0034520782064646482,
        -0.008550415746867657,
        -0.0012148761888965964,
        -0.031717393547296524,
        -0.01235827524214983,
        0.00814423430711031,
        -0.07546745985746384,
        0.031248362734913826,
        0.0022731241770088673,
        -0.017939012497663498,
        -0.03033377043902874,
        -0.019300196319818497,
        0.014509757980704308,
        -0.03332123905420303,
        -0.026545964181423187,
        0.006941027939319611,
        -0.0075159622356295586,
        -0.0694364458322525,
        0.23396538197994232,
        -0.04152524843811989,
        0.05100585147738457,
        0.023479534313082695,
        -0.052153877913951874,
        0.06935815513134003,
        0.004832189995795488,
        -0.0028755527455359697,
        -0.050497762858867645,
        -0.004202311858534813,
        0.04114982485771179,
        -0.016466906294226646,
        -0.020307885482907295,
        0.03143341466784477,
        -0.038545891642570496,
        0.02944892644882202,
        0.031023263931274414,
        0.017058799043297768,
        0.007366895209997892,
        -0.03880584239959717,
        -0.07148058712482452,
        0.003867166116833687,
        0.050415437668561935,
        0.08341887593269348,
        -0.004129187669605017,
        0.013634494505822659,
        -0.0744636133313179,
        0.050399985164403915,
        0.10074213892221451,
        0.04508259519934654,
        0.046950530260801315,
        0.015955811366438866,
        -0.06004858762025833,
        -0.026610877364873886,
        -0.04668593406677246,
        0.015757936984300613,
        0.031949419528245926,
        0.008981677703559399,
        -0.01865217834711075,
        0.044301796704530716,
        0.0021252173464745283,
        -0.03257596865296364,
        -0.15481987595558167,
        -0.031677454710006714,
        -0.11629363894462585,
        -0.003539903787896037,
        0.09670881927013397,
        -0.02547982707619667,
        0.041728995740413666,
        -0.012350072152912617,
        0.003412706544622779,
        -0.04209151118993759,
        0.07840082794427872,
        -0.07632824778556824,
        -0.03876148536801338,
        -0.00058941071620211,
        0.036946021020412445,
        0.017607051879167557,
        0.03702573850750923,
        -0.036023374646902084,
        0.015800736844539642,
        0.018705083057284355,
        -0.04155731573700905,
        -0.028269032016396523,
        0.11394661664962769,
        -0.002119041047990322,
        -0.050415292382240295,
        0.004877100698649883,
        -0.008844154886901379,
        -0.006456432864069939,
        0.006861396599560976,
        0.0364779494702816,
        0.04232201352715492,
        -0.08136044442653656,
        0.07038817554712296,
        0.08278925716876984,
        0.028844648972153664,
        -0.04587971419095993,
        0.048876963555812836,
        -0.02942190133035183,
        0.01843728870153427,
        0.0002139653661288321,
        -0.031224703416228294,
        -0.07664655894041061,
        0.06506314873695374,
        0.004396352451294661,
        -0.017174633219838142,
        -0.03096475452184677,
        -0.05570186302065849,
        0.0407722145318985,
        0.029353683814406395,
        -0.02795347385108471,
        0.052312858402729034,
        -0.034019265323877335,
        -0.02346271649003029,
        -0.01848219335079193,
        0.0030564875341951847,
        -0.04084692522883415,
        -0.04367854818701744,
        -0.026779066771268845,
        -0.013858790509402752,
        -0.04135967791080475,
        -0.02294747903943062,
        -0.02049611695110798,
        0.03403794765472412,
        0.05245020613074303,
        0.021723348647356033,
        -0.013371256180107594,
        -0.014978732913732529,
        0.04450320824980736,
        0.0056238118559122086,
        -0.05951956659555435,
        0.0076359170489013195,
        0.08039054274559021,
        -0.0017746423836797476,
        -0.038170620799064636,
        0.04322216659784317,
        0.054348424077034,
        -0.0012584305368363857,
        0.02122906595468521,
        0.04361169412732124,
        0.07363642752170563,
        -0.07268600165843964,
        -0.06184352561831474,
        -0.21497853100299835,
        0.021386481821537018,
        -0.01790657825767994,
        -0.0010229699546471238,
        0.09086623042821884,
        -0.044529277831315994,
        0.031126240268349648,
        0.005416950676590204,
        0.0008630353840999305,
        0.032211437821388245,
        0.07257509976625443,
        0.003984256647527218,
        -0.011039658449590206,
        0.04635874554514885,
        -0.016066474840044975,
        0.03524565324187279,
        -0.005645589902997017,
        0.0007033324800431728,
        -0.02464536763727665,
        -0.004359271842986345,
        -0.022098246961832047,
        0.10969236493110657,
        -0.047091804444789886,
        -0.05677393451333046,
        0.03448668122291565,
        0.021754920482635498,
        0.1944688856601715,
        0.03502675145864487,
        0.015538616105914116,
