{
    "index": 201,
    "page": 33,
    "text": "XX. They will say commonly, Meddle not with many things, if thou wilt live cheerful-\nly. Certainly there is nothing better, than for a man to confine himself to necessary \nactions; to such and so many only, as reason in a creature that knows itself born for \nsociety, will command and enjoin. This will not only procure that cheerfulness, which \nfrom the goodness, but that also, which from the paucity of actions doth usually pro-\nceed. For since it is so, that most of those things, which we either speak or do, are \nunnecessary; if a man shall cut them off, it must needs follow that he shall thereby \ngain much leisure, and save much trouble, and therefore at every action a man must \nprivately by way of admonition suggest unto himself, What? may not this that now I",
    "embedding_of_chunk": [
        -0.016539955511689186,
        0.025346964597702026,
        0.05442612245678902,
        -0.027172479778528214,
        -0.015427880920469761,
        -0.003602595767006278,
        0.11094267666339874,
        0.05447975546121597,
        0.0056767892092466354,
        -0.004966414999216795,
        -0.024642033502459526,
        -0.07772281020879745,
        0.03196042403578758,
        0.030616395175457,
        0.00636333180591464,
        0.01803472265601158,
        0.0023248756770044565,
        0.04074619710445404,
        -0.1058901697397232,
        0.05029265582561493,
        0.07661549001932144,
        -0.018187465146183968,
        0.001841264427639544,
        -0.08370953798294067,
        0.015077991411089897,
        0.01098049245774746,
        -0.01845601387321949,
        -0.03450170159339905,
        -0.006281827110797167,
        -0.1474514603614807,
        -0.010531913489103317,
        -0.041204895824193954,
        0.08071256428956985,
        -0.010923732072114944,
        -0.03956667333841324,
        -0.036453042179346085,
        -0.03053506277501583,
        0.03176090866327286,
        -0.06376156955957413,
        0.08108153939247131,
        0.0372978039085865,
        0.02189180813729763,
        0.006768594495952129,
        -0.03255806490778923,
        -0.0428214855492115,
        -0.0029209975618869066,
        0.0025433425325900316,
        -0.04208909720182419,
        0.003336437977850437,
        -0.03665637969970703,
        -0.023029765114188194,
        -0.024254634976387024,
        0.005545607302337885,
        0.046094510704278946,
        0.030683346092700958,
        0.031379856169223785,
        0.07884258031845093,
        0.045482736080884933,
        0.024485507979989052,
        -0.0037192644085735083,
        0.025973809882998466,
        0.024831179529428482,
        -0.24041643738746643,
        0.047526028007268906,
        0.017452143132686615,
        -0.008721082471311092,
        -0.03218057379126549,
        -0.03751048073172569,
        0.020611880347132683,
        0.09229074418544769,
        -0.050521932542324066,
        0.05368724465370178,
        0.04027808457612991,
        0.04415539652109146,
        0.02437824197113514,
        -0.034783147275447845,
        -0.012223911471664906,
        -0.06317315250635147,
        -0.026211831718683243,
        0.010473348200321198,
        -0.04324151575565338,
        0.008387583307921886,
        0.010501323267817497,
        0.019048186019062996,
        -0.04432043060660362,
        -0.08468469977378845,
        0.006155821494758129,
        -0.08733230084180832,
        0.05318864807486534,
        0.007661685813218355,
        -0.02385278046131134,
        -0.01799660734832287,
        -0.03526538982987404,
        0.013513688929378986,
        -0.05291798710823059,
        -0.0008549948106519878,
        0.028423456475138664,
        0.012248915620148182,
        -0.08990633487701416,
        0.2038588672876358,
        -0.010964165441691875,
        0.026726258918642998,
        0.016532456502318382,
        -0.009610140696167946,
        0.04907018318772316,
        0.011362445540726185,
        -0.027783537283539772,
        -0.03738420829176903,
        -0.022011201828718185,
        -0.023404425010085106,
        0.00634112348780036,
        -0.039674147963523865,
        0.06950592249631882,
        -0.04446147009730339,
        0.052731532603502274,
        -0.003384769195690751,
        0.037181127816438675,
        0.025696298107504845,
        -0.03034604713320732,
        -0.03250374272465706,
        -0.014204548671841621,
        0.028325630351901054,
        0.07133910804986954,
        -0.02886705845594406,
        0.003206043504178524,
        -0.08308445662260056,
        0.048824161291122437,
        0.11105726659297943,
        0.02662067860364914,
        -0.0040417821146547794,
        0.0042894743382930756,
        -0.037502411752939224,
        0.0027611064724624157,
        -0.012506154365837574,
        0.03862724080681801,
        0.025252943858504295,
        0.024428900331258774,
        -0.025915181264281273,
        0.053924765437841415,
        -0.04872441291809082,
        -0.01760309375822544,
        -0.12092585861682892,
        -0.021006286144256592,
        -0.12870927155017853,
        -0.008121013641357422,
        0.08233682811260223,
        0.009519814513623714,
        -0.007764833979308605,
        -0.04832185059785843,
        0.031385645270347595,
        -0.0113573232665658,
        0.049368295818567276,
        -0.03515447676181793,
        -0.03323286026716232,
        -0.006075484212487936,
        0.030547192320227623,
        0.0553683340549469,
        0.06106242537498474,
        -0.050296854227781296,
        0.007115401793271303,
        0.026047514751553535,
        -0.0251871719956398,
        -0.014092467725276947,
        0.0833362564444542,
        0.003700908273458481,
        -0.015398291870951653,
        0.0006353228818625212,
        0.0007940746145322919,
        0.00284154643304646,
        0.005588531028479338,
        0.028924159705638885,
        0.035095009952783585,
        -0.08359716087579727,
        0.05320766568183899,
        0.09218649566173553,
        0.02046995423734188,
        -0.021010639145970345,
        0.01996106654405594,
        0.0024407089222222567,
        0.015283554792404175,
        0.06129241734743118,
        -0.045173533260822296,
        -0.03530943766236305,
        0.03044339269399643,
        -0.000671984045766294,
        0.0022149651776999235,
        0.016221312806010246,
        0.0075376504100859165,
        0.04745960980653763,
        0.04367964714765549,
        -0.03346695378422737,
        0.0496976263821125,
        -0.043085727840662,
        -0.03133918717503548,
        -0.065479576587677,
        -0.013115312904119492,
        -0.04988480359315872,
        -0.002667736727744341,
        -0.041807983070611954,
        -0.015486086718738079,
        -0.029638778418302536,
        -0.0161095280200243,
        -0.0112476646900177,
        0.021155230700969696,
        0.047231826931238174,
        0.016346732154488564,
        0.0020629011560231447,
        -0.03743274509906769,
        0.06353713572025299,
        0.03647022694349289,
        -0.04255090653896332,
        0.019614683464169502,
        0.06265204399824142,
        -0.0010336029808968306,
        -0.040792059153318405,
        0.057769808918237686,
        0.03112129680812359,
        0.03861575201153755,
        0.04494500532746315,
        0.026546340435743332,
        0.01743123307824135,
        -0.0637107565999031,
        -0.0779576525092125,
        -0.23866763710975647,
        -0.008715025149285793,
        0.019823096692562103,
        -0.05151389166712761,
        0.0689411610364914,
        -0.04863005131483078,
        0.04813754931092262,
        -0.0062658702954649925,
        0.018654659390449524,
        0.040882501751184464,
        0.04937548190355301,
        -0.07307790219783783,
        -0.025710895657539368,
        0.032970309257507324,
        0.015230393037199974,
