{
    "index": 735,
    "page": 115,
    "text": "74 could be sufficiently praised, sufficiently \n\npraised he would have been undoubtedly by you! This kind of thing is not done \nnowadays.\n\n75 It were easier to match Pheidias, easier to match Apelles, easier in \n\na word to match Demosthenes himself, or Cato himself; than to match this fin-\nisht and perfect work. Never have I read anything more refined, anything more \nafter the ancient type, anything more delicious, anything more Latin. O happy \nyou, to be endowed with eloquence so great! O happy I, to be tinder the charge \nof such a master! O arguments,\n\n76 O arrangement, O elegance, O wit, O beauty,",
    "embedding_of_chunk": [
        -0.05475657805800438,
        0.03138655424118042,
        0.02802252396941185,
        -0.004524780437350273,
        -0.037025049328804016,
        -0.016394570469856262,
        0.0665903091430664,
        0.05690973624587059,
        -0.015255809761583805,
        -0.026109669357538223,
        -0.022676551714539528,
        -0.09521529823541641,
        0.0013322184095159173,
        0.04671322554349899,
        0.00127797806635499,
        0.018057331442832947,
        0.01268199272453785,
        0.032797981053590775,
        -0.06956745684146881,
        0.039120227098464966,
        0.07644161581993103,
        -0.012469833716750145,
        -0.04937659576535225,
        -0.06645131856203079,
        0.04243437945842743,
        0.040582507848739624,
        -0.024015754461288452,
        -0.00597034115344286,
        -0.015726372599601746,
        -0.18257296085357666,
        -0.021618306636810303,
        -0.012834638357162476,
        0.061798084527254105,
        -0.014939292334020138,
        -0.021925298497080803,
        0.000823235372081399,
        -0.023783987388014793,
        0.010372834280133247,
        -0.035357724875211716,
        0.035351239144802094,
        0.024244964122772217,
        -0.011552365496754646,
        -0.02550693415105343,
        -0.02096199057996273,
        -0.033213961869478226,
        -0.033897627145051956,
        -0.03653760254383087,
        0.018576500937342644,
        0.020503245294094086,
        -0.011657553724944592,
        -0.010747776366770267,
        -0.03224628418684006,
        -0.0030302663799375296,
        -0.0030935173854231834,
        0.03856894001364708,
        0.06424133479595184,
        0.07763804495334625,
        0.02609098330140114,
        0.005672640632838011,
        0.016626380383968353,
        0.016702666878700256,
        0.05551733076572418,
        -0.24516171216964722,
        0.062494732439517975,
        0.016340823844075203,
        -0.0180288664996624,
        -0.06289669126272202,
        -0.054584842175245285,
        -0.022588584572076797,
        0.0845610573887825,
        0.007017920259386301,
        0.026037022471427917,
        0.04084302857518196,
        0.051923029124736786,
        0.05436297133564949,
        -0.002060109982267022,
        -0.024594243615865707,
        -0.09429974853992462,
        -0.050785936415195465,
        0.019293123856186867,
        -0.014179388992488384,
        -0.009306908585131168,
        -0.049228496849536896,
        -0.01570015773177147,
        -0.0460013747215271,
        -0.04345789924263954,
        0.05659523978829384,
        -0.018250256776809692,
        0.05560368299484253,
        0.010981468483805656,
        -0.016635360196232796,
        0.011483349837362766,
        -0.031636252999305725,
        0.0340813510119915,
        -0.042095065116882324,
        -0.017755089327692986,
        0.030323421582579613,
        0.03649120777845383,
        -0.011627815663814545,
        0.20056955516338348,
        -0.03377089276909828,
        0.023220838978886604,
        0.007286368403583765,
        -0.035969335585832596,
        0.0429343655705452,
        -0.00022053708380553871,
        -0.006564464885741472,
        -0.05309530720114708,
        0.0023008042480796576,
        0.002532646059989929,
        -0.01820157840847969,
        -0.049237918108701706,
        0.03941996395587921,
        -0.04717757925391197,
        0.04117294028401375,
        0.03103402443230152,
        0.0613878034055233,
        0.01709120348095894,
        0.023217840120196342,
        -0.01291250716894865,
        -0.023603254929184914,
        -0.008423940278589725,
        0.04532020166516304,
        -0.007107027340680361,
        0.02105618827044964,
        -0.08432983607053757,
        0.06287924200296402,
        0.048889148980379105,
        0.04367699474096298,
        0.0816354751586914,
        0.01004219800233841,
        -0.04206109419465065,
        -0.037457920610904694,
        -0.016216175630688667,
        0.018797241151332855,
        -0.005743116140365601,
        -0.02088850736618042,
        0.006816678214818239,
        0.0313546322286129,
        -0.012845448218286037,
        -0.033715445548295975,
        -0.1545097827911377,
        -0.01304530818015337,
        -0.05411142855882645,
        0.03351437672972679,
        0.08599388599395752,
        -0.02197353169322014,
        0.04660925641655922,
        -0.03858364373445511,
        0.02814105525612831,
        0.008576632477343082,
        0.053368449211120605,
        -0.0611996129155159,
        0.0035256650298833847,
        0.007088182494044304,
        -0.010277782566845417,
        0.07169412076473236,
        0.09269964694976807,
        -0.052064161747694016,
        0.028445567935705185,
        0.03431452810764313,
        0.010234626941382885,
        -0.021944088861346245,
        0.09287373721599579,
        -0.010505128651857376,
        -0.061198148876428604,
        -0.007217659614980221,
        -0.017025694251060486,
        0.0036530920770019293,
        0.011317851953208447,
        0.04341830313205719,
        0.011278858408331871,
        -0.10958591848611832,
        0.0649452805519104,
        0.053051289170980453,
        -0.01676625944674015,
        -0.0033794732298702,
        0.010469053871929646,
        -0.0038103435654193163,
        -0.00535489059984684,
        0.05456843599677086,
        -0.03152718394994736,
        -0.06723485887050629,
        0.05305131524801254,
        0.026958921924233437,
        -0.04311298206448555,
        -0.018161430954933167,
        -0.0021448195911943913,
        0.04018857702612877,
        0.07890889048576355,
        -0.014297176152467728,
        0.05394270271062851,
        -0.03912064805626869,
        -0.0011303715873509645,
        0.003394725266844034,
        -0.055273592472076416,
        -0.019168660044670105,
        -0.014327380806207657,
        -0.030037010088562965,
        -0.013597498647868633,
        -0.021991552785038948,
        -0.023116348311305046,
        -0.019421415403485298,
        -0.007535554468631744,
        0.04966023191809654,
        0.04611431062221527,
        0.0007359631126746535,
        -0.04148487374186516,
        0.08875050395727158,
        0.039639633148908615,
        -0.08692118525505066,
        0.01687966100871563,
        0.05442412197589874,
        0.024074064567685127,
        0.012636413797736168,
        0.02469131350517273,
        -0.013419443741440773,
        0.03754672035574913,
        0.027755215764045715,
        0.04241015389561653,
        0.025145074352622032,
        -0.09650600701570511,
        -0.05743766576051712,
        -0.22392024099826813,
        0.00899284053593874,
        0.030636079609394073,
        -0.034533921629190445,
        0.08046635240316391,
        -0.052134402096271515,
        0.07326474040746689,
        -0.005732317920774221,
        0.06764653325080872,
        0.04859607294201851,
        0.007371143903583288,
        -0.017244020476937294,
        -0.06485271453857422,
        0.036017268896102905,
        -0.03471689671278,
        0.03682773560285568,
        0.023654062300920486,
        -0.00814057420939207,
        -0.013158909045159817,
        -0.06446283310651779,
