{
    "index": 363,
    "page": 58,
    "text": "VI. Let not things future trouble thee. For if necessity so require that they come to \npass, thou shalt (whensoever that is) be provided for them with the same reason, by \nwhich whatsoever is now present, is made both tolerable and acceptable unto thee. \nAll things are linked and knitted together, and the knot is sacred, neither is there \nanything in the world, that is not kind and natural in regard of any other thing, or, \nthat hath not some kind of reference and natural correspondence with whatsoever is \nin the world besides. For all things are ranked together, and by that decency of its \ndue place and order that each particular doth observe, they all concur together to the \nmaking of one and the same κόσμος or world: as if you said, a comely piece, or an",
    "embedding_of_chunk": [
        0.010110697709023952,
        -0.00804836768656969,
        -0.005343255586922169,
        -0.01857481710612774,
        -0.002506338292732835,
        0.0008241728064604104,
        0.05761989951133728,
        0.05175385996699333,
        0.005259244702756405,
        -0.0011108507169410586,
        -0.0018396981758996844,
        -0.06989174336194992,
        0.048012625426054,
        0.022316260263323784,
        -0.014524437487125397,
        -0.003945335745811462,
        -0.031852420419454575,
        0.04379001632332802,
        -0.11808694899082184,
        0.02981303632259369,
        0.1009172797203064,
        0.0015496528940275311,
        -0.024636676535010338,
        -0.066768579185009,
        0.005810804199427366,
        0.07263410836458206,
        -0.02332165092229843,
        -0.042135342955589294,
        0.021538713946938515,
        -0.18707677721977234,
        -0.01794254779815674,
        -0.04049043729901314,
        0.020990200340747833,
        -0.0067131491377949715,
        -0.021688250824809074,
        0.0005194327677600086,
        -0.04176301881670952,
        0.055753193795681,
        -0.034824565052986145,
        0.09067961573600769,
        0.04247986152768135,
        0.03550298884510994,
        -0.027714472264051437,
        -0.05351792648434639,
        -0.04690380021929741,
        -0.02848241664469242,
        0.02032201550900936,
        -0.02514479123055935,
        0.0018494520336389542,
        -0.043781816959381104,
        -0.05871318280696869,
        -0.015767831355333328,
        0.009685946628451347,
        0.011011384427547455,
        0.022485418245196342,
        0.06183812394738197,
        0.04116429015994072,
        -0.011530249379575253,
        0.06508055329322815,
        0.026188386604189873,
        0.04282316938042641,
        0.009949230588972569,
        -0.1961117535829544,
        0.08080732822418213,
        0.072473905980587,
        -0.007199174724519253,
        -0.016336366534233093,
        0.015307498164474964,
        -0.007216474041342735,
        0.05369577929377556,
        -0.022592324763536453,
        0.019221866503357887,
        0.042180612683296204,
        0.07805955410003662,
        0.03000785782933235,
        -0.02450767531991005,
        0.007115301210433245,
        -0.08291341364383698,
        -0.014579667709767818,
        0.020396137610077858,
        -0.0511503592133522,
        0.018792152404785156,
        0.0037319804541766644,
        0.011072677560150623,
        -0.056877024471759796,
        -0.012162362225353718,
        0.013795261271297932,
        -0.0619201697409153,
        0.03897848352789879,
        -0.0014444581465795636,
        -0.06493934243917465,
        -0.014041408896446228,
        -0.020971622318029404,
        0.015356400050222874,
        -0.05092259868979454,
        -0.029201794415712357,
        0.028098484501242638,
        0.009423413313925266,
        -0.027266187593340874,
        0.21067088842391968,
        -0.09825818240642548,
        0.033486705273389816,
        0.033384982496500015,
        -0.019312730059027672,
        0.07494958490133286,
        -0.005932059604674578,
        -0.008286942727863789,
        -0.08657518774271011,
        0.014469670131802559,
        0.03283674642443657,
        -0.0036147504579275846,
        -0.0388454906642437,
        0.030409421771764755,
        -0.05147930607199669,
        0.02615285851061344,
        0.015179527923464775,
        0.050913006067276,
        0.02933475561439991,
        0.0009364059078507125,
        -0.028987888246774673,
        -0.032998226583004,
        0.05012517049908638,
        0.07754696905612946,
        -0.02609342895448208,
        -0.017368212342262268,
        -0.06315696984529495,
        0.03479745239019394,
        0.10675699263811111,
        0.039986662566661835,
        0.012890271842479706,
        0.033044371753931046,
        -0.06774817407131195,
        -0.019691450521349907,
        -0.0442902073264122,
        -0.016473986208438873,
        0.03954164683818817,
        0.0226482804864645,
        -0.021358948200941086,
        0.055842116475105286,
        -0.05206087604165077,
        -0.04235325753688812,
        -0.16986189782619476,
        -0.055590011179447174,
        -0.07866843789815903,
        -0.021714508533477783,
        0.06986530870199203,
        -0.007478597108274698,
        0.0598369725048542,
        -0.04110288992524147,
        0.042710285633802414,
        -0.02710462361574173,
        0.03722767159342766,
        -0.03797886148095131,
        -0.029947690665721893,
        -0.007475493475794792,
        0.02911224588751793,
        -0.00456315977498889,
        0.037232816219329834,
        -0.009450526908040047,
        -0.005346042104065418,
        0.0015757986111566424,
        -0.062234509736299515,
        -0.053586672991514206,
        0.12395275384187698,
        0.01794416643679142,
        -0.045770809054374695,
        0.014635168947279453,
        0.018359828740358353,
        0.012781742960214615,
        -0.02930876612663269,
        0.048093345016241074,
        0.025338735431432724,
        -0.04514961317181587,
        0.044434916228055954,
        0.1058490052819252,
        0.02715115249156952,
        -0.07728466391563416,
        0.01038783323019743,
        0.0013558516511693597,
        0.03692018240690231,
        0.030882839113473892,
        -0.041632797569036484,
        -0.07107996195554733,
        0.04327017813920975,
        0.006116373464465141,
        0.004050681367516518,
        -0.02863961271941662,
        -0.01712498813867569,
        0.021755272522568703,
        0.05774629861116409,
        0.02034510299563408,
        0.026623466983437538,
        -0.03012474626302719,
        0.02709825336933136,
        -0.0024242447689175606,
        0.013925879262387753,
        -0.025911331176757812,
        -0.009366101585328579,
        -0.024477127939462662,
        -0.017808685079216957,
        -0.011557012796401978,
        0.010542639531195164,
        -0.009149548597633839,
        0.04606563225388527,
        0.009135408326983452,
        0.02304207533597946,
        0.006271355785429478,
        -0.057146720588207245,
        0.025037361308932304,
        0.057394567877054214,
        -0.029427744448184967,
        0.02946264110505581,
        0.03190261870622635,
        -0.010105323977768421,
        -0.006998805794864893,
        0.015831992030143738,
        0.0054296525195240974,
        0.023733247071504593,
        0.03462879732251167,
        0.026894494891166687,
        0.02236277423799038,
        -0.11113758385181427,
        -0.030511898919939995,
        -0.22992296516895294,
        0.04995477572083473,
        0.013881701976060867,
        -0.02700323984026909,
        0.05967745929956436,
        0.011629925109446049,
        -0.0055641601793468,
        -0.017422553151845932,
        -0.005260134115815163,
        0.06457243859767914,
        0.07249847054481506,
        -0.026306990534067154,
        -0.027417898178100586,
        0.017620356753468513,
        -0.032325051724910736,
