{
    "index": 47,
    "page": 9,
    "text": "the future. That these sayings are not mere talk is plain from the story of Avidius \nCassius, who would have usurped his imperial throne. Thus the emperor faithfully \ncarries out his own principle, that evil must be overcome with good. For each fault in \nothers, Nature (says he) has given us a counteracting virtue; “as, for example, \nagainst the unthankful, it hath given goodness and meekness, as an antidote.”",
    "embedding_of_chunk": [
        -0.036231666803359985,
        0.023965757340192795,
        0.018389347940683365,
        -0.005452517420053482,
        -0.006491956766694784,
        -0.008300196379423141,
        0.084075428545475,
        0.030884115025401115,
        0.006654204335063696,
        -0.0244179405272007,
        0.0035132914781570435,
        -0.07835682481527328,
        0.03213120251893997,
        -0.00017882201063912362,
        -0.00103346339892596,
        0.02653653919696808,
        0.0015154650900512934,
        0.04478944465517998,
        -0.06674876809120178,
        0.02179182693362236,
        0.06732428818941116,
        -0.017127418890595436,
        -0.014317079447209835,
        -0.0404709093272686,
        0.02500961907207966,
        0.03719393536448479,
        0.0067521450109779835,
        -0.03554309159517288,
        -0.01551107782870531,
        -0.14751769602298737,
        -0.01138662826269865,
        -0.06796916574239731,
        0.03679550811648369,
        -0.031222114339470863,
        -0.04633140563964844,
        -0.02159077674150467,
        -0.023017238825559616,
        0.05844729393720627,
        -0.01846885122358799,
        0.05210796743631363,
        0.007770246360450983,
        0.01428357232362032,
        -0.015351380221545696,
        -0.02099430561065674,
        -0.023481862619519234,
        -0.039750952273607254,
        0.03225024417042732,
        -0.023614563047885895,
        0.020422276109457016,
        -0.05793166533112526,
        -0.017566703259944916,
        0.000925190222915262,
        0.016152629628777504,
        0.0054933191277086735,
        0.013465195894241333,
        0.043532390147447586,
        0.05181415006518364,
        0.03252122923731804,
        0.02712537720799446,
        0.0190375205129385,
        0.015265477821230888,
        0.022899063304066658,
        -0.2197757065296173,
        0.0709187388420105,
        0.043549709022045135,
        0.01566370390355587,
        -0.03394969552755356,
        0.004247710574418306,
        0.005232988856732845,
        0.034002408385276794,
        -0.019969938322901726,
        0.012013401836156845,
        0.06753786653280258,
        0.05988577380776405,
        0.013204707764089108,
        0.0009369561448693275,
        -0.014169546775519848,
        -0.040944721549749374,
        -0.009047594852745533,
        0.008414184674620628,
        0.021885806694626808,
        -0.0005290461122058332,
        -0.017133470624685287,
        0.003301135264337063,
        -0.07587464153766632,
        -0.0340442955493927,
        0.01966000348329544,
        -0.06078267842531204,
        0.05362790822982788,
        0.01664566807448864,
        -0.002159066731110215,
        -0.016866732388734818,
        0.0028696649242192507,
        0.007495133206248283,
        -0.03544890508055687,
        -0.0096493074670434,
        0.025799373164772987,
        -0.026011068373918533,
        -0.0550847090780735,
        0.21375352144241333,
        -0.0744972750544548,
        0.07931306213140488,
        0.041623521596193314,
        -0.04602202773094177,
        0.073918916285038,
        -0.03363136947154999,
        -0.04184146597981453,
        -0.031526386737823486,
        -0.0007657804526388645,
        -0.02344747632741928,
        0.030360780656337738,
        -0.05444369837641716,
        0.02544986456632614,
        -0.00868906732648611,
        0.07000979036092758,
        0.0031408516224473715,
        0.06414300203323364,
        0.0065750181674957275,
        -0.04146169126033783,
        0.00382470665499568,
        0.014843687415122986,
        0.02514597401022911,
        0.06725509464740753,
        -0.040703028440475464,
        0.028117043897509575,
        -0.08136507868766785,
        0.047714803367853165,
        0.10996533930301666,
        0.024176204577088356,
        -0.01576165109872818,
        0.013176226988434792,
        -0.044563621282577515,
        -0.05915984511375427,
        0.007182967849075794,
        -0.011216559447348118,
        0.02945905365049839,
        0.008023898117244244,
        -0.030990349128842354,
        0.05313593149185181,
        -0.03423179313540459,
        -0.02563999779522419,
        -0.1292760670185089,
        -0.0708388164639473,
        -0.11511966586112976,
        -0.046687956899404526,
        0.02802901342511177,
        0.033402178436517715,
        0.0028632711619138718,
        -0.028197461739182472,
        0.05277222767472267,
        -0.029760228469967842,
        -0.009013255126774311,
        -0.001636513858102262,
        0.0066064875572919846,
        0.007614493370056152,
        0.006101917941123247,
        0.025146573781967163,
        0.039280135184526443,
        -0.05577285215258598,
        -0.0017310407711192966,
        0.03120304085314274,
        -0.037234216928482056,
        -0.05601203441619873,
        0.12854057550430298,
        0.030954470857977867,
        -0.0400305800139904,
        -0.045172423124313354,
        0.022192642092704773,
        0.0350436270236969,
        0.01662502810359001,
        0.02577235735952854,
        -0.0019279421539977193,
        0.0033716578036546707,
        0.04231031984090805,
        0.07680222392082214,
        0.0046341619454324245,
        -0.060752224177122116,
        -0.016699258238077164,
        -0.06160842999815941,
        0.03825828805565834,
        0.056574128568172455,
        -0.04119740054011345,
        -0.046708691865205765,
        0.06831996887922287,
        0.012044068425893784,
        -0.0404428206384182,
        -0.0014858819777145982,
        -0.03473549336194992,
        0.024339372292160988,
        0.05282646790146828,
        -0.0015494035324081779,
        0.06760651618242264,
        -0.03945283591747284,
        0.04019535332918167,
        -0.06149369478225708,
        -0.020743481814861298,
        -0.03580028563737869,
        -0.0037286372389644384,
        -0.02574792504310608,
        -0.025583719834685326,
        -0.054044194519519806,
        -0.026380958035588264,
        -0.020687974989414215,
        0.009649848565459251,
        0.016042033210396767,
        0.009066686034202576,
        -0.008046780712902546,
        0.018883053213357925,
        0.05460290238261223,
        0.06579312682151794,
        -0.06536673754453659,
        0.02728002518415451,
        0.05815484747290611,
        0.010942969471216202,
        -0.023237500339746475,
        0.058263495564460754,
        0.01594211906194687,
        0.0021178878378123045,
        0.02482241578400135,
        0.0114992531016469,
        0.05878959968686104,
        -0.05489272251725197,
        -0.08022774755954742,
        -0.2609124779701233,
        0.018522752448916435,
        -0.06391169875860214,
        -0.04863628372550011,
        0.040716104209423065,
        -0.006049450021237135,
        0.061508309096097946,
        -0.045968420803546906,
        0.024040188640356064,
        0.04126117005944252,
        0.03534504026174545,
        -0.02964130975306034,
        -0.021647559478878975,
        0.03396892547607422,
        -0.0124388812109828,
        0.068549744784832,
        0.017591677606105804,
        0.016780491918325424,
        -0.033647119998931885,
        -0.000784388103056699,
        -0.0028079666662961245,
        0.06436373293399811,
        -0.033060766756534576,
        -0.07765956223011017,
        0.016749205067753792,
        -0.016170354560017586,
        0.18887948989868164,
