{
    "index": 767,
    "page": 120,
    "text": "served not little. So far as I could, I have assisted each according to my means. \nI have given help readily to the deserving, fearlessly to the undeserving. No one \nby proving to be ungrateful has made me more slow to bestow promptly all \nbenefits I could give, nor have I ever been harsh to ingratitude. (A fragmentary",
    "embedding_of_chunk": [
        -0.05394119396805763,
        0.005219458136707544,
        0.06263278424739838,
        -0.01625184528529644,
        0.004274092148989439,
        -0.007404657546430826,
        0.08443880826234818,
        0.03536277636885643,
        0.0230543315410614,
        -0.01480143889784813,
        0.03829163685441017,
        -0.07690288126468658,
        0.05620802938938141,
        0.020981285721063614,
        -0.006476013921201229,
        0.018315838649868965,
        0.0034203659743070602,
        0.03673886880278587,
        -0.11074820905923843,
        0.06659778952598572,
        0.0022386149503290653,
        -0.07488046586513519,
        -0.014826461672782898,
        -0.02033349871635437,
        0.04852006956934929,
        0.04798820614814758,
        -0.04259852319955826,
        -0.05018549785017967,
        -0.03110765852034092,
        -0.1548771858215332,
        0.02798100747168064,
        -0.05493040010333061,
        0.06272578984498978,
        -0.02783031016588211,
        0.011395814828574657,
        -0.01018383726477623,
        -0.013249452225863934,
        0.054191865026950836,
        -0.006848150864243507,
        0.007309718523174524,
        0.046085380017757416,
        0.02871626988053322,
        -0.030286816880106926,
        -0.025931548327207565,
        -0.032794129103422165,
        -0.059549201279878616,
        -0.0216971505433321,
        -0.028863832354545593,
        0.05517290532588959,
        -0.033129069954156876,
        0.017817506566643715,
        -0.014388714917004108,
        0.012908859178423882,
        0.04567619040608406,
        0.017003590241074562,
        0.01662946306169033,
        0.03850801661610603,
        0.0014936398947611451,
        0.0373510904610157,
        0.03376037999987602,
        0.007244544569402933,
        0.03167229890823364,
        -0.2449839562177658,
        0.04689338430762291,
        0.0026912791654467583,
        0.03371435031294823,
        -0.034346070140600204,
        -0.06391430646181107,
        -0.014693250879645348,
        0.0658254623413086,
        -0.00031203500111587346,
        0.031515393406152725,
        0.05221855267882347,
        0.09617312252521515,
        0.033877696841955185,
        -0.026313334703445435,
        -0.0073792883194983006,
        -0.021349214017391205,
        -0.036004047840833664,
        0.0035077116917818785,
        -0.006137598771601915,
        -0.007601022254675627,
        -0.025648631155490875,
        0.008053507655858994,
        -0.045060668140649796,
        -0.046730317175388336,
        -0.005285841412842274,
        -0.0612601712346077,
        0.05612780153751373,
        0.00458345515653491,
        0.0069129578769207,
        0.018678314983844757,
        -0.01284236554056406,
        0.02649672143161297,
        -0.06533975899219513,
        -0.06024448946118355,
        0.019475137814879417,
        0.0008056665537878871,
        -0.08611135929822922,
        0.20988363027572632,
        -0.014608842320740223,
        0.018474334850907326,
        0.025257043540477753,
        -0.045931946486234665,
        0.04786542430520058,
        0.0023095544893294573,
        -0.028874190524220467,
        -0.0466371513903141,
        -0.0462740994989872,
        0.003801874816417694,
        -0.02751046046614647,
        0.008505087345838547,
        0.05156273767352104,
        -0.04380761831998825,
        0.03433017432689667,
        0.030829863622784615,
        0.014983727596700191,
        -0.007501737680286169,
        -0.01188415102660656,
        0.016562404111027718,
        -0.021707531064748764,
        0.0035752051044255495,
        0.031008949503302574,
        -0.01939535327255726,
        -0.04761199280619621,
        -0.09469882398843765,
        0.06516621261835098,
        0.11868826299905777,
        0.013551026582717896,
        0.017398329451680183,
        0.005915356799960136,
        -0.04889611899852753,
        -0.024929065257310867,
        -0.030908294022083282,
        -0.03486177697777748,
        -0.00865171942859888,
        0.053780894726514816,
        -0.0015392639907076955,
        0.04278959333896637,
        0.010319040156900883,
        -0.02376604452729225,
        -0.13633550703525543,
        -0.05541715398430824,
        -0.11609580367803574,
        -0.026873303577303886,
        0.12071831524372101,
        0.05327844247221947,
        0.053245656192302704,
        -0.006322233472019434,
        -0.005746678449213505,
        -0.021676788106560707,
        0.05229255184531212,
        -0.061030421406030655,
        -0.03670335188508034,
        -0.0013446417870000005,
        0.0270075686275959,
        0.024414008483290672,
        0.03797164559364319,
        -0.017190681770443916,
        0.05460161343216896,
        0.026330450549721718,
        -0.06572429835796356,
        -0.025451797991991043,
        0.06561656296253204,
        0.02536109834909439,
        -0.058809176087379456,
        -0.0027367607690393925,
        -0.01758269965648651,
        -0.008083649910986423,
        -0.0319366380572319,
        0.07439365983009338,
        0.0130426324903965,
        -0.058288704603910446,
        0.022912727668881416,
        0.06758233159780502,
        0.03135531395673752,
        -0.02759714052081108,
        -0.008494073525071144,
        -0.027413180097937584,
        0.04352077841758728,
        0.058095354586839676,
        -0.04375242441892624,
        -0.046583741903305054,
        0.05170276015996933,
        0.0161266066133976,
        0.030199922621250153,
        -0.0389416441321373,
        -0.03574738651514053,
        0.018804093822836876,
        0.03300369530916214,
        -0.01869167387485504,
        0.006172358989715576,
        -0.08561073988676071,
        -0.020470166578888893,
        -0.034565094858407974,
        -0.004808756057173014,
        -0.033539123833179474,
        -0.0553949736058712,
        -0.04388226568698883,
        0.03667905554175377,
        0.002817598870024085,
        -0.03172878175973892,
        -0.015903061255812645,
        0.040936000645160675,
        0.06391050666570663,
        0.00777159258723259,
        -0.0028724002186208963,
        -0.00503884069621563,
        0.09188482165336609,
        0.01614535041153431,
        -0.04786883667111397,
        0.015161891467869282,
        0.07094335556030273,
        0.028046077117323875,
        -0.05428614839911461,
        0.033435408025979996,
        0.028677741065621376,
        0.027814656496047974,
        0.011118454858660698,
        0.0330810509622097,
        0.033318012952804565,
        -0.10170881450176239,
        -0.05262074992060661,
        -0.19875526428222656,
        -0.0012959562009200454,
        -0.00968447420746088,
        -0.021863220259547234,
        0.052328456193208694,
        -0.03398735821247101,
        0.02742188423871994,
        0.018847111612558365,
        -0.01742175780236721,
        0.016430573537945747,
        0.043960634618997574,
        -0.08220221847295761,
        0.005718130152672529,
        0.06799989938735962,
        -0.005844668485224247,
        0.03699653595685959,
        0.008349009789526463,
        0.023989159613847733,
        0.005004954989999533,
        0.031943775713443756,
        -0.008609278127551079,
        0.03582891821861267,
        0.02121797576546669,
        -0.02791077271103859,
        0.04266873374581337,
        -0.008771171793341637,
        0.21945549547672272,
        0.052372924983501434,
        -0.016400162130594254,
        -0.08808919042348862,
