{
    "index": 133,
    "page": 22,
    "text": "rashly and without due ratiocination and consideration, how consequent or inconse-\nquent it is to the common end. For even the least things ought not to be done, with-\nout relation unto the end; and the end of the reasonable creatures is, to follow and \nobey him, who is the reason as it were, and the law of this great city, and ancient \ncommonwealth.",
    "embedding_of_chunk": [
        -0.027196919545531273,
        -0.04194994643330574,
        0.012126964516937733,
        -0.05601026117801666,
        -0.012727967463433743,
        -0.03444904461503029,
        0.08160151541233063,
        0.0364692322909832,
        -0.017460087314248085,
        -0.010542958974838257,
        -0.0379282645881176,
        -0.10197777301073074,
        0.029347747564315796,
        0.056291647255420685,
        0.0006288014119490981,
        -0.007235873956233263,
        -0.0017857786733657122,
        0.0613078773021698,
        -0.0320248156785965,
        0.05972442403435707,
        0.05430801585316658,
        -0.013818538747727871,
        -0.02561650238931179,
        -0.04743043705821037,
        -0.019481288269162178,
        0.0693214014172554,
        -0.028684893622994423,
        -0.06581205129623413,
        -0.031220249831676483,
        -0.15287168323993683,
        -0.0017044427804648876,
        -0.03443561866879463,
        0.04506697878241539,
        -0.0022229673340916634,
        -0.008301467634737492,
        -0.04550228640437126,
        -0.01369414571672678,
        0.009057269431650639,
        -0.03167582303285599,
        0.06288612633943558,
        0.049299124628305435,
        0.07008877396583557,
        -0.008481081575155258,
        -0.040422473102808,
        -0.04239712655544281,
        -0.01955183781683445,
        0.008476048707962036,
        -0.0469256266951561,
        0.008223557844758034,
        -0.026639588177204132,
        -0.003499247133731842,
        -0.01940426230430603,
        -0.0018027371261268854,
        0.017074264585971832,
        -0.01695375330746174,
        0.08019314706325531,
        0.052976515144109726,
        0.032916150987148285,
        0.055617716163396835,
        0.006658660247921944,
        0.07545460760593414,
        0.04802723973989487,
        -0.233930304646492,
        0.08979421108961105,
        0.05389796942472458,
        -0.016139307990670204,
        -0.02985008992254734,
        -0.005564494989812374,
        -0.004344141110777855,
        0.07980165630578995,
        -0.03174435719847679,
        0.02103087492287159,
        0.042637478560209274,
        0.04867546260356903,
        0.012421517632901669,
        0.0008414458716288209,
        0.007089598570019007,
        -0.04789404571056366,
        -0.025287508964538574,
        0.011497698724269867,
        -0.0364106222987175,
        -0.008638313040137291,
        -0.00410294346511364,
        0.010091319680213928,
        -0.04812849313020706,
        -0.04025886207818985,
        0.0251674372702837,
        -0.053292158991098404,
        0.06292935460805893,
        0.02726541832089424,
        -0.03217973932623863,
        -0.045132894068956375,
        -0.005529583897441626,
        0.0014356141909956932,
        -0.0384700670838356,
        -0.03859764337539673,
        0.05570898577570915,
        -0.024048209190368652,
        -0.04366946592926979,
        0.17305243015289307,
        -0.05807631462812424,
        0.04587843269109726,
        0.011206244118511677,
        -0.021807102486491203,
        0.042438507080078125,
        -0.018310634419322014,
        -0.007026189472526312,
        -0.05296988785266876,
        0.0006079160957597196,
        0.01974121667444706,
        0.00763379130512476,
        -0.01437239721417427,
        0.08676730841398239,
        -0.029376879334449768,
        0.0765448808670044,
        0.06169266998767853,
        0.07484545558691025,
        0.022892583161592484,
        -0.020314808934926987,
        0.005289401393383741,
        0.011952211149036884,
        0.019751226529479027,
        0.030442051589488983,
        -0.03955089673399925,
        0.021086381748318672,
        -0.11502525955438614,
        0.03656173497438431,
        0.096992127597332,
        0.029689989984035492,
        -0.05455988645553589,
        0.020279768854379654,
        -0.06724736839532852,
        -0.01306474395096302,
        -0.038098931312561035,
        0.029806271195411682,
        0.006616570986807346,
        0.04632360488176346,
        -0.02101069875061512,
        0.01726590283215046,
        -0.030740825459361076,
        -0.05514435097575188,
        -0.15184222161769867,
        -0.05728866159915924,
        -0.10360728204250336,
        0.014294087886810303,
        0.08586378395557404,
        0.015692558139562607,
        0.009045612998306751,
        -0.0335184708237648,
        0.004882206674665213,
        0.0021699077915400267,
        0.049492448568344116,
        -0.06068604439496994,
        -0.03795822709798813,
        0.0005538519471883774,
        0.060434307903051376,
        0.03318822383880615,
        0.055362749844789505,
        -0.03509586304426193,
        0.00018759473459795117,
        -0.018081068992614746,
        -0.05080300197005272,
        -0.01916654035449028,
        0.14899107813835144,
        -0.002847797004505992,
        -0.05115504935383797,
        0.008253633975982666,
        0.010364626534283161,
        0.011092828586697578,
        0.016349099576473236,
        0.03359257057309151,
        0.023740919306874275,
        -0.04467933624982834,
        0.03565152361989021,
        0.10745848715305328,
        0.023447228595614433,
        -0.038389794528484344,
        0.021297812461853027,
        0.006697503384202719,
        0.02313133329153061,
        0.01681292988359928,
        -0.056752026081085205,
        -0.040688563138246536,
        0.038187868893146515,
        0.04141299054026604,
        -0.028246689587831497,
        0.0012488813372328877,
        -0.03183937817811966,
        0.041055828332901,
        0.03839858993887901,
        0.013451866805553436,
        0.03946137800812721,
        -0.02227569743990898,
        -0.01641354337334633,
        -0.03967461362481117,
        -0.028595104813575745,
        -0.03184744715690613,
        -0.038032758980989456,
        -0.026153525337576866,
        -0.019076021388173103,
        -0.028701703995466232,
        0.02589813806116581,
        -0.04371719807386398,
        0.019117170944809914,
        0.003747510025277734,
        0.038001418113708496,
        0.014829288236796856,
        -0.02317056432366371,
        0.041200876235961914,
        0.03832279518246651,
        0.0044912067241966724,
        0.03385200724005699,
        0.04564737528562546,
        0.018195658922195435,
        -0.01669721119105816,
        0.02619362436234951,
        0.01832902431488037,
        0.055423516780138016,
        0.0400642454624176,
        0.039347775280475616,
        0.023926613852381706,
        -0.0924326628446579,
        -0.0025465376675128937,
        -0.2332766056060791,
        0.001549862208776176,
        0.0013247813330963254,
        -0.02321946807205677,
        0.09991605579853058,
        -0.08118884265422821,
        -0.022413266822695732,
        -0.016645552590489388,
        -0.03878526762127876,
        0.04887906461954117,
        0.06845002621412277,
        -0.03210420161485672,
        -0.02258509024977684,
        0.03507307544350624,
        0.011492040939629078,
        0.05385347828269005,
        0.005939075257629156,
        0.00396704999729991,
        -0.03277396783232689,
        0.00501171313226223,
        -0.02855573035776615,
        0.04334309697151184,
        -0.054340463131666183,
        -0.0977511927485466,
        0.012234693393111229,
        -0.013653701171278954,
        0.20814618468284607,
        0.04500890150666237,
        -0.0019436992006376386,
