{
    "index": 251,
    "page": 40,
    "text": "For the whole (because whole, therefore entire and perfect) is maimed, and mutilated, \nif thou shalt cut off anything at all, whereby the coherence, and contiguity as of \nparts, so of causes, is maintained and preserved. Of which certain it is, that thou \ndoest (as much as lieth in thee) cut off, and in some sort violently take somewhat \naway, as often as thou art displeased with anything that happeneth.",
    "embedding_of_chunk": [
        -0.0002638368750922382,
        1.5311306924559176e-05,
        0.060985125601291656,
        -0.010920793749392033,
        -0.004881064873188734,
        -0.006361870560795069,
        0.059527333825826645,
        0.03821978345513344,
        -0.010427584871649742,
        0.014851020649075508,
        0.014707474038004875,
        -0.07473349571228027,
        0.029626969248056412,
        0.07171379029750824,
        0.005380650982260704,
        0.021333107724785805,
        0.023984074592590332,
        0.054508790373802185,
        -0.11827077716588974,
        0.013753049075603485,
        0.061173249036073685,
        -0.009011448360979557,
        -0.002788736717775464,
        -0.04281223937869072,
        0.04793770983815193,
        0.03815213218331337,
        -0.015568424947559834,
        -0.03253942355513573,
        -0.0200762040913105,
        -0.17701511085033417,
        0.0023301492910832167,
        -0.016548095270991325,
        0.04606731981039047,
        -0.006368986796587706,
        0.00272796000353992,
        -0.010931763797998428,
        -0.01890208013355732,
        0.0439896285533905,
        -0.02737342193722725,
        0.042689792811870575,
        0.0576128251850605,
        0.043854452669620514,
        -0.020624171942472458,
        -0.08431994169950485,
        -0.011551507748663425,
        6.03682674409356e-05,
        -0.036731474101543427,
        -0.022157592698931694,
        0.04426245391368866,
        -0.022760925814509392,
        -0.037299301475286484,
        0.005792755633592606,
        0.0106014059856534,
        0.07528633624315262,
        0.020875152200460434,
        0.02312673255801201,
        0.03844539076089859,
        0.043054964393377304,
        0.04151717945933342,
        0.03005930595099926,
        0.01761959120631218,
        0.04088160768151283,
        -0.20489442348480225,
        0.08515623956918716,
        0.03634386509656906,
        -0.013956951908767223,
        -0.01956004835665226,
        -0.06334187835454941,
        0.03018796443939209,
        0.0569736622273922,
        -0.05645796284079552,
        0.0318315327167511,
        0.02908478118479252,
        0.0638677105307579,
        -0.011711283586919308,
        -0.026335449889302254,
        0.014194605872035027,
        -0.012496926821768284,
        -0.027386626228690147,
        0.03991338983178139,
        -0.024988381192088127,
        -0.019183622673153877,
        -0.02164383791387081,
        0.010050998069345951,
        -0.07222361862659454,
        -0.06077368184924126,
        0.01251626294106245,
        -0.06835596263408661,
        0.028493350371718407,
        0.014943818561732769,
        -0.05720926448702812,
        -0.010901063680648804,
        0.008867999538779259,
        -0.0029933007899671793,
        -0.034928809851408005,
        -0.0018085504416376352,
        0.022389205172657967,
        0.01737634837627411,
        -0.04055856168270111,
        0.20326460897922516,
        -0.05192429944872856,
        0.02359197475016117,
        0.005187115166336298,
        -0.03788018971681595,
        0.07726350426673889,
        0.041574254631996155,
        -0.010490166023373604,
        -0.036919884383678436,
        -0.020877376198768616,
        0.02762843482196331,
        0.003230878384783864,
        0.020929863676428795,
        0.06288374215364456,
        -0.05052782595157623,
        0.038442451506853104,
        -0.025530027225613594,
        0.062207385897636414,
        0.0229552760720253,
        0.0044656479731202126,
        0.01746113784611225,
        -0.01238689012825489,
        0.02522740699350834,
        0.0701785534620285,
        0.0036390419118106365,
        3.616684261942282e-05,
        -0.06186416745185852,
        0.02827458456158638,
        0.09988854825496674,
        0.022727588191628456,
        -0.046278759837150574,
        0.009259629063308239,
        -0.06687775254249573,
        -0.014769504778087139,
        -0.0076355887576937675,
        0.029279330745339394,
        0.00968530960381031,
        -0.011297422461211681,
        -0.004486922640353441,
        0.05312677100300789,
        -0.04172009602189064,
        -0.035391390323638916,
        -0.13699305057525635,
        -0.0647500529885292,
        -0.1077023446559906,
        -0.021598655730485916,
        0.051158010959625244,
        -0.031171763315796852,
        0.02614627219736576,
        -0.02674010768532753,
        0.018936587497591972,
        -0.0246750358492136,
        0.05605151504278183,
        -0.05097115784883499,
        -0.04591039568185806,
        -0.004513075575232506,
        0.0414610393345356,
        0.009039592929184437,
        0.026242868974804878,
        0.009489858523011208,
        0.00291808950714767,
        -0.0012493531685322523,
        -0.049336835741996765,
        -0.07214770466089249,
        0.11687009036540985,
        -0.021842172369360924,
        0.0037038142327219248,
        -0.0025049932301044464,
        0.051944997161626816,
        0.03833513706922531,
        -0.02934870310127735,
        0.010972769930958748,
        -0.012511838227510452,
        -0.044129878282547,
        0.031151048839092255,
        0.044464126229286194,
        0.030725153163075447,
        -0.07459942996501923,
        0.03652799502015114,
        0.007510129828006029,
        -0.008949203416705132,
        0.06302107125520706,
        -0.029805660247802734,
        -0.04182418808341026,
        0.07261589914560318,
        0.02089506946504116,
        -0.037628281861543655,
        -0.004028604365885258,
        -0.04256708174943924,
        0.05081450194120407,
        0.03308486565947533,
        -0.01795312575995922,
        0.02686646208167076,
        -0.04526921734213829,
        -0.051247622817754745,
        -0.020743513479828835,
        0.004749995190650225,
        -0.035048238933086395,
        -0.04201640188694,
        -0.06355994194746017,
        -0.0017734590219333768,
        -0.007662605494260788,
        0.0007103942334651947,
        -0.0474851056933403,
        0.018112778663635254,
        0.036497920751571655,
        0.025978516787290573,
        -0.0004182166594546288,
        -0.0013789307558909059,
        0.05213548615574837,
        0.06390605866909027,
        -0.02238445170223713,
        0.009337445721030235,
        0.022602124139666557,
        -0.017721515148878098,
        0.009297688491642475,
        -0.010791896842420101,
        0.006792208645492792,
        -0.004940143320709467,
        0.037213101983070374,
        0.03968553617596626,
        0.020842399448156357,
        -0.10216324776411057,
        -0.07283888012170792,
        -0.2397286742925644,
        0.021392079070210457,
        -0.0311067346483469,
        -0.03856535628437996,
        0.08345711976289749,
        -0.0725930854678154,
        0.02321590483188629,
        -0.01975869946181774,
        0.025074651464819908,
        0.052915461361408234,
        0.05140770226716995,
        -0.014912421815097332,
        -0.052871886640787125,
        0.03248341754078865,
        -0.04224308580160141,
        0.021757198497653008,
        -0.019728949293494225,
        0.0009841704741120338,
        -0.05963702127337456,
        0.016897032037377357,
        -0.0035307786893099546,
        0.051589369773864746,
        -0.04523158445954323,
        -0.05839376896619797,
        0.010784515179693699,
        0.01318713091313839,
        0.22059963643550873,
