{
    "index": 278,
    "page": 44,
    "text": "XXII. Be not angry neither with him whose breath, neither with him whose arm \nholes, are offensive. What can he do? such is his breath naturally, and such are his \narm holes; and from such, such an effect, and such a smell must of necessity pro-\nceed. “O, but the man (sayest thou) hath understanding in him, and might of himself \nknow, that he by standing near, cannot choose but offend.” And thou also (God bless \nthee!) hast understanding. Let thy reasonable faculty, work upon his reasonable fac-\nulty; show him his fault, admonish him. If he hearken unto thee, thou hast cured \nhim, and there will be no more occasion of anger.",
    "embedding_of_chunk": [
        -0.05309325084090233,
        0.010820142924785614,
        0.02330363728106022,
        -0.0012222984805703163,
        0.007344178389757872,
        -0.007084657438099384,
        0.13108371198177338,
        0.0569150373339653,
        -0.03859853744506836,
        -0.04783372953534126,
        0.0036810189485549927,
        -0.08540414273738861,
        0.03419684246182442,
        0.029314188286662102,
        0.016408104449510574,
        -0.01251734048128128,
        -0.011366206221282482,
        0.06005001813173294,
        -0.08756247907876968,
        0.03345364332199097,
        0.04789290577173233,
        0.009670746512711048,
        0.016752280294895172,
        -0.09926798939704895,
        0.009962301701307297,
        0.04991947486996651,
        -0.010604890994727612,
        -0.008524706587195396,
        -0.014040819369256496,
        -0.15108279883861542,
        0.029777858406305313,
        -0.07292148470878601,
        0.012264840304851532,
        -0.008103065192699432,
        0.005870944354683161,
        -0.03699466586112976,
        -0.0704464390873909,
        0.06236598268151283,
        -0.05599885806441307,
        0.04095301404595375,
        0.03458067402243614,
        0.027496401220560074,
        -0.018536493182182312,
        -0.08516605943441391,
        -0.027211381122469902,
        -0.01554506178945303,
        -0.042157284915447235,
        -0.016268495470285416,
        0.03174278512597084,
        -0.037248533219099045,
        -0.010727055370807648,
        -0.040959227830171585,
        0.022675035521388054,
        -0.015475950203835964,
        -0.02826542593538761,
        0.018905889242887497,
        0.0804133266210556,
        -0.0016053790459409356,
        0.02658083848655224,
        -0.028491249307990074,
        0.06395862996578217,
        0.04206504672765732,
        -0.18947812914848328,
        0.10802144557237625,
        0.04088471457362175,
        -0.0004993399488739669,
        0.00021440167620312423,
        -0.023213429376482964,
        0.022580482065677643,
        0.07818092405796051,
        -0.03330732882022858,
        0.03095804527401924,
        0.023759419098496437,
        0.039283111691474915,
        0.04421239718794823,
        -0.0035592440981417894,
        -0.025620892643928528,
        -0.0537700355052948,
        0.03227336332201958,
        0.009718378074467182,
        -0.03622126206755638,
        0.006889588199555874,
        -0.01839420571923256,
        -0.013665171340107918,
        -0.036667145788669586,
        -0.05216760188341141,
        -0.006128957029432058,
        -0.051655568182468414,
        0.0054000793024897575,
        0.044980090111494064,
        -0.021252600476145744,
        -0.03780878335237503,
        -0.03526120260357857,
        0.015377369709312916,
        -0.027269789949059486,
        -0.01134268194437027,
        0.038846205919981,
        0.017395569011569023,
        -0.10767820477485657,
        0.20205383002758026,
        -0.02619442716240883,
        0.047382108867168427,
        0.0007541138329543173,
        -0.030209980905056,
        0.07291832566261292,
        -0.03645395487546921,
        -0.014828622341156006,
        -0.039120256900787354,
        -0.01810101978480816,
        -0.022736983373761177,
        0.013107065111398697,
        -0.05138740316033363,
        0.048668358474969864,
        -0.04981004819273949,
        0.018508175387978554,
        0.033537860959768295,
        0.05723605304956436,
        0.013211285695433617,
        -0.045807987451553345,
        0.0022277480456978083,
        -0.02776167169213295,
        0.005186725407838821,
        0.04850338026881218,
        -0.010574965737760067,
        0.017637882381677628,
        -0.09463316202163696,
        0.03339023515582085,
        0.12271159887313843,
        0.021586060523986816,
        -0.038219138979911804,
        0.0017617818666622043,
        -0.06008852645754814,
        -0.04103606566786766,
        0.0021290918812155724,
        0.043123915791511536,
        0.0012670163996517658,
        -0.020725568756461143,
        0.00047191898920573294,
        0.027851389721035957,
        -0.03188414126634598,
        -0.004295789171010256,
        -0.15768766403198242,
        -0.023389747366309166,
        -0.11342591792345047,
        -0.034685611724853516,
        0.061469219624996185,
        -0.029252737760543823,
        0.0355500690639019,
        -0.059071172028779984,
        0.02577822096645832,
        -0.007244014646857977,
        0.036070458590984344,
        -0.06855480372905731,
        -0.014156908728182316,
        0.0037516262382268906,
        0.02566094510257244,
        0.02535100281238556,
        0.03572533652186394,
        -0.02873711660504341,
        0.024414902552962303,
        0.04925980791449547,
        -0.026005644351243973,
        -0.02320055104792118,
        0.07800412178039551,
        0.015123488381505013,
        -0.03249671682715416,
        0.0023773990105837584,
        0.0028776738326996565,
        0.012631355784833431,
        -0.0047060586512088776,
        0.06915787607431412,
        0.014729125425219536,
        -0.03565846011042595,
        0.03593946620821953,
        0.08875337988138199,
        0.03037414140999317,
        0.0029643189627677202,
        -0.017893461510539055,
        0.02626708149909973,
        0.061625849455595016,
        0.047585271298885345,
        -0.0638989806175232,
        -0.03647542744874954,
        0.03174937516450882,
        -0.003514251671731472,
        -0.010528644546866417,
        0.0041532013565301895,
        -0.02279507927596569,
        0.06629905849695206,
        0.08545934408903122,
        -0.01279436144977808,
        0.05049455910921097,
        -0.10648145526647568,
        -0.020347822457551956,
        -0.02484876662492752,
        -0.029131554067134857,
        -0.020037099719047546,
        -0.0002325803943676874,
        -0.04202960804104805,
        0.005923758260905743,
        0.029151402413845062,
        0.01048265676945448,
        -0.04049772024154663,
        -0.004983754828572273,
        0.03450296074151993,
        0.025309426710009575,
        0.0043336632661521435,
        -0.0077806455083191395,
        0.05923907831311226,
        0.0076783448457717896,
        -0.06017130985856056,
        0.033667031675577164,
        0.025038808584213257,
        0.011090350337326527,
        -0.017082683742046356,
        0.02492550015449524,
        0.052289653569459915,
        0.046655409038066864,
        0.030279962345957756,
        0.0564529225230217,
        0.011944979429244995,
        -0.06569697707891464,
        -0.0635545626282692,
        -0.2593373954296112,
        0.005774504039436579,
        0.01703965663909912,
        -0.0313737578690052,
        0.060365427285432816,
        -0.029104894027113914,
        0.04813472181558609,
        -0.01458110474050045,
        0.011351044289767742,
        0.04462365061044693,
        0.030015578493475914,
        -0.03328084945678711,
        -0.038646355271339417,
        0.03039047122001648,
        0.021748531609773636,
        0.08208154886960983,
        0.001238480443134904,
        -0.0017890424933284521,
        -0.028836321085691452,
