{
    "index": 580,
    "page": 91,
    "text": "XXI. That is best for every one, that the common nature of all doth send unto every \none, and then is it best, when she doth send it. \n\n36 doth often long after the rain. So is the glorious sky \n\nXXII. The earth, saith the poet,\n\noften as desirous to fall upon the earth, which argues a mutual kind of love between \nthem. And so (say I) doth the world bear a certain affection of love to whatsoever \nshall come to pass With thine affections shall mine concur, O world. The same (and \nno other) shall the object of my longing be which is of thine. Now that the world doth \nlove it is true indeed so is it as commonly said, and acknowledged ledged, when, ac-\ncording to the Greek phrase, imitated by the Latins, of things that used to be, we say \ncommonly, that they love to be.\n\n37",
    "embedding_of_chunk": [
        -0.009503335691988468,
        -0.003878707764670253,
        0.02109898254275322,
        0.009870225563645363,
        0.003999216947704554,
        -0.010050451382994652,
        0.056719906628131866,
        0.05626538768410683,
        0.03672625869512558,
        -0.027615517377853394,
        -0.020057471469044685,
        -0.07270817458629608,
        0.05179384723305702,
        0.002850408898666501,
        -0.00894648302346468,
        0.03546564280986786,
        0.014599231071770191,
        -0.009641350246965885,
        -0.08706340938806534,
        0.014582326635718346,
        0.10748261213302612,
        -0.01578204706311226,
        -0.028598124161362648,
        -0.045221712440252304,
        0.007736389059573412,
        0.05069496110081673,
        -0.030184317380189896,
        -0.034509532153606415,
        -0.05389120429754257,
        -0.14688263833522797,
        -0.01436308678239584,
        -0.014342051930725574,
        0.04504106566309929,
        0.002742133103311062,
        -0.04688243940472603,
        -0.013259447179734707,
        -0.022110402584075928,
        0.027956223115324974,
        -0.055224206298589706,
        0.036852531135082245,
        0.026786163449287415,
        0.018994515761733055,
        -0.012254561297595501,
        -0.07618440687656403,
        -0.03208519518375397,
        -0.018028907477855682,
        -0.01465798169374466,
        -0.005950643680989742,
        0.012493073008954525,
        -0.03212721645832062,
        -0.0011535960948094726,
        -0.0026233491953462362,
        0.012190311215817928,
        0.04930140823125839,
        -0.013825048692524433,
        0.06078093871474266,
        0.06334980577230453,
        0.021198291331529617,
        0.03184392303228378,
        0.00121267419308424,
        -0.0012648903066292405,
        0.016650013625621796,
        -0.21961577236652374,
        0.09292831271886826,
        0.07384872436523438,
        -0.0023376764729619026,
        -0.0313381589949131,
        -0.008879128843545914,
        -0.024197513237595558,
        0.05315887928009033,
        0.01728685386478901,
        0.03268281742930412,
        0.04304945841431618,
        0.05271923169493675,
        0.025683119893074036,
        -0.005169054958969355,
        -0.024186942726373672,
        -0.04402625933289528,
        -0.01636153645813465,
        0.007148104719817638,
        -0.014425825327634811,
        0.01519964449107647,
        -0.034061163663864136,
        0.004270920064300299,
        -0.0461665503680706,
        -0.06037949025630951,
        0.03528081625699997,
        -0.05906924977898598,
        0.06309699267148972,
        0.028010478243231773,
        -0.04683936387300491,
        -0.06606515496969223,
        -0.022158103063702583,
        0.008431396447122097,
        -0.05872604250907898,
        0.01134602352976799,
        0.06678950786590576,
        -0.04800233617424965,
        -0.030102290213108063,
        0.20950321853160858,
        -0.06981540471315384,
        0.02070709876716137,
        0.024164151400327682,
        -0.008796077221632004,
        0.04541334509849548,
        -0.029740825295448303,
        -0.017186472192406654,
        -0.06462850421667099,
        0.0034202903043478727,
        -0.015457183122634888,
        0.012518187053501606,
        -0.018567213788628578,
        0.03213917464017868,
        -0.06709840893745422,
        0.01059818360954523,
        -0.014751770533621311,
        0.046126268804073334,
        0.020698988810181618,
        -0.04085474833846092,
        -0.03998958319425583,
        -0.05426724627614021,
        0.0102365892380476,
        0.05462639406323433,
        -0.008165964856743813,
        0.014718525111675262,
        -0.10380756855010986,
        0.05675630643963814,
        0.05373214930295944,
        0.02513435110449791,
        0.025487730279564857,
        0.06676650792360306,
        -0.0251048281788826,
        -0.045541565865278244,
        -0.05816221237182617,
        0.033158592879772186,
        0.04833444952964783,
        0.010380137711763382,
        0.002853930462151766,
        -0.0015081205638125539,
        -0.015444057062268257,
        -2.054749165836256e-05,
        -0.16672560572624207,
        -0.0021941072773188353,
        -0.10078203678131104,
        0.01071950327605009,
        0.0964229553937912,
        -0.018571259453892708,
        0.045395880937576294,
        -0.024678362533450127,
        0.01555417850613594,
        -0.010595456697046757,
        0.021900692954659462,
        -0.058887045830488205,
        0.00535240676254034,
        0.03447876498103142,
        0.06393124163150787,
        0.0458231158554554,
        0.07483940571546555,
        -0.040378469973802567,
        0.023585177958011627,
        0.02771514095366001,
        -0.009717226028442383,
        -0.04938420653343201,
        0.09743503481149673,
        0.0128287672996521,
        -0.04043334722518921,
        -0.046836137771606445,
        0.006255920976400375,
        0.00998794287443161,
        -0.012557574547827244,
        0.02214869298040867,
        -0.020820051431655884,
        -0.04177554324269295,
        0.04435953125357628,
        0.0642397478222847,
        -0.010553616099059582,
        -0.034151963889598846,
        -0.011048121377825737,
        -0.02078116312623024,
        0.005545977968722582,
        0.04473365098237991,
        -0.038767069578170776,
        -0.03949356824159622,
        0.04172643646597862,
        0.023761052638292313,
        0.016193315386772156,
        -0.001118936575949192,
        -0.011884297244250774,
        0.04817422851920128,
        0.032179031521081924,
        0.020778270438313484,
        0.04942375794053078,
        -0.011493325233459473,
        -0.008651414886116982,
        -0.006703210063278675,
        -0.0039191460236907005,
        -0.0392577089369297,
        -0.01089797355234623,
        -0.005951077211648226,
        0.003843212965875864,
        0.01615828089416027,
        0.026854464784264565,
        -0.042060963809490204,
        -0.018695758655667305,
        0.05841738358139992,
        0.01989441178739071,
        0.02809777297079563,
        -0.035067688673734665,
        0.0476255863904953,
        0.030897285789251328,
        -0.025868577882647514,
        0.01053136121481657,
        0.062080267816782,
        -0.008635586127638817,
        -0.022519614547491074,
        0.06019838899374008,
        0.011278539896011353,
        0.023367511108517647,
        0.02320643700659275,
        0.04705875366926193,
        0.03814539685845375,
        -0.15424995124340057,
        -0.09881049394607544,
        -0.2101898342370987,
        0.00848234724253416,
        -0.004129578825086355,
        -0.045497775077819824,
        0.105276919901371,
        -0.028121674433350563,
        -0.0031740739941596985,
        -0.021092113107442856,
        0.054760172963142395,
        0.052148085087537766,
        0.0689912885427475,
        -0.03727307915687561,
        -0.017041075974702835,
        0.01363563071936369,
