{
    "index": 169,
    "page": 27,
    "text": "XIII. If thou shalt intend that which is present, following the rule of right and reason \ncarefully, solidly, meekly, and shalt not intermix any other businesses, but shall \nstudy this only to preserve thy spirit impolluted, and pure, and shall cleave unto him \nwithout either hope or fear of anything, in all things that thou shalt either do or \nspeak, contenting thyself with heroical truth, thou shalt live happily; and from this, \nthere is no man that can hinder thee.",
    "embedding_of_chunk": [
        -0.017814859747886658,
        0.005716357845813036,
        0.007271595764905214,
        -0.01901405304670334,
        0.002635745797306299,
        -0.015307890251278877,
        0.10244044661521912,
        0.04893886297941208,
        -0.016413582488894463,
        0.015698092058300972,
        -0.005469681229442358,
        -0.0707472637295723,
        0.036626994609832764,
        0.017696652561426163,
        0.007294867653399706,
        0.013570231385529041,
        -0.016265004873275757,
        0.07969656586647034,
        -0.09747367352247238,
        0.03159088268876076,
        0.07473555207252502,
        -0.025000005960464478,
        -0.031323738396167755,
        -0.026001451537013054,
        0.022049013525247574,
        0.038705095648765564,
        -0.0025944525841623545,
        -0.06650854647159576,
        -0.004781767725944519,
        -0.1574001908302307,
        0.016407117247581482,
        -0.08132141828536987,
        0.019470520317554474,
        -0.03536200150847435,
        0.009105668403208256,
        -0.010778134688735008,
        -0.048645999282598495,
        0.062029626220464706,
        -0.045378271490335464,
        0.05219549313187599,
        0.021527448669075966,
        0.01625450700521469,
        -0.01120982225984335,
        -0.03991290181875229,
        -0.02590712532401085,
        -0.027781326323747635,
        0.011198134161531925,
        -0.02204139530658722,
        0.03989151120185852,
        -0.04751608520746231,
        -3.939747693948448e-05,
        -0.029009893536567688,
        0.005123594775795937,
        0.0249931737780571,
        -0.007588080130517483,
        0.056394174695014954,
        0.04892219230532646,
        0.019001595675945282,
        0.053257327526807785,
        0.04123144969344139,
        0.022565430030226707,
        0.048448704183101654,
        -0.24235403537750244,
        0.07057429850101471,
        0.016243310645222664,
        0.019600247964262962,
        -0.04353475943207741,
        -0.02146240323781967,
        -0.027025628834962845,
        0.04087231680750847,
        -0.01770966127514839,
        0.0551600344479084,
        0.05170779675245285,
        0.0939539223909378,
        0.05659769847989082,
        -0.02377743273973465,
        0.038009628653526306,
        -0.042314473539590836,
        -0.022521644830703735,
        0.014631375670433044,
        -0.02090248093008995,
        -0.005000363104045391,
        0.006609037518501282,
        0.0437394417822361,
        -0.05169854313135147,
        -0.024461137130856514,
        -0.03331446275115013,
        -0.09490809589624405,
        0.039886005222797394,
        0.03631093353033066,
        -0.015878574922680855,
        -0.016253899782896042,
        -0.022040624171495438,
        -0.0028336222749203444,
        -0.07582017779350281,
        -0.01001194678246975,
        0.035796236246824265,
        -0.0158626027405262,
        -0.04149302467703819,
        0.19080880284309387,
        -0.008141869679093361,
        0.021123671904206276,
        0.029845591634511948,
        -0.04182499274611473,
        0.07518310844898224,
        -0.014060603454709053,
        -0.02696649357676506,
        -0.025152593851089478,
        0.008677286095917225,
        -0.011575581505894661,
        0.01953931711614132,
        -0.017792871221899986,
        0.05414604768157005,
        -0.08086907118558884,
        0.02428681217133999,
        0.032216280698776245,
        0.046165015548467636,
        0.0033635497093200684,
        -0.03235167637467384,
        -0.0050848317332565784,
        0.014036901295185089,
        0.031504902988672256,
        0.06580637395381927,
        -0.02262176014482975,
        0.006819115951657295,
        -0.0672006830573082,
        0.05074527859687805,
        0.0848269835114479,
        0.025173626840114594,
        -0.0030773512553423643,
        0.00204506516456604,
        -0.06499272584915161,
        0.0009679239010438323,
        0.004396510776132345,
        0.0037157777696847916,
        0.05622831732034683,
        0.0005114088417030871,
        -0.014075311832129955,
        0.06326843798160553,
        -0.055751435458660126,
        -0.04441244527697563,
        -0.14230842888355255,
        -0.04899132251739502,
        -0.14984391629695892,
        -0.0040898011066019535,
        0.06605338305234909,
        0.04261293262243271,
        0.03705279156565666,
        -0.05337420850992203,
        0.00894396472722292,
        0.0005540080601349473,
        0.04757839813828468,
        -0.03459718078374863,
        -0.02132483199238777,
        -0.006042256020009518,
        0.008449419401586056,
        0.026575801894068718,
        0.07517109811306,
        -0.018765898421406746,
        -0.010766901075839996,
        0.0039901710115373135,
        -0.04535301774740219,
        -0.007208588067442179,
        0.12228934466838837,
        -0.02033287286758423,
        -0.023012150079011917,
        0.003003920428454876,
        0.04445163905620575,
        0.005143595859408379,
        -0.013906443491578102,
        0.011423766613006592,
        0.0021652451250702143,
        -0.05615177005529404,
        0.06882423162460327,
        0.06620345264673233,
        0.038044556975364685,
        -0.04208742454648018,
        0.03302503004670143,
        -0.00976561103016138,
        0.00671944348141551,
        0.002419212367385626,
        -0.04983110725879669,
        -0.03783117234706879,
        0.05118466168642044,
        -0.01734384521842003,
        -0.020178314298391342,
        -0.014040508307516575,
        -0.07416540384292603,
        0.02039201743900776,
        0.06775881350040436,
        -0.01236945204436779,
        0.0734194666147232,
        -0.0899626836180687,
        -0.015792306512594223,
        -0.038610756397247314,
        -0.011693809181451797,
        -0.029543347656726837,
        -0.014028054662048817,
        -0.008134599775075912,
        -0.014924094080924988,
        -0.007452758960425854,
        0.008965996094048023,
        -0.043085481971502304,
        0.014999238774180412,
        -0.0256559606641531,
        0.03740369528532028,
        0.03152035176753998,
        -0.04609975963830948,
        0.05065310746431351,
        0.015334337949752808,
        -0.04911281168460846,
        0.02624332904815674,
        0.0576879158616066,
        -0.030186815187335014,
        -0.04515333101153374,
        0.00878405012190342,
        0.031888458877801895,
        0.01013024989515543,
        0.03273056074976921,
        0.03953533619642258,
        0.022475019097328186,
        -0.061304084956645966,
        -0.028011562302708626,
        -0.24209396541118622,
        0.04319474473595619,
        -0.004900048021227121,
        -0.03676728159189224,
        0.10689088702201843,
        -0.07408637553453445,
        0.021089322865009308,
        0.009409741498529911,
        0.009826983325183392,
        0.05089733377099037,
        0.05576864629983902,
        -0.005386970471590757,
        -0.06119605898857117,
        0.022326530888676643,
        0.011956838890910149,
        0.029902145266532898,
        0.007927289232611656,
        -0.012030748650431633,
        -0.044238846749067307,
        0.013192892074584961,
        -0.0020177713595330715,
        0.051916804164648056,
        -0.07294830679893494,
        -0.06438006460666656,
        0.029944848269224167,
