{
    "index": 776,
    "page": 123,
    "text": "CATO, called of Utica, a Stoic who died \nby his own hand after the battle of \nThapsus, 46 B.C. His name was pro-\nverbial for virtue and courage. \n\nAPELLES, a famous painter of antiquity. \n\nAPOLLONIUS \nof \nAlexandria, \ncalled \n\nCAUTELOUS, cautious. \n\nDyscolus, or the “ill-tempered,” a great \ngrammarian. \n\nCECROPS, first legendary King of Ath-\nens. \n\nAPOSTEME, tumour, excrescence. \n\nCHARAX, perhaps the priestly historian \nof that name, whose date is unknown, \nexcept that it must be later than Nero. \n\nARCHIMEDES of Syracuse 287–212 B.C., \nthe most famous mathematician of an-\ntiquity. \n\nCHIRURGEON, surgeon. \n\nATHOS, a mountain promontory at the \nN. of the Ægean Sea. \n\nCHRYSIPPUS, 280–207 B.C., a Stoic phi-\nlosopher, and the founder of Stoicism \nas a systematic philosophy.",
    "embedding_of_chunk": [
        -0.026043657213449478,
        0.011736978776752949,
        0.03424317017197609,
        -0.0030682601500302553,
        -0.044083740562200546,
        -0.013497825711965561,
        0.07538612186908722,
        0.031645096838474274,
        -0.013075509108603,
        -0.01441777590662241,
        0.0001358704175800085,
        -0.09821631759405136,
        0.02707582525908947,
        0.05829969048500061,
        0.027788016945123672,
        0.013403596356511116,
        -0.02805539220571518,
        0.061570510268211365,
        -0.02778603509068489,
        0.03214167058467865,
        0.05252135545015335,
        -0.003343496937304735,
        -0.029900848865509033,
        -0.05167496204376221,
        0.023904290050268173,
        0.05840044096112251,
        -0.04477546364068985,
        -0.06629152595996857,
        -0.03818092495203018,
        -0.14232967793941498,
        -0.028753353282809258,
        -0.032872822135686874,
        0.026199446991086006,
        -0.04923919215798378,
        -0.0029470885638147593,
        -0.0015140739269554615,
        -0.043440841138362885,
        0.09751665592193604,
        -0.061549779027700424,
        0.063509002327919,
        0.025328731164336205,
        0.01449085958302021,
        -0.014361412264406681,
        -0.018635602667927742,
        -0.009854190051555634,
        -0.020899280905723572,
        -0.002860943553969264,
        -0.02540801838040352,
        0.03477771580219269,
        -0.004000964108854532,
        -0.006387829314917326,
        -0.015903430059552193,
        -0.01992766559123993,
        0.02053486369550228,
        0.04242769256234169,
        -0.02706036902964115,
        0.08922386169433594,
        0.0023611662909388542,
        0.032534174621105194,
        -0.004008093383163214,
        -0.003132336540147662,
        0.05025248974561691,
        -0.2115871012210846,
        0.08552978187799454,
        0.03035775013267994,
        0.007261067163199186,
        -0.02358526550233364,
        -0.021379923447966576,
        -0.008234676904976368,
        0.042236100882291794,
        0.00973734725266695,
        0.01839520037174225,
        0.04470079392194748,
        0.09816858917474747,
        0.0608099140226841,
        -0.03135789558291435,
        -0.009577103890478611,
        -0.03781859949231148,
        -0.005167793948203325,
        0.03202520310878754,
        0.008648945949971676,
        0.007911897264420986,
        -0.06931779533624649,
        0.012008494697511196,
        -0.07728461921215057,
        -0.009352006949484348,
        0.03490905091166496,
        -0.06341871619224548,
        0.03868713974952698,
        0.009751805104315281,
        -0.009301421232521534,
        -0.012911896221339703,
        0.02798711135983467,
        0.02948261797428131,
        -0.004396433942019939,
        -0.018869565799832344,
        0.016691530123353004,
        0.04825657233595848,
        -0.031281717121601105,
        0.24442307651042938,
        -0.051560841500759125,
        0.04755909740924835,
        0.019431371241807938,
        0.0027560812886804342,
        0.06332779675722122,
        -0.01156590972095728,
        -0.046751718968153,
        -0.051496777683496475,
        -0.02446558140218258,
        0.01958712749183178,
        0.044952359050512314,
        -0.02782944217324257,
        0.06770183891057968,
        -0.04234946146607399,
        0.030463766306638718,
        0.012234925292432308,
        0.05789646878838539,
        -0.016860423609614372,
        -0.004022745415568352,
        0.00668375426903367,
        0.007783402688801289,
        0.009588235057890415,
        0.09425120055675507,
        0.0034661777317523956,
        0.013711600564420223,
        -0.04838502034544945,
        0.0573546402156353,
        0.106596440076828,
        0.04223772510886192,
        0.003511382732540369,
        0.024065280333161354,
        -0.0077827065251767635,
        -0.03577173501253128,
        -0.03121909685432911,
        0.012397469021379948,
        0.02417796291410923,
        0.03240930661559105,
        -0.0377311035990715,
        0.01868182234466076,
        -0.02213962934911251,
        -0.059670161455869675,
        -0.08360883593559265,
        -0.02681601047515869,
        -0.06676440685987473,
        -0.03331207484006882,
        0.035703908652067184,
        -0.019182680174708366,
        0.019347649067640305,
        -0.046827156096696854,
        0.028840409591794014,
        -0.018721649423241615,
        0.0011518067913129926,
        -0.04375971853733063,
        -0.015977591276168823,
        0.0005987127078697085,
        0.012934476137161255,
        0.0707857608795166,
        0.08856242895126343,
        -0.045855436474084854,
        -0.016702383756637573,
        -0.010983861982822418,
        -0.053354594856500626,
        -0.03382065147161484,
        0.11406667530536652,
        0.02952892892062664,
        -0.04551445320248604,
        -0.012435809709131718,
        0.027764830738306046,
        -0.009294061921536922,
        -0.01303380448371172,
        0.06516195088624954,
        0.032302726060152054,
        -0.056405164301395416,
        0.025368716567754745,
        0.08386445790529251,
        0.055233463644981384,
        0.01528970431536436,
        -0.0660855770111084,
        0.006809237413108349,
        0.006398017052561045,
        0.0650188997387886,
        -0.03310064598917961,
        -0.0687045007944107,
        0.013118560425937176,
        0.010193622671067715,
        -0.02204888127744198,
        -0.005971921142190695,
        -0.03218522295355797,
        -0.006370848976075649,
        0.0631437748670578,
        0.028810013085603714,
        0.05215122923254967,
        -0.03366219997406006,
        -0.05286117643117905,
        -0.06065633147954941,
        -0.004911548458039761,
        -0.0366305448114872,
        -0.0053937071934342384,
        0.012987438589334488,
        0.0060318708419799805,
        -0.04348554089665413,
        -0.00019706775492522866,
        -0.05063067004084587,
        0.006937852129340172,
        0.033460065722465515,
        0.004004799760878086,
        -0.026658792048692703,
        0.06337010860443115,
        0.0015556520083919168,
        0.026966741308569908,
        -0.0001763972541084513,
        0.06781776249408722,
        0.05166340619325638,
        -0.014692695811390877,
        -0.025219924747943878,
        0.054576415568590164,
        0.00469623738899827,
        -0.006480665411800146,
        0.03457584232091904,
        -0.006818613037467003,
        0.05367991700768471,
        -0.09465887397527695,
        -0.0979495644569397,
        -0.2141183465719223,
        -0.040716659277677536,
        0.004502550233155489,
        -0.0671701431274414,
        0.05539609119296074,
        -0.012262235395610332,
        9.06956338440068e-05,
        -0.046611178666353226,
        0.02667935937643051,
        0.023901330307126045,
        0.014780227094888687,
        0.03542330488562584,
        -0.027209272608160973,
