{
    "index": 658,
    "page": 102,
    "text": "XXVIII. “My heart smiled within me.” “They will accuse even virtue herself; with hei-\nnous and opprobrious words.”\n\n45 \n\nXXIX. As they that long after figs in winter when they cannot be had; so are they that \nlong after children, before they be granted them. \n\nXXX. “As often as a father kisseth his child, he should say secretly with himself” \n(said Epictetus), “tomorrow perchance shall he die.”\n\n46 But these words be ominous. \n\nNo words ominous (said he) that signify anything that is natural: in very truth and \ndeed not more ominous than this, “to cut down grapes when they are ripe.”\n\n47 Green \n\ngrapes, ripe grapes, dried grapes, or raisins: so many changes and mutations of one \nthing, not into that which was not absolutely, but rather so many several changes",
    "embedding_of_chunk": [
        -0.00788377970457077,
        0.004840455949306488,
        0.022420845925807953,
        -0.03017517365515232,
        0.005970617290586233,
        0.00667598657310009,
        0.05990069359540939,
        0.06790067255496979,
        0.013647866435348988,
        -0.029217520728707314,
        -0.01800472103059292,
        -0.08421944081783295,
        0.032864417880773544,
        0.021137135103344917,
        0.008318283595144749,
        -0.001301442040130496,
        0.015874510630965233,
        0.030563106760382652,
        -0.08361701667308807,
        0.006173568312078714,
        0.08526249974966049,
        -0.002485928125679493,
        0.022323228418827057,
        -0.07183244079351425,
        0.038892582058906555,
        0.05757947266101837,
        -0.025723986327648163,
        -0.02086930349469185,
        -0.024613749235868454,
        -0.1561349630355835,
        -0.008533665910363197,
        -0.010020244866609573,
        0.04828215762972832,
        -0.003042760770767927,
        -0.013529838994145393,
        -0.0017719637835398316,
        -0.035254813730716705,
        0.028568735346198082,
        -0.05576515570282936,
        0.058162856847047806,
        0.052162669599056244,
        0.020343242213129997,
        -0.03082481026649475,
        -0.03567802906036377,
        -0.0756264254450798,
        -0.028121480718255043,
        -0.015803275629878044,
        -0.016864029690623283,
        0.0511978380382061,
        -0.015605931170284748,
        -0.031314630061388016,
        -0.03651293367147446,
        0.01760338805615902,
        0.030099470168352127,
        0.023413052782416344,
        0.027901820838451385,
        0.09697500616312027,
        0.04913925379514694,
        0.009263327345252037,
        0.03181255981326103,
        0.053159549832344055,
        -0.004127702210098505,
        -0.22511032223701477,
        0.07618150115013123,
        0.021957164630293846,
        0.017686981707811356,
        -0.08017091453075409,
        -0.014798368327319622,
        -0.0001948941935552284,
        0.0845622643828392,
        0.009316036477684975,
        0.04540839046239853,
        0.04460349678993225,
        0.05494903028011322,
        0.04595278203487396,
        -0.014899110421538353,
        -0.00887591764330864,
        -0.08539258688688278,
        0.0007708094199188054,
        -0.01810358837246895,
        -0.02058282122015953,
        0.014207380823791027,
        -0.05050443112850189,
        -0.022764038294553757,
        -0.05501914769411087,
        -0.0683860033750534,
        0.01722644828259945,
        -0.06317151337862015,
        0.06970825791358948,
        0.04419708624482155,
        -0.03024548478424549,
        -0.0624539852142334,
        -0.027433060109615326,
        -0.03241490200161934,
        -0.05361208692193031,
        -0.008315151557326317,
        0.03087128885090351,
        -0.009431407786905766,
        -0.017522985115647316,
        0.20803028345108032,
        -0.025405846536159515,
        0.03167136758565903,
        -0.0069693224504590034,
        -0.02764950692653656,
        0.03975794464349747,
        -0.0021862778812646866,
        -0.04214993491768837,
        -0.07046552747488022,
        0.007542875595390797,
        0.0019055785378441215,
        0.014855767600238323,
        -0.0518963560461998,
        0.04789998382329941,
        -0.05346418172121048,
        0.05423208698630333,
        -0.020967742428183556,
        0.07842507213354111,
        0.004693128634244204,
        -0.01507596392184496,
        0.0008134965901263058,
        -0.04336411878466606,
        0.012341788969933987,
        0.02175670675933361,
        -0.031234512105584145,
        0.029242848977446556,
        -0.07920116186141968,
        0.03626704216003418,
        0.11550028622150421,
        0.023848701268434525,
        0.01788741536438465,
        0.05373859032988548,
        -0.016655070707201958,
        -0.03769584372639656,
        -0.017610780894756317,
        0.0071191806346178055,
        0.0217062346637249,
        0.008292015641927719,
        -0.025417519733309746,
        0.022406496107578278,
        -0.05423097684979439,
        -0.041038062423467636,
        -0.14184312522411346,
        -0.0344134159386158,
        -0.11249738186597824,
        0.00031706830486655235,
        0.0718257874250412,
        -3.3253043511649594e-05,
        0.05187476798892021,
        -0.013792399317026138,
        0.052036549896001816,
        -0.009036225266754627,
        0.05798761546611786,
        0.00423815380781889,
        -0.02471533790230751,
        0.0045577893033623695,
        0.01168286707252264,
        0.017583616077899933,
        0.04928300902247429,
        -0.036290492862463,
        0.015742678195238113,
        0.07788414508104324,
        0.0005969878402538598,
        -0.019733231514692307,
        0.09951363503932953,
        0.012232410721480846,
        -0.02001216448843479,
        -0.02067563310265541,
        -0.008406336419284344,
        0.044182442128658295,
        -0.03383591026067734,
        0.07989402860403061,
        0.00394456135109067,
        -0.034162458032369614,
        0.02955259196460247,
        0.054057490080595016,
        0.026697956025600433,
        -0.0049752723425626755,
        -0.007858434692025185,
        -0.001666896278038621,
        0.030983423814177513,
        0.016655245795845985,
        -0.03424322232604027,
        -0.03648533299565315,
        0.05865373834967613,
        0.004252947401255369,
        -0.019976390525698662,
        -0.0006510238163173199,
        -0.015207287855446339,
        0.05497812479734421,
        0.03145134449005127,
        -0.00978769175708294,
        0.022965703159570694,
        -0.07891744375228882,
        -0.0004091333248652518,
        -0.06492087990045547,
        0.007423195987939835,
        -0.0061319442465901375,
        0.012646699324250221,
        -0.03281804919242859,
        -0.04288046807050705,
        -0.018767595291137695,
        -0.0395519956946373,
        -0.009579694829881191,
        0.03201579302549362,
        0.05337630957365036,
        0.01598558947443962,
        0.009453992359340191,
        -0.025168638676404953,
        0.04688712954521179,
        0.011696512810885906,
        -0.05577715486288071,
        0.00439573684707284,
        0.05188145488500595,
        0.005500596482306719,
        -0.03771384060382843,
        0.04411231353878975,
        0.0031689025927335024,
        0.01420025248080492,
        0.016603587195277214,
        0.05502588301897049,
        0.04550570994615555,
        -0.10202755033969879,
        -0.09104255586862564,
        -0.22292229533195496,
        6.486713391495869e-05,
        -0.01457397174090147,
        -0.06707090884447098,
        0.07153922319412231,
        -0.035808078944683075,
        0.015484598465263844,
        -0.038724325597286224,
        0.07063842564821243,
        0.02578151598572731,
        0.0008629946387372911,
        -0.024008734151721,
        -0.031671322882175446,
        0.019647888839244843,
