{
    "index": 546,
    "page": 86,
    "text": "II. As one who is altogether governed by nature, let it be thy care to observe what it is \nthat thy nature in general doth require. That done, if thou find not that thy nature, \nas thou art a living sensible creature, will be the worse for it, thou mayest proceed. \nNext then thou must examine, what thy nature as thou art a living sensible creature, \ndoth require. And that, whatsoever it be, thou mayest admit of and do it, if thy na-\nture as thou art a reasonable living creature, will not be the worse for it. Now what-\nsoever is reasonable, is also sociable, Keep thyself to these rules, and trouble not \nthyself about idle things.",
    "embedding_of_chunk": [
        0.019859621301293373,
        -0.01429507415741682,
        0.025361770763993263,
        -0.021708061918616295,
        0.016965046525001526,
        0.022146139293909073,
        0.1088978573679924,
        0.04245106875896454,
        -0.019545527175068855,
        0.005453142337501049,
        -0.005523040425032377,
        -0.10184557735919952,
        0.05855226516723633,
        0.026593277230858803,
        0.002607129979878664,
        0.016983333975076675,
        0.021267615258693695,
        0.0563441663980484,
        -0.04510249197483063,
        0.05438452214002609,
        0.034649237990379333,
        0.02550802007317543,
        -0.023519311100244522,
        -0.04178996756672859,
        -0.008530811406672001,
        0.05111656337976456,
        -0.044747527688741684,
        -0.021068809553980827,
        -0.011056520976126194,
        -0.166864275932312,
        -0.0198612492531538,
        -0.035639066249132156,
        0.00734185753390193,
        -0.0015797159867361188,
        -0.020040441304445267,
        -0.02663927525281906,
        -0.014185874722898006,
        0.03172959387302399,
        -0.018991420045495033,
        0.03690439090132713,
        0.014586282894015312,
        0.003628938226029277,
        0.0003825922030955553,
        -0.07751107960939407,
        -0.030182570219039917,
        -0.03335912898182869,
        0.016335967928171158,
        -0.031399793922901154,
        -0.024716099724173546,
        -0.056280385702848434,
        -0.03700687363743782,
        -0.024353886023163795,
        0.023606857284903526,
        0.027275806292891502,
        0.027769243344664574,
        0.028677841648459435,
        0.06684140861034393,
        0.012049463577568531,
        0.029283419251441956,
        0.017619527876377106,
        0.0517655611038208,
        0.02352520450949669,
        -0.22386085987091064,
        0.10925465822219849,
        0.05441548675298691,
        0.031156115233898163,
        -0.04701787978410721,
        -0.033980969339609146,
        0.009736873209476471,
        0.05237274244427681,
        -0.0071394541300833225,
        0.02188904955983162,
        0.03808172792196274,
        0.04477640241384506,
        0.0014575632521882653,
        -0.04515932872891426,
        -0.028189709410071373,
        -0.05866129323840141,
        -0.009610084816813469,
        0.02443072386085987,
        -0.02014143578708172,
        0.03231853246688843,
        0.014786065556108952,
        0.008310342207551003,
        -0.035755835473537445,
        -0.04725130647420883,
        0.007584141567349434,
        -0.06205199286341667,
        0.06174660474061966,
        0.04025759920477867,
        -0.004407248925417662,
        -0.04216659441590309,
        0.005348522216081619,
        -0.0005949189653620124,
        -0.024298163130879402,
        0.014394686557352543,
        0.04453030973672867,
        0.019158057868480682,
        -0.04534853249788284,
        0.1822439581155777,
        -0.00855744257569313,
        0.03518330678343773,
        0.04662035033106804,
        -0.0035407887771725655,
        0.05762733519077301,
        -0.04065743833780289,
        -0.025797195732593536,
        -0.050352487713098526,
        -0.011715113185346127,
        0.010313007980585098,
        0.0016983450623229146,
        -0.009322700090706348,
        0.02911209873855114,
        -0.03655864670872688,
        0.047811973839998245,
        0.02118656411767006,
        0.019709687680006027,
        0.030912252143025398,
        -0.018197497352957726,
        -0.0043814517557621,
        -0.016909660771489143,
        0.02073037065565586,
        0.09243877232074738,
        -0.019265495240688324,
        0.05271458998322487,
        -0.1037975400686264,
        0.06476226449012756,
        0.08412592858076096,
        0.0027119505684822798,
        0.00895998626947403,
        -0.0016511559952050447,
        -0.084739089012146,
        -0.02286899834871292,
        0.01520153321325779,
        0.038396596908569336,
        -0.0033053825609385967,
        0.002284452086314559,
        0.014431166462600231,
        0.04171927645802498,
        -0.03482898324728012,
        -0.044239163398742676,
        -0.13572989404201508,
        -0.033712103962898254,
        -0.1559724658727646,
        -0.027066033333539963,
        0.09564109891653061,
        0.01880415342748165,
        0.025118373334407806,
        -0.052854206413030624,
        0.014393376186490059,
        -0.0278632789850235,
        0.011868276633322239,
        -0.0073660449124872684,
        -0.02664988301694393,
        0.026297155767679214,
        0.03109370730817318,
        0.04051734507083893,
        0.06568485498428345,
        -0.03487645462155342,
        0.01707267016172409,
        0.006428487598896027,
        -0.008474869653582573,
        -0.04574248939752579,
        0.10418103635311127,
        0.025603964924812317,
        -0.009375161491334438,
        -0.013116014190018177,
        -0.0030642517376691103,
        -0.014404170215129852,
        0.03620139881968498,
        0.05031377822160721,
        0.014968451112508774,
        -0.0425170361995697,
        0.07361114025115967,
        0.09100085496902466,
        -0.006851706653833389,
        -0.04791559651494026,
        0.008829545229673386,
        -0.03321573883295059,
        0.017874781042337418,
        0.049732040613889694,
        -0.055981364101171494,
        -0.05538814887404442,
        0.06558765470981598,
        0.009792855009436607,
        -0.006249064579606056,
        -0.04105213284492493,
        -0.04112463817000389,
        0.01621980220079422,
        0.040545105934143066,
        -0.022814946249127388,
        0.0162387453019619,
        -0.05812223255634308,
        -0.012409248389303684,
        -0.030043167993426323,
        -0.03837922215461731,
        -0.04008885845541954,
        -0.009968137368559837,
        -0.013116699643433094,
        -0.0007022856152616441,
        -0.005623882170766592,
        -0.011515973135828972,
        -0.008660761639475822,
        0.027238527312874794,
        0.018881024792790413,
        -0.0011796421604231,
        0.0025016595609486103,
        -0.016629379242658615,
        0.03775126487016678,
        0.005874972324818373,
        -0.028386546298861504,
        0.03824739158153534,
        0.015217487700283527,
        -0.0010395566932857037,
        -0.030606795102357864,
        0.030142148956656456,
        0.03635886311531067,
        0.005810924340039492,
        0.0472278892993927,
        0.06913868337869644,
        0.017416637390851974,
        -0.09005922079086304,
        -0.06882648169994354,
        -0.2505393624305725,
        0.003550766035914421,
        -0.017945650964975357,
        -0.037888992577791214,
        0.05925740301609039,
        -0.05898362025618553,
        -0.013388808816671371,
        -0.013477503322064877,
        -0.01528611034154892,
        0.031186657026410103,
        0.04004858806729317,
        -0.037118732929229736,
        -0.01097408402711153,
        0.03835292160511017,
        0.015168899670243263,
        0.09272406995296478,
        0.025908732786774635,
        -0.017093658447265625,
        -0.03023850917816162,
