{
    "index": 406,
    "page": 64,
    "text": "XXXII. Thou must use thyself also to keep thy body fixed and steady; free from all \nloose fluctuant either motion, or posture. And as upon thy face and looks, thy mind \nhath easily power over them to keep them to that which is grave and decent; so let it \nchallenge the same power over the whole body also. But so observe all things in this \nkind, as that it be without any manner of affectation. \n\nXXXIII. The art of true living in this world is more like a wrestler’s, than a dancer’s \npractice. For in this they both\n\n33 agree, to teach a man whatsoever falls upon him, \n\nthat he may be ready for it, and that nothing may cast him down.",
    "embedding_of_chunk": [
        -0.05537095293402672,
        0.008134614676237106,
        0.020840445533394814,
        -0.008146957494318485,
        -0.026802467182278633,
        0.03805982321500778,
        0.0654790997505188,
        0.030613133683800697,
        -0.0011461303802207112,
        -0.009075134061276913,
        0.014558487571775913,
        -0.10730478167533875,
        0.038839034736156464,
        0.051392462104558945,
        -0.006501405034214258,
        -0.0048769074492156506,
        0.01206772867590189,
        0.05557077378034592,
        -0.09466707706451416,
        -0.004313338547945023,
        0.05217009782791138,
        -0.025864169001579285,
        -0.007172554265707731,
        -0.04141870513558388,
        0.003806917229667306,
        0.0188298337161541,
        -0.006348615977913141,
        -0.036487460136413574,
        0.014421280473470688,
        -0.1325508952140808,
        0.013968465849757195,
        -0.06835655868053436,
        0.012044521048665047,
        0.015107950195670128,
        -0.0425318144261837,
        -0.013457990251481533,
        -0.05085106939077377,
        0.01986881159245968,
        -0.03174079954624176,
        0.06090398505330086,
        -0.00018019526032730937,
        0.049404457211494446,
        -0.00702764093875885,
        -0.025771087035536766,
        -0.021985216066241264,
        -0.04665352404117584,
        -0.04477658495306969,
        -0.012143571861088276,
        0.017837097868323326,
        -0.003924817778170109,
        0.003221888095140457,
        -0.06409134715795517,
        0.018575936555862427,
        0.0645119696855545,
        0.013126421719789505,
        0.019714292138814926,
        0.07048356533050537,
        0.013301490806043148,
        0.01932572014629841,
        0.03642243891954422,
        0.048511456698179245,
        0.051046568900346756,
        -0.19668251276016235,
        0.08381178230047226,
        0.04028180241584778,
        0.03777254372835159,
        -0.022226212546229362,
        0.006786750629544258,
        0.021112199872732162,
        0.06912399083375931,
        -0.020411528646945953,
        0.020162906497716904,
        0.03682761639356613,
        0.052880629897117615,
        0.022200481966137886,
        -0.0440693162381649,
        0.007753253914415836,
        -0.09125393629074097,
        -0.0028090819250792265,
        0.027519933879375458,
        -0.0037573236040771008,
        -0.028047872707247734,
        0.02954636886715889,
        -0.0015928365755826235,
        -0.06576139479875565,
        -0.04258443042635918,
        0.030323732644319534,
        -0.08277354389429092,
        0.036193668842315674,
        0.03293129801750183,
        -0.07822269201278687,
        -0.01071162149310112,
        -0.04347417503595352,
        0.00135266303550452,
        -0.021295197308063507,
        -0.04056081920862198,
        0.021242951974272728,
        0.0040384321473538876,
        -0.07668387144804001,
        0.18400181829929352,
        -0.006951785646378994,
        0.040138471871614456,
        0.033730458468198776,
        0.003570013912394643,
        0.03094797022640705,
        0.0037582882214337587,
        -0.017114905640482903,
        -0.039912112057209015,
        -0.049120113253593445,
        -0.023346157744526863,
        0.0030777989886701107,
        -0.014233171008527279,
        0.011943481862545013,
        -0.02804291434586048,
        0.04105013236403465,
        0.022781401872634888,
        0.021447669714689255,
        -0.012582998722791672,
        -0.040440939366817474,
        -0.01809515617787838,
        0.02719319984316826,
        0.049288712441921234,
        0.098991759121418,
        -0.005956409033387899,
        -0.011674928478896618,
        -0.10622665286064148,
        0.02686229906976223,
        0.08439454436302185,
        -0.002551145851612091,
        0.01831943169236183,
        0.03930603340268135,
        -0.042648207396268845,
        -0.0532713308930397,
        -0.02975691668689251,
        0.018354298546910286,
        0.017146192491054535,
        -0.004301616456359625,
        0.017670713365077972,
        0.026440631598234177,
        -0.05046830698847771,
        0.005310963839292526,
        -0.1377752721309662,
        -0.011780926957726479,
        -0.15428860485553741,
        -0.018355054780840874,
        0.09125930815935135,
        -0.007286566309630871,
        0.05480358004570007,
        0.003095025662332773,
        0.015784790739417076,
        -0.006364621687680483,
        0.03667963668704033,
        -0.05595448613166809,
        0.0007823465275578201,
        0.008065723814070225,
        0.05047580599784851,
        0.018604837357997894,
        0.06702803075313568,
        -0.05872156471014023,
        -0.0019115101313218474,
        0.020021528005599976,
        -0.018665673211216927,
        -0.05209672451019287,
        0.08275263756513596,
        0.03531230613589287,
        -0.05374894291162491,
        0.021013818681240082,
        -0.002896602265536785,
        -0.004176447167992592,
        -0.030128104612231255,
        0.045276936143636703,
        -2.2731017452315427e-05,
        -0.07995021343231201,
        0.03947935998439789,
        0.06207149475812912,
        0.026233449578285217,
        -0.03143997862935066,
        0.008173586800694466,
        -8.021597022889182e-05,
        0.03038761019706726,
        0.044606395065784454,
        -0.0420994833111763,
        -0.054239846765995026,
        0.06598696112632751,
        0.01610860414803028,
        0.009473688900470734,
        -0.022197555750608444,
        -0.012868430465459824,
        0.09877901524305344,
        0.046625662595033646,
        -0.01503683440387249,
        0.034625161439180374,
        -0.08754868060350418,
        -0.01904803328216076,
        -0.04980047792196274,
        -0.004208608530461788,
        -0.04326760023832321,
        0.006955699995160103,
        -0.029904447495937347,
        -0.014862241223454475,
        -0.016399025917053223,
        0.02198624424636364,
        -0.02385583333671093,
        0.03426235914230347,
        0.02729640156030655,
        -0.007293852046132088,
        -0.003945905715227127,
        -0.0192557442933321,
        0.06578236073255539,
        0.019783224910497665,
        -0.040693946182727814,
        0.018787896260619164,
        0.05620025470852852,
        0.019564658403396606,
        -0.004291627090424299,
        0.06127844378352165,
        0.03199365735054016,
        0.013273476622998714,
        0.02489924244582653,
        0.04782675951719284,
        0.043516967445611954,
        -0.07084280252456665,
        -0.09215795248746872,
        -0.24820420145988464,
        0.023401573300361633,
        -0.02457408793270588,
        -0.023665545508265495,
        0.0669856145977974,
        -0.06876462697982788,
        0.018272776156663895,
        -0.023312609642744064,
        0.027147049084305763,
        0.04862882196903229,
        0.05051230639219284,
        -0.0255905669182539,
        -0.02361108548939228,
        0.0025953957810997963,
        -0.030099855735898018,
        0.10189690440893173,
        0.0012916350970044732,
        0.012856648303568363,
