{
    "index": 170,
    "page": 27,
    "text": "XIV. As physicians and chirurgeons have always their instruments ready at hand for \nall sudden cures; so have thou always thy dogmata in a readiness for the knowledge \nof things, both divine and human: and whatsoever thou dost, even in the smallest \nthings that thou dost, thou must ever remember that mutual relation, and connec-\ntion that is between these two things divine, and things human. For without relation \nunto God, thou shalt never speed in any worldly actions; nor on the other side in any \ndivine, without some respect had to things human.",
    "embedding_of_chunk": [
        0.002334474353119731,
        -0.03383328765630722,
        0.010372946038842201,
        -0.034429073333740234,
        0.006777940317988396,
        -0.004470173269510269,
        0.07106412202119827,
        0.08020871877670288,
        0.0008181904559023678,
        -0.029231751337647438,
        -0.022766659036278725,
        -0.06483174115419388,
        0.054112646728754044,
        0.0877356007695198,
        -0.0018595133442431688,
        0.01953243836760521,
        -0.02175053395330906,
        0.06799806654453278,
        -0.06462541967630386,
        0.06333176046609879,
        0.06232406571507454,
        -0.04179801046848297,
        -0.05234641209244728,
        -0.04470345750451088,
        0.004482208751142025,
        0.04169744253158569,
        0.01575305126607418,
        -0.05779561772942543,
        0.006057034712284803,
        -0.16008195281028748,
        -0.007205402944236994,
        -0.05035695806145668,
        -0.004074154421687126,
        0.0013893365394324064,
        -0.01667478308081627,
        0.010015036910772324,
        -0.0016176837962120771,
        0.03357698768377304,
        -0.047437265515327454,
        0.04214644432067871,
        0.01946157030761242,
        0.02904747612774372,
        -0.037427645176649094,
        -0.04898213595151901,
        0.010743547230958939,
        -0.05418615788221359,
        -0.020982541143894196,
        -0.04487977176904678,
        0.02433500997722149,
        -0.06452043354511261,
        -0.008430881425738335,
        -0.0029000132344663143,
        0.011157686822116375,
        0.041320353746414185,
        0.03361162915825844,
        0.015041455626487732,
        0.02502863109111786,
        0.003164072288200259,
        0.012220093980431557,
        0.042195212095975876,
        0.059037793427705765,
        0.06464949250221252,
        -0.24075081944465637,
        0.12036573141813278,
        0.048948343843221664,
        0.01566784456372261,
        -0.027099603787064552,
        -0.01950433850288391,
        -0.001212853123433888,
        0.044840119779109955,
        0.0008975188247859478,
        0.032068878412246704,
        0.04426982253789902,
        0.08014687150716782,
        0.015953542664647102,
        -0.033101886510849,
        -0.00993309821933508,
        -0.020495889708399773,
        -0.027434559538960457,
        0.011039790697395802,
        -0.011105370707809925,
        0.03681130334734917,
        -0.013545297086238861,
        -0.031085923314094543,
        -0.05268285050988197,
        -0.02971664071083069,
        -0.001634966116398573,
        -0.08662273734807968,
        0.020868008956313133,
        0.028356069698929787,
        -0.06619349122047424,
        -0.05971480906009674,
        -0.012303058989346027,
        0.01005395594984293,
        -0.04339950904250145,
        -0.0067140888422727585,
        0.02325892448425293,
        -0.0067008379846811295,
        -0.03456099331378937,
        0.20117737352848053,
        -0.051400549709796906,
        0.04504574090242386,
        0.04574261233210564,
        -0.028836118057370186,
        0.06732181459665298,
        0.021288041025400162,
        -0.013370580039918423,
        -0.04592973366379738,
        0.0038055554032325745,
        0.009716158732771873,
        0.02109968103468418,
        -0.02719016745686531,
        0.048693690448999405,
        -0.07956208288669586,
        0.0628960058093071,
        0.01399217639118433,
        0.02376846969127655,
        0.019578346982598305,
        -0.010582671500742435,
        -0.014430668205022812,
        0.012829490937292576,
        0.029502423480153084,
        0.039747487753629684,
        -0.03571503236889839,
        -0.0005324179073795676,
        -0.10621526837348938,
        0.0367644838988781,
        0.07446824014186859,
        0.025798629969358444,
        -0.003996340557932854,
        0.050614338368177414,
        -0.049045663326978683,
        -0.0023726606741547585,
        -0.04980148747563362,
        0.019297609105706215,
        0.03901353478431702,
        0.01107768900692463,
        -0.03145388141274452,
        0.035417694598436356,
        -0.019729947671294212,
        -0.017276253551244736,
        -0.1539994329214096,
        -0.005457974970340729,
        -0.0998002216219902,
        -0.023613717406988144,
        0.10291958600282669,
        0.02541157975792885,
        0.046280838549137115,
        -0.019507620483636856,
        0.01832844503223896,
        -0.0033982268068939447,
        0.05947113409638405,
        -0.028142154216766357,
        0.008090070448815823,
        -0.007026022300124168,
        0.014487734995782375,
        0.04025183990597725,
        0.03643424063920975,
        -0.02521502412855625,
        0.004722048062831163,
        0.0064050075598061085,
        -0.027048606425523758,
        -0.06515562534332275,
        0.11274808645248413,
        0.02337326481938362,
        -0.049537576735019684,
        0.0038157105445861816,
        0.0045009395107626915,
        0.016756335273385048,
        0.044057153165340424,
        0.0377361997961998,
        0.01575073041021824,
        -0.0787755474448204,
        0.0006400172715075314,
        0.0656236782670021,
        0.03071841411292553,
        -0.018339920789003372,
        0.023740876466035843,
        -0.0293104350566864,
        0.031912606209516525,
        0.036206912249326706,
        -0.023558540269732475,
        -0.06413953006267548,
        0.05655614286661148,
        0.01966283656656742,
        -0.010647132992744446,
        -0.044313687831163406,
        -0.02328994870185852,
        0.021811271086335182,
        0.0376938059926033,
        0.00514333276078105,
        0.05549655854701996,
        0.00043697378714568913,
        -0.015617139637470245,
        -0.01031771581619978,
        0.021438151597976685,
        -0.03282301872968674,
        -0.01725161448121071,
        -0.040801942348480225,
        -0.019216811284422874,
        -0.029767384752631187,
        -0.016610540449619293,
        -0.01391009334474802,
        0.03317159414291382,
        0.05564412102103233,
        0.012838445603847504,
        -0.01543005183339119,
        -0.0242096409201622,
        0.041326314210891724,
        0.0495012104511261,
        -0.03518609330058098,
        0.01374899409711361,
        0.06158346310257912,
        -0.0351756252348423,
        -0.03372962027788162,
        0.06422332674264908,
        -0.0010496836621314287,
        0.029415499418973923,
        0.005401744041591883,
        0.07283475995063782,
        0.04475942254066467,
        -0.09376678615808487,
        -0.037432119250297546,
        -0.23247450590133667,
        0.012728829868137836,
        -0.05080938711762428,
        -0.022564684972167015,
        0.08942867070436478,
        -0.011340275406837463,
        0.01569044031202793,
        -0.0010241151321679354,
        0.0038919984363019466,
        0.02601606212556362,
        0.054911136627197266,
        -0.003248224500566721,
        -0.023198219016194344,
        -0.02043112739920616,
        -0.046537499874830246,
        0.058278974145650864,
        0.029159510508179665,
        0.019945817068219185,
        -0.012105487287044525,
        0.02430611662566662,
        -0.025951117277145386,
        0.043128449469804764,
