{
    "index": 608,
    "page": 95,
    "text": "them well, and meekly, and gently to carry thyself towards them, but yet so that on \nthe other side, it make thee not the more unwilling to die. But as it fareth with them \nthat die an easy quick death, whose soul is soon separated from their bodies, so \nmust thy separation from them be. To these had nature joined and annexed me: now \nshe parts us; I am ready to depart, as from friends and kinsmen, but yet without ei-\nther reluctancy or compulsion. For this also is according to Nature.",
    "embedding_of_chunk": [
        -0.03368305414915085,
        -0.024180669337511063,
        0.036432232707738876,
        -0.013932708650827408,
        0.0002819339861162007,
        0.029197508469223976,
        0.10212928801774979,
        0.01674039475619793,
        0.03306270390748978,
        -0.02124823071062565,
        -0.010952092707157135,
        -0.06769833713769913,
        0.045850057154893875,
        0.014322762377560139,
        0.00714106485247612,
        0.015742331743240356,
        0.002580998931080103,
        0.04079727828502655,
        -0.12194346636533737,
        0.04573871195316315,
        -0.02668909542262554,
        -0.02223922125995159,
        -0.023026874288916588,
        -0.018387842923402786,
        0.029746871441602707,
        0.023918719962239265,
        -0.03902430832386017,
        -0.022432871162891388,
        -0.002841614419594407,
        -0.14280065894126892,
        -0.010641716420650482,
        -0.0374608114361763,
        0.005702852737158537,
        -0.03250788897275925,
        -0.026446696370840073,
        0.025966744869947433,
        -0.005438331514596939,
        0.043671127408742905,
        -0.0032931570895016193,
        0.025356177240610123,
        0.014323996379971504,
        0.03925766423344612,
        -0.019084062427282333,
        -0.01909472979605198,
        -0.013866492547094822,
        -0.026779798790812492,
        -0.007198320236057043,
        -0.009938659146428108,
        0.03415137156844139,
        -0.015572984702885151,
        -0.0058721196837723255,
        -0.022773124277591705,
        0.015373089350759983,
        0.04857407137751579,
        0.052183136343955994,
        0.048588164150714874,
        0.05671047046780586,
        0.031100386753678322,
        0.025215767323970795,
        0.04368927329778671,
        0.05490224435925484,
        0.009296981617808342,
        -0.1856057047843933,
        0.05413846671581268,
        0.05463259294629097,
        0.013192852027714252,
        -0.021291831508278847,
        -0.0202197153121233,
        0.023430339992046356,
        0.060954976826906204,
        -0.05155866965651512,
        0.04912848770618439,
        0.050482310354709625,
        0.055321697145700455,
        -0.01726149395108223,
        0.018280107527971268,
        0.030624551698565483,
        -0.06654800474643707,
        -0.024037696421146393,
        0.015566457062959671,
        0.006267684046179056,
        0.012767046689987183,
        0.008541121147572994,
        0.04407385364174843,
        -0.04687999188899994,
        -0.03046538680791855,
        -0.0022032344713807106,
        -0.10130304843187332,
        0.015584126114845276,
        0.02629358135163784,
        -0.029098397120833397,
        -0.05924762040376663,
        -0.0109336469322443,
        0.012758092023432255,
        -0.011492891237139702,
        -0.0364997461438179,
        0.0555541031062603,
        0.014875729568302631,
        -0.03198297694325447,
        0.19411469995975494,
        -0.0725158080458641,
        0.07608724385499954,
        0.02067468874156475,
        -0.022722681984305382,
        0.00843296479433775,
        -0.017284344881772995,
        -0.02993837743997574,
        -0.04471438750624657,
        -0.00460814917460084,
        -0.0012073637917637825,
        0.07719654589891434,
        -0.025748593732714653,
        0.016720963642001152,
        -0.013202524743974209,
        0.03493233397603035,
        0.003941673319786787,
        0.019145572558045387,
        0.0008129345369525254,
        -0.0001464589440729469,
        0.01818462461233139,
        -0.030035141855478287,
        -0.0038387319073081017,
        0.04943874105811119,
        0.008945942856371403,
        0.05804514139890671,
        -0.07398054748773575,
        0.03144226223230362,
        0.10545093566179276,
        0.031211799010634422,
        0.014511224813759327,
        0.0536712221801281,
        -0.026409324258565903,
        -0.020610444247722626,
        -0.03170538693666458,
        -0.013806748203933239,
        -0.0007278264965862036,
        0.013337812386453152,
        -0.007754764053970575,
        0.0017875683261081576,
        -0.05803069472312927,
        -0.020414190366864204,
        -0.15216673910617828,
        -0.042553264647722244,
        -0.1543634533882141,
        -0.0016262290300801396,
        0.0664161667227745,
        0.01281365193426609,
        0.005400645546615124,
        -0.07302192598581314,
        0.05274990573525429,
        -0.037979427725076675,
        0.015659864991903305,
        -0.052498843520879745,
        -0.03549246862530708,
        0.0023146255407482386,
        0.039138562977313995,
        0.029526706784963608,
        0.06556038558483124,
        -0.021421948447823524,
        0.009958481416106224,
        0.026028333231806755,
        -0.038856104016304016,
        -0.04166048392653465,
        0.15435689687728882,
        0.03612639755010605,
        -0.034964341670274734,
        0.006508152931928635,
        0.014219914563000202,
        0.012579088099300861,
        -0.010311111807823181,
        0.04727599769830704,
        -0.010730343870818615,
        -0.012781337834894657,
        0.050407808274030685,
        0.071845643222332,
        0.0017271531978622079,
        -0.027622945606708527,
        -0.04402301087975502,
        -0.049379654228687286,
        0.00864072423428297,
        0.009948944672942162,
        -0.03814801573753357,
        -0.04894798621535301,
        0.06659489870071411,
        0.008288457058370113,
        -0.025824198499321938,
        -0.021885445341467857,
        -0.08311966061592102,
        0.014430096372961998,
        0.04729548469185829,
        -0.015293722972273827,
        0.05527579039335251,
        -0.011253833770751953,
        0.00014392510638572276,
        -0.04344605654478073,
        0.0020458856597542763,
        -0.0027152877300977707,
        -0.007950344122946262,
        -0.03726739063858986,
        0.02244577184319496,
        -0.014234899543225765,
        0.017980247735977173,
        -0.03852863609790802,
        0.04270868003368378,
        0.01393847819417715,
        -0.003686678595840931,
        0.04545948654413223,
        0.017085876315832138,
        0.057728324085474014,
        0.03545692190527916,
        -0.0035689405631273985,
        0.02454509399831295,
        0.04108460992574692,
        0.004383177030831575,
        -0.055988915264606476,
        0.037076178938150406,
        0.012495295144617558,
        0.006577098276466131,
        0.06691406667232513,
        0.06404127925634384,
        0.042203858494758606,
        -0.09219540655612946,
        -0.05769224464893341,
        -0.22083520889282227,
        0.03482752665877342,
        -0.025625817477703094,
        -0.07677984982728958,
        0.06678418070077896,
        -0.0795440748333931,
        0.016785534098744392,
        -0.024862607941031456,
        0.04461950063705444,
        -0.0008519091061316431,
        0.05813828855752945,
        -0.058149322867393494,
        -0.001558487070724368,
        0.026786422356963158,
        0.01687454618513584,
        0.08184433728456497,
        0.01154468022286892,
        0.04776197299361229,
        -0.03527379408478737,
        -0.003955700900405645,
        -0.01843838579952717,
        0.023206863552331924,
        -0.03995572403073311,
        -0.042751334607601166,
