{
    "index": 318,
    "page": 50,
    "text": "XXIV. if any should put this question unto thee, how this word Antoninus is written, \nwouldst thou not presently fix thine intention upon it, and utter out in order every \nletter of it? And if any shall begin to gainsay thee, and quarrel with thee about it; wilt \nthou quarrel with him again, or rather go on meekly as thou hast begun, until thou \nhast numbered out every letter? Here then likewise remember, that every duty that \nbelongs unto a man doth consist of some certain letters or numbers as it were, to \nwhich without any noise or tumult keeping thyself thou must orderly proceed to thy \nproposed end, forbearing to quarrel with him that would quarrel and fall out with \nthee. \nSIXTH BOOK",
    "embedding_of_chunk": [
        -0.07078090310096741,
        -0.012277282774448395,
        0.015325905755162239,
        -0.03333280608057976,
        -0.0389845035970211,
        0.0029328486416488886,
        0.05037892982363701,
        0.053750764578580856,
        0.011887194588780403,
        -0.04048925265669823,
        -0.023864002898335457,
        -0.051941461861133575,
        0.005510910879820585,
        0.011700875125825405,
        0.010326340794563293,
        -0.006555642932653427,
        -0.005009182728827,
        0.015607696957886219,
        -0.08169478178024292,
        -0.0002769179118331522,
        0.06786488741636276,
        -0.040639109909534454,
        -0.003171346615999937,
        -0.07251735776662827,
        0.007626895792782307,
        0.07006746530532837,
        -0.010588736273348331,
        -0.06112290546298027,
        -0.02022700011730194,
        -0.18923711776733398,
        0.02658175490796566,
        -0.061343736946582794,
        0.06904783844947815,
        -0.02129228785634041,
        -0.015220653265714645,
        -0.04018624126911163,
        -0.04914624243974686,
        0.05509146675467491,
        -0.027565637603402138,
        0.06361842155456543,
        0.022531783208251,
        0.06434918195009232,
        0.02068733610212803,
        -0.046744316816329956,
        0.0037304656580090523,
        -0.00931015145033598,
        0.02034689113497734,
        -0.03475407138466835,
        0.02702937461435795,
        -0.005321974866092205,
        -0.01910245418548584,
        -0.03227647766470909,
        -0.01963861659169197,
        0.0360780768096447,
        0.01610182784497738,
        0.008268390782177448,
        0.06396885961294174,
        0.00828599277883768,
        0.02349831350147724,
        0.04933810606598854,
        0.04999754577875137,
        0.0386657677590847,
        -0.24289096891880035,
        0.08809305727481842,
        0.03596421331167221,
        -0.008472777903079987,
        -0.03422938287258148,
        0.001543721416965127,
        0.0024857905227690935,
        0.09427349269390106,
        -0.02285332977771759,
        0.011985880322754383,
        0.04708870127797127,
        0.059240344911813736,
        0.041302986443042755,
        -0.01403815671801567,
        -0.011867732740938663,
        -0.05899127572774887,
        0.040896784514188766,
        -0.004692251328378916,
        -0.0489359088242054,
        0.020939281210303307,
        0.007550952490419149,
        0.013623951002955437,
        -0.046167027205228806,
        -0.045527152717113495,
        0.030403099954128265,
        -0.06897825002670288,
        0.0804443210363388,
        0.029302436858415604,
        0.001104088150896132,
        0.01018139161169529,
        -0.015692900866270065,
        0.031099950894713402,
        -0.061128053814172745,
        -0.0058482130989432335,
        0.008472703397274017,
        -0.009755337610840797,
        -0.06723063439130783,
        0.19200588762760162,
        -0.002435497473925352,
        0.02999231591820717,
        -0.004539773799479008,
        -0.03046191670000553,
        0.04535803943872452,
        -0.02087201550602913,
        -0.021856965497136116,
        -0.056805502623319626,
        -0.0450073778629303,
        -0.03720840439200401,
        0.04386219382286072,
        -0.048843804746866226,
        0.05042196810245514,
        -0.08019537478685379,
        0.06634628027677536,
        0.03872546926140785,
        0.06921320408582687,
        0.013719161041080952,
        -0.04732997715473175,
        0.01288581546396017,
        0.016765037551522255,
        0.00795928854495287,
        -0.00040397056727670133,
        0.009885743260383606,
        0.03386895731091499,
        -0.0894523337483406,
        0.048304565250873566,
        0.11090350151062012,
        0.0029857244808226824,
        -0.027698025107383728,
        0.015005920082330704,
        -0.021250400692224503,
        -0.018363455310463905,
        -0.03527022898197174,
        0.01931452937424183,
        0.059320107102394104,
        0.01601383090019226,
        -0.014471249654889107,
        0.021165264770388603,
        -0.05263303965330124,
        -0.05316859483718872,
        -0.15344326198101044,
        -0.02494223043322563,
        -0.07795539498329163,
        0.01928078942000866,
        0.09721914678812027,
        -0.033224817365407944,
        0.021535931155085564,
        -0.026883423328399658,
        0.0449831448495388,
        0.0007872177520766854,
        0.009916967712342739,
        -0.019720409065485,
        -0.02118496783077717,
        -0.006448111031204462,
        0.06464309990406036,
        0.028921835124492645,
        0.06847955286502838,
        -0.06291229277849197,
        -0.0160271804779768,
        0.007495774421840906,
        -0.03042074851691723,
        -0.06451423466205597,
        0.13529250025749207,
        0.023353593423962593,
        -0.019097326323390007,
        -0.027722354978322983,
        0.007655820343643427,
        0.012631704099476337,
        -0.025187619030475616,
        0.03215968608856201,
        0.02922695130109787,
        -0.054915569722652435,
        0.07082068920135498,
        0.07058236747980118,
        0.024027440696954727,
        0.0027012175414711237,
        0.010746307671070099,
        0.012221184559166431,
        0.03278781473636627,
        0.05459287390112877,
        -0.015854571014642715,
        -0.029330000281333923,
        0.06556183844804764,
        -0.010495422407984734,
        -0.004914772231131792,
        0.016549885272979736,
        -0.014688459224998951,
        0.041845548897981644,
        0.03746103122830391,
        0.0015350928297266364,
        0.07917658984661102,
        -0.03528985381126404,
        -0.03901738300919533,
        -0.03211972489953041,
        0.0028293724171817303,
        -0.03756484389305115,
        0.023128731176257133,
        -0.023078620433807373,
        -0.0016186307184398174,
        0.0024992015678435564,
        0.014340157620608807,
        -0.028369467705488205,
        0.019051244482398033,
        0.03170957788825035,
        0.025078704580664635,
        -0.01042904146015644,
        -0.005928463768213987,
        0.048650261014699936,
        0.020097296684980392,
        -0.05547884479165077,
        0.010261652991175652,
        0.05463462322950363,
        -0.018930505961179733,
        -0.03550795465707779,
        0.04096272587776184,
        -0.010078483261168003,
        0.006504030432552099,
        0.016231633722782135,
        0.021580137312412262,
        0.007729917764663696,
        -0.1175326257944107,
        -0.00964165199548006,
        -0.2360912412405014,
        -0.0009121616603806615,
        0.00818632822483778,
        -0.05034366250038147,
        0.06073518469929695,
        -0.061394236981868744,
        0.041137371212244034,
        0.0014410949079319835,
        0.04394066706299782,
        0.029003391042351723,
        0.06261959671974182,
        -0.05251998454332352,
        -0.02539258822798729,
        0.030783826485276222,
        -0.014902066439390182,
        0.06494465470314026,
        -0.017700210213661194,
