{
    "index": 320,
    "page": 51,
    "text": "XXVII. If in this kind of life thy body be able to hold out, it is a shame that thy soul \nshould faint first, and give over. take heed, lest of a philosopher thou become a mere \nCaesar in time, and receive a new tincture from the court. For it may happen if thou \ndost not take heed. Keep thyself therefore, truly simple, good, sincere, grave, free \nfrom all ostentation, a lover of that which is just, religious, kind, tender-hearted, \nstrong and vigorous to undergo anything that becomes thee. Endeavour to continue \nsuch, as philosophy (hadst thou wholly and constantly applied thyself unto it) would \nhave made, and secured thee. Worship the Gods, procure the welfare of men, this life \nis short. Charitable actions, and a holy disposition, is the only fruit of this earthly \nlife.",
    "embedding_of_chunk": [
        -0.03292758762836456,
        0.04387201741337776,
        0.012014503590762615,
        -0.012765671126544476,
        -0.02457403764128685,
        0.006858969572931528,
        0.09496182948350906,
        0.03753703460097313,
        0.019464869052171707,
        -0.013099725358188152,
        -0.006155573297291994,
        -0.09628376364707947,
        0.02931138500571251,
        0.03849286213517189,
        0.02172001823782921,
        0.022533630952239037,
        0.009225405752658844,
        0.05113083869218826,
        -0.07879806309938431,
        0.024926671758294106,
        0.03306025266647339,
        -0.032603997737169266,
        -0.04348931834101677,
        -0.03769587725400925,
        0.006514697335660458,
        0.008636205457150936,
        -0.005077790468931198,
        -0.059621818363666534,
        -0.01688576675951481,
        -0.11117848008871078,
        -0.0038390005938708782,
        -0.03067972883582115,
        0.006431486923247576,
        -0.019758081063628197,
        -0.01786641590297222,
        -0.0368163175880909,
        -0.027570296078920364,
        0.03575834259390831,
        -0.026645325124263763,
        0.06528778374195099,
        0.024561483412981033,
        0.05488201603293419,
        -0.011776248924434185,
        -0.02185230143368244,
        -0.024541664868593216,
        -0.043919481337070465,
        -0.04325731843709946,
        -0.0045202854089438915,
        0.030079832300543785,
        -0.011049117892980576,
        -0.051391080021858215,
        -0.009876870550215244,
        0.01636168174445629,
        0.02403213642537594,
        0.011564024724066257,
        0.02283300831913948,
        0.06231386587023735,
        0.019008928909897804,
        0.034487683326005936,
        0.01052700262516737,
        0.03907365724444389,
        0.029826877638697624,
        -0.20146991312503815,
        0.06492795795202255,
        0.03917350992560387,
        -0.007860583253204823,
        -0.024504657834768295,
        -0.036530137062072754,
        0.021572183817625046,
        0.036580294370651245,
        -0.01982107199728489,
        0.03841875493526459,
        0.02380547858774662,
        0.06421364098787308,
        0.009532882831990719,
        -0.03138742968440056,
        0.033162008970975876,
        -0.06329018622636795,
        0.014400661922991276,
        0.02201373130083084,
        0.0037282321136444807,
        0.016299840062856674,
        0.0007363712647929788,
        -0.030770042911171913,
        -0.07345951348543167,
        -0.032318975776433945,
        0.008032985031604767,
        -0.0843406394124031,
        0.0636230856180191,
        0.0005332874716259539,
        -0.031208671629428864,
        -0.034875549376010895,
        -0.013148068450391293,
        0.025347286835312843,
        -0.03698755428195,
        -0.044516537338495255,
        0.04991172254085541,
        -0.014699979685246944,
        -0.06908876448869705,
        0.20084762573242188,
        -0.01720242202281952,
        0.05400050804018974,
        0.03664867952466011,
        -0.006041869055479765,
        0.04505932703614235,
        0.009855400770902634,
        -0.02979368530213833,
        -0.04463382065296173,
        -0.027737298980355263,
        -0.009161334484815598,
        0.02455439604818821,
        -0.030862078070640564,
        0.04942627623677254,
        -0.05069122463464737,
        0.035059407353401184,
        0.03993508964776993,
        0.03476046025753021,
        0.02178872749209404,
        -0.06473451107740402,
        -0.006492513231933117,
        0.00581549433991313,
        0.032265208661556244,
        0.08967836201190948,
        -0.02203327603638172,
        -0.013493376784026623,
        -0.09541543573141098,
        0.06099680811166763,
        0.12345793843269348,
        -0.009297839365899563,
        0.02802678570151329,
        0.0313153974711895,
        -0.010785450227558613,
        -0.03024505265057087,
        -0.044084057211875916,
        0.006916150916367769,
        0.024712106212973595,
        0.004980621859431267,
        -0.022166801616549492,
        0.022335542365908623,
        -0.08108332008123398,
        -0.014638900756835938,
        -0.17478974163532257,
        -0.047381721436977386,
        -0.1232171505689621,
        -0.01422218419611454,
        0.06257100403308868,
        0.03579439967870712,
        0.0027949160430580378,
        -0.02032468095421791,
        0.0010662766871973872,
        -0.026087330654263496,
        0.04370252788066864,
        -0.0423627644777298,
        -0.0026773978024721146,
        0.00857626460492611,
        0.011585387401282787,
        0.03583301231265068,
        0.06442604959011078,
        -0.04914022237062454,
        0.002039732877165079,
        0.006694876588881016,
        -0.02372581698000431,
        -0.06821677088737488,
        0.1495879888534546,
        0.025149818509817123,
        -0.010480993427336216,
        -0.010305063799023628,
        -0.0004986496060155332,
        -0.0009147580130957067,
        0.007509174291044474,
        0.06157035380601883,
        -0.0028539730701595545,
        -0.04899022355675697,
        0.03299138322472572,
        0.10658345371484756,
        0.009520363062620163,
        -0.034385234117507935,
        -0.027852514758706093,
        0.021374261006712914,
        0.00864553451538086,
        0.04579354450106621,
        -0.026035351678729057,
        -0.07290466129779816,
        0.06241345778107643,
        0.00599058298394084,
        -0.009249355643987656,
        -0.022224046289920807,
        -0.04457548260688782,
        0.05660872161388397,
        0.051485877484083176,
        -0.02003829926252365,
        0.04973681643605232,
        -0.061121150851249695,
        -0.01587117463350296,
        -0.05600772053003311,
        -0.019777320325374603,
        -0.04531261324882507,
        -0.014012782834470272,
        0.006002633832395077,
        0.0066434587351977825,
        -0.008243415504693985,
        -0.022309517487883568,
        -0.031741924583911896,
        0.02539699710905552,
        0.05227351933717728,
        -0.007559145800769329,
        0.02547139674425125,
        0.0040836152620613575,
        0.09821975976228714,
        0.02085426263511181,
        -0.03816746175289154,
        0.03452511131763458,
        0.06187615171074867,
        0.006017161067575216,
        -0.004504276439547539,
        0.04166066274046898,
        0.036882903426885605,
        0.015613737516105175,
        0.04924213886260986,
        0.04541371390223503,
        0.05927184224128723,
        -0.1069517433643341,
        -0.06429437547922134,
        -0.23212243616580963,
        0.016533248126506805,
        -0.034209150820970535,
        -0.05051364377140999,
        0.07434289157390594,
        -0.03614106401801109,
        0.004163084086030722,
        -0.022248616442084312,
        0.03698096051812172,
        -0.023731550201773643,
        0.061691511422395706,
        -0.023402836173772812,
        -0.025508614256978035,
        0.011816226877272129,
