{
    "index": 644,
    "page": 100,
    "text": "grievous in themselves, than those very things which we are so grieved or angry for. \nNinthly, that meekness is a thing unconquerable, if it be true and natural, and not \naffected or hypocritical. For how shall even the most fierce and malicious that thou \nshalt conceive, be able to hold on against thee, if thou shalt still continue meek and \nloving unto him; and that even at that time, when he is about to do thee wrong, thou \nshalt be well disposed, and in good temper, with all meekness to teach him, and to \ninstruct him better? As for example; My son, we were not born for this, to hurt and \nannoy one another; it will be thy hurt not mine, my son: and so to show him forcibly \nand fully, that it is so in very deed: and that neither bees do it one to another, nor",
    "embedding_of_chunk": [
        -0.0009289288427680731,
        -0.01166516449302435,
        -0.00847270805388689,
        -0.04993763193488121,
        -0.014405871741473675,
        -0.0034903818741440773,
        0.08310728520154953,
        0.0363779291510582,
        0.0009667302365414798,
        -0.029543554410338402,
        -0.014114359393715858,
        -0.08540327101945877,
        0.030272481963038445,
        0.026298068463802338,
        -0.030395321547985077,
        0.0019058595644310117,
        0.006301330868154764,
        0.06747104227542877,
        -0.11698275059461594,
        0.038518358021974564,
        0.04840058088302612,
        -0.006420409306883812,
        -0.005325658712536097,
        -0.047875531017780304,
        0.030653659254312515,
        0.011582818813621998,
        -0.026390060782432556,
        -0.01810612343251705,
        -0.024947643280029297,
        -0.17936937510967255,
        0.007411564700305462,
        -0.041765108704566956,
        0.07619192451238632,
        0.005870155990123749,
        0.0024454044178128242,
        0.0040234108455479145,
        -0.017913345247507095,
        0.04667757824063301,
        -0.029466260224580765,
        0.07059548050165176,
        0.026893848553299904,
        0.025487802922725677,
        -0.04545577988028526,
        -0.05255623906850815,
        -0.018549295142292976,
        -0.029501041397452354,
        0.026331555098295212,
        -0.01673196069896221,
        0.0558520071208477,
        -0.024781163781881332,
        -0.015369712375104427,
        -0.01445867121219635,
        0.024772200733423233,
        0.04094261676073074,
        0.0007213007193058729,
        -0.018310315907001495,
        0.06423168629407883,
        0.02350136823952198,
        0.03693649172782898,
        -0.0018552175024524331,
        0.04039208963513374,
        -0.003824102459475398,
        -0.18229420483112335,
        0.09615970402956009,
        0.06018144637346268,
        0.02195584401488304,
        -0.04613414406776428,
        -0.010574707761406898,
        0.042936746031045914,
        0.0838443860411644,
        -0.004896675702184439,
        0.015351636335253716,
        0.05756339803338051,
        0.08079398423433304,
        0.030918212607502937,
        -0.018039783462882042,
        -0.019716966897249222,
        -0.0632561668753624,
        -0.00013032839342486113,
        0.016648557037115097,
        0.007895893417298794,
        -0.02781221829354763,
        -0.04892703890800476,
        -0.023866470903158188,
        -0.021700037643313408,
        -0.078476682305336,
        0.004977220203727484,
        -0.12048735469579697,
        0.03759060427546501,
        -0.016658592969179153,
        -0.005574886687099934,
        -0.03456762060523033,
        -0.01330249011516571,
        0.02317674085497856,
        -0.07207761704921722,
        0.01002529077231884,
        0.024795260280370712,
        -0.0017530358163639903,
        -0.06350359320640564,
        0.21294894814491272,
        -0.036478836089372635,
        0.008705200627446175,
        -0.001097760396078229,
        -0.027963699772953987,
        0.0657474622130394,
        -0.007237804587930441,
        -0.009327305480837822,
        -0.07932008057832718,
        -0.03333205729722977,
        0.013380128890275955,
        0.0011572937946766615,
        -0.032338619232177734,
        0.05598881468176842,
        -0.048432011157274246,
        0.07873661816120148,
        0.004415900446474552,
        0.05189432203769684,
        -0.04306039959192276,
        -0.02959858812391758,
        -0.0021563360933214426,
        -0.003923100885003805,
        0.030933910980820656,
        0.05275693163275719,
        -0.04245322197675705,
        0.03636835142970085,
        -0.09313932806253433,
        0.0025239994283765554,
        0.108399897813797,
        0.027868961915373802,
        -0.026971371844410896,
        0.007172713987529278,
        -0.07446575909852982,
        -0.040254898369312286,
        -0.004147474188357592,
        0.015526914969086647,
        0.034548040479421616,
        -0.005661592818796635,
        -0.041294895112514496,
        0.030422434210777283,
        -0.027005542069673538,
        -0.032764483243227005,
        -0.16590866446495056,
        -0.060515545308589935,
        -0.08563932776451111,
        0.008994974195957184,
        0.06027688458561897,
        0.012410899624228477,
        0.025556230917572975,
        -0.006897393148392439,
        0.03961189091205597,
        -0.04616955295205116,
        0.018175046890974045,
        -0.028907224535942078,
        -0.0520753413438797,
        0.014704855158925056,
        0.03664645180106163,
        0.002065346809104085,
        0.06411650776863098,
        -0.03669031336903572,
        0.03624092787504196,
        0.04648107290267944,
        -0.0122098159044981,
        -0.01863703317940235,
        0.1113983765244484,
        0.02468521147966385,
        -0.016820359975099564,
        0.0071693542413413525,
        0.011311599984765053,
        0.012631683610379696,
        0.012153010815382004,
        0.06490882486104965,
        0.027185684069991112,
        -0.048816077411174774,
        0.023212803527712822,
        0.05461765080690384,
        0.00833231583237648,
        -0.04085852950811386,
        0.0010600383393466473,
        0.016256850212812424,
        0.046850189566612244,
        0.03809533268213272,
        -0.07482658326625824,
        -0.05518893525004387,
        0.03233051300048828,
        0.028083723038434982,
        -0.030948784202337265,
        0.0036571468226611614,
        -0.04729842022061348,
        0.04502982646226883,
        0.049368929117918015,
        -0.022215062752366066,
        0.03853747621178627,
        -0.0304140355437994,
        -0.02597709745168686,
        -0.05453414097428322,
        -0.010889540426433086,
        -0.00816703774034977,
        0.002790116937831044,
        -0.02542201615869999,
        0.0033800906967371702,
        -0.04337092861533165,
        -0.012631903402507305,
        -0.02513749711215496,
        0.003622670192271471,
        0.016376912593841553,
        0.012548018246889114,
        0.037528809159994125,
        -0.030704379081726074,
        0.03453948348760605,
        0.0015955273993313313,
        -0.050315890461206436,
        0.03847384452819824,
        0.0382380485534668,
        0.013977263122797012,
        -0.029370900243520737,
        0.04712856933474541,
        -0.014036882668733597,
        0.044811781495809555,
        -0.015900056809186935,
        0.055450331419706345,
        0.003716000821441412,
        -0.09474972635507584,
        -0.06333699077367783,
        -0.2151300609111786,
        -0.0008244651253335178,
        0.006233314983546734,
        -0.02100544236600399,
        0.08008279651403427,
        -0.050959426909685135,
        0.018689606338739395,
        -0.007900797761976719,
        0.04488030821084976,
        0.010320938192307949,
        0.08355659246444702,
        -0.0160825252532959,
        -0.0676039382815361,
        0.04095339775085449,
