{
    "index": 724,
    "page": 113,
    "text": "Marcus Aurelius seems to have been about eighteen years of age when the corre-\nspondence begins, Fronto being some thirty years older.\n\n63 The systematic education \n\nof the young prince seems to have been finisht, and Pronto now acts more as his ad-\nviser than his tutor. He recommends the prince to use simplicity in his public \nspeeches, and to avoid affectation.\n\n64 Marcus devotes his attention to the old authors \n\nwho then had a great vogue at Rome: Ennius, Plautus, Nævius, and such orators as \n\n                                            \n58 [Ibid.] iii. 21. \n\n59 [Ibid.] ii. 2. \n\n60 The writer sometimes uses archaisms such as quom, which I render ‘whenas.’ \n\n61 [Ibid.] ii. 2. \n\n62 The writer parodies the proclamation at the Greek games; the words also are Greek.",
    "embedding_of_chunk": [
        -0.03059595637023449,
        0.051299069076776505,
        0.04695061966776848,
        -0.036124374717473984,
        -0.016127830371260643,
        0.0020283025223761797,
        0.00656423345208168,
        0.07049713283777237,
        -0.034886617213487625,
        -0.03966522589325905,
        0.026246730238199234,
        -0.05549505352973938,
        0.022104013711214066,
        0.04820268973708153,
        -0.022022170946002007,
        -0.01684018038213253,
        -0.0064439307898283005,
        0.033239398151636124,
        -0.056212589144706726,
        0.012093393132090569,
        0.058315277099609375,
        -0.009122972376644611,
        -0.009251376613974571,
        -0.09442521631717682,
        0.02520867809653282,
        0.08918782323598862,
        -0.01322474330663681,
        -0.06301876902580261,
        0.006445665843784809,
        -0.15762481093406677,
        0.02509891614317894,
        -0.059239134192466736,
        0.07300685346126556,
        -0.04732450097799301,
        -0.019406886771321297,
        -0.022162117063999176,
        -0.047230519354343414,
        0.03895045071840286,
        -0.032572560012340546,
        0.05272786691784859,
        0.02088954672217369,
        0.04377683997154236,
        -0.020275017246603966,
        -0.015817759558558464,
        -0.013314172625541687,
        -0.003444638568907976,
        -0.0033458732068538666,
        -0.06123248115181923,
        0.029973158612847328,
        -0.007970263250172138,
        -0.0025343396700918674,
        0.01110905036330223,
        0.019087260589003563,
        0.03192448243498802,
        0.015634238719940186,
        0.02568015083670616,
        0.07793493568897247,
        0.048626258969306946,
        0.01190649252384901,
        0.056779783219099045,
        0.0037823347374796867,
        0.027791330590844154,
        -0.27184030413627625,
        0.08646923303604126,
        0.00467251380905509,
        0.015130548737943172,
        -0.02557533234357834,
        -0.0346706248819828,
        -0.023507647216320038,
        0.0657629743218422,
        -0.019676120951771736,
        0.015147123485803604,
        0.043068304657936096,
        0.06767302006483078,
        0.008190685883164406,
        -0.01671420782804489,
        -0.050052423030138016,
        -0.0587901771068573,
        0.03294108435511589,
        -0.004691454116255045,
        0.0038306587375700474,
        0.011377217248082161,
        -0.02050393633544445,
        -0.0035419100895524025,
        -0.03291388973593712,
        -0.01269245520234108,
        0.01468727272003889,
        -0.05225599184632301,
        0.03915050998330116,
        -0.0005610796506516635,
        -0.006411177106201649,
        -0.021029088646173477,
        -0.04302450269460678,
        0.025473281741142273,
        -0.01941658928990364,
        -0.027023326605558395,
        0.03393286094069481,
        0.02621683105826378,
        -0.07136547565460205,
        0.1976212114095688,
        -0.05513777583837509,
        0.060038741677999496,
        0.06033892557024956,
        0.01110159046947956,
        0.04384654015302658,
        -0.047741953283548355,
        -0.00013722422590944916,
        -0.029398702085018158,
        -0.004294551908969879,
        -0.00437543448060751,
        -0.020726967602968216,
        -0.050987787544727325,
        0.03309756517410278,
        -0.03428903594613075,
        0.021624382585287094,
        -0.006100257392972708,
        0.07394937425851822,
        0.009584412910044193,
        -0.020466091111302376,
        -0.005716059822589159,
        0.03166034445166588,
        -0.009223132394254208,
        0.022099420428276062,
        -0.01189197227358818,
        0.05135081708431244,
        -0.08032478392124176,
        0.07394583523273468,
        0.04348507523536682,
        -0.01063062995672226,
        0.023142622783780098,
        0.014751177281141281,
        -0.015475484542548656,
        -0.05455873906612396,
        0.007777945604175329,
        0.02032298780977726,
        -0.015077559277415276,
        -0.0013260288396850228,
        -0.01867728866636753,
        0.0374612882733345,
        -0.010416258126497269,
        -0.05624235421419144,
        -0.11633744835853577,
        -0.014697376638650894,
        -0.06391719728708267,
        -0.00973731279373169,
        0.0913165733218193,
        -0.01212364248931408,
        0.043293364346027374,
        -0.0022431076504290104,
        0.07427879422903061,
        0.0042126900516450405,
        0.03466016799211502,
        -0.01309132855385542,
        0.015496543608605862,
        0.023291058838367462,
        -0.0024160067550837994,
        0.017407897859811783,
        0.048686832189559937,
        -0.05037457495927811,
        -0.02075893059372902,
        -0.0023593688383698463,
        -0.048250969499349594,
        -0.03335962072014809,
        0.08945418894290924,
        0.023520641028881073,
        -0.06079203262925148,
        0.030109545215964317,
        0.006842201575636864,
        0.006521566305309534,
        0.0005896186921745539,
        0.05453387275338173,
        0.012981204316020012,
        -0.03402104601264,
        0.058212414383888245,
        0.09197156876325607,
        0.02548338659107685,
        -0.030218441039323807,
        -0.04046591743826866,
        0.006860778667032719,
        0.053546417504549026,
        0.08425147831439972,
        -0.02689734287559986,
        -0.04675651714205742,
        0.043207548558712006,
        -0.006649556569755077,
        -0.0308296550065279,
        0.0013084840029478073,
        -0.03341202437877655,
        0.06038819998502731,
        0.05276660621166229,
        0.04201729968190193,
        0.08578605949878693,
        -0.07391087710857391,
        -0.03894747048616409,
        -0.05134529247879982,
        0.022970417514443398,
        -0.005449272692203522,
        -0.021770065650343895,
        -0.03133741393685341,
        -0.02846023067831993,
        -0.060145650058984756,
        -0.0047981347888708115,
        -0.06450524181127548,
        0.01927792653441429,
        0.02895282581448555,
        0.017747504636645317,
        -0.033266905695199966,
        -0.0019269258482381701,
        0.10087559372186661,
        0.01566559635102749,
        -0.06295611709356308,
        0.010258050635457039,
        0.0580173097550869,
        -0.003381868824362755,
        -0.022762537002563477,
        0.04156019166111946,
        -0.04257122427225113,
        0.027286764234304428,
        0.010828426107764244,
        0.02628173492848873,
        0.02587347850203514,
        -0.0367170013487339,
        -0.06120810657739639,
        -0.22642312943935394,
        0.01857117936015129,
        0.008167422376573086,
        -0.0559757761657238,
        0.04308668524026871,
        -0.049586690962314606,
        0.0494304858148098,
        -0.009212509728968143,
        0.07063855230808258,
        -0.01747570000588894,
        0.0228432547301054,
        -0.038988832384347916,
        -0.0029118068050593138,
        0.03718571364879608,
