{
    "index": 495,
    "page": 78,
    "text": "erful and penetrative recipe against the fear of death, nothing can make they more \nwilling to part with thy life, than if thou shalt consider, both what the subjects them-\nselves are that thou shalt part with, and what manner of disposition thou shalt no \nmore have to do with. True it is, that. offended with them thou must not be by no \nmeans, but take care of them, and meekly bear with them However, this thou mayst \nremember, that whensoever it happens that thou depart, it shall not be from men \nthat held the same opinions that thou dost. For that indeed, (if it were so) is the only \nthing that might make thee averse from death, and willing to continue here, if it were \nthy hap to live with men that had obtained the same belief that thou hast. But now,",
    "embedding_of_chunk": [
        -0.019685544073581696,
        0.038682855665683746,
        -0.012162314727902412,
        -0.02679559960961342,
        0.02221166156232357,
        0.04210761561989784,
        0.11053934693336487,
        0.06687463074922562,
        0.0036645024083554745,
        -0.047816839069128036,
        -0.011848035268485546,
        -0.059105753898620605,
        0.037850089371204376,
        -0.008507677353918552,
        0.007867327891290188,
        0.04964582622051239,
        -0.02965526655316353,
        0.07061584293842316,
        -0.0902991071343422,
        0.04913237318396568,
        0.008922991342842579,
        -0.03368337079882622,
        -0.0023226558696478605,
        -0.07419687509536743,
        0.05555533990263939,
        0.03909960016608238,
        -0.02199837565422058,
        -0.012634198181331158,
        -0.016083326190710068,
        -0.15576191246509552,
        0.021477263420820236,
        -0.04535501077771187,
        0.02222653664648533,
        -0.04991435259580612,
        -0.02158971130847931,
        0.018197091296315193,
        -0.014846228994429111,
        0.020024005323648453,
        -0.01934877596795559,
        0.041902732104063034,
        0.023023290559649467,
        0.06006398797035217,
        -0.012093855999410152,
        -0.05405937880277634,
        -0.012739907018840313,
        -0.015098027884960175,
        -0.04605438560247421,
        -0.0292852483689785,
        0.022070642560720444,
        -0.05765737593173981,
        -0.02831321395933628,
        -0.027774492278695107,
        0.015310616232454777,
        -0.015994776040315628,
        0.006349790841341019,
        0.021870939061045647,
        0.03230826556682587,
        -0.005361723247915506,
        0.01054310891777277,
        0.03631901368498802,
        0.025796163827180862,
        -0.005988577846437693,
        -0.20196159183979034,
        0.0796327292919159,
        0.0491320826113224,
        -0.005967146251350641,
        -0.033882901072502136,
        -0.002124778926372528,
        0.003032482462003827,
        0.06947574019432068,
        -0.07721743732690811,
        0.04086284711956978,
        0.05310700833797455,
        0.080303855240345,
        0.008741204626858234,
        -0.011073150672018528,
        0.025697961449623108,
        -0.07026000320911407,
        -0.035212188959121704,
        0.04903833195567131,
        -0.01672963798046112,
        0.05261465907096863,
        0.019127050414681435,
        0.010588004253804684,
        -0.05582605302333832,
        -0.06757314503192902,
        -0.00622582109645009,
        -0.08844082802534103,
        0.04565238580107689,
        0.03008883260190487,
        -0.026911728084087372,
        -0.04409395530819893,
        -0.015263893641531467,
        0.006991084665060043,
        -0.04751373827457428,
        -0.02296735905110836,
        0.04241195693612099,
        0.012985988520085812,
        -0.037185922265052795,
        0.21747368574142456,
        -0.04915807023644447,
        0.037789616733789444,
        0.016360027715563774,
        -0.022153355181217194,
        0.022688984870910645,
        -0.008633032441139221,
        -0.03261671960353851,
        -0.022132808342576027,
        0.007836783304810524,
        -0.001415256061591208,
        -0.010145312175154686,
        -0.022669902071356773,
        0.019610604271292686,
        -0.046471402049064636,
        0.03422961011528969,
        0.030832909047603607,
        0.04079153388738632,
        0.007757812272757292,
        0.009695406071841717,
        -0.017479097470641136,
        0.0016129338182508945,
        0.008748458698391914,
        0.0608525387942791,
        -0.010206108912825584,
        0.0019248026655986905,
        -0.08296679705381393,
        0.05537668988108635,
        0.10893401503562927,
        0.03654540330171585,
        -0.002409635577350855,
        0.018563823774456978,
        -0.04488975554704666,
        -0.007841699756681919,
        -0.03735550865530968,
        0.006929492577910423,
        0.04627088084816933,
        0.034717217087745667,
        -0.014757058583199978,
        0.05518589913845062,
        -0.06031324341893196,
        -0.028099877759814262,
        -0.14191322028636932,
        -0.05262080952525139,
        -0.13399767875671387,
        0.005150130484253168,
        0.07610617578029633,
        0.039901092648506165,
        0.016460871323943138,
        -0.038185637444257736,
        0.03455658257007599,
        -0.03930287063121796,
        0.026231152936816216,
        -0.0757812038064003,
        -0.03458791226148605,
        -0.026261596009135246,
        0.0401143804192543,
        0.01453693863004446,
        0.058497365564107895,
        -0.02949216216802597,
        0.014639424160122871,
        0.010093165561556816,
        -0.05642243102192879,
        -0.03449302911758423,
        0.1240430474281311,
        0.02408963441848755,
        -0.007588127162307501,
        -0.018174367025494576,
        0.012816463597118855,
        0.030626697465777397,
        -0.010441705584526062,
        0.06872597336769104,
        0.0021618222817778587,
        -0.033698394894599915,
        0.06307848542928696,
        0.0628013089299202,
        0.05045831575989723,
        -0.04160398989915848,
        -0.017491452395915985,
        0.012824018485844135,
        0.03214495629072189,
        0.02526937983930111,
        -0.05666808784008026,
        -0.028292039409279823,
        0.061536017805337906,
        0.005767641589045525,
        -0.030787881463766098,
        -0.0035567667800933123,
        -0.07107255607843399,
        0.03575512394309044,
        0.07270731776952744,
        -0.018551001325249672,
        0.04275002330541611,
        -0.02445838786661625,
        -0.03894923999905586,
        -0.061027608811855316,
        -0.03479105606675148,
        -0.03915290907025337,
        0.020050667226314545,
        -0.014383773319423199,
        -0.015666279941797256,
        -0.02340739220380783,
        -0.016667479649186134,
        -0.04663333296775818,
        0.00880990456789732,
        0.027666667476296425,
        0.009190568700432777,
        0.024434303864836693,
        -0.012757979333400726,
        0.05480896681547165,
        0.015294878743588924,
        -0.03950579836964607,
        0.01797265000641346,
        0.0231094341725111,
        0.006680482067167759,
        -0.0025926020462065935,
        0.0367925651371479,
        0.02999935671687126,
        0.034228306263685226,
        0.0571770966053009,
        0.02878756821155548,
        0.03458169475197792,
        -0.06878505647182465,
        -0.04165609925985336,
        -0.2371414452791214,
        0.007952741347253323,
        -0.016482751816511154,
        -0.07792630791664124,
        0.08962999284267426,
        -0.09172822535037994,
        0.021264543756842613,
        -0.031022462993860245,
        0.008740704506635666,
        0.06442639976739883,
        0.046708788722753525,
        -0.04543576389551163,
        -0.01147762406617403,
        0.039317596703767776,
        -0.005537940189242363,
