{
    "index": 95,
    "page": 16,
    "text": "intention, that a man could say of him, that he did sweat about it: but contrariwise, \nall things distinctly, as at leisure; without trouble; orderly, soundly, and agreeably. A \nman might have applied that to him, which is recorded of Socrates, that he knew \nhow to want, and to enjoy those things, in the want whereof, most men show them-\nselves weak; and in the fruition, intemperate: but to hold out firm and constant, and \nto keep within the compass of true moderation and sobriety in either estate, is proper \nto a man, who hath a perfect and invincible soul; such as he showed himself in the \nsickness of Maximus.",
    "embedding_of_chunk": [
        -0.015928536653518677,
        0.05232658609747887,
        0.05074356123805046,
        -0.02984999120235443,
        -0.05343770980834961,
        -0.014802012592554092,
        0.12531523406505585,
        0.029540622606873512,
        -0.02102060802280903,
        -0.0561051107943058,
        -0.003039541421458125,
        -0.07262768596410751,
        0.023792976513504982,
        0.04159482941031456,
        0.03746547922492027,
        0.01631678082048893,
        0.012937668710947037,
        0.04766726493835449,
        -0.10149828344583511,
        0.05820683389902115,
        0.07557665556669235,
        -0.00820841547101736,
        -0.026623519137501717,
        -0.02844899892807007,
        -0.007901244796812534,
        0.029133407399058342,
        -0.010203546844422817,
        -0.022113744169473648,
        -0.013871957547962666,
        -0.12821169197559357,
        0.032621078193187714,
        -0.038657575845718384,
        0.07361635565757751,
        -0.05071325600147247,
        -0.018811507150530815,
        -0.03879323601722717,
        -0.06718569248914719,
        0.044668667018413544,
        -0.0551627017557621,
        0.05819801241159439,
        0.050995487719774246,
        0.028951391577720642,
        -0.013914618641138077,
        0.012424646876752377,
        -0.0479777529835701,
        -0.03791423887014389,
        -0.004149602726101875,
        -0.027653351426124573,
        0.04740738868713379,
        -0.02294299751520157,
        0.0022879443131387234,
        -0.013999711722135544,
        0.022645583376288414,
        0.011679776944220066,
        0.041477758437395096,
        0.037421517074108124,
        0.0706714540719986,
        0.05961142107844353,
        0.042372122406959534,
        0.02591596730053425,
        0.029444506391882896,
        0.04988287761807442,
        -0.22577357292175293,
        0.04099923372268677,
        0.03834960237145424,
        0.014165635220706463,
        -0.08713969588279724,
        -0.03002285398542881,
        0.02042199857532978,
        0.06005750969052315,
        -0.012942323461174965,
        0.03181527182459831,
        0.06634555757045746,
        0.06418251246213913,
        -0.015298023819923401,
        0.0036797195207327604,
        -0.009663702920079231,
        -0.07484856992959976,
        -0.010811196640133858,
        0.005361543968319893,
        0.012302433140575886,
        -0.0007188303861767054,
        0.0013392004184424877,
        0.027554061263799667,
        -0.06400440633296967,
        -0.05350600928068161,
        0.010481001809239388,
        -0.07698377966880798,
        0.04577702283859253,
        0.017924554646015167,
        0.003058579284697771,
        -0.01990530639886856,
        -0.042431049048900604,
        0.017077654600143433,
        -0.029767684638500214,
        0.017166955396533012,
        0.02584794908761978,
        0.03625573217868805,
        -0.0865357518196106,
        0.19161243736743927,
        0.0038029085844755173,
        0.025369999930262566,
        0.04341798648238182,
        -0.03822502866387367,
        0.046595461666584015,
        -0.011338286101818085,
        8.858495857566595e-05,
        -0.039238788187503815,
        -0.024342775344848633,
        -0.01789114624261856,
        0.0017553839134052396,
        -0.019701356068253517,
        0.05789515748620033,
        -0.06771654635667801,
        0.021555578336119652,
        0.018591247498989105,
        0.029778938740491867,
        0.014265249483287334,
        -0.017005831003189087,
        -0.028511764481663704,
        0.017121419310569763,
        0.023336758837103844,
        0.060747865587472916,
        -0.0004285902832634747,
        0.03791432827711105,
        -0.0928620845079422,
        0.05171407014131546,
        0.1046658307313919,
        0.04461260885000229,
        -0.015204035677015781,
        0.03461776301264763,
        -0.028479915112257004,
        -0.0006961956387385726,
        -0.002640999387949705,
        0.007228282280266285,
        -0.0035662951413542032,
        0.030397161841392517,
        -0.01772666536271572,
        0.06352446973323822,
        -0.03422532230615616,
        -0.011807946488261223,
        -0.1181780993938446,
        0.0014954942744225264,
        -0.1206570714712143,
        -0.01655762456357479,
        0.09348830580711365,
        0.005880801938474178,
        -0.017354745417833328,
        -0.03892764076590538,
        0.062047429382801056,
        -0.02670198492705822,
        0.004486131016165018,
        -0.03651236370205879,
        -0.004276897758245468,
        0.011937386356294155,
        -0.008482958190143108,
        0.06645960360765457,
        0.07966869324445724,
        -0.068598173558712,
        0.023770034313201904,
        -0.01742367632687092,
        -0.040104761719703674,
        -0.0692121684551239,
        0.11482304334640503,
        0.006428082473576069,
        -0.03366875648498535,
        -0.013970276340842247,
        0.021408719941973686,
        0.02310635894536972,
        -7.927523256512359e-05,
        0.0797712579369545,
        -0.0017383951926603913,
        -0.03705129027366638,
        0.02636268548667431,
        0.05466083809733391,
        0.025461869314312935,
        0.00029956852085888386,
        0.010542484000325203,
        -0.012411967851221561,
        -0.005013309419155121,
        0.06061927229166031,
        -0.027191171422600746,
        -0.07521094381809235,
        0.03518986329436302,
        0.026489408686757088,
        -0.01577948033809662,
        -0.020663263276219368,
        -0.036333899945020676,
        0.03958955034613609,
        0.05575127527117729,
        0.009581605903804302,
        0.05835875868797302,
        -0.07401715964078903,
        -0.03939420357346535,
        -0.05058104917407036,
        -0.036697324365377426,
        -0.020765108987689018,
        0.00039758061757311225,
        -0.07438409328460693,
        -0.009489581920206547,
        -0.08001703768968582,
        -0.01661722920835018,
        -0.025177862495183945,
        0.05122358724474907,
        0.037519440054893494,
        0.033509671688079834,
        -0.028072591871023178,
        -0.010321127250790596,
        0.031300466507673264,
        0.020818522199988365,
        -0.04868604987859726,
        0.039627350866794586,
        0.033473290503025055,
        0.03286358714103699,
        -0.04898710548877716,
        0.02219948172569275,
        0.04980733245611191,
        0.010646590031683445,
        0.045226048678159714,
        0.011398419737815857,
        0.01841009221971035,
        -0.070684053003788,
        -0.046386923640966415,
        -0.2283715456724167,
        0.0036846695002168417,
        -0.022289346903562546,
        -0.0263924989849329,
        0.09188231080770493,
        -0.03336669132113457,
        0.05583392456173897,
        -0.02076442912220955,
        0.015072864480316639,
        0.011375964619219303,
        0.03773429989814758,
        -0.05693655461072922,
        -0.023670028895139694,
        0.05053390935063362,
        -0.004751330241560936,
        0.02116503193974495,
        0.030258722603321075,
        -0.009387382306158543,
        -0.010509961284697056,
        -0.02417244203388691,
