{
    "index": 682,
    "page": 107,
    "text": "XVII. No operation whatsoever it he, ceasing for a while, can be truly said to suffer \nany evil, because it is at an end. Neither can he that is the author of that operation; \nfor this very respect, because his operation is at an end, be said to suffer any evil. \nLikewise then, neither can the whole body of all our actions (which is our life) if in \ntime it cease, be said to suffer any evil for this very reason, because it is at an end; \nnor he truly be said to have been ill affected, that did put a period to this series of \nactions. Now this time or certain period, depends of the determination of nature: \nsometimes of particular nature, as when a man dieth old; but of nature in general, \nhowever; the parts whereof thus changing one after another, the whole world still",
    "embedding_of_chunk": [
        -0.00719743687659502,
        -0.0003077446308452636,
        0.025356728583574295,
        0.003264467930421233,
        -0.015848856419324875,
        -0.013167583383619785,
        0.07261449843645096,
        0.0390571765601635,
        0.025371629744768143,
        -0.028956621885299683,
        0.012095484882593155,
        -0.036449167877435684,
        0.020243976265192032,
        0.010822010226547718,
        -0.008589079603552818,
        -0.018878037109971046,
        -0.019491350278258324,
        0.028626911342144012,
        -0.08237215876579285,
        0.04981241002678871,
        0.08979425579309464,
        0.010727372951805592,
        -0.011269871145486832,
        -0.04669198393821716,
        0.01654493436217308,
        0.051919661462306976,
        -0.02012399584054947,
        -0.00122608442325145,
        -0.02524011768400669,
        -0.1776205599308014,
        -0.008170031942427158,
        -0.05098270624876022,
        0.06304791569709778,
        -0.05208027735352516,
        0.03556649759411812,
        -0.018144017085433006,
        -0.07905403524637222,
        0.039181459695100784,
        -0.05837073177099228,
        0.059396903961896896,
        0.06733930855989456,
        0.05917988717556,
        -0.033768124878406525,
        -0.02687210962176323,
        -0.02044498920440674,
        -0.04540466517210007,
        -0.016004281118512154,
        -0.032413728535175323,
        0.045545175671577454,
        -0.04324905574321747,
        -0.003952602855861187,
        -0.0010044295340776443,
        0.02908381260931492,
        0.0631522685289383,
        0.023944223299622536,
        -0.0012253005988895893,
        0.05435187369585037,
        0.03886637091636658,
        0.028965294361114502,
        0.009247823618352413,
        0.06705228239297867,
        0.026145722717046738,
        -0.26826566457748413,
        0.06952330470085144,
        0.033595290035009384,
        -0.011800910346210003,
        -0.004431677050888538,
        -0.06358224153518677,
        0.040007829666137695,
        0.05462711676955223,
        -0.04906773567199707,
        0.014005005359649658,
        0.02800186164677143,
        0.06015579402446747,
        0.01087752915918827,
        -0.005760106258094311,
        -0.007389762904495001,
        -0.026815077289938927,
        -0.014643367379903793,
        0.0018242379883304238,
        0.008553185500204563,
        0.002486881799995899,
        -0.008409189060330391,
        -0.026456153020262718,
        -0.040030959993600845,
        -0.062334489077329636,
        -0.01028047688305378,
        -0.06341753154993057,
        0.024251846596598625,
        0.034742847084999084,
        -0.0004712429945357144,
        0.01320887915790081,
        -0.0034136013127863407,
        -0.017568180337548256,
        -0.02903076820075512,
        -0.040032580494880676,
        0.020316220819950104,
        -0.004674823489040136,
        -0.026674345135688782,
        0.2155013382434845,
        -0.0652545839548111,
        0.004202074836939573,
        0.037877511233091354,
        -0.042825788259506226,
        0.05219532921910286,
        0.010132807306945324,
        -0.014331972226500511,
        -0.042591992765665054,
        -0.0029402764048427343,
        -0.01046001072973013,
        0.008517120964825153,
        -0.014717686921358109,
        0.06011286377906799,
        -0.04279470071196556,
        0.069984570145607,
        0.046412061899900436,
        0.03605848550796509,
        0.03123120404779911,
        -0.05953625589609146,
        0.009083613753318787,
        -0.0013115033507347107,
        0.041878145188093185,
        0.021881617605686188,
        0.006224327255040407,
        0.01788315735757351,
        -0.07423238456249237,
        0.06430698186159134,
        0.11970354616641998,
        0.0118683697655797,
        -0.06641150265932083,
        0.04388214647769928,
        -0.07213401794433594,
        -0.05328839272260666,
        -0.0008239244343712926,
        0.0021651554852724075,
        0.039738480001688004,
        0.036715317517519,
        -0.0067472574301064014,
        0.029983850196003914,
        -0.04934480041265488,
        -0.03152504190802574,
        -0.1647077202796936,
        -0.04426531493663788,
        -0.056198082864284515,
        0.009933446533977985,
        0.07228801399469376,
        0.04169560968875885,
        0.030335135757923126,
        -0.006431786809116602,
        0.011566759087145329,
        0.00010102246596943587,
        0.035239554941654205,
        -0.0757710263133049,
        0.008347519673407078,
        0.010980430990457535,
        0.04058849439024925,
        0.027384327724575996,
        0.02478839084506035,
        -0.047198694199323654,
        -0.010521466843783855,
        -0.019887441769242287,
        -0.03628615289926529,
        -0.04144234210252762,
        0.13833463191986084,
        0.05271561071276665,
        -0.026544932276010513,
        -0.013366321101784706,
        0.015287449583411217,
        0.026896564289927483,
        0.023328872397542,
        0.05996227264404297,
        0.024512585252523422,
        -0.032591260969638824,
        0.012467543594539165,
        0.10719440132379532,
        0.03681043162941933,
        -0.007073334883898497,
        -0.01715335249900818,
        0.002372787334024906,
        0.03476569056510925,
        0.01692352443933487,
        -0.04547158256173134,
        -0.0081643583253026,
        0.0200508963316679,
        0.002153164939954877,
        -0.023454518988728523,
        -0.013316132128238678,
        -0.01198740117251873,
        0.07295463234186172,
        0.0468016043305397,
        0.0025369436480104923,
        0.06810121238231659,
        -0.03709329664707184,
        -0.006454078480601311,
        -0.019803689792752266,
        -0.05871262028813362,
        -0.0694432333111763,
        -0.026003090664744377,
        -0.021000731736421585,
        -0.03213639184832573,
        -0.0017673172987997532,
        -0.0365842767059803,
        -0.020561814308166504,
        0.0035246904008090496,
        0.03684599697589874,
        0.026768745854496956,
        -0.013704640790820122,
        -0.020743250846862793,
        0.0356249138712883,
        0.06729213148355484,
        -0.053824249655008316,
        0.011237286031246185,
        0.03684750944375992,
        0.025044463574886322,
        -0.05149492621421814,
        0.04463191702961922,
        -0.04736340790987015,
        -0.015054769814014435,
        0.006449453998357058,
        0.013968496583402157,
        0.04398321360349655,
        -0.0719638541340828,
        -0.04305987432599068,
        -0.2267502397298813,
        -0.010545971803367138,
        -0.0034182569943368435,
        -0.043009910732507706,
        0.04428018629550934,
        -0.058207347989082336,
        0.026520652696490288,
        -0.03688092157244682,
        -0.010650143027305603,
        0.054269496351480484,
        0.044410113245248795,
        -0.01008748821914196,
        0.0024685650132596493,
        0.03574603050947189,
