{
    "index": 640,
    "page": 100,
    "text": "ignorance. For as, according to Plato’s opinion, no soul doth willingly err, so by con-\nsequent neither doth it anything otherwise than it ought, but against her will. There-\nfore are they grieved, whensoever they hear themselves charged, either of injustice, \nor unconscionableness, or covetousness, or in general, of any injurious kind of deal-\ning towards their neighbours. Fourthly, that thou thyself doest transgress in many \nthings, and art even such another as they are. And though perchance thou doest \nforbear the very act of some sins, yet hast thou in thyself an habitual disposition to \nthem, but that either through fear, or vainglory, or some such other ambitious fool-\nish respect, thou art restrained. Fifthly, that whether they have sinned or no, thou",
    "embedding_of_chunk": [
        0.001176535035483539,
        -0.02011222392320633,
        0.028057198971509933,
        -0.02248983457684517,
        -0.034278783947229385,
        0.0034177920315414667,
        0.11770004034042358,
        0.05799058824777603,
        -0.005728783085942268,
        -0.029837297275662422,
        0.00611545005813241,
        -0.07605599611997604,
        -0.011579792946577072,
        0.04955197870731354,
        -0.032857730984687805,
        0.03406096249818802,
        0.004976503551006317,
        0.0688999742269516,
        -0.0690622478723526,
        0.036462120711803436,
        0.06821759790182114,
        -0.07378078252077103,
        -0.0036387492436915636,
        -0.06467827409505844,
        0.039727311581373215,
        0.05345788970589638,
        -0.029051633551716805,
        -0.0179485771805048,
        -0.04278828203678131,
        -0.1243462860584259,
        0.012942096218466759,
        -0.023286394774913788,
        0.029693735763430595,
        -0.014963912777602673,
        -0.0066013578325510025,
        -0.0023469498846679926,
        -0.03300643712282181,
        0.0617947094142437,
        -0.04514794051647186,
        0.030699560418725014,
        0.01226712018251419,
        0.019228162243962288,
        -0.039930958300828934,
        -0.04970001429319382,
        -0.03917067497968674,
        -0.03750231862068176,
        0.009576084092259407,
        0.008122495375573635,
        -0.00609625456854701,
        -0.03871318697929382,
        -0.014479713514447212,
        -0.0011523268185555935,
        -0.012921814806759357,
        0.03578467667102814,
        0.009414978325366974,
        -0.004212813917547464,
        0.054799243807792664,
        0.03228812664747238,
        0.041405610740184784,
        0.01827591098845005,
        0.06347183138132095,
        0.03218279033899307,
        -0.20840562880039215,
        0.06997066736221313,
        0.06016054376959801,
        0.019120879471302032,
        -0.04811882972717285,
        -0.030292266979813576,
        -0.012632293626666069,
        0.08571207523345947,
        -0.02301069162786007,
        0.037423275411129,
        0.04115971550345421,
        0.07277746498584747,
        0.016142716631293297,
        0.011650240048766136,
        -0.0035497609060257673,
        -0.07956798374652863,
        -0.024299142882227898,
        0.03287610039114952,
        0.02866252325475216,
        0.01668577827513218,
        -0.030224639922380447,
        0.012327134609222412,
        -0.05803718790411949,
        -0.024436531588435173,
        0.005426931660622358,
        -0.07824894040822983,
        0.040016014128923416,
        0.027595046907663345,
        -0.007729704491794109,
        -0.02771047130227089,
        -0.05022609606385231,
        0.038807690143585205,
        -0.056074898689985275,
        -0.001808953587897122,
        0.04833151027560234,
        -0.010091541334986687,
        -0.06135496869683266,
        0.1959836632013321,
        0.010658163577318192,
        0.03795047476887703,
        0.028855089098215103,
        -0.03325328603386879,
        0.0546598881483078,
        -0.00731758214533329,
        0.0004387725202832371,
        -0.03162594884634018,
        -0.025468772277235985,
        -0.0019543247763067484,
        0.0051607596687972546,
        -0.0642864927649498,
        0.0627993792295456,
        -0.05922678858041763,
        0.024557480588555336,
        0.00590876117348671,
        0.03646640107035637,
        -0.014712749980390072,
        -0.030241595581173897,
        0.0015667456900700927,
        -0.05762485787272453,
        0.01933996006846428,
        0.05886150524020195,
        -0.004910960793495178,
        0.015316418372094631,
        -0.11810909956693649,
        -0.008781618438661098,
        0.10896887630224228,
        0.01800963655114174,
        -0.011841082014143467,
        0.018809469416737556,
        -0.06257551908493042,
        0.0103027718141675,
        -0.026922548189759254,
        0.049018532037734985,
        0.026011688634753227,
        0.0293500404804945,
        -0.011678282171487808,
        0.033728159964084625,
        -0.0517132543027401,
        -0.01057649590075016,
        -0.16057074069976807,
        -0.01847820356488228,
        -0.0750063806772232,
        -0.020962152630090714,
        0.08735223859548569,
        -0.005567388143390417,
        0.05600401386618614,
        -0.029460079967975616,
        0.09143255650997162,
        -0.02057047188282013,
        0.04931744188070297,
        -0.05715520307421684,
        0.002355010947212577,
        0.0035338965244591236,
        0.009478581137955189,
        0.01975403167307377,
        0.04152350127696991,
        -0.07739090919494629,
        0.019537344574928284,
        0.010679436847567558,
        -0.008576696738600731,
        -0.05789100378751755,
        0.16225776076316833,
        0.04243035241961479,
        -0.018307015299797058,
        -0.009880095720291138,
        -0.0037637301720678806,
        0.02934717945754528,
        -0.013848523609340191,
        0.04336560517549515,
        0.015818146988749504,
        -0.06881933659315109,
        0.04747432470321655,
        0.0710623562335968,
        0.029916811734437943,
        -0.03264682739973068,
        -0.011285665445029736,
        -0.007448156829923391,
        0.02783290296792984,
        0.02475598081946373,
        -0.03848644718527794,
        -0.057686708867549896,
        0.05647837370634079,
        -0.004373387433588505,
        -0.015592620708048344,
        -0.024646924808621407,
        -0.06465131044387817,
        0.06833609938621521,
        0.057293593883514404,
        -0.002991683082655072,
        0.014794532209634781,
        -0.05988558754324913,
        -0.004308468662202358,
        -0.06575103104114532,
        -0.028405649587512016,
        -0.015743326395750046,
        -0.016602035611867905,
        -0.04010651260614395,
        0.02429899387061596,
        -0.02816658653318882,
        -0.0016610462917014956,
        -0.02306223288178444,
        0.03148488327860832,
        0.07023011893033981,
        0.023405347019433975,
        -0.0007096264744177461,
        0.01691383495926857,
        0.04591746628284454,
        0.01847337931394577,
        -0.04686027765274048,
        0.02002835087478161,
        0.014476057142019272,
        0.006737345829606056,
        -0.01638134755194187,
        0.03410666435956955,
        0.02506582997739315,
        0.025469806045293808,
        0.023813258856534958,
        -0.019623732194304466,
        0.003648558398708701,
        -0.12038052082061768,
        -0.047210127115249634,
        -0.20840594172477722,
        0.011778194457292557,
        -0.01849369704723358,
        -0.03915676102042198,
        0.07197584956884384,
        -0.04795807972550392,
        0.030674822628498077,
        -0.015525145456194878,
        0.022702813148498535,
        0.046453412622213364,
        0.035139475017786026,
        -0.03494314104318619,
        -0.022122541442513466,
        0.035631828010082245,
        4.027107820547826e-07,
