{
    "index": 716,
    "page": 112,
    "text": "The story does credit to both. Fronto shows no loss of temper at the interference, nor \nshrinks from stating his case with frankness; and Marcus, with forbearance remark-\nable in a prince, does not command that his friend be left unmolested, but merely \nstipulates for a fair trial on the merits of the case. \n\n54 \n\nAnother example may he given from a letter of Fronto’s:\n\n“Here is something else quarrelsome and querulous. I have sometimes found \nfault with you in your absence somewhat seriously in the company of a few of \nmy most intimate friends: at times, for example, when you mixt in society with \na more solemn look than was fitting, or would read books in the theatre or in a \nbanquet; nor did I absent myself from theatre or banquet when you did.\n\n55 Then",
    "embedding_of_chunk": [
        -0.06105787679553032,
        0.034550365060567856,
        0.016307177022099495,
        -0.04225514456629753,
        0.010794163681566715,
        -0.018223784863948822,
        0.10111245512962341,
        0.02419102191925049,
        0.0018438484985381365,
        -0.03342023119330406,
        0.021729055792093277,
        -0.024981960654258728,
        0.04414690285921097,
        0.02119515649974346,
        -0.006349068600684404,
        -0.009416806511580944,
        0.02035715989768505,
        -0.001474259770475328,
        -0.076067253947258,
        0.03157670423388481,
        -0.00194468442350626,
        -0.05725201591849327,
        -0.028318459168076515,
        -0.037999775260686874,
        0.04272627457976341,
        0.03283115103840828,
        -0.013066481798887253,
        -0.029345769435167313,
        -0.036224886775016785,
        -0.19301383197307587,
        0.013168254867196083,
        -0.05614427477121353,
        0.04299057275056839,
        -0.01995302177965641,
        0.007224737666547298,
        -0.022384755313396454,
        -0.029918260872364044,
        0.012493729591369629,
        -0.05466049909591675,
        0.036512453109025955,
        0.06250075250864029,
        0.03561587631702423,
        0.02725766785442829,
        -0.040098972618579865,
        -0.03512096032500267,
        -0.011694627813994884,
        -0.002622571075335145,
        -0.030941331759095192,
        0.05032934993505478,
        -0.04625852033495903,
        -0.011043193750083447,
        -0.055615443736314774,
        -0.00478881923481822,
        0.01725560799241066,
        -0.020165657624602318,
        0.05446798354387283,
        0.08469467610120773,
        0.04394799470901489,
        0.03640188276767731,
        0.059506941586732864,
        0.024546591565012932,
        0.023829637095332146,
        -0.23478402197360992,
        0.032197944819927216,
        0.07878873497247696,
        0.021970780566334724,
        -0.05324126034975052,
        -0.01890684850513935,
        0.02696286141872406,
        0.0807821974158287,
        -0.03720315173268318,
        0.03173094987869263,
        0.06467612832784653,
        0.08145225793123245,
        0.00731325801461935,
        -0.04197094962000847,
        -0.039139408618211746,
        -0.041987013071775436,
        -0.006973874289542437,
        0.027213282883167267,
        -0.02621517889201641,
        0.008459351025521755,
        -0.017247755080461502,
        0.00018838902178686112,
        -0.06032193824648857,
        -0.03144988790154457,
        0.04401763528585434,
        -0.06506190448999405,
        -0.005627527832984924,
        0.006606996990740299,
        0.007156189531087875,
        -0.014916187152266502,
        -0.022548161447048187,
        0.024245087057352066,
        -0.04037848860025406,
        -0.013634013943374157,
        0.025445345789194107,
        0.00993700698018074,
        -0.05681803077459335,
        0.19249750673770905,
        -0.04757085070014,
        0.05754765123128891,
        0.05146651342511177,
        -0.0104738250374794,
        0.03661511465907097,
        -0.030095083639025688,
        0.02066901884973049,
        -0.06874775141477585,
        -0.003782129380851984,
        0.008393587544560432,
        -0.01600787043571472,
        -0.0406026765704155,
        0.058206330984830856,
        -0.0447409451007843,
        0.03318609297275543,
        0.04217074066400528,
        0.09511400014162064,
        -0.014955218881368637,
        -0.04713395982980728,
        -0.0035886995028704405,
        -0.025933677330613136,
        -0.0023821434006094933,
        0.00743588712066412,
        0.0009984769858419895,
        0.023148830980062485,
        -0.10767199844121933,
        0.07416029274463654,
        0.09043985605239868,
        -0.003330955049023032,
        -0.033472396433353424,
        -0.010054470039904118,
        -0.06595766544342041,
        -0.01966177113354206,
        -0.02151971496641636,
        -0.002300519961863756,
        0.02358071692287922,
        0.00550844008103013,
        0.0007464527152478695,
        0.044553592801094055,
        -0.048936985433101654,
        -0.028117721900343895,
        -0.18101751804351807,
        -0.025261150673031807,
        -0.030500944703817368,
        -0.003969505429267883,
        0.05730745568871498,
        -0.02360684797167778,
        0.046733785420656204,
        -0.034778986126184464,
        0.0555170513689518,
        -0.01456232275813818,
        0.033676277846097946,
        -0.04278577119112015,
        -0.007966662757098675,
        0.03265060484409332,
        0.008944150991737843,
        0.0013067693216726184,
        0.07276997715234756,
        -0.05251366272568703,
        0.07630697637796402,
        -0.00613933801651001,
        -0.06829457730054855,
        -0.03616883605718613,
        0.10227750986814499,
        0.012722760438919067,
        -0.07135702669620514,
        0.008174124173820019,
        0.055019110441207886,
        -0.0060696471482515335,
        -0.01800653710961342,
        0.04478951916098595,
        0.012717502191662788,
        -0.03927640989422798,
        0.0017049454618245363,
        0.047857724130153656,
        0.012219738215208054,
        -0.038626521825790405,
        -0.02074931561946869,
        -0.015050394460558891,
        0.040694721043109894,
        0.036968354135751724,
        -0.025486811995506287,
        -0.04764648526906967,
        0.05860304459929466,
        -0.002357527380809188,
        -0.026150453835725784,
        0.03221071511507034,
        -0.015720807015895844,
        0.05862587317824364,
        0.08867142349481583,
        0.005261119920760393,
        0.05585566908121109,
        -0.07257168740034103,
        0.0050349002704024315,
        -0.030592836439609528,
        0.0014492716873064637,
        -0.03400292992591858,
        -0.02911287732422352,
        -0.029283706098794937,
        0.0273383017629385,
        -0.02754654362797737,
        -0.013883214443922043,
        -0.03721608966588974,
        -0.005297037307173014,
        0.03497198969125748,
        0.04502924531698227,
        0.00029136089142411947,
        -0.028684480115771294,
        0.039149973541498184,
        0.01766837202012539,
        -0.06368309259414673,
        0.007052421569824219,
        -0.017460763454437256,
        0.0431336984038353,
        0.0170634463429451,
        0.041495613753795624,
        -0.014588559046387672,
        0.05304447188973427,
        0.027876639738678932,
        0.036069419234991074,
        0.0059936679899692535,
        -0.050335679203271866,
        -0.04835446551442146,
        -0.2626692056655884,
        -0.009674374014139175,
        0.01162131130695343,
        -0.04037419706583023,
        0.041818566620349884,
        -0.05204829201102257,
        0.029661517590284348,
        -0.013094703666865826,
        0.008927852846682072,
        0.057801149785518646,
        0.03874269872903824,
        -0.027710385620594025,
        -0.042390357702970505,
        0.04249831661581993,
