{
    "index": 128,
    "page": 21,
    "text": "XII. If thou shouldst live three thousand, or as many as ten thousands of years, yet \nremember this, that man can part with no life properly, save with that little part of \nlife, which he now lives: and that which he lives, is no other, than that which at every \ninstant he parts with. That then which is longest of duration, and that which is \nshortest, come both to one effect. For although in regard of that which is already past \nthere may be some inequality, yet that time which is now present and in being, is \nequal unto all men. And that being it which we part with whensoever we die, it doth \nmanifestly appear, that it can be but a moment of time, that we then part with. For \nas for that which is either past or to come, a man cannot be said properly to part",
    "embedding_of_chunk": [
        -0.02882320247590542,
        0.02895631082355976,
        0.038413163274526596,
        0.005321830976754427,
        0.03722923621535301,
        0.0014268964296206832,
        0.038443777710199356,
        0.023602362722158432,
        0.02868328057229519,
        -0.011309667490422726,
        -0.012954148463904858,
        -0.0674830973148346,
        0.004339783452451229,
        0.04121309891343117,
        0.0031506307423114777,
        0.005120356101542711,
        -0.04782084748148918,
        0.03462640941143036,
        -0.09443502128124237,
        0.029298242181539536,
        0.1057073324918747,
        -0.029023461043834686,
        -0.02609703503549099,
        -0.06296569108963013,
        0.07185075432062149,
        0.0307341068983078,
        -0.013875898905098438,
        -0.0684707835316658,
        0.0036246259696781635,
        -0.16693049669265747,
        0.0075112744234502316,
        -0.0380241833627224,
        0.05417972430586815,
        -0.031928498297929764,
        -0.032703250646591187,
        -0.015569028444588184,
        -0.0676611140370369,
        0.0406264066696167,
        -0.039042677730321884,
        0.09055303037166595,
        0.024008892476558685,
        0.06983572989702225,
        -0.0199864711612463,
        -0.02634325437247753,
        -0.046590305864810944,
        -0.03351852297782898,
        -0.026316635310649872,
        -0.013961383141577244,
        0.043718431144952774,
        -0.006944233551621437,
        -0.02519177831709385,
        -0.016908390447497368,
        0.04370538517832756,
        0.056807007640600204,
        0.04717161878943443,
        0.04942060634493828,
        0.04955131933093071,
        0.019263310357928276,
        0.0504368431866169,
        -0.01566423289477825,
        0.024144485592842102,
        0.042983610183000565,
        -0.23519234359264374,
        0.059353213757276535,
        0.04415929317474365,
        0.01903441548347473,
        -0.042664915323257446,
        -0.03446231409907341,
        0.011477879248559475,
        0.07037510722875595,
        -0.054462283849716187,
        0.04564681649208069,
        0.04109567403793335,
        0.06694012880325317,
        0.006709782872349024,
        -0.03740215301513672,
        0.005023106932640076,
        -0.05749638006091118,
        -0.003868340514600277,
        0.02800876460969448,
        0.006469206418842077,
        0.02816917560994625,
        0.026011157780885696,
        -0.012502300553023815,
        -0.02843574434518814,
        -0.03660103678703308,
        -0.00814391952008009,
        -0.0836145430803299,
        0.02876940928399563,
        0.022151047363877296,
        -0.03268294408917427,
        -0.03664069622755051,
        -0.005285236518830061,
        0.017126625403761864,
        -0.028381675481796265,
        -0.025653261691331863,
        0.04427726939320564,
        0.01123078539967537,
        -0.038474105298519135,
        0.17663942277431488,
        -0.01946079544723034,
        0.048130035400390625,
        0.008067183196544647,
        -0.027890987694263458,
        0.035362374037504196,
        -0.0010475426679477096,
        -0.044078852981328964,
        -0.027372896671295166,
        0.009988057427108288,
        0.006737029645591974,
        0.02069179154932499,
        -0.0014621054287999868,
        0.04288254305720329,
        -0.033535342663526535,
        0.05596078559756279,
        0.02555425837635994,
        0.04928363487124443,
        -0.03433508425951004,
        -0.028255878016352654,
        0.00989594031125307,
        -0.02004827931523323,
        0.0221998393535614,
        0.03146200254559517,
        -0.02714889869093895,
        0.0046422407031059265,
        -0.07628904283046722,
        0.069988913834095,
        0.09958705306053162,
        0.003306239377707243,
        0.003330584615468979,
        0.04477839916944504,
        -0.050714217126369476,
        -0.03187601640820503,
        -0.020616518333554268,
        -0.04066643491387367,
        0.04774230718612671,
        0.00627913000062108,
        -0.011357814073562622,
        0.055286239832639694,
        -0.07662662863731384,
        -0.021967653185129166,
        -0.15375974774360657,
        -0.01909511536359787,
        -0.10182368755340576,
        -0.004413561895489693,
        0.08457431197166443,
        0.02414545789361,
        -0.015803704038262367,
        -0.05199136957526207,
        0.04185228422284126,
        -0.0179012268781662,
        0.057575736194849014,
        -0.04453078284859657,
        -0.02750428020954132,
        -0.01780041493475437,
        0.013553820550441742,
        0.0645654946565628,
        0.05104527249932289,
        -0.03856213390827179,
        0.027601534500718117,
        -0.030042925849556923,
        -0.022572122514247894,
        -0.018964653834700584,
        0.14782492816448212,
        0.03456629812717438,
        -0.027346542105078697,
        0.0028467061929404736,
        0.025993281975388527,
        0.013340072706341743,
        -0.015808066353201866,
        0.061386995017528534,
        -0.014176936820149422,
        -0.05078825727105141,
        0.014803082682192326,
        0.09041459858417511,
        0.05824336037039757,
        -0.0159892737865448,
        0.003471770090982318,
        0.023569414392113686,
        0.01966322772204876,
        0.01629999838769436,
        -0.049966808408498764,
        -0.03504004329442978,
        0.03907551243901253,
        0.006714962422847748,
        -0.042187660932540894,
        -0.009305291809141636,
        -0.019694693386554718,
        0.008488321676850319,
        0.077354796230793,
        0.02849724143743515,
        0.06735207885503769,
        -0.020817479118704796,
        0.0005843636463396251,
        -0.03605731576681137,
        -0.020991535857319832,
        -0.0482863150537014,
        0.008418824523687363,
        -0.049611423164606094,
        -0.021191498264670372,
        0.020598826929926872,
        -0.04213684797286987,
        -0.039426177740097046,
        0.00244863866828382,
        0.024240536615252495,
        0.037320420145988464,
        0.001252352143637836,
        -0.007269518915563822,
        0.04248923435807228,
        0.029675334692001343,
        -0.04114614427089691,
        0.011926858685910702,
        0.051746170967817307,
        -0.010707065463066101,
        -0.03090066835284233,
        0.039930909872055054,
        0.016220901161432266,
        0.02456827089190483,
        0.04449393227696419,
        0.049701839685440063,
        0.02396998181939125,
        -0.07550283521413803,
        -0.04835691303014755,
        -0.23814229667186737,
        -0.00952316913753748,
        -0.004604165907949209,
        -0.05160459503531456,
        0.08667674660682678,
        -0.029650380834937096,
        0.0016011967090889812,
        -0.0008677213918417692,
        0.04023713618516922,
        0.01344841904938221,
        0.04463125765323639,
        -0.061408448964357376,
        -0.022432424128055573,
        0.01619688980281353,
        -0.008063537068665028,
