{
    "index": 635,
    "page": 99,
    "text": "XV. To live happily is an inward power of the soul, when she is affected with indiffer-\nency, towards those things that are by their nature indifferent. To be thus affected \nshe must consider all worldly objects both divided and whole: remembering withal \nthat no object can of itself beget any opinion in us, neither can come to us, but \nstands without still and quiet; but that we ourselves beget, and as it were print in \nourselves opinions concerning them. Now it is in our power, not to print them; and if \nthey creep in and lurk in some corner, it is in our power to wipe them off. Remember-\ning moreover, that this care and circumspection of thine, is to continue but for a \nwhile, and then thy life will be at an end. And what should hinder, but that thou",
    "embedding_of_chunk": [
        -0.020280105993151665,
        -0.0066982293501496315,
        0.04966767504811287,
        0.02257293276488781,
        -0.03749718517065048,
        0.03160839155316353,
        0.08728298544883728,
        0.03809983655810356,
        0.0032567577436566353,
        0.003865455975756049,
        -0.02254018932580948,
        -0.07681703567504883,
        0.0357767678797245,
        0.027547044679522514,
        -0.0026299443561583757,
        0.0338614247739315,
        -0.01632239855825901,
        0.04604082927107811,
        -0.10863996297121048,
        0.04673835635185242,
        0.04869643598794937,
        -0.04684733599424362,
        0.006516687106341124,
        -0.06363869458436966,
        0.03728439658880234,
        0.023826032876968384,
        -0.005627540405839682,
        -0.010589567013084888,
        -0.020631438121199608,
        -0.1836203932762146,
        -0.01853048987686634,
        -0.024749118834733963,
        0.03924092650413513,
        -0.03310586139559746,
        -0.016981277614831924,
        0.002700075739994645,
        -0.04211777076125145,
        0.05096372589468956,
        -0.04854343459010124,
        0.05151277780532837,
        0.02970307692885399,
        0.021696453914046288,
        -0.023753976449370384,
        -0.03672660514712334,
        -0.05938476696610451,
        -0.02236025780439377,
        0.03909481689333916,
        -0.03529171645641327,
        0.02686227299273014,
        -0.06093141436576843,
        -0.027995197102427483,
        0.030178941786289215,
        0.004176255315542221,
        0.05441334471106529,
        0.033181797713041306,
        0.031556129455566406,
        0.08055638521909714,
        -0.014553854241967201,
        0.05746020749211311,
        0.0107050109654665,
        0.04074108973145485,
        0.04863660782575607,
        -0.22929471731185913,
        0.11052243411540985,
        0.0451393723487854,
        -0.0022032337728887796,
        -0.047579385340213776,
        -0.0346643440425396,
        -0.013872173614799976,
        0.055360134690999985,
        -0.00849277526140213,
        0.050747353583574295,
        0.05082031339406967,
        0.06606502830982208,
        0.01255062036216259,
        0.010774051770567894,
        0.007700687739998102,
        -0.05474556237459183,
        -0.027370363473892212,
        0.015607194975018501,
        0.011447454802691936,
        0.011903766542673111,
        0.008009619079530239,
        -0.006265981122851372,
        -0.04555115848779678,
        -0.048019926995038986,
        0.021902361884713173,
        -0.10994565486907959,
        0.028159141540527344,
        0.013678492978215218,
        -0.01068524457514286,
        -0.04445894807577133,
        -0.012447257526218891,
        0.025526724755764008,
        -0.03263453394174576,
        -0.03849957883358002,
        0.018541721627116203,
        -0.01773797534406185,
        -0.0198992807418108,
        0.22712555527687073,
        -0.04102063179016113,
        0.06891840696334839,
        0.05698570981621742,
        -0.035592809319496155,
        0.02116824872791767,
        -0.007331425789743662,
        0.0024231495335698128,
        -0.048699598759412766,
        -0.03197317570447922,
        -0.005619466304779053,
        0.018775688484311104,
        -0.04432157054543495,
        0.001409708522260189,
        -0.03290403634309769,
        0.024099690839648247,
        -0.03219133988022804,
        0.021258771419525146,
        0.017743824049830437,
        -0.028682466596364975,
        -0.01899455115199089,
        0.0045224763453006744,
        -0.01644095405936241,
        0.05002719536423683,
        0.004837653134018183,
        0.026267457753419876,
        -0.11452275514602661,
        0.06311676651239395,
        0.08815176039934158,
        -0.027405746281147003,
        -0.013440702110528946,
        0.01792328618466854,
        -0.02052365243434906,
        -0.04755706340074539,
        -0.00809527188539505,
        0.01082368940114975,
        0.017277492210268974,
        0.026262426748871803,
        0.0036505127791315317,
        0.07314518839120865,
        -0.02870350144803524,
        -0.001885905396193266,
        -0.11688900738954544,
        -0.0434785857796669,
        -0.0842747911810875,
        -0.0026224711909890175,
        0.07688362151384354,
        0.02745077945291996,
        0.04559632018208504,
        -0.02780836448073387,
        0.03401053696870804,
        0.015770412981510162,
        0.03426706790924072,
        -0.01965978555381298,
        -0.010728982277214527,
        0.021103641018271446,
        0.04281207174062729,
        0.004625224508345127,
        0.06847930699586868,
        -0.05797809734940529,
        -0.007242527790367603,
        0.01245617214590311,
        -0.00560086639598012,
        -0.039080265909433365,
        0.12521497905254364,
        0.02209421806037426,
        -0.00588639872148633,
        0.0076582832261919975,
        0.0025459532625973225,
        0.0236660223454237,
        -0.008929511532187462,
        0.07504184544086456,
        -0.014958973973989487,
        -0.06382981687784195,
        0.049247920513153076,
        0.10514331609010696,
        0.04516186565160751,
        0.01740408129990101,
        -0.001367231598123908,
        0.011175625957548618,
        -0.003525946056470275,
        0.0391889289021492,
        -0.03602370247244835,
        -0.02454747073352337,
        0.0335097536444664,
        -0.0018745417473837733,
        -0.03697553649544716,
        -0.0010509511921554804,
        -0.021628249436616898,
        0.006374218035489321,
        0.05744617059826851,
        0.0033215945586562157,
        0.0261607076972723,
        -0.09132201224565506,
        0.012493489310145378,
        -0.010971947573125362,
        -0.02281227521598339,
        -0.060168538242578506,
        -0.01483507826924324,
        -0.0444660484790802,
        -0.023589687421917915,
        -0.008630813099443913,
        0.011203383095562458,
        -0.011752927675843239,
        0.029052136465907097,
        0.036279335618019104,
        -0.00884498655796051,
        0.04180387407541275,
        -0.0020323439966887236,
        0.0355604887008667,
        0.01513158343732357,
        -0.04929882287979126,
        0.028258761391043663,
        0.0519055537879467,
        -0.00280651543289423,
        -0.07266228646039963,
        0.019463811069726944,
        0.0007653487264178693,
        0.034640341997146606,
        0.06684722751379013,
        0.035958919674158096,
        0.02622242458164692,
        -0.10209338366985321,
        -0.08431614935398102,
        -0.23964080214500427,
        0.04791831225156784,
        -0.012186790816485882,
        -0.05980832129716873,
        0.08045352250337601,
        -0.04335499554872513,
        0.0258233193308115,
        -0.026508677750825882,
        0.04156311973929405,
        0.020448332652449608,
        0.04774603992700577,
        -0.0350467786192894,
        -0.01974305883049965,
        0.04529319703578949,
        0.005131194833666086,
        0.04445389285683632,
