{
    "index": 686,
    "page": 107,
    "text": "until their expiration: of what things they are compounded, and into what things \nthey shall be dissolved. Thirdly, how vain all things will appear unto thee when, from \non high as it were, looking down thou shalt contemplate all things upon earth, and \nthe wonderful mutability, that they are subject unto: considering withal, the infinite \nboth greatness and variety of things aerial and things celestial that are round about \nit. And that as often as thou shalt behold them, thou shalt still see the same: as the \nsame things, so the same shortness of continuance of all those things. And, behold, \nthese be the things that we are so proud and puffed up for.",
    "embedding_of_chunk": [
        -0.0160517580807209,
        0.003883813042193651,
        0.03958971053361893,
        -0.013116095215082169,
        0.015317038632929325,
        -0.006932208780199289,
        0.11437825858592987,
        0.007307988125830889,
        -0.009163625538349152,
        -0.005705102346837521,
        -0.0004910404677502811,
        -0.07639209181070328,
        0.04457056149840355,
        0.031898267567157745,
        0.009863453917205334,
        0.03671301528811455,
        -0.027752719819545746,
        0.030231362208724022,
        -0.11162406206130981,
        0.002563516376540065,
        0.1084982380270958,
        -0.04326552897691727,
        -0.04001016542315483,
        -0.04803654924035072,
        0.04220813140273094,
        0.05607706308364868,
        -0.042898520827293396,
        -0.04615214094519615,
        -0.0012628992553800344,
        -0.1837153285741806,
        -0.02265964075922966,
        -0.02987758442759514,
        0.04075607657432556,
        -0.01267936173826456,
        -0.004584990441799164,
        0.001891949912533164,
        0.012493162415921688,
        0.07561024278402328,
        -0.06819070875644684,
        0.07319314777851105,
        0.03546743094921112,
        0.010685523971915245,
        -0.06776724755764008,
        -0.06525596976280212,
        -0.04874217510223389,
        -0.06367629021406174,
        -0.0260603204369545,
        -0.016513235867023468,
        0.05713538080453873,
        -0.021733732894062996,
        0.014407072216272354,
        -0.04334583878517151,
        0.007791241630911827,
        0.039882633835077286,
        0.0019172350876033306,
        0.01453543733805418,
        0.05123835429549217,
        0.003833713009953499,
        0.026146873831748962,
        -0.02057594805955887,
        0.047296036034822464,
        0.03865606337785721,
        -0.17120088636875153,
        0.0945616289973259,
        0.06254453957080841,
        -0.0035796542651951313,
        -0.037368662655353546,
        -0.03816153109073639,
        0.008063619025051594,
        0.055977147072553635,
        0.00876112561672926,
        0.029037976637482643,
        0.021246682852506638,
        0.06889145821332932,
        0.017988864332437515,
        0.019227420911192894,
        -0.005312806461006403,
        -0.053129762411117554,
        -0.014673568308353424,
        0.010263338685035706,
        0.008096861653029919,
        0.004423852078616619,
        -0.009045721963047981,
        -0.013060813769698143,
        -0.05641379952430725,
        -0.062748484313488,
        0.003894839668646455,
        -0.07186999171972275,
        0.06992191821336746,
        0.029391620308160782,
        -0.06867173314094543,
        -0.01412147656083107,
        -0.02143019810318947,
        0.005716616287827492,
        -0.04775770381093025,
        0.006889022421091795,
        0.018856216222047806,
        -0.0024069652426987886,
        0.0007871506968513131,
        0.21582123637199402,
        -0.07537882030010223,
        0.03242827206850052,
        0.03388521075248718,
        -0.03864544630050659,
        0.07428687810897827,
        0.01316975150257349,
        0.006704980507493019,
        -0.04375076666474342,
        0.010487111285328865,
        -0.0005458552041091025,
        -0.0002532426733523607,
        0.005748170893639326,
        0.035445816814899445,
        -0.05154765769839287,
        0.014173472300171852,
        -0.0012619629269465804,
        0.017433887347579002,
        0.006377380341291428,
        -0.01587204821407795,
        -0.05503210797905922,
        -0.005747201386839151,
        0.05330709367990494,
        0.057657964527606964,
        -0.021084878593683243,
        -0.008447659201920033,
        -0.10146602243185043,
        0.03346051275730133,
        0.09626227617263794,
        -0.011093557812273502,
        0.013693972490727901,
        0.05873475596308708,
        -0.01882832497358322,
        -0.03375735506415367,
        -0.04770739749073982,
        -0.011880557984113693,
        0.03785419464111328,
        0.043650489300489426,
        -0.045724935829639435,
        0.04025841876864433,
        -0.0015249713324010372,
        -0.05435658618807793,
        -0.14691078662872314,
        -0.013113909400999546,
        -0.10735054314136505,
        0.006046703550964594,
        0.0820419192314148,
        0.019221439957618713,
        0.014294493943452835,
        -0.024412333965301514,
        0.010977950878441334,
        -0.01759222522377968,
        0.038617540150880814,
        -0.004804772324860096,
        -0.03737607225775719,
        -0.005459787789732218,
        0.039759065955877304,
        0.033664047718048096,
        0.047175049781799316,
        -0.022836245596408844,
        0.01762830838561058,
        -0.004523259587585926,
        -0.00906692910939455,
        -0.052499476820230484,
        0.12365040928125381,
        0.0007402373594231904,
        -0.024124499410390854,
        -0.011184284463524818,
        0.031963106244802475,
        0.04374346882104874,
        0.01919400319457054,
        0.05198751389980316,
        0.007327857427299023,
        -0.039861489087343216,
        0.006553756073117256,
        0.05358235910534859,
        0.014069752767682076,
        -0.035939719527959824,
        0.03398438170552254,
        -0.016471775248646736,
        0.0010988943977281451,
        0.02198050543665886,
        -0.03728015720844269,
        -0.07518129795789719,
        0.06470080465078354,
        0.010634650476276875,
        -0.03963996097445488,
        -0.01581302471458912,
        -0.02498643659055233,
        0.037078164517879486,
        0.07036931812763214,
        -0.038752444088459015,
        0.016823476180434227,
        -0.03897828981280327,
        -0.027423318475484848,
        -0.030717523768544197,
        -0.01415020227432251,
        -0.06314557790756226,
        -0.0017716946313157678,
        0.032883550971746445,
        -0.023989995941519737,
        -0.009631369262933731,
        -0.02014351822435856,
        -0.046260301023721695,
        0.028168531134724617,
        0.04164503887295723,
        0.005547110456973314,
        0.028011173009872437,
        -0.001959836110472679,
        0.06204935535788536,
        -0.0263019148260355,
        -0.07365240901708603,
        0.018738053739070892,
        0.031150849536061287,
        -0.01673191227018833,
        0.003033899236470461,
        0.036252737045288086,
        0.00915289856493473,
        -0.013464982621371746,
        -0.022105691954493523,
        0.01179846003651619,
        0.047595322132110596,
        -0.13060246407985687,
        -0.053123943507671356,
        -0.20707297325134277,
        0.03945918381214142,
        0.01833489164710045,
        -0.03792250156402588,
        0.10439912974834442,
        -0.018862808123230934,
        0.04003927484154701,
        0.02208004519343376,
        0.045234620571136475,
        0.03103107213973999,
        0.04581833630800247,
        -0.03453486040234566,
        -0.01158934272825718,
        -0.00398216350004077,
        0.002952657639980316,
        0.02103462815284729,
        -0.011034888215363026,
        0.03140997141599655,
