{
    "index": 54,
    "page": 10,
    "text": "he gropes blindly after something less empty and vain. “Thou hast taken ship,” he \nsays, “thou hast sailed, thou art come to land, go out, if to another life, there also \nshalt thou find gods, who are everywhere.” There is more in this than the assumption \nof a rival theory for argument’s sake. If worldly things “be but as a dream, the \nthought is not far off that there may be an awakening to what is real. When he \nspeaks of death as a necessary change, and points out that nothing useful and prof-\nitable can be brought about without change, did he perhaps think of the change in a \ncorn of wheat, which is not quickened except it die? Nature’s marvellous power of \nrecreating out of Corruption is surely not confined to bodily things. Many of his",
    "embedding_of_chunk": [
        -0.028481077402830124,
        0.012055760249495506,
        0.030821386724710464,
        -0.02657236158847809,
        0.01810762844979763,
        0.022139647975564003,
        0.07907906174659729,
        0.05171949416399002,
        0.025247862562537193,
        -0.038938913494348526,
        0.012760728597640991,
        -0.07756836712360382,
        0.01213409099727869,
        0.03686919063329697,
        -0.0027607264928519726,
        0.0020859462674707174,
        -0.012082723900675774,
        0.03379581496119499,
        -0.054607242345809937,
        0.01716814935207367,
        0.07554052025079727,
        -0.007815398275852203,
        -0.017042340710759163,
        -0.078955739736557,
        0.043522391468286514,
        0.019069302827119827,
        -0.017242180183529854,
        -0.01270304061472416,
        -0.021898191422224045,
        -0.2050321251153946,
        -0.02911081165075302,
        -0.05475278198719025,
        0.01599147915840149,
        -0.015660244971513748,
        0.0008026511059142649,
        -0.0004298330459278077,
        0.007729828357696533,
        0.02949020080268383,
        -0.025921080261468887,
        0.03876543790102005,
        0.037461549043655396,
        0.016941629350185394,
        -0.025804858654737473,
        -0.009700176306068897,
        -0.04491713270545006,
        -0.04165240004658699,
        -0.0009227825794368982,
        -0.015800917521119118,
        0.018650643527507782,
        -0.05337822809815407,
        -0.050832509994506836,
        -0.030537119135260582,
        0.017376180738210678,
        0.006524170283228159,
        0.03225075826048851,
        0.0375031903386116,
        0.05511348694562912,
        0.058359544724226,
        0.062349237501621246,
        0.012453646399080753,
        0.06206876412034035,
        0.022013375535607338,
        -0.2393106371164322,
        0.07934495061635971,
        0.08000363409519196,
        0.003307256381958723,
        -0.07414808869361877,
        -0.04666532948613167,
        0.01221445668488741,
        0.02714323252439499,
        -0.042712192982435226,
        0.025446778163313866,
        0.031051363795995712,
        0.06876513361930847,
        0.01209748163819313,
        -0.026610907167196274,
        -0.002191988518461585,
        -0.013831470161676407,
        0.0005807977868244052,
        0.05624904856085777,
        0.016958266496658325,
        0.026427343487739563,
        -0.048692572861909866,
        0.0010824899654835463,
        -0.06405676901340485,
        -0.05302475765347481,
        -0.024158770218491554,
        -0.06731259077787399,
        0.026701023802161217,
        0.008367780596017838,
        -0.014563126489520073,
        -0.03129676356911659,
        -0.014062433503568172,
        -0.006633602548390627,
        -0.009116838686168194,
        -0.0004437552997842431,
        0.026626447215676308,
        0.01101706176996231,
        -0.06980080157518387,
        0.2080928534269333,
        -0.022910350933670998,
        0.027645481750369072,
        0.015707729384303093,
        0.0028196272905915976,
        0.030668865889310837,
        0.004023504443466663,
        -0.04732321575284004,
        -0.05551899969577789,
        0.039237502962350845,
        0.036701153963804245,
        0.011551990173757076,
        -0.013992427848279476,
        0.04228026047348976,
        0.003787169698625803,
        0.05080832168459892,
        0.028231551870703697,
        0.03099159151315689,
        0.010537493042647839,
        -0.07020363211631775,
        0.02222486399114132,
        -0.0340489037334919,
        0.026765307411551476,
        0.05286362022161484,
        -0.026491912081837654,
        0.034307077527046204,
        -0.07137232273817062,
        0.05888866260647774,
        0.1410067081451416,
        0.01613512448966503,
        -0.015383939258754253,
        -0.0014356182655319571,
        -0.040124256163835526,
        -0.029430247843265533,
        -0.014184628613293171,
        0.014316681772470474,
        0.04998750239610672,
        0.04014220088720322,
        0.010114360600709915,
        0.032912660390138626,
        -0.012115376070141792,
        -0.017676493152976036,
        -0.08156996220350266,
        -0.061795756220817566,
        -0.07925037294626236,
        -0.02294333092868328,
        0.0444597527384758,
        0.013658144511282444,
        0.022030718624591827,
        -0.028553199023008347,
        0.04874393343925476,
        -0.0331660620868206,
        0.015467613935470581,
        -0.05074460059404373,
        -0.005850263871252537,
        0.018113436177372932,
        0.008624425157904625,
        0.0052391295321285725,
        0.08514159172773361,
        -0.048272501677274704,
        0.031796831637620926,
        -0.017846375703811646,
        0.002185429912060499,
        -0.030618224292993546,
        0.13306884467601776,
        0.04005900025367737,
        0.011237540282309055,
        -0.02358587272465229,
        0.0037515629082918167,
        0.01821061410009861,
        -0.02460315078496933,
        0.05441034585237503,
        0.0380389466881752,
        -0.040375806391239166,
        0.03181973099708557,
        0.08969614654779434,
        0.024069570004940033,
        -0.043682705610990524,
        -0.005402246490120888,
        -0.0022993511520326138,
        0.017129933461546898,
        0.03593948855996132,
        -0.04103703424334526,
        -0.04318050295114517,
        0.09692303836345673,
        -0.00878110807389021,
        -0.04535042867064476,
        -0.020527997985482216,
        -0.02087128907442093,
        -0.004471562337130308,
        0.07121630758047104,
        0.01119647640734911,
        0.05534951388835907,
        -0.02967580407857895,
        -0.02000410109758377,
        -0.029498804360628128,
        -0.03168221935629845,
        -0.029737887904047966,
        -0.008265497162938118,
        -0.019072048366069794,
        -0.017378315329551697,
        -0.034285251051187515,
        -0.029459696263074875,
        -0.021670933812856674,
        -0.012317274697124958,
        -0.01918828673660755,
        0.008011196739971638,
        0.0033284856472164392,
        -0.02641257643699646,
        0.046377792954444885,
        0.021778011694550514,
        -0.04311210289597511,
        0.031568996608257294,
        -0.004811752587556839,
        0.006468580104410648,
        -0.029006067663431168,
        0.029534516856074333,
        0.030233975499868393,
        -0.0002347408444620669,
        0.010742217302322388,
        0.019135326147079468,
        0.040768835693597794,
        -0.09363320469856262,
        -0.055540770292282104,
        -0.22905661165714264,
        -0.023406030610203743,
        -0.006677206605672836,
        -0.08021024614572525,
        0.10449609905481339,
        -0.054753292351961136,
        -0.010583917610347271,
        -0.035260267555713654,
        0.06468433886766434,
        0.03935287520289421,
        0.009081767871975899,
        -0.06292286515235901,
        0.004232254344969988,
        0.03602823615074158,
        0.024659065529704094,
