{
    "index": 322,
    "page": 51,
    "text": "without any contestation he would bear with them, that did unjustly condemn him: \nhow he would never be over-hasty in anything, nor give ear to slanders and false ac-\ncusations, but examine and observe with best diligence the several actions and dis-\npositions of men. Again, how he was no backbiter, nor easily frightened, nor suspi-\ncious, and in his language free from all affectation and curiosity: and how easily he \nwould content himself with few things, as lodging, bedding, clothing, and ordinary \nnourishment, and attendance. How able to endure labour, how patient; able through \nhis spare diet to continue from morning to evening without any necessity of with-\ndrawing before his accustomed hours to the necessities of nature: his uniformity and",
    "embedding_of_chunk": [
        -0.03559230640530586,
        0.06560615450143814,
        -0.00951304193586111,
        0.003700435161590576,
        -0.013692892156541348,
        -0.0008532711071893573,
        0.0888669490814209,
        0.03822163864970207,
        -0.014811479486525059,
        0.01533924788236618,
        -0.019076162949204445,
        -0.06828492134809494,
        0.018700337037444115,
        0.07097259163856506,
        0.01729697547852993,
        -0.013746143318712711,
        -0.007033698260784149,
        0.02528606727719307,
        -0.09073399007320404,
        0.033839281648397446,
        0.03753005713224411,
        -0.025797655805945396,
        -0.013178396038711071,
        -0.05069315806031227,
        0.023610692471265793,
        0.00429152324795723,
        -0.020009180530905724,
        -0.02398907020688057,
        -0.015479077585041523,
        -0.18329371511936188,
        -0.007929450832307339,
        -0.060121145099401474,
        0.06654813140630722,
        -0.0420113205909729,
        0.012919164262712002,
        -0.04294820502400398,
        -0.009951741434633732,
        0.04470285400748253,
        -0.026785023510456085,
        0.043890468776226044,
        0.05061871558427811,
        0.051513709127902985,
        0.002970627974718809,
        -0.013540474697947502,
        -0.0028137320186942816,
        -0.04672227427363396,
        -0.02290702983736992,
        -0.031641341745853424,
        0.06176430359482765,
        -0.002536316867917776,
        -0.0039224037900567055,
        -0.04369346424937248,
        0.03699427470564842,
        -0.004418137948960066,
        0.052889205515384674,
        0.0029672174714505672,
        0.08190988749265671,
        0.024156218394637108,
        0.059790462255477905,
        0.015251580625772476,
        0.024649178609251976,
        0.048330701887607574,
        -0.22764408588409424,
        0.038329511880874634,
        0.04243500903248787,
        0.04279198870062828,
        -0.08199857920408249,
        -0.03554827347397804,
        0.06581264734268188,
        0.06279733777046204,
        -0.010407027788460255,
        0.041489433497190475,
        0.052645470947027206,
        0.0409402959048748,
        0.028855374082922935,
        -0.01573459431529045,
        -0.007276014890521765,
        -0.04779788851737976,
        -0.01071845181286335,
        0.018306972458958626,
        -0.011846681125462055,
        0.003872672561556101,
        0.009951401501893997,
        0.008998011238873005,
        -0.044500142335891724,
        -0.04972574859857559,
        -0.031841617077589035,
        -0.08271636068820953,
        0.05517379194498062,
        0.025359293445944786,
        -0.014368041418492794,
        -0.01671365089714527,
        -0.035546284168958664,
        0.004841327667236328,
        -0.033047959208488464,
        -0.019687093794345856,
        0.021286841481924057,
        0.021405193954706192,
        -0.08442673087120056,
        0.21737319231033325,
        -0.030794784426689148,
        0.029562318697571754,
        0.00748242624104023,
        -0.009311709553003311,
        0.041930921375751495,
        -0.010801544412970543,
        -0.019010795280337334,
        -0.023952117189764977,
        -0.053629320114851,
        0.026266125962138176,
        0.0015270188450813293,
        -0.020710544660687447,
        0.05588694289326668,
        -0.05794534832239151,
        0.04451405629515648,
        0.04417175427079201,
        0.047822460532188416,
        0.002614133758470416,
        -0.012703293934464455,
        0.0159401074051857,
        -0.02602466382086277,
        0.024861842393875122,
        0.030224623158574104,
        -0.03985946998000145,
        0.018366990610957146,
        -0.09125745296478271,
        0.08107436448335648,
        0.10706064850091934,
        0.034987952560186386,
        -0.013176482170820236,
        0.02555328793823719,
        -0.06733770668506622,
        -0.009537850506603718,
        -0.003002885030582547,
        -0.00046144486987031996,
        0.000842325680423528,
        0.028651077300310135,
        -0.0018550646491348743,
        0.0435657873749733,
        -0.01820749044418335,
        -0.041359759867191315,
        -0.142068013548851,
        -0.035961054265499115,
        -0.09792543947696686,
        0.00346399680711329,
        0.062038734555244446,
        0.020432502031326294,
        0.04239886254072189,
        -0.043770186603069305,
        0.03487980738282204,
        -0.013908930122852325,
        0.04720698669552803,
        -0.045848920941352844,
        -0.030817577615380287,
        0.02601015567779541,
        0.01464034616947174,
        -0.003030363703146577,
        0.07270731776952744,
        -0.04912707209587097,
        0.025708332657814026,
        0.00039282775833271444,
        -0.04759139195084572,
        -0.01664678007364273,
        0.11255845427513123,
        0.0010899740736931562,
        -0.037694547325372696,
        -0.00878530740737915,
        0.023298876360058784,
        0.006022704765200615,
        -0.03220206871628761,
        0.05857902392745018,
        0.010482793673872948,
        -0.06820231676101685,
        0.055442146956920624,
        0.05187644809484482,
        0.022496914491057396,
        -0.034820109605789185,
        0.00024198123719543219,
        -0.005870528519153595,
        0.0373246930539608,
        0.03767732158303261,
        -0.08056582510471344,
        -0.056189507246017456,
        0.03355183079838753,
        0.0026527445297688246,
        0.009331258945167065,
        -0.01136203296482563,
        -0.006293275859206915,
        0.07852713763713837,
        0.08336721360683441,
        -0.007054968271404505,
        0.010340996086597443,
        -0.05067089945077896,
        -0.05232442542910576,
        -0.03740468621253967,
        -0.020597772672772408,
        -0.03135347738862038,
        -0.02587483823299408,
        -0.053360022604465485,
        -0.017478926107287407,
        -0.01839715614914894,
        -0.037139248102903366,
        0.0013088776031509042,
        0.020775292068719864,
        0.08194895088672638,
        0.0325273796916008,
        0.00019539502682164311,
        -0.025798117741942406,
        0.07704416662454605,
        0.05659782886505127,
        -0.05013466626405716,
        0.028193404898047447,
        0.008589121513068676,
        0.000736852758564055,
        -0.022230364382267,
        0.046280134469270706,
        0.04405750706791878,
        0.016108667477965355,
        0.04685813561081886,
        0.0015048433560878038,
        0.028340810909867287,
        -0.06860952079296112,
        -0.052788861095905304,
        -0.22420555353164673,
        0.004624883644282818,
        0.007573865819722414,
        -0.01450730673968792,
        0.09113766252994537,
        -0.054674405604600906,
        0.023888707160949707,
        -0.04583176225423813,
        -0.00015744924894534051,
        0.021313738077878952,
        0.04959036409854889,
        -0.020095305517315865,
        -0.04493604972958565,
        0.048907067626714706,
        -0.004102271515876055,
