{
    "index": 267,
    "page": 42,
    "text": "16 [κατορθώσεις (15): Acts of “rightness” or “straightness.”] \nFIFTH BOOK \n\nto, therein is his end. Wherein the end of everything doth consist, therein also doth \nhis good and benefit consist. Society therefore is the proper good of a rational crea-\nture. For that we are made for society, it hath long since been demonstrated. Or can \nany man make any question of this, that whatsoever is naturally worse and inferior, \nis ordinarily subordinated to that which is better? and that those things that are \nbest, are made one for another? And those things that have souls, are better than \nthose that have none? and of those that have, those best that have rational souls?",
    "embedding_of_chunk": [
        -0.0019706073217093945,
        -0.006879671011120081,
        0.03763270378112793,
        -0.04947953671216965,
        -0.006980703677982092,
        0.0024251160211861134,
        0.05539194867014885,
        0.06873112171888351,
        0.004408621694892645,
        -0.012169361114501953,
        -0.002524465089663863,
        -0.08312740176916122,
        -0.019873498007655144,
        0.03892192244529724,
        0.022798126563429832,
        -0.004088598769158125,
        0.009394974447786808,
        0.08393926918506622,
        -0.10111049562692642,
        0.050129663199186325,
        0.05097826570272446,
        -0.060705721378326416,
        -0.05095260962843895,
        -0.08610449731349945,
        0.036464035511016846,
        0.05172721669077873,
        -0.017496449872851372,
        -0.017023833468556404,
        -0.013296285644173622,
        -0.16716836392879486,
        0.0012895503314211965,
        -0.03078296408057213,
        0.05498753860592842,
        -0.030633846297860146,
        0.0033759267535060644,
        -0.02067226730287075,
        -0.07079857587814331,
        0.021567560732364655,
        -0.05832972005009651,
        0.08346793055534363,
        0.048495762050151825,
        0.05076070502400398,
        -0.04317577928304672,
        -0.04579879716038704,
        -0.04576721787452698,
        0.023475198075175285,
        0.006593969650566578,
        -0.02198336273431778,
        0.000839443295262754,
        -0.03472905233502388,
        -0.01011369377374649,
        0.008101183921098709,
        0.005063403397798538,
        0.02566138096153736,
        0.007811726536601782,
        0.02098631113767624,
        0.07878949493169785,
        0.05891750007867813,
        0.013998296111822128,
        -0.011464884504675865,
        0.04747570678591728,
        0.030876249074935913,
        -0.23314820230007172,
        0.08192835003137589,
        0.037104781717061996,
        -0.017740316689014435,
        -0.03154965862631798,
        -0.028310224413871765,
        0.004513365216553211,
        0.02643667161464691,
        -0.0004094780015293509,
        0.009929322637617588,
        0.0751318633556366,
        0.05377053841948509,
        -0.0003625238605309278,
        -0.0027578205335885286,
        0.027442313730716705,
        -0.09288283437490463,
        -0.004875136073678732,
        0.013829771429300308,
        -0.007260413374751806,
        0.006270153913646936,
        -0.013257157988846302,
        0.04389491677284241,
        -0.06071265786886215,
        -0.040136199444532394,
        0.00789932906627655,
        -0.07043152302503586,
        0.01745876669883728,
        0.02675030380487442,
        0.005008211825042963,
        0.0006101810140535235,
        0.002007774543017149,
        0.028020387515425682,
        0.01493916753679514,
        0.010393272154033184,
        0.02117430418729782,
        0.0025501232594251633,
        -0.01906679943203926,
        0.16559311747550964,
        -0.04212375730276108,
        0.003714339341968298,
        0.04025883227586746,
        -0.060340795665979385,
        0.060668185353279114,
        0.003946678712964058,
        -0.010610602796077728,
        -0.06804431229829788,
        -0.0035523558035492897,
        -0.03620634600520134,
        -0.017943555489182472,
        -0.058688826858997345,
        0.05324190855026245,
        -0.058128632605075836,
        0.04974796995520592,
        -0.01705630123615265,
        0.07477422803640366,
        0.022891927510499954,
        -0.021153556182980537,
        -0.009860225953161716,
        0.0065606739372015,
        0.05831234157085419,
        0.07130701094865799,
        -0.013253655284643173,
        0.008205092512071133,
        -0.08933714032173157,
        0.03187746927142143,
        0.07363390922546387,
        0.02157501131296158,
        -0.013755706138908863,
        0.046760447323322296,
        -0.05952511727809906,
        -0.011725855059921741,
        -0.04357528313994408,
        0.026309266686439514,
        0.008094352670013905,
        0.03638002648949623,
        -0.01176040805876255,
        0.028598064556717873,
        -0.0054723299108445644,
        -0.03001241572201252,
        -0.13341212272644043,
        -0.026038268581032753,
        -0.11051938682794571,
        -0.01870599389076233,
        0.07940933108329773,
        -0.0027242559008300304,
        0.011600480414927006,
        -0.05357138440012932,
        0.041120968759059906,
        -0.033301111310720444,
        0.0631972923874855,
        -0.041978783905506134,
        0.024772098287940025,
        -0.003407723968848586,
        0.030295012518763542,
        0.03540072217583656,
        0.023429637774825096,
        -0.03631047159433365,
        -0.005421529524028301,
        -0.015605680644512177,
        0.003790205577388406,
        -0.07798225432634354,
        0.14691618084907532,
        0.000942279293667525,
        -0.027642134577035904,
        0.001659922068938613,
        0.0038748548831790686,
        -0.021888265386223793,
        -0.008125295862555504,
        0.029012883082032204,
        -0.006432903930544853,
        -0.014691172167658806,
        0.06274885684251785,
        0.0769907534122467,
        0.04006750509142876,
        -0.02819294109940529,
        -0.0037916379515081644,
        -0.016569629311561584,
        -0.017967011779546738,
        0.05610101670026779,
        -0.02109297178685665,
        -0.08697301894426346,
        0.044641923159360886,
        0.014525450766086578,
        -0.011715181171894073,
        -0.06681802123785019,
        -0.0427357442677021,
        0.032429084181785583,
        0.03275901824235916,
        0.009362811222672462,
        0.053802914917469025,
        -0.09430156648159027,
        -0.035365838557481766,
        -0.016811085864901543,
        -0.05254439637064934,
        -0.006284404546022415,
        0.004694669041782618,
        -0.02484956942498684,
        0.0013265876332297921,
        -0.022657932713627815,
        -0.0012219959171488881,
        -0.04008721187710762,
        0.001059646951034665,
        0.00623953714966774,
        0.06386131048202515,
        -0.017527936026453972,
        -0.027114281430840492,
        0.06431761384010315,
        0.025538748130202293,
        -0.04495977982878685,
        0.01185552403330803,
        0.058761630207300186,
        0.010673997923731804,
        -0.0469634048640728,
        -0.014099424704909325,
        0.0559673048555851,
        0.010975973680615425,
        0.0074523938819766045,
        0.025637604296207428,
        -0.006515413522720337,
        -0.05388453230261803,
        -0.06406936049461365,
        -0.22718936204910278,
        0.0025541323702782393,
        -0.011910188011825085,
        -0.03265611454844475,
        0.11001607030630112,
        0.004856984131038189,
        0.028458939865231514,
        -0.02483820542693138,
        0.035550571978092194,
        0.064931720495224,
        0.09933508932590485,
        -0.021146154031157494,
        -0.036112941801548004,
        0.04559638351202011,
        0.017586365342140198,
        0.042661044746637344,
        0.0007114868494682014,
