{
    "index": 219,
    "page": 35,
    "text": "XXXIV. What art thou, that better and divine part excepted, but as Epictetus said \nwell, a wretched soul, appointed to carry a carcass up and down? \n\nXXXV. To suffer change can be no hurt; as no benefit it is, by change to attain to be-\ning. The age and time of the world is as it were a flood and swift current, consisting \nof the things that are brought to pass in the world. For as soon as anything hath ap-\npeared, and is passed away, another succeeds, and that also will presently out of \nsight.",
    "embedding_of_chunk": [
        -0.05318514630198479,
        -0.022028109058737755,
        0.08133766055107117,
        0.030048519372940063,
        0.014501649886369705,
        0.01561870239675045,
        0.051059290766716,
        0.04393539950251579,
        0.005290281027555466,
        -0.025514880195260048,
        0.00278841913677752,
        -0.09536945819854736,
        0.04199310764670372,
        0.01979154348373413,
        0.008977453224360943,
        -0.01474486943334341,
        -0.004668847657740116,
        0.007718665059655905,
        -0.0761098861694336,
        0.025948219001293182,
        0.06873995810747147,
        -0.026435017585754395,
        -0.015341706573963165,
        -0.0817757099866867,
        0.027372172102332115,
        0.023703040555119514,
        0.011846330948174,
        -0.04095578193664551,
        -0.03380924090743065,
        -0.15712536871433258,
        -0.025620268657803535,
        -0.06666159629821777,
        0.013091206550598145,
        -0.014970876276493073,
        -0.05269286409020424,
        0.02887093462049961,
        -0.03681819513440132,
        0.0001642502029426396,
        -0.04332858324050903,
        0.0981476828455925,
        0.04150544852018356,
        0.07825823128223419,
        -0.0505392923951149,
        -0.05522048845887184,
        -0.07157501578330994,
        -0.06181030720472336,
        -0.020112860947847366,
        -0.01042336318641901,
        0.021092522889375687,
        -0.023015039041638374,
        -0.04110705479979515,
        0.004231381230056286,
        0.03633945807814598,
        0.04558896645903587,
        0.0011608563363552094,
        0.02388891950249672,
        0.049260035157203674,
        0.03492945060133934,
        0.030004169791936874,
        0.013447524048388004,
        0.06213457137346268,
        0.01745455712080002,
        -0.20935283601284027,
        0.08764676004648209,
        0.04987682029604912,
        0.014071411453187466,
        -0.026002103462815285,
        -0.034935444593429565,
        -0.017094332724809647,
        0.06845709681510925,
        -0.05567815527319908,
        0.0019636638462543488,
        0.022836171090602875,
        0.06754796952009201,
        0.03382878005504608,
        -0.04225090518593788,
        0.005388601217418909,
        -0.0546329990029335,
        -0.003397907130420208,
        0.004818698391318321,
        0.0628703311085701,
        0.030762694776058197,
        -0.02958616614341736,
        -0.016158578917384148,
        -0.0568615086376667,
        -0.06318075209856033,
        0.0035042501986026764,
        -0.05541885271668434,
        0.046386364847421646,
        0.024348415434360504,
        -0.04876606538891792,
        -0.0024791336618363857,
        0.023816315457224846,
        0.007669390644878149,
        -0.032406896352767944,
        -0.03476821631193161,
        0.032722845673561096,
        0.020439915359020233,
        -0.03649870306253433,
        0.1972726583480835,
        -0.03188778832554817,
        0.04918763414025307,
        0.01900430954992771,
        -0.027834847569465637,
        0.06329607963562012,
        -0.026425428688526154,
        -0.05183304101228714,
        -0.05535037815570831,
        -0.023492226377129555,
        -0.02369646728038788,
        0.013272461481392384,
        -0.008530750870704651,
        0.032438866794109344,
        -0.04025252163410187,
        0.045207034796476364,
        -0.03299117460846901,
        0.01307082362473011,
        0.03829403594136238,
        -0.03192945197224617,
        0.014660579152405262,
        -0.022568318992853165,
        0.020563853904604912,
        0.07491842657327652,
        -0.012032547034323215,
        0.0200519859790802,
        -0.07994532585144043,
        0.0703854113817215,
        0.12490597367286682,
        -0.012661698274314404,
        -0.021046530455350876,
        0.029810022562742233,
        -0.03309048339724541,
        -0.060465920716524124,
        -0.01138180773705244,
        0.00954995397478342,
        0.0452897772192955,
        -0.0012674110475927591,
        0.012585612945258617,
        -0.01659231446683407,
        -0.034733694046735764,
        -0.016598572954535484,
        -0.1390133947134018,
        -0.024148020893335342,
        -0.10077375173568726,
        -0.0325750857591629,
        0.08577188104391098,
        -0.020143862813711166,
        0.043296683579683304,
        -0.029451556503772736,
        0.012375698424875736,
        0.0017351750284433365,
        0.019856488332152367,
        -0.04643351957201958,
        -0.008528972044587135,
        0.026097603142261505,
        0.018643885850906372,
        0.024158881977200508,
        0.039362967014312744,
        -0.05130787193775177,
        -0.007993066683411598,
        0.06334830075502396,
        0.0184932891279459,
        -0.048036184161901474,
        0.1073908880352974,
        0.05853554978966713,
        -0.009954040870070457,
        -0.017038382589817047,
        -0.036386508494615555,
        0.024318350479006767,
        0.004371280781924725,
        -0.0003631073050200939,
        -0.00412403279915452,
        -0.02938191406428814,
        0.022387990728020668,
        0.129777729511261,
        0.0179433636367321,
        -0.0050509036518633366,
        0.01969132199883461,
        0.009879092685878277,
        0.018719183281064034,
        0.05834846943616867,
        -0.019919315353035927,
        -0.0583517886698246,
        0.05155317857861519,
        0.02448190748691559,
        -0.008443172089755535,
        -0.0396745391190052,
        -0.03868429735302925,
        0.050568439066410065,
        0.03400196135044098,
        0.01683972217142582,
        0.04217849299311638,
        -0.05821144953370094,
        -0.01755508780479431,
        -0.006080692168325186,
        -0.009068580344319344,
        -0.029126886278390884,
        0.0069178505800664425,
        -0.023797079920768738,
        -0.017334477975964546,
        -0.002617273945361376,
        -0.0007264200830832124,
        -0.03527123108506203,
        0.015134972520172596,
        0.036144789308309555,
        -0.019539348781108856,
        -0.0005575398681685328,
        -0.05838092416524887,
        0.05833848565816879,
        0.029626572504639626,
        -0.04163230583071709,
        0.023867463693022728,
        0.06872133910655975,
        0.006852038204669952,
        -0.0014631303492933512,
        0.028932912275195122,
        0.007651047315448523,
        -0.028631022199988365,
        0.012904742732644081,
        0.030817179009318352,
        0.05026979744434357,
        -0.09851433336734772,
        -0.01023819949477911,
        -0.23332497477531433,
        -0.001460375846363604,
        -0.011470392346382141,
        -0.06872529536485672,
        0.07948198169469833,
        -0.02241465635597706,
        -0.01151936687529087,
        -0.019462931901216507,
        0.02645469456911087,
        0.026703044772148132,
        0.06890270859003067,
        -0.027224479243159294,
        -0.025953173637390137,
        0.02104009874165058,
        0.01060533057898283,
        0.06107381358742714,
        0.005361655727028847,
        0.015256257727742195,
        -0.014988275244832039,
        -0.006815382745116949,
        -0.042277924716472626,
        0.04062784090638161,
        -0.018618740141391754,
        -0.09258824586868286,
