{
    "index": 391,
    "page": 62,
    "text": "30 consider I pray,",
    "embedding_of_chunk": [
        -0.030545827001333237,
        -0.001952695194631815,
        0.013662736862897873,
        -0.059818245470523834,
        0.012182560749351978,
        0.03790680319070816,
        0.06394542008638382,
        0.039164893329143524,
        0.0032990681938827038,
        -0.04632360860705376,
        -0.017829949036240578,
        -0.08590959757566452,
        0.019875746220350266,
        0.033005889505147934,
        0.019156713038682938,
        0.0459308847784996,
        -0.0003407181065995246,
        0.00580460112541914,
        -0.053844600915908813,
        0.02660016529262066,
        0.020337823778390884,
        -0.015436887741088867,
        -0.0064085242338478565,
        -0.06905105710029602,
        0.02303960919380188,
        0.042040128260850906,
        -0.04112008586525917,
        -0.016627514734864235,
        -0.054242487996816635,
        -0.11941685527563095,
        0.029552986845374107,
        -0.06213526427745819,
        0.04032084718346596,
        -0.03644062951207161,
        -0.034682292491197586,
        -0.013265330344438553,
        -0.05295398458838463,
        0.07852637767791748,
        -0.0601070299744606,
        0.04581209272146225,
        0.047834303230047226,
        0.020443521440029144,
        -0.01080955658107996,
        -0.07189898192882538,
        -0.054153915494680405,
        -0.0537683367729187,
        -0.053805746138095856,
        -0.028174977749586105,
        0.06639262288808823,
        0.0012524549383670092,
        -0.019867287948727608,
        0.007072654087096453,
        0.008833775296807289,
        0.033918362110853195,
        -0.017094027251005173,
        0.02275186777114868,
        0.004031672608107328,
        0.025229759514331818,
        0.04807911068201065,
        0.06577742099761963,
        0.04275989159941673,
        0.01331863272935152,
        -0.23601971566677094,
        0.09425655007362366,
        0.031978026032447815,
        0.008627839386463165,
        8.736951713217422e-05,
        -0.00105034199077636,
        0.025072084739804268,
        0.01895594410598278,
        -0.015292949974536896,
        0.038866084069013596,
        0.017601722851395607,
        0.06190641224384308,
        0.030732451006770134,
        -0.039425600320100784,
        -0.026219401508569717,
        -0.05602028965950012,
        -0.02887241169810295,
        -0.0030816872604191303,
        -0.005408042576164007,
        -0.011948978528380394,
        -0.030358297750353813,
        -0.06874862313270569,
        -0.042679350823163986,
        -0.027517881244421005,
        0.039518702775239944,
        -0.03601597249507904,
        0.06420166045427322,
        -0.01442487258464098,
        -0.024711329489946365,
        -0.005174465477466583,
        -0.047831468284130096,
        0.022183120250701904,
        -0.07075192034244537,
        -0.006858024280518293,
        0.041276220232248306,
        0.005236020311713219,
        -0.09095083922147751,
        0.22519758343696594,
        -0.05512543022632599,
        0.02755371481180191,
        0.03249984607100487,
        -0.05338698625564575,
        0.020993202924728394,
        -0.0547705702483654,
        -0.021069487556815147,
        -0.05697517842054367,
        -0.0318339467048645,
        0.011032016947865486,
        -0.004874780774116516,
        -0.0020107559394091368,
        0.021582115441560745,
        -0.04056866466999054,
        0.0233149416744709,
        0.012708790600299835,
        0.03174791857600212,
        -0.00024504511384293437,
        -0.04358183592557907,
        0.0024623803328722715,
        -0.004477374255657196,
        0.017534030601382256,
        0.10023756325244904,
        -0.03822895884513855,
        0.005416284780949354,
        -0.10158403217792511,
        0.01689632423222065,
        0.09745664149522781,
        -0.005127707961946726,
        0.03929094225168228,
        0.03135199472308159,
        -0.02765435166656971,
        -0.031088272109627724,
        -0.03172016516327858,
        0.027582602575421333,
        0.038707710802555084,
        -0.002611432923004031,
        0.002163149416446686,
        0.05643598735332489,
        -0.05769883841276169,
        -0.008693333715200424,
        -0.16791404783725739,
        -0.022522877901792526,
        -0.09213674813508987,
        0.0015775661449879408,
        0.0759785920381546,
        -0.029415857046842575,
        0.045863837003707886,
        -0.05738183483481407,
        -0.014837910421192646,
        0.02072850801050663,
        0.05375218391418457,
        -0.02120591327548027,
        -0.016305413097143173,
        -0.0032054854091256857,
        0.052413079887628555,
        0.03721149265766144,
        0.0365380197763443,
        -0.014406674541532993,
        0.029299477115273476,
        0.022248292341828346,
        -0.04165684059262276,
        -0.035056449472904205,
        0.036203909665346146,
        0.02812378853559494,
        -0.041801903396844864,
        -0.020085277035832405,
        0.0011130275670439005,
        -0.01616170071065426,
        -0.01859184354543686,
        0.04039725661277771,
        -0.015749545767903328,
        -0.04701520502567291,
        0.032815929502248764,
        0.09059625118970871,
        0.035555023699998856,
        -0.01083180122077465,
        0.05697189271450043,
        -0.0037271170876920223,
        0.039772432297468185,
        0.012982997111976147,
        -0.03751412406563759,
        -0.017325205728411674,
        0.043404288589954376,
        0.014604553580284119,
        -0.06181980296969414,
        -0.04144390672445297,
        -0.0011514012003317475,
        0.01480401586741209,
        0.011073862202465534,
        -0.005896002519875765,
        0.0473768413066864,
        -0.014642181806266308,
        0.02049366757273674,
        -0.051141999661922455,
        -0.059788551181554794,
        -0.04432293400168419,
        -0.006213915999978781,
        0.011212454177439213,
        -0.05625278875231743,
        0.05391739308834076,
        -0.06240297481417656,
        -0.01675928197801113,
        0.009072345681488514,
        0.03358478099107742,
        0.03816796466708183,
        0.0022797766141593456,
        -0.01419706828892231,
        0.07150726765394211,
        0.01814138889312744,
        -0.019244492053985596,
        0.016061021015048027,
        0.10171429067850113,
        -0.029668493196368217,
        -0.016646437346935272,
        0.013334790244698524,
        0.008673450909554958,
        0.019076324999332428,
        -0.0013590067392215133,
        0.06446941941976547,
        0.07029202580451965,
        -0.07666043192148209,
        -0.04005821794271469,
        -0.1878999024629593,
        0.01615346595644951,
        -0.01908431202173233,
        -0.05316641181707382,
        0.06515007466077805,
        -0.06540002673864365,
        0.02701226808130741,
        -0.0004391207767184824,
        0.06978670507669449,
        0.05031467601656914,
        0.08546819537878036,
        -0.010285447351634502,
        -0.013815643265843391,
        0.031174728646874428,
        -0.013891288079321384,
        0.047164782881736755,
        -0.04224219173192978,
        -0.023012250661849976,
        -0.034440360963344574,
        -0.010282776318490505,
        -0.03093709982931614,
        0.055318769067525864,
        -0.02637418359518051,
        -0.01827624812722206,
        0.04113031551241875,
        -0.01651928760111332,
        0.17562046647071838,
        0.10348813980817795,
        -0.0009896757546812296,
        0.011194678954780102,
        0.07034184783697128,
        -0.028620844706892967,
        0.017891990020871162,
        -0.14977096021175385,
        0.02837200090289116,
        0.038364484906196594,
        0.023063937202095985,
        -0.03437504917383194,
        -0.024590564891695976,
