{
    "index": 191,
    "page": 31,
    "text": "XI. Hast thou reason? I have. Why then makest thou not use of it? For if thy reason \ndo her part, what more canst thou require? \n\nXII. As a part hitherto thou hast had a particular subsistence: and now shalt thou \nvanish away into the common substance of Him, who first begot thee, or rather thou \nshalt be resumed again into that original rational substance, out of which all others \nhave issued, and are propagated. Many small pieces of frankincense are set upon the \nsame altar, one drops first and is consumed, another after; and it comes all to one. \n\nXIII. Within ten days, if so happen, thou shalt be esteemed a god of them, who now if \nthou shalt return to the dogmata and to the honouring of reason, will esteem of thee \nno better than of a mere brute, and of an ape.",
    "embedding_of_chunk": [
        -0.06158982217311859,
        0.003343782154843211,
        0.010380260646343231,
        -0.036945294588804245,
        0.023656578734517097,
        -0.0009944111807271838,
        0.09732268750667572,
        0.08969544619321823,
        0.016456549987196922,
        -0.024035701528191566,
        0.018975742161273956,
        -0.09070125222206116,
        0.014166457578539848,
        0.03259970247745514,
        0.02636483497917652,
        -0.005462090950459242,
        -0.01443225797265768,
        0.037406742572784424,
        -0.09791748225688934,
        0.011568401008844376,
        0.03889185190200806,
        -0.04068369045853615,
        -0.03252560645341873,
        -0.06475024670362473,
        0.02182166650891304,
        0.04846303537487984,
        -0.011894654482603073,
        -0.04765061289072037,
        0.0006948866066522896,
        -0.1966705322265625,
        0.009852513670921326,
        -0.02774864248931408,
        0.04469332471489906,
        0.003337498754262924,
        -0.00976523943245411,
        0.012012330815196037,
        -0.046483881771564484,
        0.029443468898534775,
        -0.0371985137462616,
        0.08127134293317795,
        0.0421026349067688,
        0.05394263565540314,
        -0.006350832525640726,
        -0.05545822158455849,
        -0.007992459461092949,
        -0.048691462725400925,
        -0.03882993385195732,
        -0.02448088675737381,
        0.044888485223054886,
        -0.03773483261466026,
        0.00785880908370018,
        -0.03698533773422241,
        0.03261355310678482,
        0.05141012743115425,
        0.025960132479667664,
        0.05991769954562187,
        0.04927963390946388,
        0.017161358147859573,
        0.02376408688724041,
        0.011562613770365715,
        0.03587010130286217,
        0.06197879835963249,
        -0.22024263441562653,
        0.08839692920446396,
        0.07616757601499557,
        -0.0042938170954585075,
        -0.04052203521132469,
        -0.04214061051607132,
        -0.005473192781209946,
        0.0661996454000473,
        -0.023289913311600685,
        0.04540599137544632,
        0.05977020412683487,
        0.0500035360455513,
        0.010938838124275208,
        -0.05233839154243469,
        0.023967377841472626,
        -0.022595571354031563,
        -0.035152021795511246,
        0.02907465770840645,
        -0.04499804228544235,
        0.03719285875558853,
        -0.023909492418169975,
        0.04934684932231903,
        -0.03220691159367561,
        -0.03708307072520256,
        0.017030814662575722,
        -0.06135648116469383,
        0.032208893448114395,
        0.027907507494091988,
        0.008702858351171017,
        -0.00563269155099988,
        -0.018959859386086464,
        -0.009281245060265064,
        -0.07115282863378525,
        -0.030815517529845238,
        0.03095773048698902,
        -0.012615545652806759,
        -0.05210934206843376,
        0.20868387818336487,
        -0.04831947386264801,
        0.035193588584661484,
        -0.003179302904754877,
        -0.06184304878115654,
        0.0570266991853714,
        -0.007011407054960728,
        -0.014272427186369896,
        -0.043372612446546555,
        0.006400467827916145,
        0.005531708709895611,
        0.01999882236123085,
        0.028832590207457542,
        0.06074373424053192,
        -0.06746186316013336,
        0.02314840257167816,
        4.4038348278263584e-05,
        0.008118459023535252,
        -0.008204842917621136,
        -0.05617523193359375,
        0.016931788995862007,
        -0.01890280283987522,
        0.01872936636209488,
        0.06619398295879364,
        -0.0012643934460356832,
        0.03219371289014816,
        -0.0659753829240799,
        0.04899631068110466,
        0.09097439795732498,
        -0.043211668729782104,
        -0.0006919939769431949,
        0.011698423884809017,
        -0.08586803078651428,
        -0.013473394326865673,
        -0.043751053512096405,
        0.04575776681303978,
        0.05641436576843262,
        0.03428337350487709,
        -0.043140262365341187,
        0.006738029886037111,
        -0.05300348997116089,
        -0.032019902020692825,
        -0.1366414576768875,
        -0.02339044027030468,
        -0.10407397150993347,
        0.010414501652121544,
        0.07228018343448639,
        0.021446794271469116,
        0.022448064759373665,
        -0.029377084225416183,
        -0.007274306379258633,
        -0.011310523375868797,
        0.06295999139547348,
        -0.04625578969717026,
        0.0025553458835929632,
        0.0319310761988163,
        0.026621831580996513,
        -0.025454943999648094,
        0.04637248441576958,
        -0.0020014808978885412,
        -0.001270594191737473,
        0.0026742354966700077,
        -0.049925390630960464,
        -0.028823379427194595,
        0.10339586436748505,
        0.03696250542998314,
        -0.022261856123805046,
        -0.01617286540567875,
        0.009947090409696102,
        0.04564819112420082,
        -0.010737263597548008,
        0.028292406350374222,
        -0.006339626386761665,
        -0.07662121951580048,
        0.027267368510365486,
        0.08427538722753525,
        0.027225663885474205,
        -0.04339650273323059,
        0.038408178836107254,
        -0.029846739023923874,
        0.05479643493890762,
        0.030211742967367172,
        -0.07286758720874786,
        -0.08415941894054413,
        0.06764601171016693,
        0.003195075783878565,
        -0.07785974442958832,
        -0.01465561706572771,
        -0.020239397883415222,
        -0.015672417357563972,
        0.06925002485513687,
        -0.0338110588490963,
        0.053986553102731705,
        -0.04458993673324585,
        0.020484616979956627,
        -0.006491158157587051,
        0.006232166662812233,
        -0.06929124146699905,
        0.019715020433068275,
        -0.03779715299606323,
        -0.028688879683613777,
        0.006975624244660139,
        -0.01971994712948799,
        -0.03623165190219879,
        0.011442442424595356,
        -0.003570742206647992,
        0.021651841700077057,
        0.023903151974081993,
        -0.02156374789774418,
        0.04275820404291153,
        0.031914129853248596,
        -0.010993720032274723,
        0.04285335913300514,
        0.043905191123485565,
        -0.0023012422025203705,
        -0.024615205824375153,
        0.01546753104776144,
        0.038709890097379684,
        0.00272550480440259,
        0.025761356577277184,
        0.04581834748387337,
        0.010202676057815552,
        -0.0852760523557663,
        -0.044476572424173355,
        -0.23007647693157196,
        0.010789941996335983,
        0.006445195991545916,
        -0.04033208638429642,
        0.0772794783115387,
        -0.025987446308135986,
        0.012441548518836498,
        -0.012734252959489822,
        0.016864227131009102,
        0.04526082053780556,
        0.048018839210271835,
        -0.01445220410823822,
        -0.029892588034272194,
        0.02876005508005619,
