{
    "index": 664,
    "page": 104,
    "text": "II. God beholds our minds and understandings, bare and naked from these material \nvessels, and outsides, and all earthly dross. For with His simple and pure under-\nstanding, He pierceth into our inmost and purest parts, which from His, as it were by \na water pipe and channel, first flowed and issued. This if thou also shalt use to do, \nthou shalt rid thyself of that manifold luggage, wherewith thou art round about en-\ncumbered. For he that does regard neither his body, nor his clothing, nor his dwell-\ning, nor any such external furniture, must needs gain unto himself great rest and \nease. Three things there be in all, which thou doest consist of; thy body, thy life, and \nthy mind. Of these the two former, are so far forth thine, as that thou art bound to",
    "embedding_of_chunk": [
        0.013025108724832535,
        0.010754209011793137,
        0.030544735491275787,
        -0.01755157858133316,
        0.010021994821727276,
        0.014955639839172363,
        0.09258919954299927,
        0.05053224787116051,
        -0.029863690957427025,
        -0.0016486983513459563,
        -0.011845722794532776,
        -0.11485078930854797,
        0.03842957690358162,
        0.025215579196810722,
        0.021651947870850563,
        0.01874365843832493,
        -0.007687197998166084,
        0.060239359736442566,
        -0.11804699152708054,
        0.00766212772578001,
        0.04581301659345627,
        0.0008889508317224681,
        -0.020449351519346237,
        -0.09081748127937317,
        -0.005752854980528355,
        0.01594654470682144,
        -0.030638936907052994,
        -0.02915000356733799,
        0.002345428103581071,
        -0.19764849543571472,
        -0.009806003421545029,
        -0.06512659043073654,
        0.007257355377078056,
        -0.006374438293278217,
        -0.013997845351696014,
        -0.0269045140594244,
        -0.019973307847976685,
        0.056597400456666946,
        -0.027442939579486847,
        0.032663341611623764,
        0.01720023714005947,
        0.04887643828988075,
        -0.04606163501739502,
        -0.0404643677175045,
        -0.02537752315402031,
        -0.03216835856437683,
        -0.010126551613211632,
        0.004049943294376135,
        0.04548896104097366,
        -0.037193238735198975,
        -0.032467521727085114,
        0.015938103199005127,
        0.0008405534899793565,
        0.048079174011945724,
        0.03884587809443474,
        0.02874521166086197,
        0.05209030956029892,
        0.02394525334239006,
        0.03565021604299545,
        0.018298033624887466,
        0.03359130024909973,
        0.014992755837738514,
        -0.21795950829982758,
        0.11014918237924576,
        0.057963527739048004,
        0.013519746251404285,
        -0.05420640483498573,
        -0.05055883526802063,
        0.02818632498383522,
        0.053138867020606995,
        0.00921042449772358,
        0.025953756645321846,
        0.016311345621943474,
        0.05468478798866272,
        0.0025912015698850155,
        -0.048452697694301605,
        -0.0015499775763601065,
        -0.0484129898250103,
        -0.0036431686021387577,
        0.01838999055325985,
        -0.010160033591091633,
        0.022642603144049644,
        -0.0008660088642500341,
        0.008211798034608364,
        -0.04927106201648712,
        -0.013865095563232899,
        -0.030382880941033363,
        -0.07878389209508896,
        0.03489166870713234,
        0.008726421743631363,
        -0.0126831429079175,
        -0.034855347126722336,
        -0.04471346735954285,
        -0.003161007072776556,
        -0.05506036803126335,
        0.005854065530002117,
        0.003418869571760297,
        0.027417242527008057,
        -0.024505535140633583,
        0.2030150443315506,
        -0.02730335108935833,
        0.053977929055690765,
        0.03215577080845833,
        -0.014758234843611717,
        0.05361296609044075,
        -0.03862274810671806,
        -0.013260788284242153,
        -0.053183987736701965,
        -0.027726802974939346,
        0.04449359327554703,
        0.03030725009739399,
        -0.02164662815630436,
        0.010656386613845825,
        -0.024598143994808197,
        0.022951090708374977,
        0.014562316238880157,
        0.024046577513217926,
        0.029678702354431152,
        -0.051873382180929184,
        -0.025606635957956314,
        -0.009488755837082863,
        -0.007372092921286821,
        0.10280082374811172,
        -0.010914504528045654,
        0.008884751237928867,
        -0.11159829795360565,
        0.06597746163606644,
        0.0911220908164978,
        0.00840084534138441,
        0.005590036045759916,
        0.03140195459127426,
        -0.04581494256854057,
        -0.03664540871977806,
        -0.021640507504343987,
        0.01506516057997942,
        0.036916062235832214,
        0.023325690999627113,
        -0.010366596281528473,
        0.055538371205329895,
        -0.018325436860322952,
        -0.025759436190128326,
        -0.12095670402050018,
        -0.036647871136665344,
        -0.1323671191930771,
        0.017690585926175117,
        0.06880214810371399,
        0.02974374033510685,
        7.686301978537813e-05,
        -0.03816249966621399,
        0.02475336380302906,
        -0.030318856239318848,
        0.06668860465288162,
        -0.03707636147737503,
        -0.04891711845993996,
        0.014809357933700085,
        0.020930113270878792,
        0.0028452593833208084,
        0.04824138432741165,
        -0.033804476261138916,
        0.030383629724383354,
        0.03150137886404991,
        -0.018121391534805298,
        -0.06031637266278267,
        0.10404324531555176,
        0.018729200586676598,
        -0.03804273530840874,
        -0.011537539772689342,
        0.017941253259778023,
        0.013945485465228558,
        -0.004714712500572205,
        0.06527029722929001,
        0.028702113777399063,
        -0.084773950278759,
        0.04338932782411575,
        0.07051122188568115,
        0.0294874906539917,
        -0.04901851713657379,
        0.019248483702540398,
        -0.005204451736062765,
        0.025046253576874733,
        0.03085571527481079,
        -0.06050216406583786,
        -0.06936217099428177,
        0.03983621671795845,
        -0.016978366300463676,
        -0.07411407679319382,
        -0.030846429988741875,
        -0.008232074789702892,
        0.038575273007154465,
        0.08491553366184235,
        -0.007365127559751272,
        0.042952001094818115,
        -0.05376492813229561,
        -0.01593882404267788,
        -0.039087262004613876,
        -0.01275312528014183,
        -0.02858281508088112,
        0.01242284756153822,
        -0.07879923284053802,
        -0.015149565413594246,
        0.04107165336608887,
        -0.019702116027474403,
        -0.02385876327753067,
        0.0144383255392313,
        -0.001149191870354116,
        0.0002600011648610234,
        0.026670491322875023,
        -0.02154991775751114,
        0.03279934450984001,
        0.023061677813529968,
        -0.03638029098510742,
        0.03442145138978958,
        0.010847978293895721,
        -0.013095643371343613,
        0.027155308052897453,
        -0.0036624285858124495,
        0.015624015592038631,
        0.030086122453212738,
        0.018931053578853607,
        0.04244199022650719,
        0.03398263081908226,
        -0.12795168161392212,
        -0.07287441939115524,
        -0.21733245253562927,
        0.04461590200662613,
        0.023582015186548233,
        -0.04626990109682083,
        0.08330317586660385,
        -0.04226718842983246,
        0.010548875667154789,
        -0.01962961256504059,
        0.041331250220537186,
        -0.007072888780385256,
        0.04628315940499306,
        -0.03361896798014641,
        -0.04590964689850807,
        0.016292082145810127,
        -0.007060620468109846,
