{
    "index": 119,
    "page": 20,
    "text": "tion. Well then and like a philosopher doth he say, that he of the two is the more to \nbe condemned, that sins with pleasure, than he that sins with grief. For indeed this \nlatter may seem first to have been wronged, and so in some manner through grief \nthereof to have been forced to be angry, whereas he who through lust doth commit \nanything, did of himself merely resolve upon that action.",
    "embedding_of_chunk": [
        -0.010152094066143036,
        0.024023249745368958,
        0.038533177226781845,
        -0.04418347403407097,
        -0.023603111505508423,
        0.01753530651330948,
        0.09860093891620636,
        0.041239600628614426,
        0.04765801504254341,
        -0.04156765341758728,
        0.000525446143001318,
        -0.09007617831230164,
        0.05645446851849556,
        0.029341669753193855,
        0.03177943825721741,
        0.04176284372806549,
        0.020017845556139946,
        0.015574525110423565,
        -0.05670049414038658,
        0.023121096193790436,
        0.06186337396502495,
        -0.03501323238015175,
        -0.02346097305417061,
        -0.05942654609680176,
        0.01089226920157671,
        0.02548813447356224,
        -0.04318683594465256,
        0.00271629705093801,
        -0.024475915357470512,
        -0.1393061727285385,
        0.007588925305753946,
        -0.06411165744066238,
        0.0012672138400375843,
        -0.06575067341327667,
        -0.04451454058289528,
        -0.017732707783579826,
        -0.03427189961075783,
        0.03859662637114525,
        -0.049475040286779404,
        0.02177341841161251,
        0.023879719898104668,
        0.02804429829120636,
        -0.034101903438568115,
        -0.07556497305631638,
        -0.058490049093961716,
        -0.011703670024871826,
        -0.006269580218940973,
        -0.011970632709562778,
        0.031123574823141098,
        -0.046338535845279694,
        -0.01771615818142891,
        -0.003740726038813591,
        0.01881355047225952,
        0.024122288450598717,
        0.001262370147742331,
        -0.013672882691025734,
        0.10008983314037323,
        0.08258509635925293,
        0.015239479020237923,
        0.03057297319173813,
        0.03865258768200874,
        -0.002408373635262251,
        -0.2093203216791153,
        0.08390211313962936,
        0.04185093939304352,
        0.033742353320121765,
        -0.05488758534193039,
        0.004792307037860155,
        0.008094171062111855,
        0.08018092811107635,
        -0.0034857166465371847,
        0.0011831455631181598,
        0.03938903287053108,
        0.01671898178756237,
        0.001345193712040782,
        -0.03922403231263161,
        0.029639456421136856,
        -0.0007976183551363647,
        -0.027085699141025543,
        -0.005357704591006041,
        -0.013586146757006645,
        0.037248048931360245,
        -0.04535913094878197,
        0.007240360137075186,
        -0.06464368849992752,
        -0.07183115929365158,
        0.00015731877647340298,
        -0.07548344880342484,
        0.018188966438174248,
        0.021271342411637306,
        0.002208701567724347,
        -0.03170403465628624,
        0.01625712960958481,
        0.024829627946019173,
        -0.04025727137923241,
        -0.002490959595888853,
        -0.0010718475095927715,
        0.03280709683895111,
        -0.04544053599238396,
        0.19902901351451874,
        -0.02477353624999523,
        0.03914301469922066,
        -0.014260204508900642,
        -0.0228048637509346,
        0.02280554175376892,
        -0.034485217183828354,
        0.01541988831013441,
        -0.03934074565768242,
        -0.03391989320516586,
        -0.0036448510363698006,
        -0.028664037585258484,
        -0.05714351311326027,
        0.03639225289225578,
        -0.04796387255191803,
        0.04433225095272064,
        0.008032495155930519,
        0.048046380281448364,
        0.014404219575226307,
        0.007831963710486889,
        0.000878221879247576,
        0.003316763788461685,
        0.006510869599878788,
        0.08581740409135818,
        -0.03397911414504051,
        0.00015458714915439487,
        -0.09610193222761154,
        0.010016098618507385,
        0.10203249007463455,
        0.03769098222255707,
        -0.044829338788986206,
        0.007176526822149754,
        -0.05435692518949509,
        -0.02635033242404461,
        -0.003395267529413104,
        0.01851004548370838,
        0.07034250348806381,
        0.006544439122080803,
        -0.07387452572584152,
        0.02334100753068924,
        -0.036070775240659714,
        -0.02447422407567501,
        -0.14782044291496277,
        -0.06611767411231995,
        -0.09830295294523239,
        -0.02435722015798092,
        0.052457671612501144,
        0.006317813880741596,
        -0.009740948677062988,
        -0.05071866884827614,
        0.0379885658621788,
        -0.007943377830088139,
        0.03531307354569435,
        -0.08917833864688873,
        -0.003980099223554134,
        0.02277465909719467,
        0.013371647335588932,
        0.012020044028759003,
        0.076527900993824,
        -0.03464818745851517,
        0.023714479058980942,
        0.029184818267822266,
        -0.0054382202215492725,
        -0.05519227311015129,
        0.09573256224393845,
        0.04199507087469101,
        -0.017664846032857895,
        0.0067007411271333694,
        -0.013167299330234528,
        0.03432454913854599,
        0.011154350824654102,
        0.04286370426416397,
        0.01710863970220089,
        -0.06307525187730789,
        0.01104014553129673,
        0.052723925560712814,
        0.02888617292046547,
        -0.02384537272155285,
        -0.04102831706404686,
        -0.008578240871429443,
        0.040980082005262375,
        0.0650058463215828,
        -0.034539103507995605,
        -0.03541533648967743,
        0.020892402157187462,
        0.021072233095765114,
        -0.01758330501616001,
        0.014827407896518707,
        -0.033730026334524155,
        0.044409506022930145,
        0.05815703794360161,
        -0.016202827915549278,
        0.016869906336069107,
        -0.06750907748937607,
        -0.007121484726667404,
        -0.021756019443273544,
        -0.02045978605747223,
        -0.010276416316628456,
        0.019329551607370377,
        -0.05462559685111046,
        0.018343135714530945,
        -0.009512166492640972,
        0.015646127983927727,
        -0.06299728900194168,
        0.018767718225717545,
        -0.002010444877669215,
        0.0023567634634673595,
        -0.017757277935743332,
        -0.006603787187486887,
        0.03063173033297062,
        0.016118327155709267,
        -0.06370023638010025,
        0.021506667137145996,
        0.043330997228622437,
        -0.009474537335336208,
        -0.028059227392077446,
        0.016591252759099007,
        0.031501468271017075,
        0.022261017933487892,
        0.00736341392621398,
        0.04880959913134575,
        -0.019090134650468826,
        -0.0979454293847084,
        -0.021157823503017426,
        -0.23843468725681305,
        -0.042987313121557236,
        -0.035494934767484665,
        -0.046778950840234756,
        0.07270318269729614,
        -0.052553799003362656,
        0.01472653727978468,
        -0.03686542809009552,
        -0.02147730067372322,
        0.048038844019174576,
        0.04733499512076378,
        -0.013951611705124378,
        -0.030004844069480896,
        0.034620050340890884,
        0.012863164767622948,
        0.039368316531181335,
        0.025104466825723648,
        0.011377744376659393,
        -0.018741877749562263,
        -0.004891912918537855,
        -0.03491804748773575,
        0.03844291344285011,
        -0.012341201305389404,
        -0.08772161602973938,
        0.0062027438543736935,
        -0.017656901851296425,
        0.22883906960487366,
