{
    "index": 508,
    "page": 80,
    "text": "XIX. Of an operation and of a purpose there is an ending, or of an action and of a \npurpose we say commonly, that it is at an end: from opinion also there is an absolute \ncessation, which is as it were the death of it. In all this there is no hurt. Apply this \nnow to a man’s age, as first, a child; then a youth, then a young man, then an old \nman; every change from one age to another is a kind of death And all this while here \nno matter of grief yet. Pass now unto that life first, that which thou livedst under thy \ngrandfather, then under thy mother, then under thy father. And thus when through \nthe whole course of thy life hitherto thou hast found and observed many alterations, \nmany changes, many kinds of endings and cessations, put this question to thyself",
    "embedding_of_chunk": [
        -0.013030403293669224,
        0.001984636066481471,
        0.08523847162723541,
        -0.017012890428304672,
        -0.007878461852669716,
        0.021731127053499222,
        0.11324960738420486,
        0.043575212359428406,
        0.019177811220288277,
        -0.028609642758965492,
        0.024485662579536438,
        -0.04421667382121086,
        0.04013877362012863,
        0.02387682907283306,
        0.018886873498558998,
        0.004676375538110733,
        -0.02019299939274788,
        0.06609076261520386,
        -0.06402761489152908,
        0.033434994518756866,
        0.04101833328604698,
        -0.005991437006741762,
        -0.042231008410453796,
        -0.06742288172245026,
        0.04271561652421951,
        0.056605156511068344,
        -0.014385134913027287,
        -0.06473290920257568,
        -0.020613349974155426,
        -0.14862725138664246,
        -0.01681705005466938,
        -0.0248675886541605,
        0.047134507447481155,
        -0.052057698369026184,
        0.008897209540009499,
        -0.014958605170249939,
        -0.02584313042461872,
        0.015191849321126938,
        -0.05985506623983383,
        0.07453817874193192,
        0.09389766305685043,
        0.0597553625702858,
        -0.02011663280427456,
        -0.022571397945284843,
        -0.01958097331225872,
        -0.029254592955112457,
        -0.04495222494006157,
        -0.03846807777881622,
        0.023803452029824257,
        -0.02157050371170044,
        -0.019302088767290115,
        -0.017958110198378563,
        0.056695617735385895,
        0.07032474875450134,
        0.0026627990882843733,
        0.02633708342909813,
        0.07003571838140488,
        0.012586915865540504,
        0.00980084016919136,
        0.014072779566049576,
        0.04660389944911003,
        -0.0021336108911782503,
        -0.2120080143213272,
        0.07632475346326828,
        0.03205156326293945,
        -0.01143348217010498,
        -0.009133572690188885,
        -0.08429552614688873,
        0.011675439774990082,
        0.0832756832242012,
        -0.07393637299537659,
        -0.016379129141569138,
        0.04716866835951805,
        0.10431800037622452,
        -0.021900754421949387,
        -0.02678762748837471,
        0.017297295853495598,
        -0.06129617616534233,
        -0.01295602135360241,
        0.02642088010907173,
        0.013001086190342903,
        -0.02771330624818802,
        0.022358670830726624,
        -0.0008567160693928599,
        -0.06643276661634445,
        -0.05875995010137558,
        0.04211362078785896,
        -0.062259066849946976,
        0.05082395672798157,
        0.03628666326403618,
        -0.017970504239201546,
        0.03193914145231247,
        -0.02114437147974968,
        -0.011234770528972149,
        -0.0414118617773056,
        -0.06487736850976944,
        0.0071145095862448215,
        0.004990536719560623,
        -0.024930637329816818,
        0.21414576470851898,
        -0.07031630724668503,
        0.022623075172305107,
        0.021882932633161545,
        -0.07111421227455139,
        0.029741283506155014,
        0.011644912883639336,
        -0.026647504419088364,
        -0.02001895010471344,
        -0.016783306375145912,
        0.013777345418930054,
        0.00329155963845551,
        -0.004077160265296698,
        0.04239891842007637,
        -0.019713396206498146,
        0.04211832210421562,
        0.04871777445077896,
        0.032056935131549835,
        0.022885121405124664,
        -0.012561715207993984,
        0.0020782933570444584,
        0.0032985263969749212,
        0.029875045642256737,
        0.04138793423771858,
        -0.011751719750463963,
        0.00321708875708282,
        -0.08889521658420563,
        0.05606270581483841,
        0.13329529762268066,
        0.0029539817478507757,
        -0.06874467432498932,
        0.04579547047615051,
        -0.047125671058893204,
        -0.05225035548210144,
        -0.03245335444808006,
        0.020319364964962006,
        0.034127116203308105,
        0.015811868011951447,
        0.010915909893810749,
        -0.01774398796260357,
        -0.045558929443359375,
        -0.013229507021605968,
        -0.12871581315994263,
        -0.024627748876810074,
        -0.09181490540504456,
        -0.022106165066361427,
        0.08446311205625534,
        0.01680016703903675,
        0.005621504969894886,
        -0.03505055978894234,
        0.02108747698366642,
        -0.012566781602799892,
        0.04723374545574188,
        -0.06889215856790543,
        -0.0025233018677681684,
        -0.00046314962673932314,
        0.06352407485246658,
        0.02917642705142498,
        0.003387101925909519,
        -0.03586987406015396,
        0.0075645968317985535,
        -0.030745387077331543,
        -0.04991816729307175,
        -0.06844279170036316,
        0.11628907918930054,
        -0.005235319957137108,
        -0.023754939436912537,
        -0.002996894996613264,
        -0.0004963658866472542,
        -0.00792426336556673,
        0.007327050436288118,
        0.020447105169296265,
        -0.014498474076390266,
        -0.013624407351016998,
        -0.00567931542173028,
        0.09940695762634277,
        0.06478281319141388,
        -0.021713241934776306,
        -0.042617786675691605,
        0.006147853564471006,
        0.021859200671315193,
        0.04642438888549805,
        -0.0382879264652729,
        -0.03591824695467949,
        0.04857536777853966,
        -0.0038405798841267824,
        -0.014661084860563278,
        0.004968679044395685,
        -0.03688305988907814,
        0.07306427508592606,
        0.03877969831228256,
        -0.026441853493452072,
        0.06214498355984688,
        -0.03251395747065544,
        0.0058862012811005116,
        -0.03214963525533676,
        -0.058471933007240295,
        -0.04083133861422539,
        -0.03076137788593769,
        -0.005136529449373484,
        -0.007614068686962128,
        0.013856248930096626,
        0.0013482535723596811,
        -0.0361076295375824,
        0.02292550541460514,
        0.004018776584416628,
        -0.0006225088727660477,
        -0.0005909485626034439,
        -0.012257606722414494,
        0.03456559404730797,
        0.03132272884249687,
        -0.049491263926029205,
        0.0386262871325016,
        0.045934513211250305,
        -0.004880331456661224,
        -0.03540169820189476,
        0.006802658550441265,
        0.0001844412472564727,
        -0.00917169451713562,
        -0.009420229122042656,
        0.05279749631881714,
        0.019401971250772476,
        -0.0862976685166359,
        -0.007049703039228916,
        -0.26456668972969055,
        0.0011434629559516907,
        -0.01388382725417614,
        -0.03843091055750847,
        0.05139396712183952,
        -0.03964652121067047,
        -0.011421154253184795,
        -0.015594729222357273,
        0.017969340085983276,
        0.01604374311864376,
        0.07348209619522095,
        -0.03779727593064308,
        -0.01330299861729145,
        0.03741556778550148,
