{
    "index": 569,
    "page": 89,
    "text": "X. As the spider, when it hath caught the fly that it hunted after, is not little proud, \nnor meanly conceited of herself: as he likewise that hath caught an hare, or hath \ntaken a fish with his net: as another for the taking of a boar, and another of a bear: \nso may they be proud, and applaud themselves for their valiant acts against the \nSarmatæ, or northern nations lately defeated. For these also, these famous soldiers \nand warlike men, if thou dost look into their minds and opinions, what do they for \nthe most part but hunt after prey?",
    "embedding_of_chunk": [
        -0.029154285788536072,
        0.03142310306429863,
        0.03586352616548538,
        -0.010224060155451298,
        0.026955662295222282,
        -0.018807023763656616,
        0.1154448464512825,
        0.04829299822449684,
        -9.082957694772631e-05,
        -0.032702673226594925,
        0.029237812384963036,
        -0.08571214228868484,
        0.04316657409071922,
        0.012991029769182205,
        0.012583320029079914,
        0.04324222728610039,
        -0.027608539909124374,
        0.021619407460093498,
        -0.08231282979249954,
        0.04258664324879646,
        0.05501098930835724,
        -0.03523993864655495,
        0.018732504919171333,
        -0.015918632969260216,
        0.04050223529338837,
        0.04574344679713249,
        -0.023690814152359962,
        -0.007095972076058388,
        -0.008195487782359123,
        -0.16068056225776672,
        -0.03516719862818718,
        -0.04955001547932625,
        0.03433213382959366,
        -0.03367913141846657,
        -0.013264660723507404,
        -0.010143904015421867,
        -0.02040397934615612,
        0.038189128041267395,
        -0.02578584849834442,
        0.07893195003271103,
        0.05242166295647621,
        0.027899907901883125,
        -0.011552274227142334,
        -0.005715243984013796,
        -0.05199160426855087,
        -0.031209580600261688,
        -0.02957157976925373,
        -0.04390526935458183,
        0.015600969083607197,
        -0.05235931649804115,
        -0.038393910974264145,
        -0.01572815515100956,
        0.008023309521377087,
        0.009400415234267712,
        0.0189517792314291,
        0.017385317012667656,
        0.08549415320158005,
        0.013641147874295712,
        0.04066152125597,
        0.010423085652291775,
        0.05375872179865837,
        0.038130853325128555,
        -0.20817583799362183,
        0.08100520074367523,
        0.06036177650094032,
        0.04145430400967598,
        -0.043452613055706024,
        -0.017162160947918892,
        -0.01611422933638096,
        0.05028866231441498,
        -0.021247677505016327,
        0.04401400312781334,
        0.05885475501418114,
        0.04850374907255173,
        0.007783052045851946,
        0.014888678677380085,
        -0.009547319263219833,
        -0.030357342213392258,
        -0.016652485355734825,
        0.0068066660314798355,
        -0.04781682789325714,
        0.01109702605754137,
        -0.00378769775852561,
        -0.0034476332366466522,
        -0.021015914157032967,
        -0.04016087204217911,
        0.023906972259283066,
        -0.0758923590183258,
        0.09103791415691376,
        0.021630560979247093,
        0.0037111924029886723,
        -0.037123776972293854,
        -0.02190408855676651,
        -0.013177500106394291,
        -0.045302897691726685,
        -0.009750034660100937,
        0.014574180357158184,
        0.0007430757977999747,
        -0.03830140084028244,
        0.20459045469760895,
        -0.025684161111712456,
        0.019733145833015442,
        0.026517687365412712,
        -0.038240715861320496,
        0.06045905873179436,
        -0.04337248206138611,
        -0.0007647366728633642,
        -0.029456863179802895,
        -0.02678719535470009,
        0.020733032375574112,
        0.028769521042704582,
        0.005078038666397333,
        0.06646507233381271,
        -0.045334890484809875,
        0.05859016254544258,
        0.03182877227663994,
        0.028371773660182953,
        0.011058973148465157,
        -0.02208973653614521,
        -0.01786409504711628,
        -0.020793892443180084,
        0.011987144127488136,
        0.03903473541140556,
        -0.020795313641428947,
        0.026864107698202133,
        -0.08428845554590225,
        0.08288063108921051,
        0.13350573182106018,
        0.02060055360198021,
        -0.007883765734732151,
        -0.00030620265170000494,
        -0.07430849969387054,
        -0.03515200316905975,
        -0.049420423805713654,
        0.0023301865439862013,
        0.019322063773870468,
        0.023812199011445045,
        0.002170863561332226,
        -0.008696693927049637,
        -0.03171377256512642,
        -0.03650941699743271,
        -0.13791415095329285,
        -0.03288821503520012,
        -0.09293988347053528,
        -0.023024732246994972,
        0.08426575362682343,
        0.013035603798925877,
        0.011658085510134697,
        -0.04280082508921623,
        0.022968264296650887,
        -0.023568863049149513,
        0.04643561318516731,
        -0.02286195009946823,
        -0.029863636940717697,
        0.005518491845577955,
        0.06639745831489563,
        0.024128101766109467,
        0.09391532838344574,
        -0.040058087557554245,
        0.017546899616718292,
        0.03688005730509758,
        -0.032620590180158615,
        -0.03247714415192604,
        0.04204215854406357,
        0.08953016251325607,
        -0.036506444215774536,
        -0.05343159660696983,
        -0.006766588427126408,
        0.033629123121500015,
        -0.006680520251393318,
        0.019716506823897362,
        0.010080384090542793,
        -0.1045880988240242,
        0.01405540481209755,
        0.025923162698745728,
        -0.005919887684285641,
        -0.04211526736617088,
        -0.022556841373443604,
        -0.026222538203001022,
        0.02093200944364071,
        0.05684605985879898,
        -0.07463108003139496,
        -0.07291337847709656,
        0.05728455260396004,
        0.0011110136983916163,
        0.001705797971226275,
        -0.03149532899260521,
        -0.026138992980122566,
        0.04572727903723717,
        0.05644254386425018,
        0.0026158790569752455,
        0.009835802018642426,
        -0.027174582704901695,
        -0.018666882067918777,
        -0.03723175823688507,
        -0.024508187547326088,
        -0.02957693487405777,
        0.0037658147048205137,
        -0.02860906347632408,
        -0.012538397684693336,
        0.022741524502635002,
        -0.01619957573711872,
        -0.03235975652933121,
        0.002680151490494609,
        0.04087614640593529,
        0.03167472779750824,
        0.033928241580724716,
        -0.03144975006580353,
        0.03385742008686066,
        0.019215362146496773,
        -0.050648875534534454,
        0.022492986172437668,
        0.014199892058968544,
        0.003733651014044881,
        -0.032987307757139206,
        -0.007639564108103514,
        0.027936704456806183,
        0.004849552642554045,
        0.02472173608839512,
        0.0334734171628952,
        -0.005490284413099289,
        -0.10796236991882324,
        -0.042530596256256104,
        -0.21584372222423553,
        0.0056525943800807,
        0.01991993747651577,
        -0.04979028180241585,
        0.05754900723695755,
        -0.03889014571905136,
        0.028434421867132187,
        -0.02359517104923725,
        0.024803228676319122,
        0.05164400115609169,
        0.02127484418451786,
        -0.08328338712453842,
        -0.025979487225413322,
        0.047545529901981354,
        0.015128450468182564,
        0.09098077565431595,
        -0.00906888023018837,
        -0.014667914249002934,
        -0.015231047756969929,
        0.017034634947776794,
        -0.022093523293733597,
        0.04357249289751053,
