{
    "index": 610,
    "page": 95,
    "text": "41 that is life; that (to speak true) is man himself. As for thy body, \n\nwhich as a vessel, or a case, compasseth thee about, and the many and curious in-\nstruments that it hath annexed unto it, let them not trouble thy thoughts. For of \nthemselves they are but as a carpenter’s axe, but that they are born with us, and \nnaturally sticking unto us. But otherwise, without the inward cause that hath power \nto move them, and to restrain them, those parts are of themselves of no more use \nunto us, than the shuttle is of itself to the weaver, or the pen to the writer, or the \nwhip to the coachman. \n\n                                            \n41 [“Rhetoric” (38): Rather “the gift of speech”; or perhaps the “decree” of the reasoning faculty.] \nELEVENTH BOOK \n\nTHE ELEVENTH BOOK \n\nT",
    "embedding_of_chunk": [
        -0.022240061312913895,
        0.015157452784478664,
        0.005323753692209721,
        -0.016094939783215523,
        -0.020829837769269943,
        0.03499323129653931,
        0.10514670610427856,
        0.04514167830348015,
        -0.02142472378909588,
        -0.013726712204515934,
        0.019022952765226364,
        -0.051769375801086426,
        -0.008959738537669182,
        0.009995119646191597,
        0.025887642055749893,
        0.021544914692640305,
        -0.009036939591169357,
        0.04115656390786171,
        -0.06590592861175537,
        -0.024692241102457047,
        0.10017868876457214,
        -0.04495227709412575,
        -0.03835863992571831,
        -0.02961890585720539,
        0.034553755074739456,
        0.04175066202878952,
        -0.046192947775125504,
        -0.03845750913023949,
        -0.0070447237230837345,
        -0.1535169780254364,
        -0.008837775327265263,
        -0.022953031584620476,
        0.023417893797159195,
        -0.033995527774095535,
        -0.007379974238574505,
        -0.032225798815488815,
        -0.03895993530750275,
        0.048032984137535095,
        -0.05078931525349617,
        0.07695161551237106,
        0.010572054423391819,
        0.053668729960918427,
        -0.011818266473710537,
        -0.008334260433912277,
        -0.0028846366330981255,
        -0.02852681279182434,
        -0.021368933841586113,
        0.006758939009159803,
        -0.00226798583753407,
        -0.025310015305876732,
        -0.029270639643073082,
        -0.00750831188634038,
        0.043022025376558304,
        0.01982620172202587,
        -0.01568515971302986,
        -0.008471012115478516,
        0.06070593371987343,
        0.02922467514872551,
        0.03584688901901245,
        0.0234242994338274,
        0.02763436734676361,
        0.012888766825199127,
        -0.2703761160373688,
        0.11273926496505737,
        0.05600907653570175,
        -0.016229644417762756,
        -0.04113475978374481,
        -0.026979992166161537,
        0.011956066824495792,
        0.06711440533399582,
        -0.02644413523375988,
        0.026520483195781708,
        0.05516090616583824,
        0.07527811080217361,
        0.009122642688453197,
        -0.02977430634200573,
        -0.01306470949202776,
        -0.07186123728752136,
        0.019366715103387833,
        0.03083072416484356,
        -0.013961798511445522,
        0.018294554203748703,
        0.0018466842593625188,
        0.0010364032350480556,
        -0.07706797122955322,
        -0.04225808009505272,
        0.007261436432600021,
        -0.08838436752557755,
        0.02128680609166622,
        0.014990085735917091,
        -0.05042991042137146,
        -0.04989844560623169,
        -0.02239317074418068,
        0.006226137280464172,
        -0.032340921461582184,
        -0.042959149926900864,
        -0.026877619326114655,
        -0.009218983352184296,
        -0.029890021309256554,
        0.18979381024837494,
        -0.05261492729187012,
        0.02019709162414074,
        -0.004359535872936249,
        -0.015379301272332668,
        0.04283223673701286,
        -0.03216966614127159,
        -0.013126756995916367,
        -0.06394006311893463,
        -0.0007799326558597386,
        0.02985909767448902,
        -0.006501419935375452,
        -0.010027318261563778,
        0.012658800929784775,
        -0.03900694474577904,
        0.06347008049488068,
        0.031474143266677856,
        0.07982746511697769,
        0.006212150678038597,
        -0.06543915718793869,
        0.005031798034906387,
        0.006694813724607229,
        -0.004595467355102301,
        0.06471661478281021,
        -0.022664552554488182,
        -0.01738472655415535,
        -0.10436967760324478,
        0.012851374223828316,
        0.08877955377101898,
        0.028447121381759644,
        -0.015077975578606129,
        0.05112319439649582,
        -0.03283658251166344,
        -0.030164817348122597,
        -0.016566209495067596,
        0.04212600737810135,
        -0.005224320106208324,
        -0.011103250086307526,
        -0.009774615988135338,
        0.05432230606675148,
        -0.011696221306920052,
        -0.021434124559164047,
        -0.13250823318958282,
        -0.046189311891794205,
        -0.09016396105289459,
        -0.04452857747673988,
        0.07255377620458603,
        -0.023320307955145836,
        0.02548113651573658,
        -0.015515990555286407,
        0.06280551850795746,
        -0.03507104516029358,
        0.06473445147275925,
        -0.01618497259914875,
        -0.030167924240231514,
        -0.02940872497856617,
        0.0021639978513121605,
        0.015259994193911552,
        0.06207659840583801,
        -0.021137205883860588,
        -0.006541464477777481,
        0.02823503501713276,
        0.012696770951151848,
        -0.04907621070742607,
        0.09575434029102325,
        0.03736436367034912,
        -0.05772685632109642,
        -0.03516104072332382,
        0.01820245571434498,
        0.019293930381536484,
        0.006682820152491331,
        0.03712945431470871,
        -0.012289433740079403,
        -0.04372260719537735,
        0.06124958395957947,
        0.061478521674871445,
        0.043444227427244186,
        -0.013245578855276108,
        0.027731547132134438,
        -0.002717822790145874,
        0.05971105769276619,
        0.052807919681072235,
        -0.05603386089205742,
        -0.08107391744852066,
        0.03800339996814728,
        -0.0037350032944232225,
        -0.019161412492394447,
        -0.02794547751545906,
        -0.047125376760959625,
        0.027652068063616753,
        0.08567271381616592,
        0.04830625280737877,
        0.09578196704387665,
        -0.006924643646925688,
        -0.02301976829767227,
        -0.08060882985591888,
        -0.019149096682667732,
        -0.007919729687273502,
        0.009341377764940262,
        -0.03786183521151543,
        0.007789317984133959,
        0.012188771739602089,
        -0.013537056744098663,
        -0.032302383333444595,
        0.03220543637871742,
        0.030627377331256866,
        0.002256717998534441,
        0.0013466889504343271,
        0.015286845155060291,
        0.03862505778670311,
        0.019918765872716904,
        -0.035391051322221756,
        0.01622115634381771,
        0.06284554302692413,
        -0.005885123275220394,
        -0.04050974175333977,
        0.04303375259041786,
        0.002084647538140416,
        0.042880602180957794,
        0.02212424762547016,
        0.018454885110259056,
        0.006662270054221153,
        -0.12052322179079056,
        -0.056212205439805984,
        -0.2631039023399353,
        0.014041121117770672,
        -0.004297275096178055,
        -0.05566105991601944,
        0.07415439188480377,
        -0.030150391161441803,
        0.002585148671641946,
        0.01416868343949318,
        0.043213751167058945,
        0.014684618450701237,
        0.021383367478847504,
        -0.05719266086816788,
        -0.0354822613298893,
