{
    "index": 412,
    "page": 65,
    "text": "whether his disposition was such; as that all that he stood upon, and sought after in \nthis world, was barely this, that he might ever carry himself justly towards men, and \nholily towards the Gods. Neither vexing himself to no purpose at the wickedness of \nothers, nor yet ever condescending to any man’s evil fact, or evil intentions, through \neither fear, or engagement of friendship. Whether of those things that happened unto \nhim by God’s appointment, he neither did wonder at any when it did happen, or \nthought it intolerable in the trial of it. And lastly, whether he never did suffer his \nmind to sympathise with the senses, and affections of the body. For we must not \nthink that Nature hath so mixed and tempered it with the body, as that she hath not",
    "embedding_of_chunk": [
        -0.02343686856329441,
        0.04157913476228714,
        0.014826802536845207,
        -0.02882547117769718,
        -0.004280084278434515,
        -0.0017920255195349455,
        0.11474096775054932,
        0.03230566531419754,
        -0.011820584535598755,
        -0.0370989665389061,
        -0.0024861455895006657,
        -0.09429287165403366,
        0.060713715851306915,
        0.03848525881767273,
        0.006346731912344694,
        0.014988351613283157,
        -0.013490336947143078,
        0.031243979930877686,
        -0.0950276181101799,
        0.052201077342033386,
        0.03941795229911804,
        -0.04923996329307556,
        0.004319469444453716,
        -0.0676737129688263,
        0.007837100885808468,
        0.022273488342761993,
        -0.013433700427412987,
        -0.019736770540475845,
        -0.022083790972828865,
        -0.17208126187324524,
        0.0175138171762228,
        -0.06949937343597412,
        0.034216199070215225,
        -0.017178328707814217,
        -0.010171506553888321,
        0.010039274580776691,
        -0.030048798769712448,
        0.05254751816391945,
        -0.027014583349227905,
        0.05863349884748459,
        0.030798418447375298,
        0.07326740771532059,
        -0.016673803329467773,
        -0.02895800583064556,
        -0.02859252318739891,
        -0.0571238212287426,
        -0.012116750702261925,
        -0.005344838369637728,
        0.03658319637179375,
        -0.01961788348853588,
        -0.03516485542058945,
        -0.04355120658874512,
        0.007063449360430241,
        0.03594721108675003,
        0.019983390346169472,
        0.045020852237939835,
        0.05402741953730583,
        0.027221184223890305,
        0.024394085630774498,
        0.030523676425218582,
        0.022434022277593613,
        0.016295796260237694,
        -0.24146220088005066,
        0.048209771513938904,
        0.060239557176828384,
        0.008751196786761284,
        -0.05413380265235901,
        -0.047004736959934235,
        0.051549073308706284,
        0.03497207537293434,
        -0.019568266347050667,
        0.05381159856915474,
        0.04449713975191116,
        0.047104526311159134,
        0.013604595325887203,
        0.00527641037479043,
        -0.011128664016723633,
        -0.04954405501484871,
        -0.009100654162466526,
        0.022787058725953102,
        -0.039002083241939545,
        0.034752022475004196,
        -0.007316910661756992,
        0.020945150405168533,
        -0.0556764081120491,
        -0.03278268501162529,
        -0.017830099910497665,
        -0.0815558135509491,
        0.0064121754840016365,
        0.01455641444772482,
        -0.004000468645244837,
        -0.023215387016534805,
        -0.05333918333053589,
        -0.016192615032196045,
        -0.06194702908396721,
        -0.012648027390241623,
        0.01969330571591854,
        0.004166587255895138,
        -0.0780603364109993,
        0.18765318393707275,
        -0.024103209376335144,
        0.026659691706299782,
        -0.017210669815540314,
        -0.02471175789833069,
        0.058170072734355927,
        0.007052483037114143,
        -0.0250170286744833,
        -0.08485738933086395,
        -0.025511277839541435,
        0.0022767488844692707,
        0.02707928977906704,
        -0.0532233826816082,
        0.050948143005371094,
        -0.07647271454334259,
        0.06667407602071762,
        0.045191649347543716,
        0.03164175897836685,
        0.0008153747185133398,
        -0.058504410088062286,
        0.008439084514975548,
        -0.03412022069096565,
        0.0169129129499197,
        0.06330957263708115,
        -0.004221287090331316,
        0.019341690465807915,
        -0.1086917519569397,
        0.06051638349890709,
        0.09278302639722824,
        0.026850515976548195,
        -0.05643187090754509,
        0.001486675813794136,
        -0.06632986664772034,
        -0.009643008932471275,
        -0.03069467656314373,
        0.02104787342250347,
        0.04772208631038666,
        0.021799717098474503,
        -0.011459269560873508,
        0.04087446257472038,
        -0.04006415978074074,
        -0.05393192917108536,
        -0.16418330371379852,
        -0.04763801395893097,
        -0.06823843717575073,
        0.006774132139980793,
        0.06438548117876053,
        0.02285989373922348,
        0.02281167171895504,
        -0.029839228838682175,
        0.05030161514878273,
        -0.014967096038162708,
        0.05381234362721443,
        -0.05459456890821457,
        -0.02095734141767025,
        0.005443213973194361,
        0.02743927575647831,
        0.028213821351528168,
        0.0713956281542778,
        -0.07093673944473267,
        0.057086408138275146,
        0.01347934827208519,
        -0.006521312985569239,
        -0.028381461277604103,
        0.12377362698316574,
        0.0326957181096077,
        -0.020487766712903976,
        0.0142179224640131,
        0.021597862243652344,
        0.005351807456463575,
        0.0012094094417989254,
        0.06331776082515717,
        0.01794089935719967,
        -0.07385554164648056,
        0.06433428078889847,
        0.05383966118097305,
        0.03923288732767105,
        -0.04128411412239075,
        0.0008533001528121531,
        -0.0036876911763101816,
        0.03743058070540428,
        0.03150034695863724,
        -0.03723476082086563,
        -0.04543511942028999,
        0.03230144828557968,
        0.012782529927790165,
        -0.019187726080417633,
        -0.013579903170466423,
        -0.021334923803806305,
        0.024173663929104805,
        0.0810968428850174,
        0.017846208065748215,
        0.03222477808594704,
        -0.051505062729120255,
        -0.044866058975458145,
        -0.03996143490076065,
        -0.026058407500386238,
        -0.01240597851574421,
        -0.011163759045302868,
        -0.059897635132074356,
        0.016385706141591072,
        0.008364641107618809,
        -0.014211926609277725,
        -0.01102660596370697,
        0.018074994906783104,
        0.051500387489795685,
        0.02646123431622982,
        -0.006970770191401243,
        -0.016506776213645935,
        0.03284073248505592,
        0.0435306653380394,
        -0.05551828444004059,
        0.016282664611935616,
        -0.007161571178585291,
        -0.018621409311890602,
        -0.018259316682815552,
        0.0578589104115963,
        0.013912132941186428,
        0.022524936124682426,
        0.06222715973854065,
        0.022834349423646927,
        0.024859463796019554,
        -0.12195209413766861,
        -0.060018185526132584,
        -0.22702835500240326,
        -0.008385230787098408,
        0.004650698974728584,
        -0.02414458617568016,
        0.07964485883712769,
        -0.058461789041757584,
        0.02937035635113716,
        -0.033178143203258514,
        0.035087745636701584,
        0.047541260719299316,
        0.021517427638173103,
        -0.028636613860726357,
        -0.027178438380360603,
        0.05129975080490112,
        -0.007476923055946827,
