{
    "index": 432,
    "page": 68,
    "text": "she doth make such equal distribution of all things, as of duration, substance form, \noperation, and of events and accidents. But herein consider not whether thou shalt \nfind this equality in everything absolutely and by itself; but whether in all the partic-\nulars of some one thing taken together, and compared with all the particulars of \nsome other thing, and them together likewise.",
    "embedding_of_chunk": [
        -0.017177462577819824,
        -0.003427286632359028,
        0.0203818641602993,
        -0.044672850519418716,
        -0.015386098064482212,
        0.026917167007923126,
        0.10404793173074722,
        0.019581535831093788,
        0.028691239655017853,
        -0.019739067181944847,
        -0.032880473881959915,
        -0.09428856521844864,
        0.034254301339387894,
        0.02571401745080948,
        0.0005714371800422668,
        0.031229879707098007,
        0.0022478036116808653,
        0.02370467409491539,
        -0.10847028344869614,
        0.010836318135261536,
        0.06085848808288574,
        -0.049901142716407776,
        -0.043331079185009,
        -0.034621186554431915,
        0.03406358137726784,
        0.04244678467512131,
        -0.023164814338088036,
        -0.02380070462822914,
        -0.010047179646790028,
        -0.20937740802764893,
        0.0003339973627589643,
        -0.03959916904568672,
        0.03591929003596306,
        -0.017436882480978966,
        -0.003930096980184317,
        0.0013634663773700595,
        -0.027983129024505615,
        0.067206010222435,
        -0.05319801717996597,
        0.06753648072481155,
        0.04557361453771591,
        0.010990806855261326,
        -0.020340196788311005,
        -0.048915885388851166,
        -0.04168073832988739,
        -0.055176496505737305,
        -0.05933747813105583,
        0.013661893084645271,
        -0.005701009184122086,
        -0.06649153679609299,
        0.016712211072444916,
        -0.029211662709712982,
        0.004743453115224838,
        0.04432787373661995,
        -0.005514451302587986,
        -0.0007167306612245739,
        0.05388665944337845,
        0.021268606185913086,
        0.062100496143102646,
        0.022970588877797127,
        0.0224841870367527,
        0.04896148294210434,
        -0.2243492603302002,
        0.10062645375728607,
        0.07783372700214386,
        0.001170190516859293,
        -0.0077651492320001125,
        -0.039912816137075424,
        0.023494523018598557,
        0.04756557196378708,
        -0.007724693510681391,
        0.048149872571229935,
        0.032313812524080276,
        0.04633304104208946,
        -0.010171378031373024,
        -0.009046745486557484,
        0.03869481757283211,
        -0.04276774451136589,
        -0.04524548351764679,
        0.045636098831892014,
        -0.030662229284644127,
        -0.017073288559913635,
        0.0016787505010142922,
        0.01840214990079403,
        -0.002907956950366497,
        -0.06432995200157166,
        0.006807431578636169,
        -0.06150973215699196,
        0.06019087880849838,
        0.008838989771902561,
        -0.06096841022372246,
        -0.0003343714342918247,
        0.000284676905721426,
        0.015273855067789555,
        -0.0024426039308309555,
        -0.023863162845373154,
        -0.0055819121189415455,
        0.008806155063211918,
        0.02309347875416279,
        0.18887941539287567,
        -0.046417947858572006,
        0.044772859662771225,
        0.03832262381911278,
        -0.05716085061430931,
        0.029105279594659805,
        0.015770114958286285,
        0.007706965319812298,
        -0.07181165367364883,
        -0.029193418100476265,
        0.015605212189257145,
        0.031607870012521744,
        -0.03387188911437988,
        0.00976780615746975,
        -0.06715507805347443,
        -0.00032952215406112373,
        -0.024449361488223076,
        0.028722448274493217,
        -0.006414725910872221,
        -0.0034391728695482016,
        -0.031750112771987915,
        -0.0052367644384503365,
        0.0014714270364493132,
        0.04251207038760185,
        -0.00995550025254488,
        -0.023862354457378387,
        -0.09577082842588425,
        0.06861257553100586,
        0.10005631297826767,
        -0.002127280691638589,
        0.016139129176735878,
        0.03132210671901703,
        -0.05402984842658043,
        -0.031923968344926834,
        -0.02229936793446541,
        0.009909436106681824,
        0.05513866990804672,
        0.023854326456785202,
        -0.02240261435508728,
        0.07083524763584137,
        0.005857940763235092,
        -0.03174065425992012,
        -0.12220820784568787,
        -0.004649803042411804,
        -0.07991047203540802,
        -0.03460804373025894,
        0.11390021443367004,
        0.009382207877933979,
        0.03151949495077133,
        0.013082364574074745,
        0.00234127976000309,
        -0.029834900051355362,
        0.027955185621976852,
        -0.02731500379741192,
        -0.04169413447380066,
        -0.018948636949062347,
        0.04379649832844734,
        0.02936047501862049,
        0.03995325788855553,
        -0.003162123030051589,
        0.01403601374477148,
        -0.012044770643115044,
        -0.02931428700685501,
        -0.010190543718636036,
        0.15960915386676788,
        -0.03099757619202137,
        -0.012702464126050472,
        -0.017864884808659554,
        0.060059670358896255,
        0.03578105568885803,
        -0.03212203457951546,
        0.05171120539307594,
        0.006498102564364672,
        -0.07799307256937027,
        0.055933400988578796,
        0.11347667127847672,
        0.006561304442584515,
        -0.02604191191494465,
        0.02894493378698826,
        -0.012105574831366539,
        0.011956848204135895,
        0.05265883356332779,
        -0.007702275179326534,
        -0.022610679268836975,
        0.07696446776390076,
        0.03610202670097351,
        -0.04418572038412094,
        0.01778625324368477,
        -0.009661446325480938,
        0.01979799009859562,
        0.0663229450583458,
        -0.010197502560913563,
        0.03769941255450249,
        -0.027044666931033134,
        -0.008604639209806919,
        -0.0024080094881355762,
        -0.05977242439985275,
        -0.009930907748639584,
        -0.01924956776201725,
        -0.029254578053951263,
        0.026862923055887222,
        -0.04389958456158638,
        0.006735780276358128,
        -0.060456231236457825,
        0.03690719231963158,
        0.006370187271386385,
        0.021429328247904778,
        -0.03882109373807907,
        -0.063530832529068,
        0.04034312069416046,
        0.03309844806790352,
        -0.06550459563732147,
        -8.089807670330629e-05,
        0.04616786539554596,
        -0.01294028852134943,
        -0.02747097797691822,
        0.03174952417612076,
        0.005541256628930569,
        0.044267911463975906,
        0.006677753292024136,
        0.057294607162475586,
        0.019502529874444008,
        -0.09429659694433212,
        -0.03690159320831299,
        -0.23497480154037476,
        -0.012613297440111637,
        -0.005814480595290661,
        -0.007230114657431841,
        0.09034097194671631,
        0.0036191337276250124,
        -0.00887094996869564,
        -0.014904516749083996,
        0.009442932903766632,
        0.09950883686542511,
        0.06363704055547714,
        -0.013353677466511726,
        -0.018368883058428764,
        0.0014957889216020703,
        -0.004778295289725065,
        0.02487220987677574,
        0.008344339206814766,
        0.03073311038315296,
        -0.003550743218511343,
        0.00429155770689249,
        -0.015478705987334251,
        0.023789728060364723,
        -0.02143627591431141,
        -0.062157005071640015,
        0.041007038205862045,
        0.008136974647641182,
        0.19733242690563202,
