{
    "index": 389,
    "page": 62,
    "text": "XXVI. Out of Plato. “My answer, full of justice and equity, should be this: Thy speech \nis not right, O man! if thou supposest that he that is of any worth at all, should ap-\nprehend either life or death, as a matter of great hazard and danger; and should not \nmake this rather his only care, to examine his own actions, whether just or unjust: \nwhether actions of a good, or of a wicked man, &c. For thus in very truth stands the \ncase, O ye men of Athens. What place or station soever a man either hath chosen to \nhimself, judging it best for himself; or is by lawful authority put and settled in, there-\nin do I think (all appearance of danger notwithstanding) that he should continue, as \none who feareth neither death, nor anything else, so much as he feareth to commit",
    "embedding_of_chunk": [
        -0.03915882110595703,
        0.015608517453074455,
        -0.0026444243267178535,
        -0.06843606382608414,
        -0.025724096223711967,
        -0.026246970519423485,
        0.09775982797145844,
        0.07273981720209122,
        0.008362793363630772,
        -0.0014965198934078217,
        -0.049822207540273666,
        -0.06539452821016312,
        0.022083912044763565,
        0.07125469297170639,
        0.010843026451766491,
        0.03036719188094139,
        0.023015379905700684,
        0.06190551072359085,
        -0.07205995172262192,
        0.05108586326241493,
        0.0940622016787529,
        -0.029931528493762016,
        -0.01108854915946722,
        -0.04726696386933327,
        0.035340894013643265,
        0.023667147383093834,
        -0.04804036393761635,
        -0.02571989595890045,
        -0.013056017458438873,
        -0.13818728923797607,
        0.0018196804448962212,
        -0.03165430948138237,
        0.08907584100961685,
        -0.04711054265499115,
        -0.028606120496988297,
        -0.030257489532232285,
        -0.0590456947684288,
        0.03858333081007004,
        -0.042813532054424286,
        0.06058931350708008,
        0.041117772459983826,
        0.04205835610628128,
        -0.01849924586713314,
        -0.02149328589439392,
        -0.026343965902924538,
        -0.03967257961630821,
        0.001101621543057263,
        -0.03180216997861862,
        -0.0007363096228800714,
        -0.026004262268543243,
        0.006034049205482006,
        -0.04835827276110649,
        -0.010840089991688728,
        0.021464591845870018,
        -0.02428988181054592,
        0.029800571501255035,
        0.07273730635643005,
        0.0210807416588068,
        0.03254253789782524,
        0.040033161640167236,
        0.051131490617990494,
        0.0014546173624694347,
        -0.24640494585037231,
        0.05614684522151947,
        0.014703008346259594,
        0.0240519717335701,
        -0.04159336909651756,
        -0.025573253631591797,
        -0.011431480757892132,
        0.08059298992156982,
        -0.022252053022384644,
        0.05243988707661629,
        0.10457301139831543,
        0.03493335470557213,
        0.020719677209854126,
        -0.015942450612783432,
        0.017216850072145462,
        -0.07842865586280823,
        0.01416767667979002,
        -0.004574098624289036,
        0.01755807362496853,
        -0.003526081098243594,
        -0.01687493920326233,
        0.022602245211601257,
        -0.06482730060815811,
        -0.052177708595991135,
        0.012059437111020088,
        -0.06684255599975586,
        0.05862206965684891,
        0.03278188779950142,
        -0.0014204351464286447,
        -0.011713839136064053,
        -0.004759036935865879,
        0.03104894608259201,
        -0.02975943684577942,
        0.003802894614636898,
        0.02427935041487217,
        0.008123698644340038,
        -0.05996553972363472,
        0.20171262323856354,
        -0.0056847198866307735,
        0.03978903591632843,
        0.025847282260656357,
        -0.011398309841752052,
        0.03863699734210968,
        0.03736836835741997,
        -0.011899895034730434,
        -0.0756443664431572,
        -0.014200379140675068,
        0.01678732968866825,
        0.04000917822122574,
        -0.041461117565631866,
        0.05787588655948639,
        -0.03672478720545769,
        0.03910158947110176,
        0.062231238931417465,
        0.05994459241628647,
        0.0026302700862288475,
        -0.04475818946957588,
        -0.011576907709240913,
        -0.020695623010396957,
        0.020852116867899895,
        0.05156921222805977,
        -0.028849247843027115,
        0.01288903970271349,
        -0.09279947727918625,
        0.048163946717977524,
        0.10661925375461578,
        0.017792584374547005,
        -0.03002813458442688,
        0.02386341243982315,
        -0.056211166083812714,
        -0.014872311614453793,
        0.021842636168003082,
        0.01423653308302164,
        0.02454971894621849,
        0.022225815802812576,
        0.010799515061080456,
        0.047943007200956345,
        -0.03746059536933899,
        -0.004781919531524181,
        -0.1560843139886856,
        -0.047208547592163086,
        -0.07419006526470184,
        -0.04074551910161972,
        0.08934421092271805,
        -0.029339564964175224,
        -0.006179163698107004,
        -0.05544354021549225,
        0.04544491320848465,
        -0.019470272585749626,
        0.0474957674741745,
        -0.04570775479078293,
        -0.010656453669071198,
        -0.01755976863205433,
        0.023053299635648727,
        0.052317436784505844,
        0.04598304256796837,
        -0.04347872734069824,
        0.0016399864107370377,
        0.01091872900724411,
        -0.015395215712487698,
        -0.06761083751916885,
        0.1434120088815689,
        -0.028835030272603035,
        0.006961073260754347,
        -0.018824076279997826,
        -0.0026430317666381598,
        -0.002606875728815794,
        -0.00387227232567966,
        0.06434734910726547,
        0.00033668134710751474,
        -0.036032795906066895,
        0.025202704593539238,
        0.0708252415060997,
        0.05479130893945694,
        -0.028027599677443504,
        -0.01813403144478798,
        -0.011210431344807148,
        0.011078241281211376,
        0.015875015407800674,
        -0.025084611028432846,
        -0.05392321199178696,
        0.018250441178679466,
        0.0006900301668792963,
        -0.023589378222823143,
        -0.03284706547856331,
        -0.045862823724746704,
        0.04476989805698395,
        0.05387729033827782,
        -0.019476359710097313,
        0.06254372000694275,
        -0.07339153438806534,
        -0.02053765393793583,
        -0.09174709767103195,
        -0.03852047026157379,
        0.01947406493127346,
        -0.022078862413764,
        -0.029191263020038605,
        0.0008341014618054032,
        -0.018881332129240036,
        -0.0076117850840091705,
        -0.022265519946813583,
        0.02976900525391102,
        0.0458231121301651,
        0.02322511188685894,
        -0.033056773245334625,
        0.0006614689482375979,
        0.0201344583183527,
        0.0341852605342865,
        -0.0505712516605854,
        -0.0035766600631177425,
        0.03380480036139488,
        0.01279417797923088,
        -0.04266512766480446,
        0.02625676803290844,
        0.02784986048936844,
        0.03923309966921806,
        0.008843878284096718,
        -0.02301166020333767,
        0.003320862539112568,
        -0.07420548051595688,
        -0.0661337599158287,
        -0.23971547186374664,
        0.004313440527766943,
        -0.031013013795018196,
        -0.0013934813905507326,
        0.04079004004597664,
        -0.022770339623093605,
        0.017720358446240425,
        -0.05057453364133835,
        0.0012249964056536555,
        0.06745020300149918,
        0.02989841438829899,
        -0.04118265211582184,
        0.002127734012901783,
        0.05628368631005287,
        -0.0035507073625922203,
