{
    "index": 173,
    "page": 27,
    "text": "things else be common to these likewise, it follows, that for a man to like and em-\nbrace all things that happen and are destinated unto him, and not to trouble and \nmolest that spirit which is seated in the temple of his own breast, with a multitude of \nvain fancies and imaginations, but to keep him propitious and to obey him as a god, \nTHIRD BOOK",
    "embedding_of_chunk": [
        -0.017577240243554115,
        -0.002042087260633707,
        0.012647784315049648,
        -0.014288515783846378,
        0.0035759247839450836,
        0.009233917109668255,
        0.09201645106077194,
        0.04003482684493065,
        0.0005496781086549163,
        -0.020772624760866165,
        -0.011019302532076836,
        -0.06777548044919968,
        0.0049423519521951675,
        -0.003124628681689501,
        0.03420013561844826,
        0.017344309017062187,
        -0.04627810791134834,
        0.038162961602211,
        -0.10286099463701248,
        0.011152932420372963,
        0.05910428613424301,
        -0.001875081448815763,
        -0.026377011090517044,
        -0.06562431156635284,
        0.008422738872468472,
        0.020289715379476547,
        -0.007052060216665268,
        0.003063039854168892,
        -0.004242085851728916,
        -0.1450117826461792,
        -0.002296191407367587,
        -0.06171923503279686,
        0.04509751498699188,
        -0.03981226682662964,
        -0.009424092248082161,
        -0.05684531107544899,
        -0.04111800715327263,
        0.05743255838751793,
        -0.01754874363541603,
        0.07044278085231781,
        0.007117714267224073,
        0.019418368116021156,
        -0.02808542735874653,
        -0.07509369403123856,
        -0.008436190895736217,
        -0.022433441132307053,
        -0.02620517835021019,
        -0.020301440730690956,
        0.04459042474627495,
        -0.03450219705700874,
        -0.011257036589086056,
        -0.03256918862462044,
        0.010063850320875645,
        0.008709665387868881,
        0.0022882423363626003,
        -0.015300263650715351,
        0.05426330491900444,
        0.04727315902709961,
        -0.0015180824557319283,
        0.024180812761187553,
        0.034434445202350616,
        0.041250452399253845,
        -0.18128067255020142,
        0.0902743861079216,
        0.07333341240882874,
        0.019005287438631058,
        -0.0071685598231852055,
        -0.03429282456636429,
        0.04848569631576538,
        0.07825271785259247,
        -0.03541424125432968,
        0.03475425764918327,
        0.015903407707810402,
        0.06905022263526917,
        0.03222866728901863,
        -0.009769541211426258,
        0.0075733354315161705,
        -0.040421903133392334,
        -0.06858137249946594,
        -0.0002530597848817706,
        -0.020769687369465828,
        -0.015188926830887794,
        0.015936795622110367,
        -0.01239628717303276,
        -0.04329261928796768,
        -0.03679925948381424,
        0.015005362220108509,
        -0.05459699034690857,
        0.013340147212147713,
        0.024707511067390442,
        -0.03988032415509224,
        -0.015375594608485699,
        -0.02064753696322441,
        -0.002885559108108282,
        -0.051848866045475006,
        -0.04088257625699043,
        0.02242935262620449,
        0.019277045503258705,
        -0.013218197971582413,
        0.19505394995212555,
        -0.011946777813136578,
        0.04280489310622215,
        0.026714613661170006,
        0.0241277776658535,
        0.08888984471559525,
        -0.046776581555604935,
        0.02075825072824955,
        -0.05378725007176399,
        -0.07153963297605515,
        0.06013357639312744,
        0.0040242839604616165,
        -0.008758687414228916,
        0.0320248007774353,
        -0.09836030751466751,
        0.026314986869692802,
        0.018719883635640144,
        0.05027177557349205,
        -0.015158049762248993,
        -0.06210724636912346,
        0.00722238514572382,
        -0.0014594148378819227,
        0.0358755923807621,
        0.06371967494487762,
        -0.0037822164595127106,
        0.03890390694141388,
        -0.10474572330713272,
        0.027657022699713707,
        0.1232733204960823,
        0.037237610667943954,
        0.022343624383211136,
        0.012799207121133804,
        -0.0445655882358551,
        -0.0617678239941597,
        -0.006869846489280462,
        -0.01313871331512928,
        0.05053635686635971,
        -0.011644436977803707,
        -0.05202120169997215,
        0.05195753648877144,
        0.005608407314866781,
        -0.03239133954048157,
        -0.12001228332519531,
        -0.01872498169541359,
        -0.1078856885433197,
        0.03042321465909481,
        0.06084590405225754,
        0.013515401631593704,
        0.014433002099394798,
        0.00595833919942379,
        0.0674983337521553,
        -0.024236129596829414,
        0.039096586406230927,
        -0.055999986827373505,
        -0.012058498337864876,
        0.025828685611486435,
        0.03286163881421089,
        0.011406435631215572,
        0.06746908277273178,
        -0.06360653042793274,
        0.023526666685938835,
        0.01808541640639305,
        -0.027033686637878418,
        -0.030332298949360847,
        0.09778046607971191,
        0.032694872468709946,
        -0.043385546654462814,
        -0.019407933577895164,
        0.009802011772990227,
        -0.008630858734250069,
        -0.025929538533091545,
        0.037816353142261505,
        0.052706312388181686,
        -0.07673916965723038,
        0.06678362190723419,
        0.0769493356347084,
        0.04115348309278488,
        -0.051508303731679916,
        -0.022359274327754974,
        0.004665547516196966,
        0.05312035232782364,
        0.015647586435079575,
        -0.0711117684841156,
        -0.06870770454406738,
        0.05002044141292572,
        -0.010326007381081581,
        -0.04486050829291344,
        -0.029968449845910072,
        -0.018498387187719345,
        0.04665505886077881,
        0.07547318935394287,
        0.019087279215455055,
        0.0783679410815239,
        -0.055617041885852814,
        -0.034607160836458206,
        -0.03646935895085335,
        -0.021483678370714188,
        -0.009489202871918678,
        -0.005075493827462196,
        -0.058216892182826996,
        -0.020363980904221535,
        -0.03748172149062157,
        -0.009642111137509346,
        -0.01910575106739998,
        0.05372975766658783,
        0.0025806897319853306,
        0.024622058495879173,
        -0.016318513080477715,
        -0.02480853907763958,
        0.013978628441691399,
        -0.014833260327577591,
        -0.07371346652507782,
        0.035508207976818085,
        0.06991183757781982,
        -0.020295532420277596,
        -0.02786811999976635,
        0.019207406789064407,
        0.027234237641096115,
        0.024121372029185295,
        0.01222820021212101,
        0.04198860377073288,
        0.027374373748898506,
        -0.08382157981395721,
        -0.05218394473195076,
        -0.2509591281414032,
        0.010098014958202839,
        -0.006240923888981342,
        -0.022947758436203003,
        0.061024416238069534,
        -0.05258103832602501,
        0.002634237054735422,
        -0.016635125502943993,
        0.022127212956547737,
        0.02817252092063427,
        0.027210606262087822,
        -0.03848489746451378,
        -0.03762122988700867,
        0.05282429978251457,
        -0.006427684333175421,
        0.0508117713034153,
        -0.010899706743657589,
        0.009229225106537342,
        -0.03691171482205391,
        0.019815469160676003,
        -0.032517217099666595,
        0.11602737754583359,
        -0.005997943691909313,
        -0.06271631270647049,
        0.028883781284093857,
        0.0061012632213532925,
        0.16751840710639954,
        0.08006944507360458,
        -0.003804165171459317,
