{
    "index": 691,
    "page": 108,
    "text": "pus, and Stertinius, at Baiæ; Tiberius at Capreæ: and Velius Rufus, and all such ex-\namples of vehement prosecution in worldly matters; let these also run in thy mind at \nthe same time; and how vile every object of such earnest and vehement prosecution \nis; and how much more agreeable to true philosophy it is, for a man to carry himself \nin every matter that offers itself; justly, and moderately, as one that followeth the \nGods with all simplicity. For, for a man to be proud and high conceited, that he is \nnot proud and high conceited, is of all kind of pride and presumption, the most intol-\nerable.",
    "embedding_of_chunk": [
        -0.02874525636434555,
        0.014086193405091763,
        0.010774518363177776,
        -0.059863653033971786,
        -0.0014999889535829425,
        -0.02437964826822281,
        0.08030862361192703,
        0.04628114029765129,
        0.014203619211912155,
        -0.03805512934923172,
        -0.005003404337912798,
        -0.1235642209649086,
        0.04135393351316452,
        0.03439626097679138,
        0.003241846337914467,
        0.024270782247185707,
        0.005845945328474045,
        0.059424955397844315,
        -0.06689774990081787,
        0.034335147589445114,
        0.053753454238176346,
        -0.07018139213323593,
        -0.028228485956788063,
        -0.05404883250594139,
        0.003905863268300891,
        0.039151404052972794,
        -0.018108094111084938,
        -0.03806425631046295,
        -0.013962866738438606,
        -0.15079469978809357,
        -0.00013087302795611322,
        -0.08468962460756302,
        0.022215042263269424,
        -0.0359688326716423,
        -0.02176019363105297,
        -0.011376534588634968,
        -0.05487453192472458,
        0.018605289980769157,
        -0.003293778281658888,
        0.04685162380337715,
        0.01679951697587967,
        0.043050169944763184,
        -0.006197084207087755,
        0.003390420926734805,
        -0.06388813257217407,
        -0.011637160554528236,
        0.010183341801166534,
        -0.0017059801612049341,
        0.037041496485471725,
        -0.014977144077420235,
        0.012947955168783665,
        0.03431438282132149,
        0.036860391497612,
        0.03556498885154724,
        -0.003661752911284566,
        0.026181817054748535,
        0.06896694749593735,
        0.023644665256142616,
        0.025042645633220673,
        0.04078881815075874,
        0.034838203340768814,
        0.02817210927605629,
        -0.2259858250617981,
        0.07016884535551071,
        0.04786597192287445,
        -0.02070189267396927,
        -0.05007011070847511,
        -0.014804231002926826,
        0.007762715686112642,
        0.06791045516729355,
        -0.023871008306741714,
        0.05117193982005119,
        0.04660115763545036,
        0.07568737864494324,
        0.02553202025592327,
        -0.012523746117949486,
        -0.03401673212647438,
        -0.04548231512308121,
        -0.017527518793940544,
        0.02304036356508732,
        -0.021777231246232986,
        0.0063972435891628265,
        -0.02175249345600605,
        0.015513600781559944,
        -0.06241808459162712,
        -0.03709769248962402,
        -0.010863217525184155,
        -0.06354647129774094,
        0.05776417627930641,
        0.02127666585147381,
        0.0086753498762846,
        -0.02865220606327057,
        -0.03377610072493553,
        0.022534523159265518,
        -0.03733985871076584,
        -0.007540708873420954,
        0.045405637472867966,
        0.038383033126592636,
        -0.04805200546979904,
        0.16027306020259857,
        -0.016795657575130463,
        -0.01967044547200203,
        0.041974712163209915,
        -0.028581224381923676,
        0.10325532406568527,
        0.004655563272535801,
        0.008848221972584724,
        -0.058264851570129395,
        -0.019616931676864624,
        -0.020837293937802315,
        0.02650485374033451,
        -0.06207164749503136,
        0.045735057443380356,
        -0.03805011138319969,
        0.046938881278038025,
        0.008070106618106365,
        0.04778553918004036,
        0.00602593133226037,
        -0.03191138058900833,
        -0.02048678696155548,
        0.0049653733149170876,
        0.022596098482608795,
        0.0412234403192997,
        -0.03158659487962723,
        0.036359839141368866,
        -0.06889919191598892,
        0.03180169686675072,
        0.10552364587783813,
        -0.014852750115096569,
        0.023423481732606888,
        -0.01807684265077114,
        -0.022098226472735405,
        -0.010297919623553753,
        -0.03923119232058525,
        0.01585238426923752,
        -0.0017789846751838923,
        0.03018142282962799,
        -0.02284657582640648,
        0.05151909962296486,
        -0.020920362323522568,
        -0.05540814250707626,
        -0.14574430882930756,
        -0.056140851229429245,
        -0.10128238797187805,
        0.00818598922342062,
        0.060419414192438126,
        -0.00211331807076931,
        -0.0044206902384757996,
        -0.030133940279483795,
        0.024973511695861816,
        -0.041476234793663025,
        0.0694301649928093,
        -0.037728410214185715,
        -0.011268043890595436,
        0.030391255393624306,
        -0.012524616904556751,
        0.028404107317328453,
        0.07955130934715271,
        -0.04758547246456146,
        0.027083879336714745,
        0.02632226049900055,
        -0.012830390594899654,
        -0.04802561178803444,
        0.15292997658252716,
        0.03460920229554176,
        -0.06412344425916672,
        0.014891184866428375,
        -0.010117162019014359,
        0.036651745438575745,
        0.027412405237555504,
        0.036883216351270676,
        0.008021821267902851,
        -0.07358742505311966,
        0.05397394299507141,
        0.06273627281188965,
        0.01898287795484066,
        -0.032684870064258575,
        0.006007362622767687,
        -0.020666666328907013,
        0.013286619447171688,
        0.0674450695514679,
        -0.06857885420322418,
        -0.07628857344388962,
        0.05237533152103424,
        0.00889048632234335,
        -0.0069135380908846855,
        -0.004428749438375235,
        -0.031522877514362335,
        0.0317394845187664,
        0.07618200033903122,
        0.0019048851681873202,
        0.07532946765422821,
        -0.03584074601531029,
        -0.04811061546206474,
        -0.05063987895846367,
        -0.015085479244589806,
        -0.010179451666772366,
        -0.015567016787827015,
        -0.0159401074051857,
        0.037015073001384735,
        -0.0312328040599823,
        -0.044782042503356934,
        -0.00576823903247714,
        0.016155624762177467,
        0.08805488049983978,
        0.019725210964679718,
        -0.0163929034024477,
        -0.008100026287138462,
        0.018635127693414688,
        0.03449149802327156,
        -0.04284168779850006,
        0.042598579078912735,
        0.030766595155000687,
        0.007961852476000786,
        -0.023418063297867775,
        0.03839697688817978,
        -0.03232227638363838,
        0.04155716300010681,
        0.0394173264503479,
        -0.004916757345199585,
        0.00980387069284916,
        -0.09946579486131668,
        -0.04714733734726906,
        -0.2349964827299118,
        -0.0008960416307672858,
        -0.021127479150891304,
        -0.021116895601153374,
        0.045978717505931854,
        -0.047655604779720306,
        0.020285898819565773,
        -0.04309413954615593,
        0.012163943611085415,
        0.057448115199804306,
        0.04586511477828026,
        -0.04876361042261124,
        -0.021247580647468567,
        0.027577422559261322,
        0.025540169328451157,
        0.05331595987081528,
        -0.018234122544527054,
        0.01286977156996727,
        0.0028409960214048624,
        -0.01871725358068943,
