{
    "index": 434,
    "page": 68,
    "text": "VIII. Forbear henceforth to complain of the trouble of a courtly life, either in public \nbefore others, or in private by thyself. \n\nIX. Repentance is an inward and self-reprehension for the neglect or omission of \nsomewhat that was profitable. Now whatsoever is good, is also profitable, and it is \nthe part of an honest virtuous man to set by it, and to make reckoning of it accord-\ningly. But never did any honest virtuous man repent of the neglect or omission of any \ncarnal pleasure: no carnal pleasure then is either good or profitable.",
    "embedding_of_chunk": [
        -0.009480108506977558,
        -0.0020098183304071426,
        0.0026918244548141956,
        -0.0025148370768874884,
        -0.01668325811624527,
        -0.0037898363079875708,
        0.09323127567768097,
        0.02227456495165825,
        0.02224854752421379,
        -0.025208614766597748,
        -0.009648796170949936,
        -0.08423198014497757,
        0.039313096553087234,
        0.03314957767724991,
        0.015062184073030949,
        0.011437726207077503,
        0.025448666885495186,
        0.03909621387720108,
        -0.07632438093423843,
        0.001201068633235991,
        0.07187239080667496,
        -0.019780030474066734,
        -0.029076293110847473,
        -0.0655038058757782,
        0.07973797619342804,
        0.004492131061851978,
        -0.041500501334667206,
        -0.016815071925520897,
        -0.03258258476853371,
        -0.14278675615787506,
        0.005931748077273369,
        -0.04928352311253548,
        0.04119294881820679,
        -0.005347468424588442,
        -0.015709390863776207,
        -0.04462972655892372,
        -0.03254515305161476,
        0.012400873005390167,
        -0.03158838674426079,
        0.07863608002662659,
        0.05519390478730202,
        0.03930110111832619,
        -0.011977226473391056,
        -0.0329197458922863,
        -0.032142773270606995,
        -0.05033113434910774,
        -0.00376105192117393,
        -0.001962200039997697,
        0.03094935230910778,
        -0.04024733230471611,
        -0.003938968759030104,
        -0.030420634895563126,
        -0.003781529376283288,
        0.05684717372059822,
        0.028176013380289078,
        -0.009325152263045311,
        0.07111891359090805,
        0.015561133623123169,
        0.05642179399728775,
        -0.012986990623176098,
        0.03370698541402817,
        0.023771608248353004,
        -0.2023935317993164,
        0.024368196725845337,
        0.050607334822416306,
        0.028102736920118332,
        -0.03245389088988304,
        -0.013919723220169544,
        0.0012688825372606516,
        0.05758729204535484,
        -0.006301396992057562,
        0.01823502965271473,
        -0.0028482654597610235,
        0.02854224480688572,
        0.009977634064853191,
        -0.03331074118614197,
        0.0002882155531551689,
        -0.04399014264345169,
        -0.008372311480343342,
        0.010154418647289276,
        0.031701359897851944,
        0.02337673492729664,
        -0.02081000991165638,
        -0.00832744874060154,
        -0.05780118703842163,
        -0.09257254004478455,
        0.013156367465853691,
        -0.04600374028086662,
        0.04932425916194916,
        0.004552202299237251,
        -0.0065183499827980995,
        -0.012416583485901356,
        -0.00018607938545756042,
        -0.007913505658507347,
        -0.0349101796746254,
        -0.036839988082647324,
        0.017064614221453667,
        0.008985592052340508,
        -0.0500662624835968,
        0.22509446740150452,
        -0.016690947115421295,
        0.07335948944091797,
        0.042227163910865784,
        -0.053558722138404846,
        0.04400983080267906,
        -0.026312878355383873,
        -0.03400999307632446,
        -0.021589891985058784,
        -0.032747574150562286,
        0.046764299273490906,
        0.02336220070719719,
        -0.028306784108281136,
        0.08184997737407684,
        -0.0589444637298584,
        0.050697825849056244,
        0.02477073483169079,
        0.04588451609015465,
        0.00346656097099185,
        -0.024474315345287323,
        0.007607712410390377,
        -0.013591974042356014,
        0.015932202339172363,
        0.020334089174866676,
        0.033897265791893005,
        -0.013556834310293198,
        -0.12730814516544342,
        0.08378618210554123,
        0.13305263221263885,
        0.0021642851643264294,
        -0.013063086196780205,
        0.00014044948329683393,
        -0.04765269532799721,
        0.000483462936244905,
        -0.019136248156428337,
        -0.023323820903897285,
        0.03372650966048241,
        0.021241389214992523,
        0.012728475034236908,
        0.034831710159778595,
        -0.007348157931119204,
        -0.03085867129266262,
        -0.12894883751869202,
        -0.05684133619070053,
        -0.12106947600841522,
        -0.04186248779296875,
        0.06161507964134216,
        0.00612795352935791,
        0.04000738263130188,
        -0.0418035127222538,
        0.06813572347164154,
        -0.02079111523926258,
        0.04280813783407211,
        -0.03797881677746773,
        -0.025880364701151848,
        0.044516172260046005,
        0.016701195389032364,
        0.02820221148431301,
        0.059183768928050995,
        -0.04170088842511177,
        0.048253849148750305,
        0.018948443233966827,
        -0.04526563733816147,
        -0.06680722534656525,
        0.1370106041431427,
        0.014959271997213364,
        -0.05865660682320595,
        0.0009222942171618342,
        0.02100324258208275,
        -0.010332833975553513,
        0.015116178430616856,
        0.020457107573747635,
        0.006516679190099239,
        -0.0774490013718605,
        0.041083525866270065,
        0.07543108612298965,
        0.028586210682988167,
        -0.04796460643410683,
        -0.009216740727424622,
        -0.0009279067744500935,
        0.020089339464902878,
        0.06280925869941711,
        -0.04982385039329529,
        -0.08462585508823395,
        0.022580305114388466,
        -0.0038465335965156555,
        -0.02506457269191742,
        -0.040065597742795944,
        -0.05270318686962128,
        0.042788226157426834,
        0.06796262413263321,
        -0.011312561109662056,
        0.02477131597697735,
        -0.08085083961486816,
        -0.007069438695907593,
        -0.011409677565097809,
        -0.011212605983018875,
        -0.030109569430351257,
        -0.021226201206445694,
        -0.03019915148615837,
        -0.012510894797742367,
        -0.00779883423820138,
        -0.022966613993048668,
        0.004410733934491873,
        0.03538765385746956,
        0.037721842527389526,
        0.056776463985443115,
        0.02203381434082985,
        -0.03173532336950302,
        0.05486833304166794,
        0.010171573609113693,
        -0.04037374258041382,
        0.03473440557718277,
        0.02880948781967163,
        -0.03513113036751747,
        -0.027681643143296242,
        0.005043589975684881,
        0.027274975553154945,
        0.015266131609678268,
        0.04636085033416748,
        0.012275376357138157,
        0.008767906576395035,
        -0.07777485996484756,
        -0.03642990067601204,
        -0.2070716917514801,
        -0.007716576103121042,
        -0.03294065594673157,
        -0.016105420887470245,
        0.07602051645517349,
        -0.04897435009479523,
        0.0029460799414664507,
        -0.02274695411324501,
        0.018368957564234734,
        -0.014929285272955894,
        0.04999113827943802,
        -0.04993562400341034,
        -0.0497310534119606,
        0.07088625431060791,
        0.003281467827036977,
        0.041436612606048584,
        -0.010794752277433872,
        0.02180011011660099,
        -0.010738921351730824,
        0.019793754443526268,
        -0.030981428921222687,
        0.05632495880126953,
