{
    "index": 560,
    "page": 88,
    "text": "ready and contented acceptation of whatsoever by the appointment of the common \nnature, happens unto thee. And the word υπέρφρων, a super-extension, or a trans-\ncendent, and outreaching disposition of thy mind, whereby it passeth by all bodily \npains and pleasures, honour and credit, death and whatsoever is of the same nature, \nas matters of absolute indifferency, and in no wise to be stood upon by a wise man. \nThese then if inviolably thou shalt observe, and shalt not be ambitious to be so called \nby others, both thou thyself shalt become a new man, and thou shalt begin a new \nlife. For to continue such as hitherto thou hast been, to undergo those distractions \nand distempers as thou must needs for such a life as hitherto thou hast lived, is the",
    "embedding_of_chunk": [
        -0.026453744620084763,
        0.02013886347413063,
        0.04568707197904587,
        -0.01640746369957924,
        0.006998817902058363,
        0.032131511718034744,
        0.11317708343267441,
        0.01416331809014082,
        -0.006597175728529692,
        0.004950383678078651,
        0.037331994622945786,
        -0.04567292332649231,
        0.030233172699809074,
        0.009351308457553387,
        0.04918409138917923,
        0.012953936122357845,
        0.018282562494277954,
        0.024225492030382156,
        -0.07400786131620407,
        0.0284563098102808,
        0.070170097053051,
        0.020892811939120293,
        -0.004273653961718082,
        -0.03406922146677971,
        0.013484508730471134,
        0.03509990870952606,
        -0.008376664482057095,
        -0.017930012196302414,
        -0.01387051772326231,
        -0.15716645121574402,
        -0.015192592516541481,
        -0.04658973589539528,
        0.04420056566596031,
        -0.007147805765271187,
        -0.029399435967206955,
        -0.010093290358781815,
        -0.0400136262178421,
        0.05197233334183693,
        -0.012901010923087597,
        0.07524891197681427,
        0.04873635247349739,
        0.05211736261844635,
        -0.023882724344730377,
        -0.05066050961613655,
        -0.034460000693798065,
        -0.048013970255851746,
        0.008127129636704922,
        -0.010469376109540462,
        0.013481535948812962,
        -0.04592889919877052,
        -0.016243889927864075,
        0.002239701570942998,
        0.0006389133632183075,
        0.054142314940690994,
        -0.004178538918495178,
        0.014532935805618763,
        0.05306509882211685,
        -0.02662595920264721,
        0.031373269855976105,
        0.018457598984241486,
        0.009195201098918915,
        0.02903432957828045,
        -0.22314471006393433,
        0.07428932189941406,
        0.06085736304521561,
        0.011560782790184021,
        -0.06381861865520477,
        -0.03592989221215248,
        0.05014752224087715,
        0.02845214679837227,
        -0.059838563203811646,
        0.023736078292131424,
        0.02877977304160595,
        0.08383350819349289,
        0.007719519082456827,
        -0.031326137483119965,
        0.013905313797295094,
        -0.058061808347702026,
        -0.025846248492598534,
        0.04297424852848053,
        0.024321207776665688,
        -0.022895725443959236,
        0.0041057756170630455,
        -0.020827963948249817,
        -0.044215522706508636,
        -0.05948405712842941,
        -0.001073594787158072,
        -0.05197335407137871,
        0.045355167239904404,
        0.030294815078377724,
        -0.014147440902888775,
        -0.03937482461333275,
        -0.010730434209108353,
        0.01285982970148325,
        -0.03811176121234894,
        -0.036591287702322006,
        0.009332789108157158,
        -0.020434871315956116,
        -0.038610756397247314,
        0.19770851731300354,
        -0.054016031324863434,
        0.037607304751873016,
        -0.015144220553338528,
        -0.040865544229745865,
        0.054099857807159424,
        0.023742351680994034,
        -0.0046670990996062756,
        -0.029892878606915474,
        -0.021799709647893906,
        -0.010904740542173386,
        -0.033292368054389954,
        -0.03695619851350784,
        0.04019170626997948,
        -0.026040147989988327,
        0.022661123424768448,
        0.014840404503047466,
        0.012092596851289272,
        -0.03558540344238281,
        0.005863663274794817,
        -0.04864589869976044,
        -0.00016620915266685188,
        0.013137645088136196,
        0.07974556088447571,
        -0.01897444762289524,
        -0.01591871865093708,
        -0.0679355263710022,
        0.06259334832429886,
        0.10387522727251053,
        0.016293348744511604,
        -0.04647308960556984,
        0.056458085775375366,
        -0.03508002310991287,
        -0.027120057493448257,
        -0.04802597686648369,
        0.02345668524503708,
        0.03707214072346687,
        0.03141269087791443,
        -0.00829383172094822,
        0.04705049842596054,
        -0.0055010030046105385,
        -0.01967361755669117,
        -0.12688781321048737,
        -0.06536061316728592,
        -0.11838271468877792,
        -0.007480266969650984,
        0.09713072329759598,
        -0.027224790304899216,
        0.04815560206770897,
        -0.04282405972480774,
        0.05656508356332779,
        -0.024414969608187675,
        0.0361231230199337,
        -0.034437116235494614,
        -0.03239898383617401,
        0.010837780311703682,
        0.03395010158419609,
        0.03609374538064003,
        0.050128888338804245,
        -0.0353081077337265,
        -0.006228542421013117,
        -0.009293768554925919,
        -0.028291892260313034,
        -0.04815491661429405,
        0.12803655862808228,
        0.05280856415629387,
        -0.05582836642861366,
        0.019747918471693993,
        0.013746041804552078,
        0.027778910472989082,
        -0.028074752539396286,
        0.023699091747403145,
        -0.03498905897140503,
        -0.025429274886846542,
        0.039474405348300934,
        0.08753953874111176,
        0.038333047181367874,
        -0.05199894681572914,
        -0.05475399270653725,
        0.005766779184341431,
        -0.009123650379478931,
        0.06506779789924622,
        -0.05388762801885605,
        -0.06858844310045242,
        0.03380754962563515,
        -0.0163087360560894,
        -0.031496312469244,
        -0.04767463728785515,
        -0.05081125721335411,
        0.04044238105416298,
        0.022612502798438072,
        -0.0255266260355711,
        0.04938323795795441,
        -0.05511338636279106,
        -0.04180629923939705,
        -0.011897538788616657,
        -0.024743063375353813,
        -0.0410102941095829,
        -0.01189815066754818,
        -0.018149124458432198,
        0.011517911218106747,
        0.0012771477922797203,
        -0.0023787200916558504,
        -0.018203554674983025,
        -0.014687919989228249,
        0.027202939614653587,
        0.0012506096391007304,
        0.025981441140174866,
        -0.03085200861096382,
        0.06726349890232086,
        0.012569366954267025,
        -0.024304158985614777,
        0.026356857270002365,
        0.06618278473615646,
        0.0014696500729769468,
        -0.0384729728102684,
        0.03942708298563957,
        -0.005361516494303942,
        -0.03402065485715866,
        0.023973099887371063,
        0.032602615654468536,
        0.021258126944303513,
        -0.07095548510551453,
        -0.042278315871953964,
        -0.21982307732105255,
        0.016246184706687927,
        -0.003427640302106738,
        -0.033169906586408615,
        0.09779169410467148,
        -0.031148551031947136,
        0.024746978655457497,
        -0.025155270472168922,
        0.05888934060931206,
        0.03486506640911102,
        0.06995822489261627,
        -0.018729254603385925,
        0.012879075482487679,
        0.0279337577521801,
        0.012238696217536926,
