{
    "index": 539,
    "page": 84,
    "text": "worse than it was. And what a matter of either grief or wonder is this, if he that is \nunlearned, do the deeds of one that is unlearned? Should not thou rather blame thy-\nself, who, when upon very good grounds of reason, thou mightst have thought it very \nprobable, that such a thing would by such a one be committed, didst not only not \nNINTH BOOK",
    "embedding_of_chunk": [
        -0.037364646792411804,
        -0.002995573915541172,
        -0.014851565472781658,
        -0.021861715242266655,
        0.00831046886742115,
        0.0032410856802016497,
        0.06358601152896881,
        0.04606025293469429,
        0.04926111176609993,
        -0.025313762947916985,
        0.020666252821683884,
        -0.0926348865032196,
        0.0380542017519474,
        0.04185311868786812,
        -0.001040794886648655,
        -0.007911834865808487,
        -0.019859008491039276,
        0.03696933388710022,
        -0.07523193210363388,
        0.0056499154306948185,
        0.04523568972945213,
        -0.01704058237373829,
        -0.027425721287727356,
        -0.05786469578742981,
        0.04872489348053932,
        0.011384480632841587,
        -0.03894912078976631,
        -0.061235468834638596,
        -0.0318094938993454,
        -0.17077526450157166,
        -0.00026740870089270175,
        -0.0646580308675766,
        0.027894267812371254,
        -0.01765398308634758,
        0.020201601088047028,
        -0.004173026420176029,
        -0.03664073720574379,
        0.021277986466884613,
        -0.025260362774133682,
        0.06434932351112366,
        0.029322782531380653,
        0.06038953736424446,
        -0.04002031311392784,
        -0.02757333777844906,
        -0.01895158365368843,
        -0.06061682477593422,
        0.01626097783446312,
        -0.027903089299798012,
        0.05549314245581627,
        -0.05494830757379532,
        -0.003876024391502142,
        -0.015057292766869068,
        0.016005579382181168,
        0.04697377234697342,
        0.016955293715000153,
        -0.021646399050951004,
        0.054280783981084824,
        0.051267024129629135,
        0.031190384179353714,
        0.04415971413254738,
        0.04086778312921524,
        0.005131812766194344,
        -0.24949732422828674,
        0.03200388699769974,
        0.07074198126792908,
        -0.000465078599518165,
        -0.043178439140319824,
        -0.04519420862197876,
        -0.004385687876492739,
        0.0808580070734024,
        -0.032990191131830215,
        -0.0011888003209605813,
        0.06029660999774933,
        0.08502670377492905,
        -0.021630538627505302,
        0.00819926057010889,
        -0.0005559980636462569,
        -0.026526622474193573,
        -0.024445747956633568,
        0.0487024150788784,
        0.004405045881867409,
        0.03909725323319435,
        -0.011510275304317474,
        -0.01948295161128044,
        -0.03927849978208542,
        -0.06814932823181152,
        -0.010582730174064636,
        -0.06335586309432983,
        0.023227091878652573,
        -0.015228115022182465,
        -0.018636029213666916,
        -0.031219080090522766,
        0.03507361561059952,
        0.004169832915067673,
        -0.05908530205488205,
        -0.007589380722492933,
        0.024087026715278625,
        0.0037603091914206743,
        -0.07628138363361359,
        0.19335950911045074,
        -0.04260261729359627,
        0.043414972722530365,
        0.011084857396781445,
        -0.003940021153539419,
        0.0366305410861969,
        -0.017526984214782715,
        -0.021698182448744774,
        -0.09023983031511307,
        -0.06632354110479355,
        -0.03999166935682297,
        -0.018961966037750244,
        -0.04452474042773247,
        0.06592124700546265,
        -0.06995953619480133,
        0.07250118255615234,
        0.04091887176036835,
        0.06340564787387848,
        0.010682824067771435,
        -0.07126833498477936,
        0.050776757299900055,
        -0.0008460833341814578,
        0.04166412353515625,
        0.09173326939344406,
        -0.043573830276727676,
        0.016285864636301994,
        -0.08234021067619324,
        0.02215542085468769,
        0.11539129167795181,
        0.0024794077035039663,
        0.006609917152673006,
        0.02188819833099842,
        -0.09281597286462784,
        -0.01803000085055828,
        0.017228038981556892,
        0.026128260418772697,
        0.02258032001554966,
        1.0266857316310052e-05,
        -0.029402989894151688,
        0.05653706565499306,
        -0.067682184278965,
        -0.02500355802476406,
        -0.14540651440620422,
        -0.03040509670972824,
        -0.042907703667879105,
        -0.06865085661411285,
        0.08025550097227097,
        -0.009440653957426548,
        0.010322976857423782,
        -0.06467575579881668,
        0.038105037063360214,
        -0.010804585181176662,
        -0.01798325404524803,
        -0.070227712392807,
        -0.04300929605960846,
        -0.01899685338139534,
        0.016164153814315796,
        0.0027222796343266964,
        0.06384126842021942,
        -0.039258815348148346,
        0.03489403799176216,
        0.0320686474442482,
        -0.02079780399799347,
        -0.04194135591387749,
        0.08810655772686005,
        0.012691012583673,
        0.007442856673151255,
        -0.0184076689183712,
        0.005992149002850056,
        0.012037619948387146,
        0.006278937682509422,
        0.03175504505634308,
        0.01587769202888012,
        -0.00874247495085001,
        0.0649895966053009,
        0.06461454927921295,
        0.013685645535588264,
        -0.00629088468849659,
        -0.020862853154540062,
        0.01056189276278019,
        0.0401066392660141,
        0.04972114786505699,
        -0.029122281819581985,
        -0.06835600733757019,
        0.05775240436196327,
        0.028894830495119095,
        0.0008221130701713264,
        -0.0068233381025493145,
        -0.012242364697158337,
        0.07162008434534073,
        0.0616406612098217,
        0.008710864000022411,
        0.021265767514705658,
        -0.019325846806168556,
        -0.005863460246473551,
        -0.022685522213578224,
        -0.004871529992669821,
        -0.03281334415078163,
        -0.00905862357467413,
        -0.0395020954310894,
        0.013025818392634392,
        -0.013763733208179474,
        -0.004937175661325455,
        -0.03931063786149025,
        0.01799691468477249,
        0.004370116628706455,
        0.044352833181619644,
        0.015297921374440193,
        -0.03164893388748169,
        0.030860545113682747,
        0.02032521180808544,
        -0.030623730272054672,
        0.002259279601275921,
        0.0401083305478096,
        -0.014383303001523018,
        -0.013566577807068825,
        0.01955006644129753,
        -0.007432843092828989,
        0.03067348152399063,
        0.014396414160728455,
        0.008054280653595924,
        0.017177173867821693,
        -0.1270100325345993,
        -0.04149947315454483,
        -0.21665379405021667,
        -0.0035221658181399107,
        -0.0034109451808035374,
        -0.06895597279071808,
        0.07272709906101227,
        -0.054193273186683655,
        -0.007296321913599968,
        -0.012777820229530334,
        0.020017217844724655,
        0.0660061314702034,
        0.04950617253780365,
        -0.031003734096884727,
        -0.05514999479055405,
        0.035810988396406174,
        -0.013669840060174465,
        0.05169164761900902,
        0.006097744219005108,
        0.004785141907632351,
        -0.02926723286509514,
        0.014771396294236183,
        -0.030239634215831757,
        0.06289960443973541,
        -0.0393000990152359,
        -0.06601234525442123,
        0.007676735520362854,
        0.003775056218728423,
        0.2085530012845993,
        0.0628926083445549,
        0.051071897149086,
