{
    "index": 549,
    "page": 87,
    "text": "VI. Either with Epicurus, we must fondly imagine the atoms to be the cause of all \nthings, or we must needs grant a nature. Let this then be thy first ground, that thou \nart part of that universe, which is governed by nature. Then secondly, that to those \nparts that are of the same kind and nature as thou art, thou hast relation of kindred. \nFor of these, if I shall always be mindful, first as I am a part, I shall never be dis-\npleased with anything, that falls to my particular share of the common chances of \nthe world. For nothing that is behoveful unto the whole, can be truly hurtful to that \nwhich is part of it. For this being the common privilege of all natures, that they con-\ntain nothing in themselves that is hurtful unto them; it cannot be that the nature of",
    "embedding_of_chunk": [
        -0.022138625383377075,
        -0.020326897501945496,
        0.014727109111845493,
        -0.02470410242676735,
        -0.00968046672642231,
        0.0059193712659180164,
        0.09275691211223602,
        0.047643836587667465,
        -0.002609405666589737,
        0.005139514803886414,
        -0.0067990743555128574,
        -0.10468977689743042,
        0.0693209245800972,
        0.045504599809646606,
        0.0160211268812418,
        0.008327562361955643,
        -0.019144250079989433,
        0.023182177916169167,
        -0.10051322728395462,
        0.04866863414645195,
        0.07150881737470627,
        -0.03057924099266529,
        -0.011913946829736233,
        -0.05502328276634216,
        0.005757886916399002,
        0.058365147560834885,
        -0.01947614550590515,
        -0.03509710356593132,
        0.02191532775759697,
        -0.1848212480545044,
        -0.013682312332093716,
        -0.016289981082081795,
        0.05609769746661186,
        -0.02535642310976982,
        -0.006217413581907749,
        -0.007124471012502909,
        -0.07896487414836884,
        0.03734925389289856,
        -0.05073872581124306,
        0.06284943968057632,
        0.034951914101839066,
        0.022371971979737282,
        -0.011261998675763607,
        -0.030843185260891914,
        -0.023469122126698494,
        -0.028461767360568047,
        0.023500965908169746,
        -0.019331227988004684,
        0.017470085993409157,
        -0.05469093099236488,
        -0.01588594727218151,
        -0.026754215359687805,
        -0.039049312472343445,
        0.05849987640976906,
        0.016449440270662308,
        0.07791595906019211,
        0.03684245049953461,
        -0.0031857197172939777,
        0.046504974365234375,
        0.017191963270306587,
        0.046200163662433624,
        0.046820007264614105,
        -0.23145213723182678,
        0.063715361058712,
        0.08813933283090591,
        0.0019844952039420605,
        -0.05103202164173126,
        0.0030162017792463303,
        0.011471210978925228,
        0.05225110054016113,
        -0.03586462140083313,
        0.018360231071710587,
        0.05524885654449463,
        0.033361129462718964,
        0.026849282905459404,
        -0.03167794644832611,
        -0.0013993664178997278,
        -0.038262709975242615,
        -0.009596089832484722,
        -0.024012522771954536,
        -0.032601844519376755,
        0.0139757776632905,
        -0.016586102545261383,
        0.016496099531650543,
        -0.045151036232709885,
        -0.033480919897556305,
        0.0351090282201767,
        -0.03657982870936394,
        0.04170255362987518,
        0.014794734306633472,
        -0.03231213986873627,
        -0.04110199585556984,
        -0.016652101650834084,
        -0.01260440144687891,
        -0.03983171656727791,
        -0.04031573235988617,
        0.05361861735582352,
        -0.009663957171142101,
        -0.032527051866054535,
        0.19532456994056702,
        -0.0157933346927166,
        0.04024246707558632,
        0.004693605471402407,
        -0.013551240786910057,
        0.05481885373592377,
        -0.021442867815494537,
        -0.021434227004647255,
        -0.07710317522287369,
        0.0017096585361286998,
        0.019988039508461952,
        0.04824625700712204,
        -0.02701762318611145,
        0.0249466635286808,
        -0.06897347420454025,
        0.050664328038692474,
        -0.014738606289029121,
        0.05984898656606674,
        0.006844016257673502,
        -0.029299266636371613,
        -0.022933226078748703,
        -0.04860088974237442,
        0.04564597085118294,
        0.042082738131284714,
        -0.017658039927482605,
        0.002207389334216714,
        -0.09732688218355179,
        0.045115694403648376,
        0.1239411011338234,
        0.053066685795784,
        0.014178120531141758,
        0.008322457782924175,
        -0.08108054101467133,
        -0.04692525416612625,
        -0.03196384385228157,
        6.569668039446697e-05,
        0.043122950941324234,
        0.004126181360334158,
        -0.010259285569190979,
        0.020627541467547417,
        -0.01958688534796238,
        -0.04566359892487526,
        -0.15664806962013245,
        -0.06556408852338791,
        -0.08681173622608185,
        -0.027619073167443275,
        0.07511404156684875,
        0.017427312210202217,
        0.03878103941679001,
        -0.041455600410699844,
        0.05438525229692459,
        -0.005286036524921656,
        0.012035712599754333,
        -0.029940446838736534,
        -0.01173856295645237,
        0.03134427219629288,
        0.0439348965883255,
        0.019244691357016563,
        0.010036495514214039,
        -0.023436289280653,
        0.0082316342741251,
        -0.0008740530465729535,
        -0.017956392839550972,
        -0.05899789556860924,
        0.1229536309838295,
        0.04970841854810715,
        0.004492349922657013,
        -0.013741202652454376,
        -0.007663968484848738,
        0.008857812732458115,
        0.004902874585241079,
        0.02925581857562065,
        0.03878495842218399,
        -0.035011179745197296,
        0.06289440393447876,
        0.07760006189346313,
        0.040680985897779465,
        -0.09002736955881119,
        0.013221222907304764,
        -0.01914934813976288,
        0.017186887562274933,
        0.043232571333646774,
        -0.041018083691596985,
        -0.0543876476585865,
        0.05301821231842041,
        0.0036891819909214973,
        -0.02505413629114628,
        -0.005160951521247625,
        -0.017110005021095276,
        -0.0085129514336586,
        0.03805676847696304,
        0.031265050172805786,
        0.03899473324418068,
        -0.03681432828307152,
        0.011861564591526985,
        -0.03676268458366394,
        -0.03914707899093628,
        -0.020186835899949074,
        -0.01527679618448019,
        -0.048659548163414,
        -0.0017915144562721252,
        -0.00717770354822278,
        0.007228601258248091,
        -0.02943282015621662,
        0.038048118352890015,
        -0.0018451454816386104,
        -0.013824810273945332,
        -0.005774170625954866,
        -0.017604297026991844,
        0.0087956627830863,
        0.030836163088679314,
        -0.026519369333982468,
        0.04658380523324013,
        0.026354869827628136,
        0.0034374683164060116,
        -0.018039336428046227,
        0.03125161677598953,
        0.036226823925971985,
        0.001292562228627503,
        0.06968369334936142,
        0.05606701970100403,
        0.02374885603785515,
        -0.1124444529414177,
        -0.06678155064582825,
        -0.24496759474277496,
        -0.006200258620083332,
        -0.00013452133862301707,
        -0.06404699385166168,
        0.07870745658874512,
        -0.013860049657523632,
        0.00972256250679493,
        -0.005899553187191486,
        -0.013336019590497017,
        -0.016488395631313324,
        0.05417640134692192,
        0.0030558991711586714,
        -0.007295386400073767,
        0.007881168276071548,
