{
    "index": 233,
    "page": 37,
    "text": "XLIII. Let thy course ever be the most compendious way. The most compendious, is \nthat which is according to nature: that is, in all both words and deeds, ever to follow \nthat which is most sound and perfect. For such a resolution will free a man from all \ntrouble, strife, dissembling, and ostentation. \nFIFTH BOOK \n\nTHE FIFTH BOOK \n\nI \n\nN THE MORNING when thou findest thyself unwilling to rise, consider with thyself \npresently, it is to go about a man’s work that I am stirred up. Am I then yet un-\nwilling to go about that, for which I myself was born and brought forth into this",
    "embedding_of_chunk": [
        -0.005306047387421131,
        -0.0007604111451655626,
        -0.005069270264357328,
        -0.02727869711816311,
        0.009426478296518326,
        0.009445661678910255,
        0.037017572671175,
        0.049590542912483215,
        0.015079415403306484,
        0.012313047423958778,
        0.01964671164751053,
        -0.0572180338203907,
        -0.01568942330777645,
        0.01981539838016033,
        0.011865708976984024,
        0.011381124146282673,
        0.009423471987247467,
        0.06851597130298615,
        -0.07687723636627197,
        0.03740498796105385,
        0.07351446151733398,
        -0.028529442846775055,
        -0.018247846513986588,
        -0.07011207193136215,
        0.040682148188352585,
        0.03338300809264183,
        -0.010406521148979664,
        -0.015916595235466957,
        -0.005185931921005249,
        -0.1527576446533203,
        -0.039297498762607574,
        -0.041678961366415024,
        0.037234529852867126,
        -0.01475412119179964,
        -0.021490883082151413,
        -0.019540341570973396,
        -0.036953169852495193,
        0.026932118460536003,
        -0.0030500225257128477,
        0.06970333307981491,
        0.010037585161626339,
        0.04604913294315338,
        0.01433916948735714,
        -0.03503942862153053,
        -0.046441540122032166,
        -0.012899450026452541,
        -0.018518658354878426,
        -0.02221568301320076,
        0.03022846207022667,
        -0.028421888127923012,
        -0.05036092549562454,
        -0.03565941005945206,
        0.0011412221938371658,
        0.03179929777979851,
        0.004018362611532211,
        0.04054646193981171,
        0.07432574778795242,
        0.009816800244152546,
        0.029056448489427567,
        0.06299348920583725,
        0.004495939239859581,
        0.051926348358392715,
        -0.22476151585578918,
        0.07804558426141739,
        0.05378759652376175,
        0.03297426924109459,
        -0.01906629651784897,
        -0.03852061554789543,
        -0.007355054374784231,
        0.09955990314483643,
        -0.042350392788648605,
        0.04030172899365425,
        0.009982265532016754,
        0.06617511808872223,
        0.054564978927373886,
        0.0032596157398074865,
        -0.00897021684795618,
        -0.10609366744756699,
        -0.028885770589113235,
        0.021413829177618027,
        -0.020277155563235283,
        0.028355836868286133,
        -0.028996041044592857,
        0.01868327148258686,
        -0.04600874334573746,
        -0.0629885196685791,
        0.021833963692188263,
        -0.10138246417045593,
        0.07437770068645477,
        0.040524598211050034,
        -0.02248402312397957,
        -0.06043129414319992,
        -0.04106936976313591,
        0.004862834233790636,
        -0.06585472077131271,
        -0.04252414032816887,
        0.031161636114120483,
        -0.02386387065052986,
        -0.05230453982949257,
        0.17322289943695068,
        -0.034331921488046646,
        0.031052369624376297,
        0.012251155450940132,
        -0.028121687471866608,
        0.08194002509117126,
        -0.03200092911720276,
        -0.002124523976817727,
        -0.057237524539232254,
        -0.04266854003071785,
        -0.022906210273504257,
        0.027099402621388435,
        -0.05591333284974098,
        0.054449886083602905,
        -0.053046733140945435,
        0.015757568180561066,
        0.024436896666884422,
        0.058049075305461884,
        -0.04203234240412712,
        -0.05635033920407295,
        0.008708159439265728,
        -0.0050657945685088634,
        -0.012169957160949707,
        0.05528664216399193,
        -0.009621881879866123,
        -0.0013800213346257806,
        -0.11021783947944641,
        0.04487219825387001,
        0.08353251963853836,
        0.008147984743118286,
        -0.01007255632430315,
        0.05196528881788254,
        -0.03509840369224548,
        -0.05272271856665611,
        -0.013749262318015099,
        0.006004310678690672,
        -0.0066352239809930325,
        0.025675857439637184,
        -0.0023896375205367804,
        0.034091200679540634,
        -0.0187330674380064,
        -0.003600947093218565,
        -0.1129186674952507,
        -0.012549927458167076,
        -0.115517258644104,
        -0.03131042793393135,
        0.10832914710044861,
        -0.011418897658586502,
        -0.005599371623247862,
        -0.009383128024637699,
        0.02181541547179222,
        -0.02637973055243492,
        0.030411183834075928,
        -0.014193015173077583,
        -0.016791656613349915,
        0.023989928886294365,
        0.040273647755384445,
        0.0413631796836853,
        0.037612419575452805,
        -0.029464812949299812,
        0.02318098582327366,
        -0.04758959636092186,
        -0.027067575603723526,
        -0.04592663422226906,
        0.12061451375484467,
        0.016268290579319,
        -0.0446966178715229,
        -0.01351139321923256,
        -0.004771722946316004,
        0.003068244317546487,
        -0.011562353000044823,
        0.03508853539824486,
        0.01936205103993416,
        -0.10583444684743881,
        0.08475615829229355,
        0.07450146973133087,
        0.015128277242183685,
        -0.05332331731915474,
        -0.0119705218821764,
        0.010672353208065033,
        0.02912364900112152,
        0.08071304112672806,
        -0.0357147641479969,
        -0.06006716191768646,
        0.07508815079927444,
        0.03773829713463783,
        0.013399149291217327,
        -0.004128170199692249,
        -0.01273556798696518,
        0.06393904983997345,
        0.04916423559188843,
        0.0065877363085746765,
        0.06421299278736115,
        -0.03471961244940758,
        -0.013954185880720615,
        -0.0981488898396492,
        -0.0015687693376094103,
        -0.05157458037137985,
        0.007053283508867025,
        -0.004657355137169361,
        -0.012421305291354656,
        -0.027886826545000076,
        -0.016155602410435677,
        -0.020651694387197495,
        -0.004436151124536991,
        0.0549161471426487,
        0.002724143909290433,
        0.009777461178600788,
        -0.007893330417573452,
        0.053701311349868774,
        0.016825953498482704,
        -0.03872131183743477,
        0.021619563922286034,
        0.0890587791800499,
        0.005059835501015186,
        -0.007126255892217159,
        0.04359782487154007,
        0.033801671117544174,
        0.015530782751739025,
        -0.000291753385681659,
        0.06331422179937363,
        0.025170674547553062,
        -0.09838805347681046,
        -0.07680877298116684,
        -0.2521809935569763,
        0.013154328800737858,
        -0.01308116503059864,
        -0.023322435095906258,
        0.09059429168701172,
        -0.05691536143422127,
        -0.00530703691765666,
        -0.014367630705237389,
        0.01179512869566679,
        0.05458151921629906,
        0.060111626982688904,
        -0.0480508953332901,
        0.013734730891883373,
        0.04062722995877266,
        -0.010835953056812286,
        0.03856698423624039,
        -0.027235006913542747,
        0.010276813991367817,
        -0.047473158687353134,
        0.020568404346704483,
        -0.02844322845339775,
