{
    "index": 527,
    "page": 83,
    "text": "XXXV. Will this querulousness, this murmuring, this complaining and dissembling \nnever be at an end? What then is it, that troubleth thee? Doth any new thing happen \nunto thee? What doest thou so wonder at? At the cause, or the matter? Behold either \nby itself, is either of that weight and moment indeed? And besides these, there is not \nanything. But thy duty towards the Gods also, it is time thou shouldst acquit thyself \nof it with more goodness and simplicity. \n\nXXXVI. It is all one to see these things for a hundred of years together or but for \nthree years. \n\nXXXVII. If he have sinned, his is the harm, not mine. But perchance he hath not.",
    "embedding_of_chunk": [
        -0.01988476701080799,
        0.014002745971083641,
        0.033708762377500534,
        -0.018721912056207657,
        0.015273765660822392,
        -0.0014100634725764394,
        0.03362739086151123,
        0.026298660784959793,
        0.0021782838739454746,
        -0.024892810732126236,
        -0.017376182600855827,
        -0.09247373044490814,
        0.048001863062381744,
        0.041213538497686386,
        0.02847212366759777,
        0.003709572833031416,
        -0.0018724631518125534,
        -0.0016756271943449974,
        -0.053987521678209305,
        0.01856834441423416,
        0.07182754576206207,
        -0.0026087507139891386,
        -0.011124170385301113,
        -0.05297720059752464,
        -0.014873173087835312,
        0.03044087439775467,
        -0.013003743253648281,
        -0.04652169719338417,
        0.0018274023896083236,
        -0.19577310979366302,
        -0.0057991137728095055,
        -0.04099425673484802,
        0.05022210255265236,
        -0.012300138361752033,
        -0.004931044299155474,
        -0.00954790785908699,
        -0.023509588092565536,
        0.04818553850054741,
        -0.038683824241161346,
        0.08159037679433823,
        0.05955377593636513,
        0.060567524284124374,
        -0.03746968135237694,
        -0.09014715999364853,
        -0.06962544471025467,
        -0.042633380740880966,
        -0.031819745898246765,
        -0.0539572611451149,
        0.021562231704592705,
        -0.0071251667104661465,
        -0.027415337041020393,
        -0.03111325018107891,
        0.045928195118904114,
        0.05119917914271355,
        0.005765724927186966,
        0.026659153401851654,
        0.0731654018163681,
        0.010424989275634289,
        0.05048949643969536,
        0.020713182166218758,
        0.0580248162150383,
        -0.009481018409132957,
        -0.2229161113500595,
        0.08771715313196182,
        0.07651712000370026,
        0.006682548671960831,
        -0.01811889186501503,
        -0.05023898184299469,
        -0.002446352504193783,
        0.07451195269823074,
        -0.023028947412967682,
        0.023308519273996353,
        0.031502678990364075,
        0.06015583500266075,
        0.01669517531991005,
        -0.03208435699343681,
        -0.005909809377044439,
        -0.0647706389427185,
        -0.030187979340553284,
        0.005012229084968567,
        -0.009014423005282879,
        0.011555020697414875,
        0.014941725879907608,
        -0.000491849787067622,
        -0.108712337911129,
        -0.0663294643163681,
        -0.0007644103025086224,
        -0.025008495897054672,
        0.048437900841236115,
        0.005305802915245295,
        -0.03777705132961273,
        -0.008001526817679405,
        -0.01216557901352644,
        0.019988445565104485,
        -0.04342957213521004,
        -0.008421812206506729,
        0.02588224969804287,
        -0.013695863075554371,
        -0.05404185876250267,
        0.18920515477657318,
        -0.05654620751738548,
        0.0469701886177063,
        0.03307022899389267,
        -0.031502850353717804,
        0.0813186913728714,
        0.0002455824869684875,
        -0.01162885781377554,
        -0.07407131046056747,
        -0.0134729677811265,
        -0.01469463761895895,
        0.038424063473939896,
        -0.023098483681678772,
        0.054231420159339905,
        -0.07100947946310043,
        0.011690039187669754,
        0.015171543695032597,
        0.0318371020257473,
        0.03865111619234085,
        -0.05023669824004173,
        0.0450129434466362,
        -0.01696453057229519,
        0.004104560241103172,
        0.04606563225388527,
        -0.03293492645025253,
        0.010027187876403332,
        -0.08064278960227966,
        0.05330449715256691,
        0.12555387616157532,
        -0.006805236916989088,
        -0.027259010821580887,
        0.023981066420674324,
        -0.021260052919387817,
        -0.049159832298755646,
        -0.02410249598324299,
        -0.01148136518895626,
        0.04847698658704758,
        -0.005880590528249741,
        -0.01897069625556469,
        0.03237180411815643,
        -0.049797967076301575,
        -0.036168377846479416,
        -0.17495127022266388,
        -0.0333477221429348,
        -0.10097052901983261,
        -0.022621246054768562,
        0.06966522336006165,
        -0.018226729705929756,
        0.018613312393426895,
        0.0008076776284724474,
        -0.004319907631725073,
        -0.010403760708868504,
        0.032252587378025055,
        -0.032338276505470276,
        -0.027759967371821404,
        0.005943230353295803,
        0.031735751777887344,
        0.005114876665174961,
        0.027267415076494217,
        -0.06032118573784828,
        0.04015447199344635,
        0.03615429252386093,
        -0.05214059725403786,
        -0.04535674676299095,
        0.12766079604625702,
        0.021781133487820625,
        -0.04295843094587326,
        0.025041751563549042,
        0.008279133588075638,
        0.02965962141752243,
        0.007265313994139433,
        0.03670034930109978,
        0.0072015696205198765,
        -0.053360868245363235,
        0.03287952020764351,
        0.11340772360563278,
        0.02641759067773819,
        -0.014262677170336246,
        0.015075105242431164,
        -0.009855673648416996,
        0.04032896086573601,
        0.008716675452888012,
        -0.02515972964465618,
        -0.05049113184213638,
        0.07308614253997803,
        0.02701803483068943,
        -0.025081057101488113,
        0.02462109923362732,
        -0.02804511785507202,
        0.043811872601509094,
        0.028225984424352646,
        0.004314100835472345,
        0.008105148561298847,
        -0.06194077804684639,
        0.02675989642739296,
        -0.024435479193925858,
        -0.006267432123422623,
        -0.027678929269313812,
        0.008636018261313438,
        -0.006261675152927637,
        -0.034433960914611816,
        -0.015149541199207306,
        -0.051936399191617966,
        -0.02513810247182846,
        0.04518001154065132,
        0.044823043048381805,
        0.0031626063864678144,
        0.0014125691959634423,
        -0.017097342759370804,
        0.024110915139317513,
        0.03188787400722504,
        -0.0451335608959198,
        0.008737187832593918,
        0.054118771106004715,
        -0.02481277845799923,
        -0.02089463546872139,
        0.06304685026407242,
        0.030498851090669632,
        0.019620487466454506,
        0.021656231954693794,
        0.05153021961450577,
        0.009153477847576141,
        -0.09386071562767029,
        -0.04177294671535492,
        -0.2578057050704956,
        0.027572857216000557,
        -0.010149728506803513,
        -0.029806148260831833,
        0.08718016743659973,
        -0.011724011972546577,
        0.004197248257696629,
        -0.020502911880612373,
        0.04554019868373871,
        0.03307458758354187,
        0.040431536734104156,
        -0.00172936893068254,
        -0.005499969702214003,
        -0.028683694079518318,
        -0.010502140037715435,
        0.03929026052355766,
        0.0029252381063997746,
        -0.0032358625903725624,
