{
    "index": 613,
    "page": 96,
    "text": "bath in her hand whatsoever it be, complete and full, so that she may depart with \nthat comfort, “I have lived; neither want I anything of that which properly did belong \nunto me.” Again, she compasseth the whole world, and penetrateth into the vanity, \nand mere outside (wanting substance and solidity) of it, and stretcheth herself unto \nthe infiniteness of eternity; and the revolution or restoration of all things after a cer-\ntain period of time, to the same state and place as before, she fetcheth about, and \ndoth comprehend in herself; and considers withal, and sees clearly this, that neither \nthey that shall follow us, shall see any new thing, that we have not seen, nor they \nthat went before, anything more than we: but that he that is once come to forty (if he",
    "embedding_of_chunk": [
        -0.04193752259016037,
        -0.0013588226865977049,
        0.054966703057289124,
        -0.023792926222085953,
        -0.009819938801229,
        0.03861342743039131,
        0.06167878955602646,
        0.026492157950997353,
        -0.014637303538620472,
        -0.0074165514670312405,
        -0.007725524716079235,
        -0.06511790305376053,
        0.04520339146256447,
        0.036800045520067215,
        -0.007151275407522917,
        0.02495569735765457,
        0.009086023084819317,
        0.03589160367846489,
        -0.12648773193359375,
        0.020779656246304512,
        0.07917539775371552,
        -0.028921956196427345,
        0.007601396646350622,
        -0.03026995249092579,
        -0.0027803373523056507,
        0.03206096589565277,
        -0.01736656203866005,
        -0.00211145356297493,
        -0.016371333971619606,
        -0.17054542899131775,
        -0.04168124869465828,
        -0.03709397837519646,
        -0.008743984624743462,
        -0.006754642818123102,
        0.0056891231797635555,
        0.009727653115987778,
        -0.027615012601017952,
        0.04560038447380066,
        -0.014924010261893272,
        0.035743407905101776,
        0.001237596501596272,
        0.034142665565013885,
        -0.03405386582016945,
        -0.03656404837965965,
        -0.025778062641620636,
        -0.05401478707790375,
        0.006508469115942717,
        0.01730477251112461,
        0.03652022406458855,
        -0.03791005164384842,
        -0.006768077611923218,
        -0.010834673419594765,
        0.016127847135066986,
        0.056712035089731216,
        0.03951685503125191,
        0.0435679592192173,
        0.043444398790597916,
        0.011644267477095127,
        0.06733375042676926,
        0.00027446119929663837,
        0.06386921554803848,
        0.0334237776696682,
        -0.25004470348358154,
        0.08486495167016983,
        0.07145541906356812,
        0.027584843337535858,
        -0.005705947522073984,
        -0.07396619766950607,
        0.03008486144244671,
        0.058292195200920105,
        -0.0036846850998699665,
        0.02297985553741455,
        0.024250533431768417,
        0.054076578468084335,
        0.004282341804355383,
        -0.022686172276735306,
        -0.0057783047668635845,
        -0.025695091113448143,
        -0.02444816380739212,
        -0.00012706148845609277,
        0.019458848983049393,
        -0.005547630600631237,
        0.014077330939471722,
        0.00858339760452509,
        -0.04165775328874588,
        -0.02695287950336933,
        -0.013497870415449142,
        -0.08684494346380234,
        0.06579864770174026,
        -0.015060421079397202,
        -0.05049782246351242,
        -0.022142991423606873,
        -0.03227277100086212,
        0.012379546649754047,
        -0.011123879812657833,
        -0.0465315580368042,
        0.035310596227645874,
        0.029922138899564743,
        0.0005596051341854036,
        0.20056113600730896,
        -0.06815780699253082,
        0.02117575891315937,
        -0.009274674579501152,
        -0.03517976030707359,
        0.06729456782341003,
        -0.039850033819675446,
        0.005132308229804039,
        -0.04771848022937775,
        -0.005847479682415724,
        0.011585390195250511,
        -0.0015929567161947489,
        -0.031259387731552124,
        -0.013775592669844627,
        -0.08118126541376114,
        0.016073156148195267,
        0.011903611943125725,
        0.029650699347257614,
        -0.015624516643583775,
        -0.00668365741148591,
        -0.021521026268601418,
        -0.022426456212997437,
        -0.006987634114921093,
        0.06387303024530411,
        -0.018803419545292854,
        0.0015727862482890487,
        -0.07943334430456161,
        0.0578264445066452,
        0.09482203423976898,
        -0.00124839146155864,
        0.008678412064909935,
        0.04098694771528244,
        -0.05728081613779068,
        -0.03223547711968422,
        0.00988194439560175,
        0.02711433358490467,
        0.036420293152332306,
        0.016030607745051384,
        -0.04788975417613983,
        0.059896379709243774,
        -0.054803118109703064,
        -0.057230621576309204,
        -0.15298786759376526,
        -0.020984986796975136,
        -0.08128613978624344,
        -0.009145713411271572,
        0.07237710803747177,
        0.022765452042222023,
        0.02569759450852871,
        -0.003266106126829982,
        0.04853053018450737,
        0.024208027869462967,
        0.042726412415504456,
        -0.046662647277116776,
        -0.03210243955254555,
        0.03256947547197342,
        0.03276514261960983,
        0.01951812393963337,
        0.08866722136735916,
        -0.027130763977766037,
        0.007938427850604057,
        0.005459262058138847,
        -0.0477721206843853,
        -0.025463664904236794,
        0.10472564399242401,
        0.0062375604175031185,
        -0.031334683299064636,
        -0.011835108511149883,
        0.009373118169605732,
        0.017344409599900246,
        0.0031670602038502693,
        0.06873025000095367,
        0.007187944836914539,
        -0.060542114078998566,
        0.053665630519390106,
        0.10489318519830704,
        0.03595226630568504,
        -0.04298791289329529,
        0.013134368695318699,
        -0.03397083654999733,
        0.01170967798680067,
        -0.0048225037753582,
        -0.015588593669235706,
        -0.06214874982833862,
        0.08398595452308655,
        0.002132943132892251,
        -0.03589259460568428,
        0.036220792680978775,
        -0.02289613150060177,
        0.0426175482571125,
        0.05214959383010864,
        0.0183822400867939,
        0.06572524458169937,
        -0.06041499599814415,
        0.001122579094953835,
        -0.002631050767377019,
        -0.02800014242529869,
        -0.03983781486749649,
        -0.003910398110747337,
        -0.037951916456222534,
        -0.014944407157599926,
        -0.01018377486616373,
        -0.005533387418836355,
        -0.05302071198821068,
        0.019855594262480736,
        0.06437225639820099,
        0.034303415566682816,
        0.05321776494383812,
        0.0049683703109622,
        0.04924994334578514,
        0.043667022138834,
        -0.05450490117073059,
        0.04127458855509758,
        0.027780741453170776,
        -0.044755470007658005,
        -0.018096964806318283,
        0.04341332986950874,
        0.01854962669312954,
        -0.008873164653778076,
        0.023735959082841873,
        0.020055336877703667,
        0.017955396324396133,
        -0.12146387249231339,
        -0.06470335274934769,
        -0.24665680527687073,
        0.04152326285839081,
        -0.001717324834316969,
        -0.028978466987609863,
        0.11255160719156265,
        -0.036505673080682755,
        -0.023835711181163788,
        -0.0047589633613824844,
        0.05371307581663132,
        0.013234858401119709,
        0.05329321697354317,
        -0.0038117056246846914,
        0.0005759462947025895,
        0.05349712073802948,
