{
    "index": 102,
    "page": 17,
    "text": "the only cause of it. That my body in such a life, hath been able to hold out so long. \nThat I never had to do with Benedicta and Theodotus, yea and afterwards when I fell \ninto some fits of love, I was soon cured. That having been often displeased with Rus-\nticus, I never did him anything for which afterwards I had occasion to repent. That it \nbeing so that my mother was to die young, yet she lived with me all her latter years. \nThat as often as I had a purpose to help and succour any that either were poor, or \nfallen into some present necessity, I never was answered by my officers that there \nwas not ready money enough to do it; and that I myself never had occasion to require \nthe like succour from any other. That I have such a wife, so obedient, so loving, so",
    "embedding_of_chunk": [
        -0.01624240167438984,
        0.03157876804471016,
        0.02960575558245182,
        -0.028121737763285637,
        -0.007226991467177868,
        -0.02587999403476715,
        0.06970896571874619,
        0.07343180477619171,
        0.00017171732906717807,
        -0.06154216453433037,
        -0.018102804198861122,
        -0.0846683457493782,
        0.025714194402098656,
        0.022694002836942673,
        -0.010225862264633179,
        0.009945197962224483,
        -0.027828702703118324,
        0.05150754004716873,
        -0.11148521304130554,
        0.036339521408081055,
        0.011472619138658047,
        -0.05224442109465599,
        -0.014967909082770348,
        -0.038618698716163635,
        0.035782210528850555,
        0.03955679386854172,
        -0.016930466517806053,
        -0.058366529643535614,
        -0.011192546226084232,
        -0.1721944361925125,
        0.008861899375915527,
        -0.049953021109104156,
        0.06369732320308685,
        -0.018939895555377007,
        -0.01077768299728632,
        -0.013943728059530258,
        -0.042638033628463745,
        0.02220034971833229,
        -0.022059017792344093,
        0.08464021980762482,
        0.017921384423971176,
        0.05175698548555374,
        -0.02817516215145588,
        -0.05047430843114853,
        0.000295331614324823,
        -0.04454713314771652,
        -0.007339976262301207,
        -0.020263025537133217,
        0.08210822939872742,
        -0.035365018993616104,
        -0.01306020375341177,
        0.006962995044887066,
        0.016176505014300346,
        0.060605715960264206,
        0.04629087075591087,
        -0.0032473807223141193,
        0.0803053230047226,
        0.04704442620277405,
        0.019858621060848236,
        0.03781433030962944,
        -0.0044409846886992455,
        0.0027695102617144585,
        -0.23263460397720337,
        0.061342503875494,
        0.02635733038187027,
        -0.00023556539963465184,
        -0.023042183369398117,
        -0.026269525289535522,
        0.04774577170610428,
        0.06413712352514267,
        -0.017842965200543404,
        0.04843449220061302,
        0.022423438727855682,
        0.08357518166303635,
        -0.022941354662179947,
        -0.02735806256532669,
        0.0189437847584486,
        -0.038238268345594406,
        -0.007396405562758446,
        0.02117026038467884,
        0.010312126018106937,
        0.02233101800084114,
        -0.014250014908611774,
        0.004263400100171566,
        -0.08111701905727386,
        -0.0496528334915638,
        0.013460271991789341,
        -0.1010587215423584,
        0.032978709787130356,
        0.020320340991020203,
        0.005520913749933243,
        -0.028940493240952492,
        -0.01491511706262827,
        -0.0076362574473023415,
        -0.05651875212788582,
        -0.018741143867373466,
        0.045607008039951324,
        0.0370342917740345,
        -0.05509033054113388,
        0.20245394110679626,
        -0.045207735151052475,
        0.014849446713924408,
        -0.003913373686373234,
        -0.02279053069651127,
        0.014474814757704735,
        0.015509218908846378,
        -0.020426684990525246,
        -0.05132178217172623,
        -0.04211725294589996,
        0.023414159193634987,
        0.04456895962357521,
        -0.03985733538866043,
        0.052741724997758865,
        -0.07517103850841522,
        0.049499768763780594,
        0.01271149143576622,
        0.035145245492458344,
        0.00383024662733078,
        -0.04720114916563034,
        0.013696709647774696,
        -0.035598959773778915,
        0.004414868541061878,
        0.06491883099079132,
        -0.01265349704772234,
        0.0018137391889467835,
        -0.10164011269807816,
        0.053395599126815796,
        0.09997902065515518,
        -0.0081560043618083,
        -0.05183114856481552,
        0.036518536508083344,
        -0.05800732597708702,
        -0.03158566728234291,
        -0.021542122587561607,
        -0.003163558430969715,
        0.021207574754953384,
        0.00239248713478446,
        -0.025325912982225418,
        0.01000299584120512,
        -0.05138251557946205,
        -0.03670670837163925,
        -0.1879083812236786,
        -0.05014922842383385,
        -0.036899857223033905,
        -0.012549856677651405,
        0.061149585992097855,
        0.040560729801654816,
        0.031104546040296555,
        -0.007693523541092873,
        0.045174337923526764,
        0.0058083008043468,
        0.03857146576046944,
        -0.038564108312129974,
        -0.02465473860502243,
        0.004362429492175579,
        0.019253676757216454,
        0.0341278612613678,
        0.07426561415195465,
        -0.025528471916913986,
        0.03507497161626816,
        0.0014905636198818684,
        -0.04532932862639427,
        -0.07164282351732254,
        0.1201455369591713,
        0.028961924836039543,
        -0.04399724304676056,
        -0.006731910165399313,
        0.01964135654270649,
        0.025062890723347664,
        -0.016762787476181984,
        0.06502596288919449,
        0.022501181811094284,
        -0.05168570578098297,
        0.0230504609644413,
        0.051848094910383224,
        0.02609633281826973,
        -0.054319217801094055,
        -0.005373653024435043,
        0.008176467381417751,
        0.02921467088162899,
        0.0549403540790081,
        -0.035224176943302155,
        -0.05620467662811279,
        0.025338521227240562,
        -0.02700691483914852,
        -0.04937991127371788,
        0.013824977912008762,
        -0.01650214195251465,
        0.01574568636715412,
        0.029764631763100624,
        -0.0019686114974319935,
        0.06250014901161194,
        -0.037603046745061874,
        -0.036109793931245804,
        -0.0044650789350271225,
        -0.011218898929655552,
        -0.02769298106431961,
        -0.0025574348401278257,
        -0.03282647207379341,
        -0.007618298754096031,
        -0.01165249478071928,
        0.013096073642373085,
        0.014475196599960327,
        0.008939463645219803,
        0.04220375791192055,
        0.013541899621486664,
        -0.020237954333424568,
        -0.032380204647779465,
        0.048096492886543274,
        0.05745755508542061,
        -0.04981279373168945,
        0.0555383637547493,
        0.047930825501680374,
        -0.032913368195295334,
        -0.0029282886534929276,
        0.04332611337304115,
        -0.021605074405670166,
        0.0289846733212471,
        0.0811077430844307,
        0.06070014089345932,
        0.055341094732284546,
        -0.09779635816812515,
        -0.09387607872486115,
        -0.20656368136405945,
        -0.00872406642884016,
        -0.05911901220679283,
        -0.047146670520305634,
        0.03346647322177887,
        -0.07284518331289291,
        0.03239845857024193,
        -0.008791390806436539,
        0.051343340426683426,
        0.02397748827934265,
        0.05453662574291229,
        -0.0011034569470211864,
        -0.051156818866729736,
        0.024296730756759644,
