{
    "index": 79,
    "page": 14,
    "text": "5 in all things to endeavour to have power of myself, \n\nXII. From Claudius Maximus,",
    "embedding_of_chunk": [
        -0.035570334643125534,
        0.009540696628391743,
        0.0793035700917244,
        -0.050358206033706665,
        -0.06052641198039055,
        -0.02084081433713436,
        0.07662644237279892,
        0.04351675137877464,
        0.005324949510395527,
        -0.04877207800745964,
        0.0239678006619215,
        -0.11252908408641815,
        -0.02896057814359665,
        0.017996881157159805,
        -0.02798631228506565,
        -0.021725600585341454,
        0.02858036756515503,
        0.025866877287626266,
        -0.09539836645126343,
        0.008237069472670555,
        0.06590472906827927,
        -0.054621629416942596,
        -0.03167213127017021,
        -0.05828065797686577,
        0.013418523594737053,
        0.037961456924676895,
        0.0016695900121703744,
        -0.037711355835199356,
        -0.031143808737397194,
        -0.13967399299144745,
        -0.02375113032758236,
        -0.05764850229024887,
        0.049252308905124664,
        -0.02411068044602871,
        -0.02715444751083851,
        -0.023407207801938057,
        -0.05297379195690155,
        0.0339355431497097,
        -0.027860036119818687,
        0.03966027870774269,
        0.018204964697360992,
        0.0043805972672998905,
        0.00903080590069294,
        -0.014427348040044308,
        -0.023406676948070526,
        -0.06134646385908127,
        0.0026810895651578903,
        0.024471405893564224,
        0.06731554120779037,
        0.026218213140964508,
        -0.021695107221603394,
        0.014787026681005955,
        0.00970411952584982,
        0.05476735904812813,
        0.04155927523970604,
        0.015549490228295326,
        0.06485578417778015,
        0.04504402354359627,
        0.11352600902318954,
        0.041755348443984985,
        0.031748346984386444,
        0.08994800597429276,
        -0.22488774359226227,
        0.08352219313383102,
        0.038748160004615784,
        0.022509638220071793,
        -0.04984838888049126,
        0.0051330989226698875,
        -0.01771354116499424,
        0.049725499004125595,
        -0.03383591026067734,
        0.033217497169971466,
        0.055109892040491104,
        0.057589948177337646,
        0.001960376277565956,
        0.015104008838534355,
        -0.03954026475548744,
        -0.04524005949497223,
        0.0009661123622208834,
        0.009944749996066093,
        -0.01811317726969719,
        0.042575739324092865,
        -0.03194347023963928,
        0.005692807026207447,
        -0.02421596087515354,
        -0.0430053286254406,
        0.03669923171401024,
        -0.0529053658246994,
        0.06698109954595566,
        0.07498612254858017,
        -0.03631831705570221,
        -0.04396464675664902,
        -0.05177490785717964,
        0.006520322989672422,
        -0.015995023772120476,
        -0.037027984857559204,
        -0.021213188767433167,
        0.00330371898598969,
        -0.019336163997650146,
        0.19010475277900696,
        -0.048802874982357025,
        -0.005575031042098999,
        0.04807588458061218,
        -0.013643397018313408,
        0.01952889747917652,
        -0.030565107241272926,
        0.03579509258270264,
        -0.05022747069597244,
        -0.021320195868611336,
        -0.03591467812657356,
        0.020159415900707245,
        -0.03259609639644623,
        0.022930985316634178,
        -0.04833654686808586,
        0.03853224962949753,
        -0.009168416261672974,
        0.004158458672463894,
        -0.023286599665880203,
        -0.06047673895955086,
        -0.015089375898241997,
        -0.010894421488046646,
        0.019612669944763184,
        0.05940685793757439,
        0.008209978230297565,
        0.017626823857426643,
        -0.06396882981061935,
        0.07035700231790543,
        0.09661509096622467,
        -0.012610134668648243,
        0.0036839984823018312,
        0.03506126627326012,
        -0.0015160073526203632,
        -0.02885538339614868,
        -0.01778174377977848,
        0.006236504763364792,
        -0.006082715466618538,
        0.014154930599033833,
        -0.005075462628155947,
        0.042331766337156296,
        -0.053066615015268326,
        -0.03317825123667717,
        -0.11840967833995819,
        -0.009218315593898296,
        -0.092862568795681,
        0.024160392582416534,
        0.054763104766607285,
        0.03333695977926254,
        -0.0060674273408949375,
        -0.004048164468258619,
        0.03651171550154686,
        -0.012905851937830448,
        0.04590870812535286,
        -0.006385541521012783,
        -0.015993725508451462,
        -0.00981742050498724,
        0.021296659484505653,
        0.029458869248628616,
        0.08455037325620651,
        -0.07757768779993057,
        0.0010531730949878693,
        -0.01485932432115078,
        -0.03183789178729057,
        -0.035959936678409576,
        0.13470494747161865,
        0.06523170322179794,
        -0.07398318499326706,
        -0.006885071750730276,
        0.0293723251670599,
        0.012738092802464962,
        -0.04949929937720299,
        0.0430033877491951,
        0.01605580560863018,
        -0.0846281349658966,
        0.04050237312912941,
        0.09302880614995956,
        0.019598310813307762,
        0.01714405044913292,
        0.02737661451101303,
        -0.045694027096033096,
        0.02146814949810505,
        0.06199919059872627,
        -0.04081735759973526,
        -0.02104487642645836,
        0.03422018140554428,
        -0.014083513990044594,
        -0.013311492279171944,
        -0.03282768651843071,
        -0.044750675559043884,
        0.014922242611646652,
        0.0316966213285923,
        0.00810046773403883,
        0.0990222841501236,
        -0.050796281546354294,
        -0.018745388835668564,
        -0.02644403837621212,
        0.007283580489456654,
        -0.038508228957653046,
        -0.02381928265094757,
        -0.0378006249666214,
        -0.0002923881693277508,
        -0.057070836424827576,
        -0.01786617562174797,
        -0.04124332591891289,
        0.02775493636727333,
        0.028102736920118332,
        0.029027659446001053,
        -0.03490874171257019,
        0.016313666477799416,
        0.05113699287176132,
        0.029765434563159943,
        -0.0416119359433651,
        0.041435446590185165,
        0.12847600877285004,
        0.002644795225933194,
        -0.058152198791503906,
        0.0024253001902252436,
        0.013050842098891735,
        0.043607503175735474,
        0.01118137314915657,
        0.023282930254936218,
        0.01266141515225172,
        -0.07988207787275314,
        -0.058129698038101196,
        -0.23755362629890442,
        0.012271484360098839,
        -0.023584095761179924,
        -0.04919859766960144,
        0.01668398827314377,
        -0.030967462807893753,
        0.04451780021190643,
        -0.02142300084233284,
        0.032650288194417953,
        0.03411077335476875,
        0.06532426178455353,
        -0.031024476513266563,
        -0.041642334312200546,
        0.07357768714427948,
        0.009471899829804897,
        0.005435947794467211,
        0.003776572411879897,
        0.0033564569894224405,
        -0.01224404014647007,
        -0.013071916066110134,
        0.013193411752581596,
        0.03902478143572807,
        0.016080521047115326,
        -0.057316020131111145,
        0.004131517373025417,
        0.00518709747120738,
        0.20336076617240906,
        0.06282317638397217,
        0.05085904896259308,
        -0.009456684812903404,
        0.0748584195971489,
        0.028053322806954384,
        0.0005423028487712145,
        -0.14847126603126526,
        0.04033142328262329,
        0.03737428039312363,
        0.005930682644248009,
        -0.011902444995939732,
