{
    "index": 18,
    "page": 5,
    "text": "Commodus, who succeeded him, undid the work of many campaigns by a hasty and \nunwise peace; and his reign of twelve years proved him to be a ferocious and blood-\nthirsty tyrant. Scandal has made free with the name of Faustina herself, who is ac-\ncused not only of unfaithfulness, but of intriguing with Cassius and egging him on to \nhis fatal rebellion, it must be admitted that these charges rest on no sure evidence; \nand the emperor, at all events, loved her dearly, nor ever felt the slightest qualm of \nsuspicion.",
    "embedding_of_chunk": [
        -0.054485660046339035,
        -0.00013518848572857678,
        0.047216448932886124,
        -0.0021487625781446695,
        -0.002991356886923313,
        0.0013259955449029803,
        0.0520552359521389,
        0.034569013863801956,
        -0.040155719965696335,
        -0.0305160004645586,
        -0.017601801082491875,
        -0.08298879116773605,
        0.009364396333694458,
        0.026821909472346306,
        -0.028904898092150688,
        -0.0119630740955472,
        0.0309317447245121,
        0.0744449719786644,
        -0.058180633932352066,
        0.025917580351233482,
        0.03170080855488777,
        -0.059618860483169556,
        -0.012908770702779293,
        -0.011007629334926605,
        0.011459645815193653,
        0.028494052588939667,
        0.020543048158288002,
        -0.040263582020998,
        -0.039845045655965805,
        -0.20274025201797485,
        0.003126553725451231,
        -0.0813121646642685,
        0.03527628630399704,
        -0.012812011875212193,
        0.005985254421830177,
        -0.009311608970165253,
        -0.037915486842393875,
        0.04606729373335838,
        -0.009586558677256107,
        0.01042268332093954,
        0.0562034472823143,
        0.035252854228019714,
        -0.011995350010693073,
        -0.028375055640935898,
        -0.02225286141037941,
        -0.08899632841348648,
        0.03829408064484596,
        0.0026484609115868807,
        0.04269101470708847,
        -0.010732623748481274,
        -0.0057221646420657635,
        0.007548774126917124,
        0.008420487865805626,
        0.05571063235402107,
        0.015541321597993374,
        0.03201357275247574,
        0.0823686271905899,
        0.02391991578042507,
        0.04258798435330391,
        0.02880796790122986,
        -0.007222642190754414,
        0.06257624924182892,
        -0.22888600826263428,
        0.06015417352318764,
        -0.010183697566390038,
        0.028070462867617607,
        -0.042232632637023926,
        -0.04146817699074745,
        0.0027794726192951202,
        0.05645815655589104,
        -0.009699033573269844,
        0.05227341875433922,
        0.0580931194126606,
        0.05775240436196327,
        0.0006254327017813921,
        -0.013330785557627678,
        -0.040277447551488876,
        -0.028697285801172256,
        -0.02395065687596798,
        0.04010017588734627,
        -0.0027278680354356766,
        -0.02361169271171093,
        -0.0037646046839654446,
        0.01066339947283268,
        -0.03880210593342781,
        -0.031102916225790977,
        0.04609081521630287,
        -0.05324198678135872,
        0.02348298765718937,
        0.030877530574798584,
        -0.005129768047481775,
        -0.0026545068249106407,
        0.00939851626753807,
        0.005590112414211035,
        -0.08149352669715881,
        0.025254229083657265,
        0.004673435818403959,
        0.00889577902853489,
        -0.03731222450733185,
        0.19277046620845795,
        -0.0716530978679657,
        0.03462936356663704,
        0.029367411509156227,
        -0.031530216336250305,
        0.06084558367729187,
        0.03194759041070938,
        -0.0010498147457838058,
        -0.029515139758586884,
        -0.03609788790345192,
        0.00924865435808897,
        0.07127714902162552,
        -0.050139814615249634,
        0.039893291890621185,
        -0.0506972037255764,
        0.05455593392252922,
        0.025370990857481956,
        0.038724884390830994,
        -0.0294178519397974,
        -0.06050965189933777,
        0.013412393629550934,
        0.008069461211562157,
        -0.0031520479824393988,
        0.049997132271528244,
        0.034051503986120224,
        0.06660100817680359,
        -0.04968240112066269,
        0.04740193113684654,
        0.10047966986894608,
        0.01181232463568449,
        -0.02932179532945156,
        0.0007191142067313194,
        -0.02016746811568737,
        -0.0526462197303772,
        0.0036063753068447113,
        0.03919563814997673,
        0.000161443735123612,
        0.03303103148937225,
        0.00410145940259099,
        0.039502281695604324,
        -0.07324372231960297,
        -0.06651341915130615,
        -0.13678131997585297,
        -0.03344039246439934,
        -0.05832730978727341,
        -0.028995562344789505,
        0.04313516244292259,
        0.01129956915974617,
        0.01735214702785015,
        -0.0023379891645163298,
        0.0912339836359024,
        -0.0036480941344052553,
        0.031626567244529724,
        -0.030186815187335014,
        -0.016958823427557945,
        0.03886543959379196,
        -0.025859389454126358,
        0.030394645407795906,
        0.08390925824642181,
        -0.05227997153997421,
        0.013124816119670868,
        0.020642783492803574,
        -0.020365852862596512,
        -0.03841979801654816,
        0.1373162865638733,
        0.031325362622737885,
        -0.07933643460273743,
        -0.03357459604740143,
        0.020276641473174095,
        0.026546236127614975,
        0.02371794357895851,
        0.0369284525513649,
        0.017690375447273254,
        -0.08563435822725296,
        0.0032222233712673187,
        0.06190374121069908,
        -0.0020649682264775038,
        -0.015703896060585976,
        -0.041807595640420914,
        -0.017030393704771996,
        0.01133787352591753,
        0.07620835304260254,
        -0.0058278185315430164,
        -0.03315426781773567,
        0.06590807437896729,
        0.017851563170552254,
        -0.026431092992424965,
        0.006482526659965515,
        -0.010630397126078606,
        0.03955518454313278,
        0.05325852707028389,
        -0.033859770745038986,
        0.06745387613773346,
        -0.0341317281126976,
        0.014399089850485325,
        -0.047535765916109085,
        -0.014223119243979454,
        -0.0469496063888073,
        -0.022046325728297234,
        -0.03275706246495247,
        -0.005353228654712439,
        -0.03802235424518585,
        -0.007690100930631161,
        -0.030014969408512115,
        -0.0034295013174414635,
        0.07685394585132599,
        -0.006188774481415749,
        -0.041905198246240616,
        -0.006823571398854256,
        0.0314246341586113,
        0.02190183475613594,
        -0.04089374095201492,
        0.0484524741768837,
        0.04860929399728775,
        -0.010320373810827732,
        -0.07485507428646088,
        0.03181694447994232,
        0.011315102688968182,
        0.043188679963350296,
        0.04810893535614014,
        0.028793537989258766,
        0.05855449661612511,
        -0.11808178573846817,
        -0.06004074588418007,
        -0.22211556136608124,
        -0.011692925356328487,
        -0.048531047999858856,
        -0.01217973604798317,
        0.03233562037348747,
        -0.07392377406358719,
        0.03818593546748161,
        -0.0454939566552639,
        0.05363692343235016,
        0.017125990241765976,
        0.015661653131246567,
        -0.030425377190113068,
        -0.06170721724629402,
        0.028973296284675598,
        -0.0235475804656744,
        0.04528868570923805,
        0.015852130949497223,
        0.054355088621377945,
        -0.07079889625310898,
        -0.011950460262596607,
        0.0028599167708307505,
        0.04355989396572113,
        -0.0062669250182807446,
