{
    "index": 518,
    "page": 82,
    "text": "that ostentation, but mere wretchedness of slavish. minds, that groan privately, and \nyet would make a show of obedience to reason, and truth? Go too now and tell me of \nAlexander and Philippus, and Demetrius Phalereus. Whether they understood what \nthe common nature requireth, and could rule themselves or no, they know best \nthemselves. But if they kept a life, and swaggered; I (God be thanked) am not bound \nto imitate them. The effect of true philosophy is, unaffected simplicity and modesty. \nPersuade me not to ostentation and vainglory.",
    "embedding_of_chunk": [
        0.005409994628280401,
        0.011315221898257732,
        0.018832024186849594,
        -0.025181638076901436,
        0.009588642045855522,
        -0.0576619915664196,
        0.07073619216680527,
        0.05110582709312439,
        -0.013341809622943401,
        -0.031368058174848557,
        0.01076551154255867,
        -0.08874448388814926,
        0.024375904351472855,
        0.03030313365161419,
        0.027976524084806442,
        -0.013903588056564331,
        0.01122862659394741,
        0.03857814148068428,
        -0.07197299599647522,
        0.06673911213874817,
        0.06455006450414658,
        -0.05397605895996094,
        -0.01864616759121418,
        -0.04315837100148201,
        0.016625048592686653,
        0.06224297359585762,
        -0.0408618301153183,
        -0.05518348887562752,
        -0.019005874171853065,
        -0.1221693679690361,
        -0.02022804506123066,
        -0.034417957067489624,
        0.06225620210170746,
        -0.03311065211892128,
        -0.01801767200231552,
        0.02306230179965496,
        -0.035382796078920364,
        0.036827657371759415,
        -0.035701531916856766,
        0.07570847868919373,
        0.05908006802201271,
        0.024863017722964287,
        0.0006193876033648849,
        -0.027462773025035858,
        -0.032560136169195175,
        -0.03430408611893654,
        -0.016211267560720444,
        -0.04110842943191528,
        -0.026070216670632362,
        -0.03320866823196411,
        -0.010867535136640072,
        0.022098204120993614,
        -0.010858943685889244,
        0.002048947149887681,
        0.0016995901241898537,
        0.01673232577741146,
        0.01779438927769661,
        0.053172383457422256,
        0.056535281240940094,
        0.03127038851380348,
        0.016763240098953247,
        0.020227432250976562,
        -0.20411501824855804,
        0.06785553693771362,
        0.05390559136867523,
        0.032958000898361206,
        -0.05605652183294296,
        -0.06727153807878494,
        0.030024802312254906,
        0.060117773711681366,
        -0.012901629321277142,
        0.03925742581486702,
        0.07673844695091248,
        0.06478830426931381,
        0.0036386086139827967,
        0.015836767852306366,
        -0.004466101061552763,
        -0.03439474105834961,
        0.01450173370540142,
        0.03993842750787735,
        -0.024544408544898033,
        -0.009355099871754646,
        -0.01735309325158596,
        -0.026898931711912155,
        -0.04403755068778992,
        -0.012941673398017883,
        0.0022526432294398546,
        -0.06344691663980484,
        0.051264870911836624,
        0.004728689789772034,
        -0.003090224228799343,
        -0.024956539273262024,
        0.002163400873541832,
        -0.018030060455203056,
        -0.023808369413018227,
        -0.025298260152339935,
        0.007050222251564264,
        0.019145654514431953,
        -0.07752098888158798,
        0.1848738044500351,
        -0.03899890556931496,
        0.036170072853565216,
        0.04623659327626228,
        -0.013616804964840412,
        0.060033369809389114,
        -0.021280448883771896,
        -0.02783960849046707,
        -0.06650600582361221,
        -0.03249407932162285,
        0.0018069017678499222,
        0.013808613643050194,
        -0.06648281216621399,
        0.00579164270311594,
        -0.04064571484923363,
        0.04981876164674759,
        0.011500390246510506,
        0.06541060656309128,
        0.01744241453707218,
        -0.031626079231500626,
        -0.011924879625439644,
        -0.0758213996887207,
        0.01860307715833187,
        0.07013176381587982,
        0.015195919200778008,
        0.034850943833589554,
        -0.1183653399348259,
        0.015962041914463043,
        0.09604080766439438,
        0.006703977473080158,
        0.01700042188167572,
        0.03106437809765339,
        -0.08726916462182999,
        -0.02296924777328968,
        -0.006094784010201693,
        -0.0016940647037699819,
        0.025922246277332306,
        0.01777278445661068,
        -0.012784640304744244,
        0.026419878005981445,
        -0.03514937683939934,
        -0.03333315625786781,
        -0.14307689666748047,
        -0.03971376642584801,
        -0.07906018942594528,
        -0.028059963136911392,
        0.04088111221790314,
        -0.017653925344347954,
        0.03622792288661003,
        -0.05902614817023277,
        0.03128926083445549,
        -0.043746452778577805,
        0.0054341647773981094,
        -0.052889786660671234,
        -0.02395627833902836,
        -0.013371416367590427,
        0.00964511651545763,
        0.03195774927735329,
        0.08855311572551727,
        -0.0469188392162323,
        0.005112776067107916,
        0.01358042098581791,
        -0.015362303704023361,
        -0.03825224190950394,
        0.11541392654180527,
        0.037513162940740585,
        -0.004106455948203802,
        0.01866566203534603,
        0.04435311630368233,
        0.04290623590350151,
        -0.014996981248259544,
        0.037017449736595154,
        -0.004415624774992466,
        -0.03217971324920654,
        0.03435404598712921,
        0.047839611768722534,
        -0.006339401006698608,
        -0.03448520600795746,
        0.05381619557738304,
        0.009507096372544765,
        -0.01272762380540371,
        0.06350358575582504,
        -0.019485199823975563,
        -0.052117738872766495,
        0.0056432620622217655,
        0.01735309138894081,
        -0.013887319713830948,
        -0.04917110502719879,
        -0.07717335969209671,
        0.044783513993024826,
        0.03855627775192261,
        0.03883488103747368,
        0.057643696665763855,
        -0.065308578312397,
        -0.026688260957598686,
        -0.03376751020550728,
        -0.029760809615254402,
        -0.006932961288839579,
        -0.004110587760806084,
        -0.011024105362594128,
        0.019219528883695602,
        -0.057766661047935486,
        0.019313456490635872,
        -0.03519812598824501,
        0.021133385598659515,
        0.04194509610533714,
        0.016675077378749847,
        0.018801741302013397,
        -0.012000118382275105,
        0.13207782804965973,
        0.05333184450864792,
        -0.06456044316291809,
        0.015588965266942978,
        0.027453850954771042,
        -0.01520981639623642,
        -0.039166152477264404,
        0.006682416889816523,
        -0.0025622036773711443,
        0.002121450612321496,
        0.026926985010504723,
        -0.00764974020421505,
        0.04680290073156357,
        -0.06824798882007599,
        -0.06682832539081573,
        -0.2728884220123291,
        0.03322458267211914,
        -0.004352781921625137,
        -0.06976113468408585,
        0.08125265687704086,
        -0.05794847011566162,
        0.02582535147666931,
        -0.015138673596084118,
        0.005601257551461458,
        -0.0004790347593370825,
        0.04512988403439522,
        -0.0032028928399086,
        -0.06430018693208694,
        0.043152209371328354,
        0.0021759599912911654,
        0.055715564638376236,
        0.0069587333127856255,
        0.03124826028943062,
        -0.0006500148447230458,
        -0.03488621115684509,
        -0.053401343524456024,
        0.06150916963815689,
