{
    "index": 354,
    "page": 56,
    "text": "LIII. No man can hinder thee to live as thy nature doth require. Nothing can happen \nunto thee, but what the common good of nature doth require. \n\nLIV. What manner of men they be whom they seek to please, and what to get, and by \nwhat actions: how soon time will cover and bury all things, and how many it hath \nalready buried! \nSEVENTH BOOK \n\nTHE SEVENTH BOOK \n\nW \n\nHAT IS WICKEDNESS? It is that which many time and often thou hast al-\nready seen and known in the world. And so oft as anything doth happen \nthat might otherwise trouble thee, let this memento presently come to thy",
    "embedding_of_chunk": [
        -0.024878522381186485,
        -0.0022473162971436977,
        0.0203358456492424,
        0.001054291264154017,
        0.03471391648054123,
        0.04349604249000549,
        0.10686886310577393,
        -0.0010528850834816694,
        -0.019303424283862114,
        -0.0028476438019424677,
        -0.009341099299490452,
        -0.07666146755218506,
        0.023761022835969925,
        0.02901470847427845,
        0.011532947421073914,
        0.04533465579152107,
        -0.01126184780150652,
        0.056161068379879,
        -0.0816870778799057,
        0.0361846387386322,
        0.08700630068778992,
        0.016412870958447456,
        -0.002059404505416751,
        -0.03692154586315155,
        -0.011436273343861103,
        0.01905100606381893,
        -0.017631301656365395,
        -1.0321570698579308e-05,
        -0.013077297247946262,
        -0.16063252091407776,
        -0.013147941790521145,
        -0.055936768651008606,
        0.05473173037171364,
        -0.029823804274201393,
        -0.02979212813079357,
        -0.02266794629395008,
        -0.03680388629436493,
        0.027521127834916115,
        -0.010692307725548744,
        0.06826802343130112,
        0.03613456338644028,
        0.04502777382731438,
        -0.006802489049732685,
        -0.04212743043899536,
        -0.026784395799040794,
        -0.031320806592702866,
        -0.017858756706118584,
        -0.04189513251185417,
        0.020096980035305023,
        -0.04251313582062721,
        -0.0004011243872810155,
        -0.004361880477517843,
        0.04306574538350105,
        0.017922354862093925,
        0.03031262196600437,
        0.015463788993656635,
        0.06581676751375198,
        0.00829374324530363,
        0.02539396658539772,
        0.0038476022891700268,
        0.05779813602566719,
        -0.028403423726558685,
        -0.21242037415504456,
        0.05255744978785515,
        0.09116152673959732,
        0.01049383170902729,
        -0.02921362593770027,
        -0.031042972579598427,
        0.013907955028116703,
        0.042579080909490585,
        -0.047780945897102356,
        0.05440423637628555,
        0.034845661371946335,
        0.0904533863067627,
        0.01536939200013876,
        0.008706153370440006,
        -0.01536504365503788,
        -0.06498680263757706,
        -0.018091095611453056,
        0.010506982915103436,
        -0.03082212805747986,
        0.021296648308634758,
        0.005637725815176964,
        0.008887838572263718,
        -0.062390562146902084,
        -0.07180887460708618,
        0.04007014259696007,
        -0.04935380443930626,
        0.03295766934752464,
        -0.004153237212449312,
        -0.0036944998428225517,
        -0.028914952650666237,
        0.015604997985064983,
        0.022569848224520683,
        -0.055999089032411575,
        -0.0496654249727726,
        0.06815741211175919,
        -0.00789735559374094,
        -0.0293661430478096,
        0.20064853131771088,
        -0.02991950884461403,
        0.028932882472872734,
        -0.014623786322772503,
        -8.449067536275834e-05,
        0.03832201287150383,
        -0.01918831095099449,
        -0.023289375007152557,
        -0.04726216569542885,
        -0.013457040302455425,
        0.0031838547438383102,
        0.0022263680584728718,
        -0.03764533996582031,
        0.03783397004008293,
        -0.06436381489038467,
        0.04403354600071907,
        0.00010209311585640535,
        0.023514864966273308,
        -0.015489666722714901,
        -0.056290239095687866,
        -0.04632152244448662,
        -0.0051750983111560345,
        0.04363081231713295,
        0.06405343115329742,
        -0.017192725092172623,
        0.01832471787929535,
        -0.08133020251989365,
        0.06413336098194122,
        0.1180005893111229,
        0.05608697980642319,
        0.011209591291844845,
        0.014948011375963688,
        -0.050603654235601425,
        -0.03817237541079521,
        -0.008284037001430988,
        0.008617806248366833,
        0.023562664166092873,
        -0.01018521562218666,
        -0.003408734919503331,
        0.013529330492019653,
        -0.021624280139803886,
        -0.042106375098228455,
        -0.1567470282316208,
        -0.06443976610898972,
        -0.12316969037055969,
        0.00299330847337842,
        0.07031058520078659,
        0.029688218608498573,
        0.008625108748674393,
        -0.04773430526256561,
        0.009184078313410282,
        -0.03843294829130173,
        0.011601749807596207,
        -0.029965588822960854,
        -0.033951546996831894,
        0.03136919438838959,
        0.037326373159885406,
        0.035447631031274796,
        0.04118255153298378,
        -0.013094929046928883,
        0.006112849339842796,
        0.008622519671916962,
        -0.006190307904034853,
        -0.04503486678004265,
        0.10456676036119461,
        0.02396690472960472,
        -0.016002751886844635,
        0.0022466471418738365,
        0.004301805514842272,
        0.026849456131458282,
        0.01083556842058897,
        0.05585528537631035,
        0.016063949093222618,
        -0.04406287521123886,
        0.07991103827953339,
        0.08228038251399994,
        0.02478369139134884,
        -0.048962678760290146,
        -0.018383841961622238,
        -0.029603710398077965,
        -0.009149294346570969,
        0.01865881308913231,
        -0.029104383662343025,
        -0.02343999221920967,
        0.06399829685688019,
        0.011213226243853569,
        -0.02060135081410408,
        -0.038918159902095795,
        -0.015899740159511566,
        0.03220965713262558,
        0.05758294835686684,
        -0.00932494830340147,
        0.01602444425225258,
        -0.018624968826770782,
        -0.000811915728263557,
        -0.014141290448606014,
        0.015747522935271263,
        -0.031982000917196274,
        -0.019654467701911926,
        -0.018014680594205856,
        0.007609248626977205,
        -0.022625045850872993,
        -0.040000319480895996,
        -0.037713393568992615,
        0.010437287390232086,
        0.039239246398210526,
        0.020211394876241684,
        -0.012099741026759148,
        -0.015504918061196804,
        0.049562275409698486,
        0.0232139490544796,
        -0.03332120180130005,
        0.0074459766037762165,
        0.05576425418257713,
        0.006778298411518335,
        -0.031095052137970924,
        0.03414060175418854,
        0.01898234151303768,
        -0.002317311242222786,
        0.07486683130264282,
        0.07045166939496994,
        0.0030820253305137157,
        -0.11514780670404434,
        -0.04378591105341911,
        -0.2357570081949234,
        -0.0021926346234977245,
        -0.02849758416414261,
        -0.051292676478624344,
        0.07275842130184174,
        -0.04508236423134804,
        -0.02581816539168358,
        -0.0118717597797513,
        0.01562220323830843,
        0.03975924104452133,
        0.05780419707298279,
        -0.05547560751438141,
        -0.030073873698711395,
        0.021200042217969894,
        0.002577712992206216,
        0.07847462594509125,
        0.0030291005969047546,
        0.0004518874629866332,
        -0.051934704184532166,
        0.01266595721244812,
