{
    "index": 96,
    "page": 16,
    "text": "XIV. From the gods I received that I had good grandfathers, and parents, a good sis-\nter, good masters, good domestics, loving kinsmen, almost all that I have; and that I \nnever through haste and rashness transgressed against any of them, notwithstand-\ning that my disposition was such, as that such a thing (if occasion had been) might \nvery well have been committed by me, but that It was the mercy of the gods, to pre-\nvent such a concurring of matters and occasions, as might make me to incur this \nblame. That I was not long brought up by the concubine of my father; that I pre-\nserved the flower of my youth. That I took not upon me to be a man before my time, \nbut rather put it off longer than I needed. That I lived under the government of my",
    "embedding_of_chunk": [
        0.012085882015526295,
        0.047111887484788895,
        0.009989672340452671,
        -0.04722851514816284,
        0.015828071162104607,
        -0.006995613686740398,
        0.0804925337433815,
        0.06419163197278976,
        0.01340903528034687,
        -0.03040763922035694,
        -0.014447961933910847,
        -0.05383246764540672,
        0.044339459389448166,
        0.02555982582271099,
        -0.009295614436268806,
        0.030558403581380844,
        -0.017210757359862328,
        0.06202325224876404,
        -0.06788541376590729,
        0.02166667953133583,
        0.02225801721215248,
        -0.02669384889304638,
        -0.025155581533908844,
        -0.06660779565572739,
        0.03253861144185066,
        0.0532553531229496,
        0.023472527042031288,
        -0.049066074192523956,
        -0.01354449987411499,
        -0.15324752032756805,
        -0.01180274412035942,
        -0.05228924751281738,
        0.032428234815597534,
        -0.0010902566136792302,
        -0.041307318955659866,
        -0.02763797715306282,
        -0.03302041441202164,
        0.05775532126426697,
        -0.03906599059700966,
        0.04845309630036354,
        0.06839541345834732,
        0.03096148744225502,
        -0.06357729434967041,
        -0.04801975563168526,
        -0.013019504025578499,
        -0.0025418978184461594,
        0.0012388495961204171,
        0.0007936523179523647,
        0.04701833799481392,
        -0.03375143185257912,
        -0.032421063631772995,
        -0.006026799324899912,
        0.02636926807463169,
        0.055843256413936615,
        0.0031454910058528185,
        0.02205359749495983,
        0.05335993692278862,
        -0.01865585707128048,
        0.04881783947348595,
        0.06278938800096512,
        0.010488948784768581,
        0.04176575690507889,
        -0.23525825142860413,
        0.05468786135315895,
        0.00900125689804554,
        0.03783684968948364,
        -0.04011799022555351,
        -0.02128475531935692,
        0.019317971542477608,
        0.0727357417345047,
        -0.04870738089084625,
        0.034598205238580704,
        0.03219122067093849,
        0.0760708674788475,
        0.028983943164348602,
        0.021351685747504234,
        -0.014463714323937893,
        -0.030952226370573044,
        -0.04614308476448059,
        0.025791246443986893,
        0.0047001466155052185,
        0.031818781048059464,
        -0.011403587646782398,
        -0.02103477530181408,
        -0.05914398282766342,
        -0.019276345148682594,
        -0.0022999478969722986,
        -0.08384643495082855,
        0.05511952191591263,
        0.03011799417436123,
        -0.007363953627645969,
        -0.04601649194955826,
        -0.018516849726438522,
        -0.01971055008471012,
        -0.030129097402095795,
        -0.019544312730431557,
        0.03509867563843727,
        -0.004075085744261742,
        -0.026945268735289574,
        0.19676747918128967,
        0.010416284203529358,
        0.03963695093989372,
        0.01031575072556734,
        -0.005994750652462244,
        0.033720724284648895,
        0.01972099021077156,
        -0.03794078901410103,
        -0.053870923817157745,
        -0.007679154630750418,
        0.021312229335308075,
        0.003452049335464835,
        -0.03784853592514992,
        0.03608306124806404,
        -0.0658148005604744,
        0.04690977931022644,
        -0.0058403233997523785,
        0.04974394664168358,
        -0.0014026263961568475,
        -0.04849236458539963,
        -0.0014937559608370066,
        -0.0004931342555209994,
        0.03808329254388809,
        0.015410936437547207,
        -0.03934841230511665,
        0.02807036228477955,
        -0.08712144196033478,
        0.050727132707834244,
        0.08781339973211288,
        0.0221996046602726,
        -0.034695811569690704,
        0.03420484811067581,
        -0.02938760444521904,
        0.00874251127243042,
        -0.03579062968492508,
        0.01795368082821369,
        0.035117339342832565,
        0.02594432421028614,
        -0.008132087998092175,
        0.03589997440576553,
        -0.04868612438440323,
        -0.06662691384553909,
        -0.17804169654846191,
        -0.03082265704870224,
        -0.07177618891000748,
        -0.026181569322943687,
        0.07114730030298233,
        0.024062389507889748,
        0.00716664781793952,
        -0.005257658660411835,
        0.06549344211816788,
        0.027374599128961563,
        0.06124624237418175,
        -0.03484480082988739,
        -0.03835265338420868,
        0.0031994585879147053,
        0.05898633599281311,
        0.02116345427930355,
        0.09720181673765182,
        -0.02349966950714588,
        -0.005000054836273193,
        0.05040935426950455,
        -0.06504719704389572,
        -0.06592492014169693,
        0.08357341587543488,
        0.06423069536685944,
        -0.06807151436805725,
        0.011956538073718548,
        -0.012398489750921726,
        0.021214846521615982,
        -0.006060962565243244,
        0.056116387248039246,
        0.00022740010172128677,
        -0.09293241053819656,
        0.018458416685461998,
        0.08519292622804642,
        0.04069489240646362,
        -0.002018056344240904,
        0.027012160047888756,
        0.005667183082550764,
        0.05086183547973633,
        0.05063967779278755,
        -0.08972161263227463,
        -0.08914796262979507,
        0.046910081058740616,
        0.009855173528194427,
        -0.036045849323272705,
        -0.02848794497549534,
        0.004066715482622385,
        0.0033817547373473644,
        0.019620412960648537,
        0.0052421544678509235,
        0.056151408702135086,
        -0.06324369460344315,
        -0.023171784356236458,
        0.0019851031247526407,
        -0.012250427156686783,
        -0.02155700884759426,
        0.01530564483255148,
        -0.031171731650829315,
        -0.020944135263562202,
        0.01751587726175785,
        -0.04035870358347893,
        -0.037429071962833405,
        0.04079962149262428,
        0.0030484108719974756,
        0.05144921690225601,
        -0.04159858822822571,
        -0.02591739408671856,
        0.02691837213933468,
        0.013555164448916912,
        -0.06655405461788177,
        -0.009417626075446606,
        0.06016343832015991,
        0.0031129219569265842,
        -0.08789435774087906,
        0.04167146608233452,
        0.042006414383649826,
        0.025727255269885063,
        0.03377265855669975,
        0.04266447573900223,
        0.027565177530050278,
        -0.13120393455028534,
        -0.05624336376786232,
        -0.20558170974254608,
        -0.0035722171887755394,
        -0.007468865253031254,
        -0.036095261573791504,
        0.039115604013204575,
        -0.03311411291360855,
        0.0513920821249485,
        0.006846882868558168,
        0.03823322802782059,
        0.018279818817973137,
        0.058061301708221436,
        -0.013937989249825478,
        -0.04982141777873039,
        0.03679902106523514,
        -0.014568494632840157,
        0.059279248118400574,
