{
    "index": 250,
    "page": 40,
    "text": "nate. For these two considerations then thou must be well pleased with anything \nthat doth happen unto thee. First, because that for thee properly it was brought to \npass, and unto thee it was prescribed; and that from the very beginning by the series \nand connection of the first causes, it hath ever had a reference unto thee. And sec-\nondly, because the good success and perfect welfare, and indeed the very continu-\nance of Him, that is the Administrator of the whole, doth in a manner depend on it. \nFor the whole (because whole, therefore entire and perfect) is maimed, and mutilated, \nif thou shalt cut off anything at all, whereby the coherence, and contiguity as of \nparts, so of causes, is maintained and preserved. Of which certain it is, that thou",
    "embedding_of_chunk": [
        -0.02851506695151329,
        0.02265537902712822,
        0.0398026667535305,
        -0.02423531375825405,
        -0.012915246188640594,
        0.0019244671566411853,
        0.09049144387245178,
        0.07098517566919327,
        -0.021874932572245598,
        -0.005077038891613483,
        -0.021822474896907806,
        -0.06171003729104996,
        0.020248359069228172,
        0.046371348202228546,
        -0.021610986441373825,
        0.053768809884786606,
        -0.00528376828879118,
        0.03244950622320175,
        -0.08510804176330566,
        0.024632301181554794,
        0.05333989858627319,
        -0.007024326361715794,
        -0.021534664556384087,
        -0.04824463650584221,
        0.037572428584098816,
        0.020257895812392235,
        -0.01854696311056614,
        -0.012015577405691147,
        -0.006596225779503584,
        -0.22220535576343536,
        -0.006981619633734226,
        -0.027209805324673653,
        0.033891674131155014,
        0.022834235802292824,
        -0.011745896190404892,
        -0.006507284473627806,
        -0.01979631371796131,
        0.038758836686611176,
        -0.030745895579457283,
        0.043254002928733826,
        0.04517006501555443,
        0.023586954921483994,
        -0.002039952203631401,
        -0.06269282847642899,
        -0.021707860752940178,
        -0.019601497799158096,
        0.0031197317875921726,
        -0.010409550741314888,
        0.04149823635816574,
        -0.04887659475207329,
        -0.023578064516186714,
        0.009412038139998913,
        0.018250009045004845,
        0.0700768455862999,
        0.05158916115760803,
        0.02677982859313488,
        0.07055878639221191,
        0.003870592452585697,
        0.007158926222473383,
        0.012547495774924755,
        0.022067803889513016,
        0.06026487797498703,
        -0.26843252778053284,
        0.09285613149404526,
        0.04799129068851471,
        0.0034878652077168226,
        -0.01946541666984558,
        -0.04489104077219963,
        0.008781000040471554,
        0.0751090869307518,
        -0.04655473306775093,
        0.03665335848927498,
        0.04132680967450142,
        0.0396861657500267,
        -4.7528887080261484e-05,
        -0.010034704580903053,
        0.030178828164935112,
        -0.018267009407281876,
        -0.05454061180353165,
        0.03006770834326744,
        -0.02035864256322384,
        0.021142950281500816,
        -0.01691611483693123,
        0.02114364318549633,
        -0.07227127254009247,
        -0.04516790807247162,
        0.014792067930102348,
        -0.10866322368383408,
        0.02586006000638008,
        0.025999268516898155,
        0.007535676937550306,
        -0.033370181918144226,
        0.031702011823654175,
        0.008328630588948727,
        -0.0262832660228014,
        0.0019141730153933167,
        0.03672655299305916,
        0.01330486312508583,
        -0.02319369837641716,
        0.1964322179555893,
        -0.03241005167365074,
        -0.011691156774759293,
        -0.012579809874296188,
        -0.025498367846012115,
        0.04589153826236725,
        0.020847145467996597,
        0.008318210020661354,
        -0.0626256987452507,
        -0.005142024252563715,
        0.00784407090395689,
        0.0011092107743024826,
        0.0003548315726220608,
        0.04958339408040047,
        -0.07465285062789917,
        0.03296229988336563,
        0.017059538513422012,
        0.025966724380850792,
        0.015295079909265041,
        -0.0019099297933280468,
        -0.03877649083733559,
        0.017195675522089005,
        0.03590907156467438,
        0.06408298760652542,
        -0.04539083316922188,
        -0.016863388940691948,
        -0.07525941729545593,
        0.05392332375049591,
        0.08529307693243027,
        0.005003369878977537,
        -0.05182379484176636,
        0.0013454429572448134,
        -0.09084054082632065,
        -0.03352198749780655,
        -0.010841338895261288,
        0.03136776387691498,
        0.015550668351352215,
        0.003410779172554612,
        -0.013462898321449757,
        0.026946712285280228,
        -0.039197783917188644,
        -0.025242067873477936,
        -0.13979403674602509,
        -0.0686764270067215,
        -0.11904449760913849,
        -0.00799337774515152,
        0.07868897914886475,
        -0.008637383580207825,
        0.03209751099348068,
        -0.03880082070827484,
        0.002991525223478675,
        0.02182711288332939,
        0.026279862970113754,
        -0.04863788187503815,
        -0.015003196895122528,
        0.004381407983601093,
        0.027356507256627083,
        0.035692840814590454,
        0.06434579193592072,
        -0.018749898299574852,
        0.008087832480669022,
        -0.0025946018286049366,
        -0.03509235382080078,
        -0.0447031669318676,
        0.09607328474521637,
        -0.013172202743589878,
        -0.00929292943328619,
        -4.061576692038216e-05,
        0.019351975992321968,
        0.02907448634505272,
        0.01552547886967659,
        0.015482754446566105,
        0.021741297096014023,
        -0.05016375705599785,
        0.04299357533454895,
        0.05142475292086601,
        0.057836659252643585,
        -0.040973398834466934,
        0.03692743182182312,
        0.016789773479104042,
        -0.013506018556654453,
        0.05387406423687935,
        -0.061491258442401886,
        -0.03152941167354584,
        0.051108699291944504,
        0.020332489162683487,
        -0.028213266283273697,
        0.0010253112995997071,
        -0.03208340331912041,
        0.0241136085242033,
        0.06374482065439224,
        -0.02051766961812973,
        0.033654261380434036,
        -0.08530130237340927,
        -0.007185815833508968,
        -0.007876060903072357,
        -0.020692668855190277,
        -0.06699156761169434,
        -0.03095504827797413,
        -0.04019487649202347,
        0.012025472708046436,
        -0.028626248240470886,
        -0.013711649924516678,
        -0.02666797675192356,
        0.03840586170554161,
        0.014895103871822357,
        0.027533039450645447,
        -0.017509376630187035,
        -0.015015085227787495,
        0.05610237643122673,
        0.04835087060928345,
        -0.044897813349962234,
        0.033073484897613525,
        -0.004803069401532412,
        -0.036693356931209564,
        -0.014197414740920067,
        0.03646078705787659,
        -0.0015924501931294799,
        0.035990893840789795,
        0.04577745869755745,
        0.04804323613643646,
        0.04619460180401802,
        -0.06132108345627785,
        -0.05303746461868286,
        -0.2415163815021515,
        -0.013361835852265358,
        -0.00860952865332365,
        -0.011639771051704884,
        0.045737430453300476,
        -0.04506279528141022,
        0.03076082095503807,
        -0.014142170548439026,
        -0.014757989905774593,
        0.027090011164546013,
        0.0542636476457119,
        -0.02885839156806469,
        -0.05157947912812233,
        0.006266633979976177,
        -0.019963178783655167,
