{
    "index": 746,
    "page": 117,
    "text": "80 My \n\n81 the sparrowkin? After this kind of \n\nturn now: “And what of our little Gratia,\n\ntalk, and an argument as to which of you loved the other most, the gong \nsounded, the signal that my father had gone to the bath. We supped, after ab-\nlutions in the oil-cellar — I mean we supped after ablutions, not after ablutions \nin the oil-cellar; and listened with enjoyment to the rustics gibing. After return-\ning, before turning on my side to snore, I do my task and give an account of the \nday to my delightful master, whom if I could long for a little more, I should not \nmind growing a trifle thinner. Farewell, Fronto, wherever you are, honey-sweet, \nmy darling, my delight. Why do I want you? I can love you while far away.” \n\n82 \n\nOne anecdote puts Marcus before us in a new light:",
    "embedding_of_chunk": [
        -0.0389123260974884,
        0.01035886351019144,
        0.044524334371089935,
        0.0039331852458417416,
        -0.025977618992328644,
        0.00662524439394474,
        0.0817205011844635,
        0.05470265448093414,
        -0.038436390459537506,
        0.002923418767750263,
        -0.016017906367778778,
        -0.05546538531780243,
        0.009192380122840405,
        0.0065696570090949535,
        0.025732064619660378,
        0.03285037726163864,
        -0.023320650681853294,
        0.04616548866033554,
        -0.12033796310424805,
        -0.010252440348267555,
        0.033819593489170074,
        -0.025971118360757828,
        -0.024474171921610832,
        -0.0474710687994957,
        0.015346743166446686,
        0.07425963133573532,
        -0.03732139617204666,
        -0.02178093045949936,
        -0.025766775012016296,
        -0.17426656186580658,
        -0.01014750823378563,
        -0.009138892404735088,
        0.07767802476882935,
        -0.01231772918254137,
        0.012243996374309063,
        -0.03901010379195213,
        0.003917344380170107,
        0.012774932198226452,
        -0.049025971442461014,
        0.03865257650613785,
        0.07107850909233093,
        0.029509784653782845,
        0.007576352450996637,
        -0.012670892290771008,
        -0.04588887095451355,
        -0.013933645561337471,
        -0.03495418652892113,
        -0.026941992342472076,
        0.0628402978181839,
        -0.06420071423053741,
        -0.03541473671793938,
        -0.009547634981572628,
        0.012299155816435814,
        0.0014838261995464563,
        0.016394851729273796,
        0.025181632488965988,
        0.05499013885855675,
        0.03129276633262634,
        0.020385386422276497,
        0.04768314212560654,
        0.0017337058670818806,
        0.010415486060082912,
        -0.2279030978679657,
        0.07401904463768005,
        0.04814639315009117,
        -0.0027286920230835676,
        -0.038078997284173965,
        -0.048627570271492004,
        0.013769395649433136,
        0.07850410044193268,
        -0.057921286672353745,
        0.012064088135957718,
        0.02099093422293663,
        0.04883981868624687,
        0.017278138548135757,
        -0.019969981163740158,
        -0.033850643783807755,
        0.008065263740718365,
        -0.0227398369461298,
        0.0051287501119077206,
        0.007921145297586918,
        -0.008532686159014702,
        -0.032348982989788055,
        -0.03337766230106354,
        -0.0687362477183342,
        -0.0525028221309185,
        0.02760085090994835,
        -0.02804471366107464,
        0.020465578883886337,
        0.012495576404035091,
        -0.02411719225347042,
        -0.03909207135438919,
        -0.018061764538288116,
        0.03029058687388897,
        -0.0333123654127121,
        -0.02262858860194683,
        0.052511367946863174,
        0.03241933137178421,
        -0.06698250025510788,
        0.21052314341068268,
        -0.03350209444761276,
        0.05954199284315109,
        0.01135079562664032,
        -0.0192832350730896,
        0.007720877416431904,
        -0.02201448567211628,
        -0.03700745478272438,
        -0.03561140596866608,
        0.0020483473781496286,
        0.011872965842485428,
        0.014835289679467678,
        -0.0477663017809391,
        0.03812522441148758,
        -0.011856375262141228,
        0.046521563082933426,
        -0.014657682739198208,
        0.03802577033638954,
        0.026605959981679916,
        -0.02321884036064148,
        -0.011670191772282124,
        -0.0265244971960783,
        0.014475450851023197,
        0.00895385630428791,
        0.003913417458534241,
        0.039076440036296844,
        -0.11610745638608932,
        0.08506713807582855,
        0.0981663167476654,
        -0.0010881568305194378,
        -0.0005806166445836425,
        0.06065698340535164,
        -0.027340032160282135,
        0.011967959813773632,
        -0.03529231622815132,
        0.029897084459662437,
        -0.0014940197579562664,
        0.02506227232515812,
        -0.007402584422379732,
        0.030185231938958168,
        -0.022374412044882774,
        -0.03367803990840912,
        -0.1729816198348999,
        -0.030299730598926544,
        -0.06320178508758545,
        0.0005183273460716009,
        0.12452420592308044,
        0.022954287007451057,
        0.0345369428396225,
        -0.00663334783166647,
        0.03303546831011772,
        -0.00874379463493824,
        0.04385053738951683,
        -0.02446041814982891,
        -0.01442069374024868,
        0.023146914318203926,
        0.04070263355970383,
        0.020936500281095505,
        0.11064448952674866,
        -0.04962194338440895,
        0.017343493178486824,
        -0.030886203050613403,
        -0.02694432996213436,
        -0.04319401830434799,
        0.04351382702589035,
        0.040455128997564316,
        -0.06648684293031693,
        -0.030501002445816994,
        -0.013087913393974304,
        0.006188932806253433,
        -0.02725232020020485,
        0.09112139791250229,
        0.021072974428534508,
        -0.07136373966932297,
        0.02160472422838211,
        0.060997456312179565,
        0.009530408307909966,
        -0.002363154897466302,
        -0.019334062933921814,
        0.006501729134470224,
        0.050863396376371384,
        0.06327951699495316,
        -0.0037277338560670614,
        -0.05096614733338356,
        0.03837115317583084,
        0.019795618951320648,
        -0.05969614163041115,
        0.012804193422198296,
        -0.03556928038597107,
        0.02725048176944256,
        0.07904450595378876,
        -0.006557642947882414,
        0.020054178312420845,
        -0.04023892432451248,
        -0.000929569243453443,
        -0.04396111145615578,
        -0.04641897231340408,
        -0.026837319135665894,
        -0.0009450087090954185,
        -0.023598069325089455,
        -0.017822546884417534,
        -0.014776905067265034,
        -0.050461020320653915,
        -0.02201693132519722,
        0.01772966794669628,
        0.01791488192975521,
        0.041166532784700394,
        0.04437422752380371,
        -0.015244503505527973,
        0.05075952038168907,
        0.011563821695744991,
        -0.039806656539440155,
        0.03386479243636131,
        0.04716630280017853,
        0.02706923335790634,
        -0.0312587171792984,
        -0.005965787451714277,
        -0.03830923140048981,
        0.08498620241880417,
        -0.02455311082303524,
        0.04611188545823097,
        0.03478660807013512,
        -0.09106145799160004,
        -0.08036933839321136,
        -0.22794511914253235,
        0.04532196372747421,
        0.04172069579362869,
        -0.05339044705033302,
        0.08293749392032623,
        -0.09866918623447418,
        0.04057913273572922,
        0.019716529175639153,
        0.051648326218128204,
        1.800674908736255e-05,
        0.06299462169408798,
        -0.05407002568244934,
        -0.009596950374543667,
        0.0731629803776741,
