{
    "index": 537,
    "page": 84,
    "text": "thyself. For whilst in general thou dost thus reason with thyself, that the kind of \nthem must needs be in the world, thou wilt be the better able to use meekness to-\nwards every particular. This also thou shalt find of very good use, upon every such \noccasion, presently to consider with thyself, what proper virtue nature hath fur-\nnished man with, against such a vice, or to encounter with a disposition vicious in \nthis kind. As for example, against the unthankful, it hath given goodness and meek-\nness, as an antidote, and so against another vicious in another kind some other pe-\nculiar faculty. And generally, is it not in thy power to instruct him better, that is in \nan error? For whosoever sinneth, doth in that decline from his purposed end, and is",
    "embedding_of_chunk": [
        -0.00022625077690463513,
        0.016887841746211052,
        -0.010655556805431843,
        -0.03627556934952736,
        -0.01440802589058876,
        0.004573460668325424,
        0.1174548789858818,
        0.05439380183815956,
        0.0027286603581160307,
        -0.014071286655962467,
        0.02069641649723053,
        -0.08548528701066971,
        0.050533514469861984,
        0.024013737216591835,
        -0.003998056519776583,
        0.039696600288152695,
        -0.017623670399188995,
        0.06992341578006744,
        -0.05919623747467995,
        0.041116923093795776,
        0.005393011495471001,
        -0.029973335564136505,
        -0.03799546882510185,
        -0.04258473962545395,
        0.007188269402831793,
        0.011933436617255211,
        -0.028342517092823982,
        -0.014073364436626434,
        -0.007868212647736073,
        -0.16208426654338837,
        0.020122572779655457,
        -0.03841066360473633,
        0.022941019386053085,
        -0.001888804603368044,
        -0.02783752791583538,
        -0.024611858651041985,
        -0.03662992641329765,
        0.03211293742060661,
        -0.028074955567717552,
        0.04019199684262276,
        0.041333504021167755,
        0.013750891201198101,
        -0.015871817246079445,
        -0.0412311777472496,
        -0.03165663406252861,
        -0.036689382046461105,
        -0.005786856170743704,
        -0.03243687376379967,
        -0.0028721403796225786,
        -0.04450661316514015,
        -0.011603185907006264,
        -0.01044569630175829,
        0.037516698241233826,
        0.03782949969172478,
        0.02035491354763508,
        0.017468415200710297,
        0.06847633421421051,
        0.02629711851477623,
        0.007649504113942385,
        0.02816910110414028,
        0.04158119484782219,
        0.00619860365986824,
        -0.23194102942943573,
        0.06434303522109985,
        0.080320343375206,
        -0.0035502822138369083,
        -0.02683901973068714,
        0.016890525817871094,
        -0.0010011049453169107,
        0.04181288555264473,
        -0.007561324629932642,
        0.006789674982428551,
        0.038874801248311996,
        0.07912633568048477,
        0.03587552160024643,
        -0.01340912189334631,
        -0.019157130271196365,
        -0.060722000896930695,
        -0.02199406549334526,
        0.04250810667872429,
        0.010554458014667034,
        -0.007616719696670771,
        9.990302351070568e-05,
        -0.0013786914059892297,
        -0.034968093037605286,
        -0.047531407326459885,
        0.03304789960384369,
        -0.08512891829013824,
        0.0634201243519783,
        -0.0016221430851146579,
        0.015886502340435982,
        0.0013437671586871147,
        -0.0027551911771297455,
        0.033109139651060104,
        -0.0041625481098890305,
        -0.016575559973716736,
        0.04298166185617447,
        -0.01897786743938923,
        -0.10013870149850845,
        0.20662519335746765,
        -0.04428445175290108,
        0.03264866769313812,
        -0.007759635336697102,
        -0.0276030320674181,
        0.060685593634843826,
        0.005913656670600176,
        -0.01112500112503767,
        -0.04710343852639198,
        -0.0027406932786107063,
        -0.00021155313879717141,
        0.03313213586807251,
        -0.02422660030424595,
        0.010735763236880302,
        -0.056102216243743896,
        0.017960084602236748,
        0.013209758326411247,
        0.018831025809049606,
        0.0015804332215338945,
        -0.03603043407201767,
        0.0034164392855018377,
        -0.01515280082821846,
        0.043054819107055664,
        0.07167041301727295,
        -0.01954803429543972,
        0.004384078551083803,
        -0.0895095020532608,
        0.030461210757493973,
        0.11788814514875412,
        0.03039734438061714,
        -0.015767401084303856,
        -0.028786582872271538,
        -0.06429759413003922,
        -0.0369439423084259,
        -0.04092687368392944,
        0.05289697274565697,
        0.033062420785427094,
        0.026507634669542313,
        -0.020807065069675446,
        0.05864809826016426,
        -0.05501130223274231,
        0.0010448101675137877,
        -0.14866478741168976,
        -0.07987650483846664,
        -0.13135068118572235,
        -0.0024164465721696615,
        0.0748337060213089,
        -0.000510701909661293,
        0.026011979207396507,
        -0.03308270871639252,
        0.01011552382260561,
        -0.0017996284877881408,
        0.02087693102657795,
        -0.06280893087387085,
        -0.0020757822785526514,
        0.010228931903839111,
        0.04497615620493889,
        0.01267158705741167,
        0.06958569586277008,
        -0.029405243694782257,
        0.032098330557346344,
        0.015418434515595436,
        -0.052352964878082275,
        -0.049565620720386505,
        0.10567092150449753,
        0.010967355221509933,
        -0.006225614342838526,
        -0.0117415152490139,
        0.01783745363354683,
        -0.021329432725906372,
        0.0008846143609844148,
        0.03692828491330147,
        -0.0009671208099462092,
        -0.06342969834804535,
        0.06821513921022415,
        0.06787563860416412,
        0.02512759529054165,
        -0.05535249784588814,
        0.003963470458984375,
        -0.019379546865820885,
        0.003964869771152735,
        0.04692671075463295,
        -0.0521509014070034,
        -0.07375284284353256,
        0.05318446457386017,
        0.022518770769238472,
        -0.012235010042786598,
        0.02947857417166233,
        -0.051921501755714417,
        0.06559927016496658,
        0.0780741423368454,
        -0.01337436307221651,
        0.013753257691860199,
        -0.06049474701285362,
        -0.02114528976380825,
        -0.04079347476363182,
        -0.01911265030503273,
        -0.03557867184281349,
        0.02358887530863285,
        -0.02501082792878151,
        0.02117905206978321,
        -0.02385031245648861,
        -0.0033708142582327127,
        -0.024008367210626602,
        -0.0008461478282697499,
        0.026836559176445007,
        0.010250593535602093,
        -0.0008766298997215927,
        -0.03736486658453941,
        0.05120767652988434,
        0.025842953473329544,
        -0.03791220858693123,
        0.036287821829319,
        0.035033583641052246,
        0.010701197199523449,
        -0.009541135281324387,
        0.021445227786898613,
        0.01572691649198532,
        -0.010461093857884407,
        0.018730591982603073,
        0.05416327714920044,
        0.023287270218133926,
        -0.07577820867300034,
        -0.07447168976068497,
        -0.24858279526233673,
        0.01339798979461193,
        -0.03252744674682617,
        -0.05219215899705887,
        0.05288153514266014,
        -0.050578419119119644,
        0.039006639271974564,
        -0.011141473427414894,
        -0.03541010245680809,
        0.036481503397226334,
        0.06615202873945236,
        -0.0205081757158041,
        -0.0060071079060435295,
        -0.00646315049380064,
