{
    "index": 58,
    "page": 10,
    "text": "He sees also the true essence of happiness. “If happiness did consist in pleasure, \nhow came notorious robbers, impure abominable livers, parricides, and tyrants, in so \nlarge a measure to have their part of pleasures?” He who had all the world’s pleas-\nures at command can write thus “A happy lot and portion is, good inclinations of the \nsoul, good desires, good actions.”",
    "embedding_of_chunk": [
        -0.03655759245157242,
        0.022638415917754173,
        0.04884469881653786,
        -0.005447773262858391,
        -0.058912958949804306,
        0.0006033730460330844,
        0.1148282065987587,
        0.01692185364663601,
        0.00343825644813478,
        -0.005592796951532364,
        0.008800128474831581,
        -0.10032398998737335,
        0.04015936329960823,
        0.07499386370182037,
        -0.01975414901971817,
        0.0023755859583616257,
        0.03735716640949249,
        0.04136330261826515,
        -0.11602184921503067,
        0.0214474406093359,
        0.08203662931919098,
        -0.07084078341722488,
        -0.004778448957949877,
        -0.0823277086019516,
        0.017367102205753326,
        0.029274972155690193,
        -0.014775912277400494,
        -0.014997082762420177,
        -0.03438353165984154,
        -0.1661282479763031,
        0.002390557201579213,
        -0.02187100611627102,
        0.04623527079820633,
        -0.0329262912273407,
        -0.005917743314057589,
        0.005463212728500366,
        -0.049909017980098724,
        0.0458889901638031,
        -0.06365698575973511,
        0.049161043018102646,
        0.04698500409722328,
        0.013083645142614841,
        -0.052429161965847015,
        -0.04113466665148735,
        -0.033942870795726776,
        -0.07470428198575974,
        -0.0033823796547949314,
        -0.004084414802491665,
        0.035305626690387726,
        -0.0372873991727829,
        0.007087912410497665,
        -0.002818009117618203,
        0.021514739841222763,
        0.0569874532520771,
        0.033264584839344025,
        0.03505852073431015,
        0.06106133013963699,
        0.03968010097742081,
        0.04644984006881714,
        0.021719491109251976,
        0.024548029527068138,
        0.04227085039019585,
        -0.2325601726770401,
        0.0313454270362854,
        0.027613729238510132,
        -0.010281475260853767,
        -0.08504233509302139,
        -0.02447183057665825,
        -0.004303662106394768,
        0.02682565338909626,
        -0.028722146525979042,
        0.017393972724676132,
        0.06721367686986923,
        0.045503485947847366,
        -0.01712443120777607,
        -0.052548568695783615,
        -0.039988335222005844,
        -0.03737756609916687,
        -0.05857430398464203,
        0.042811740189790726,
        0.01656932570040226,
        -0.0032774328719824553,
        -0.000644779996946454,
        0.018092958256602287,
        -0.032052166759967804,
        -0.0469682514667511,
        0.02338401786983013,
        -0.0542963407933712,
        0.04137001559138298,
        0.03657413646578789,
        -0.006362644489854574,
        -0.012511800974607468,
        -0.027147553861141205,
        -0.006680826190859079,
        0.0011048575397580862,
        -0.030822206288576126,
        0.01347359549254179,
        0.003648720681667328,
        -0.021059319376945496,
        0.19406749308109283,
        -0.024843400344252586,
        0.02691682055592537,
        0.03460747003555298,
        -0.05823780596256256,
        0.044252071529626846,
        0.030165113508701324,
        -0.021566761657595634,
        -0.02019152231514454,
        -0.02890610508620739,
        0.0070694200694561005,
        -0.005590205080807209,
        -0.019872143864631653,
        0.06146753206849098,
        -0.057253994047641754,
        0.02137351781129837,
        -0.015310597606003284,
        0.011148488149046898,
        0.018215766176581383,
        -0.015264326706528664,
        -0.031157750636339188,
        -0.03076036274433136,
        0.002055998658761382,
        0.07908022403717041,
        -0.01451557781547308,
        0.009874051436781883,
        -0.09190073609352112,
        0.03986375033855438,
        0.1295326203107834,
        0.03203154355287552,
        -0.0028774833772331476,
        -0.014287211932241917,
        -0.006278067361563444,
        -0.01435002963989973,
        -0.029461748898029327,
        0.00868912972509861,
        0.017227156087756157,
        0.03391679748892784,
        -0.039525508880615234,
        0.06843994557857513,
        5.576956027653068e-05,
        -0.0048273783177137375,
        -0.07637029141187668,
        -0.035556815564632416,
        -0.1066930815577507,
        -0.02998225763440132,
        0.08534465730190277,
        0.027041297405958176,
        0.021035978570580482,
        -0.047444287687540054,
        0.059211041778326035,
        -0.01380161289125681,
        0.045848432928323746,
        -0.02412998676300049,
        -0.013525262475013733,
        -0.006481947377324104,
        0.03757037594914436,
        0.04094918444752693,
        0.053460199385881424,
        -0.05354935675859451,
        -0.005209402646869421,
        0.003084759460762143,
        -0.0008951611816883087,
        -0.03293614462018013,
        0.11273910105228424,
        0.002278379164636135,
        -0.04618242755532265,
        -0.0010437724413350224,
        0.0014231023378670216,
        0.016427544876933098,
        0.0018458529375493526,
        0.021365229040384293,
        -0.015649044886231422,
        -0.09382285922765732,
        0.07270389050245285,
        0.07816025614738464,
        0.02283787541091442,
        -0.007749318610876799,
        -0.004867339972406626,
        0.014721980318427086,
        0.013735558837652206,
        0.08295784890651703,
        -0.02854783646762371,
        -0.06028716638684273,
        0.015938255935907364,
        0.020984124392271042,
        -0.025795115157961845,
        0.030078569427132607,
        -0.055280402302742004,
        0.010097360238432884,
        0.061686307191848755,
        0.0011564380256459117,
        0.09631109237670898,
        -0.06930253654718399,
        -0.0073463814333081245,
        -0.01984126679599285,
        -0.060667701065540314,
        -0.05380921810865402,
        0.0112381000071764,
        -0.02979005128145218,
        0.023892715573310852,
        -0.059507280588150024,
        -0.03165324404835701,
        -0.037019338458776474,
        0.01981627382338047,
        0.040592387318611145,
        0.01851498708128929,
        0.00026662295567803085,
        0.004421814810484648,
        0.01194223202764988,
        0.02118844725191593,
        -0.028896519914269447,
        0.04837247356772423,
        0.044126830995082855,
        0.0037670969031751156,
        -0.0544644370675087,
        -0.0011192131787538528,
        0.010617622174322605,
        0.04240785539150238,
        0.007785371039062738,
        0.05055560916662216,
        0.021139005199074745,
        -0.09813471883535385,
        -0.06418684124946594,
        -0.20605237782001495,
        0.018446769565343857,
        -0.030324317514896393,
        -0.04829683527350426,
        0.06680796295404434,
        -0.05203653499484062,
        0.023543711751699448,
        -0.03956424072384834,
        0.0800718441605568,
        0.046276580542325974,
        0.04328668862581253,
        -0.043690696358680725,
        -0.016023749485611916,
        0.0441315658390522,
        -0.01600605808198452,
        0.0636897087097168,
        0.005275707226246595,
        -0.008432681672275066,
        -0.020595723763108253,
        0.007811765186488628,
        -0.013186458498239517,
        0.05997470021247864,
        -0.02836916595697403,
        -0.04349880293011665,
        0.02092597261071205,
        -0.019322846084833145,
        0.1863016039133072,
        0.09868815541267395,
