{
    "index": 530,
    "page": 83,
    "text": "XL. Either the Gods can do nothing for us at all, or they can still and allay all the \ndistractions and distempers of thy mind. If they can do nothing, why doest thou \npray? If they can, why wouldst not thou rather pray, that they will grant unto thee, \nthat thou mayst neither fear, nor lust after any of those worldly things which cause \nthese distractions and distempers of it? Why not rather, that thou mayst not at ei-\nther their absence or presence, be grieved and discontented: than either that thou \nmayst obtain them, or that thou mayst avoid them? For certainly it must needs be, \nthat if the Gods can help us in anything, they may in this kind also. But thou wilt \nsay perchance, “In those things the Gods have given me my liberty: and it is in mine",
    "embedding_of_chunk": [
        -0.017276626080274582,
        0.034975454211235046,
        -0.0015802585985511541,
        -0.04439019039273262,
        0.018961867317557335,
        0.015619458630681038,
        0.08006776869297028,
        0.06449186056852341,
        0.023892255499958992,
        -0.026197288185358047,
        -0.013429050333797932,
        -0.07648281753063202,
        0.026989636942744255,
        0.012174015864729881,
        0.0024331542663276196,
        0.006757703609764576,
        -0.050982940942049026,
        0.012941968627274036,
        -0.08551003783941269,
        0.027442527934908867,
        0.07329722493886948,
        -0.06539119780063629,
        -0.02094000205397606,
        -0.07871931791305542,
        0.017350047826766968,
        0.04380710795521736,
        -0.029340947046875954,
        -0.01832800731062889,
        -0.02513551153242588,
        -0.17657442390918732,
        -0.03770148754119873,
        -0.03990284726023674,
        0.036184776574373245,
        -0.0015705731930211186,
        0.006369184236973524,
        0.007337327580899,
        -0.03671727329492569,
        0.051822151988744736,
        -0.03733319789171219,
        0.05831107124686241,
        0.038688063621520996,
        0.06535131484270096,
        -0.022015174850821495,
        -0.0392538458108902,
        -0.057753924280405045,
        -0.05462893843650818,
        -0.030350476503372192,
        -0.030464088544249535,
        0.03845253586769104,
        -0.02280621975660324,
        -0.030939599499106407,
        -0.02321726456284523,
        -0.0008624009788036346,
        0.032267842441797256,
        0.0206096563488245,
        0.011535288766026497,
        0.018901407718658447,
        0.03924012556672096,
        0.03193908557295799,
        0.046287257224321365,
        0.05163957178592682,
        0.008629645220935345,
        -0.22832167148590088,
        0.10226313024759293,
        0.06077742204070091,
        0.014193117618560791,
        -0.02652464620769024,
        0.0006280826637521386,
        -0.005753542296588421,
        0.03630568087100983,
        -0.019523628056049347,
        0.03218632936477661,
        0.055992916226387024,
        0.05853623151779175,
        -0.00120828568469733,
        0.017682678997516632,
        -0.008346516638994217,
        -0.05362875014543533,
        -0.03578149154782295,
        0.019987573847174644,
        -0.03454846888780594,
        0.0356164425611496,
        -0.03743734583258629,
        -0.0051971133798360825,
        -0.054050542414188385,
        -0.03486787900328636,
        0.0038235303945839405,
        -0.05673455446958542,
        0.08647695183753967,
        -0.024782435968518257,
        -0.022963084280490875,
        0.013310444541275501,
        0.00011035518400603905,
        -0.006228980608284473,
        -0.06371168792247772,
        -0.027921466156840324,
        0.02253579907119274,
        -0.02291693165898323,
        -0.09790389239788055,
        0.22038306295871735,
        -0.04375391826033592,
        -0.0010098636848852038,
        -0.0036491542123258114,
        -0.029017476364970207,
        0.06410408020019531,
        -0.017639748752117157,
        -0.0038452239241451025,
        -0.05071476101875305,
        -0.03250684589147568,
        0.00840149074792862,
        0.0616748109459877,
        -0.027587221935391426,
        0.07234986126422882,
        -0.07120440900325775,
        0.06204262375831604,
        -0.025385672226548195,
        0.02275715582072735,
        -0.024959662929177284,
        -0.022032368928194046,
        0.02054130658507347,
        -0.03699473291635513,
        0.016934124752879143,
        0.04487902298569679,
        -0.004253936465829611,
        0.005655393004417419,
        -0.09119648486375809,
        0.018328091129660606,
        0.1284552961587906,
        0.04076620563864708,
        0.024004468694329262,
        0.01963278092443943,
        -0.06920655816793442,
        -0.025558408349752426,
        -0.03818616643548012,
        0.012132608331739902,
        -0.006982152350246906,
        0.01180668268352747,
        -0.016772478818893433,
        0.029632601886987686,
        -0.02186845988035202,
        0.0014103088760748506,
        -0.14010944962501526,
        -0.02516365423798561,
        -0.1023842990398407,
        0.018008865416049957,
        0.06527511030435562,
        -0.013523743487894535,
        0.00975580234080553,
        -0.0007315085968002677,
        0.0042142197489738464,
        0.013292749412357807,
        0.033746443688869476,
        -0.05343659594655037,
        -0.027561422437429428,
        0.013715354725718498,
        0.023943869397044182,
        0.011491172946989536,
        0.04802698269486427,
        -0.049097321927547455,
        0.006823334377259016,
        0.03758641704916954,
        -0.02810618281364441,
        -0.056124236434698105,
        0.12360796332359314,
        0.02658516727387905,
        -0.0019996012561023235,
        -0.01066864375025034,
        0.021460695192217827,
        -0.01934417337179184,
        -0.008588750846683979,
        0.05771992728114128,
        0.01355341449379921,
        -0.09868026524782181,
        0.04189252480864525,
        0.07561835646629333,
        0.0480789951980114,
        -0.06186375021934509,
        0.030978726223111153,
        0.015800263732671738,
        0.033517416566610336,
        -0.003346960758790374,
        -0.08647912740707397,
        -0.03966306149959564,
        0.04681985825300217,
        0.014422062784433365,
        -0.054721102118492126,
        -0.03392888605594635,
        0.01083765272051096,
        0.01830601878464222,
        0.01986062154173851,
        -0.004496989771723747,
        0.006795705296099186,
        -0.045201241970062256,
        -0.013396495021879673,
        -0.05825130641460419,
        -0.017539633437991142,
        -0.01689128391444683,
        0.01718539372086525,
        -0.039530783891677856,
        -0.01048944890499115,
        0.04430099576711655,
        -0.005594081245362759,
        -0.007206075359135866,
        0.05108463391661644,
        0.04998290538787842,
        0.012530529871582985,
        0.007227354682981968,
        0.02188265137374401,
        0.05372438579797745,
        -0.006651909090578556,
        -0.05367887765169144,
        0.012807217426598072,
        0.039688508957624435,
        -0.03224612772464752,
        0.012532825581729412,
        0.06902847439050674,
        0.02396990917623043,
        -0.00796195026487112,
        0.0191767830401659,
        0.05055569112300873,
        0.040440257638692856,
        -0.09612156450748444,
        -0.06892956793308258,
        -0.2433086782693863,
        0.003360988339409232,
        -0.015783265233039856,
        -0.05785161256790161,
        0.05656256526708603,
        -0.0389268696308136,
        0.036670196801424026,
        -0.008216011337935925,
        0.0376637764275074,
        0.0518898069858551,
        0.04156742990016937,
        -0.058569975197315216,
        -0.015029262751340866,
        0.02592642232775688,
        -0.015995480120182037,
