{
    "index": 708,
    "page": 111,
    "text": "An example of the frankness which was between them is given by a difference they \nhad over the case of Herodes Atticus. Herodes was a Greek rhetorician who had a \nschool at Rome, and Marcus Aurelius was among his pupils. Both Marcus and the \nEmperor Antoninus had a high opinion of Herodes; and all we know goes to prove he \nwas a man of high character and princely generosity. When quite young he was made \nadministrator of the free cities in Asia, nor is it surprising to find that he made bitter \nenemies there; indeed, a just ruler was sure to make enemies. The end of it was that \nan Athenian deputation, headed by the orators Theodotus and Demostratus, made \nserious accusations against his honour. There is no need to discuss the merits of the",
    "embedding_of_chunk": [
        -0.019082052633166313,
        0.01496279239654541,
        0.04229506850242615,
        -0.015910722315311432,
        0.008146517910063267,
        -0.04998639598488808,
        0.07968650013208389,
        0.05738762766122818,
        -0.034709639847278595,
        -0.06729341298341751,
        0.003304882440716028,
        -0.07542277872562408,
        0.017589423805475235,
        0.05930761247873306,
        0.04175427183508873,
        -0.010132591240108013,
        0.00040460802847519517,
        0.023610981181263924,
        -0.043629590421915054,
        0.042823728173971176,
        0.04334956035017967,
        -0.04262823611497879,
        -0.012775859795510769,
        -0.08657228201627731,
        0.04525924101471901,
        0.07064007967710495,
        0.01252708863466978,
        -0.05776335299015045,
        -0.02322319708764553,
        -0.18440665304660797,
        0.02491931803524494,
        -0.0577361136674881,
        0.040804002434015274,
        -0.057000719010829926,
        -0.006751440931111574,
        -0.032407958060503006,
        -0.01799202151596546,
        0.021542668342590332,
        -0.033630840480327606,
        0.030499741435050964,
        0.04645652323961258,
        0.03605132922530174,
        0.016871007159352303,
        -0.033139295876026154,
        -0.037385787814855576,
        -0.024251418188214302,
        -0.005940693896263838,
        -0.03827182948589325,
        0.018665285781025887,
        -0.0039986553601920605,
        0.028683047741651535,
        -0.017007263377308846,
        -0.012688174843788147,
        0.004778649657964706,
        0.018925148993730545,
        0.05237302929162979,
        0.06941333413124084,
        0.04118857905268669,
        0.02542051672935486,
        0.034859444946050644,
        -0.001267904881387949,
        0.031011879444122314,
        -0.21184591948986053,
        0.05378781259059906,
        0.03095741756260395,
        0.04483399912714958,
        -0.018902655690908432,
        -0.010759320110082626,
        -0.011778704822063446,
        0.029649829491972923,
        -0.014851322397589684,
        0.01300580520182848,
        0.09308118373155594,
        0.09961093217134476,
        0.011427173390984535,
        -0.002601639600470662,
        -0.051730114966630936,
        -0.026294242590665817,
        0.016621511429548264,
        -0.012586086057126522,
        -0.021801002323627472,
        -0.01610998623073101,
        -0.04718509688973427,
        -0.014526959508657455,
        -0.0406549908220768,
        -0.0254603810608387,
        0.045176271349191666,
        -0.07452985644340515,
        0.046590570360422134,
        -0.010693036019802094,
        0.007950414903461933,
        -0.043569304049015045,
        0.013864998705685139,
        0.012991994619369507,
        -0.034321680665016174,
        -0.02871016040444374,
        0.00024711762671358883,
        0.005928804166615009,
        -0.07366818189620972,
        0.20041786134243011,
        -0.031755492091178894,
        0.0027020133566111326,
        -0.007707128766924143,
        -0.05076383799314499,
        0.09683617949485779,
        -0.019138017669320107,
        -0.021678460761904716,
        -0.0432400107383728,
        -0.02812162972986698,
        -0.013000734150409698,
        0.027276715263724327,
        -0.07204338908195496,
        0.07064484059810638,
        -0.03977647423744202,
        0.056177664548158646,
        0.001616972265765071,
        0.05600643903017044,
        -0.00826693419367075,
        -0.02499549277126789,
        -0.005948842968791723,
        0.0047707031480968,
        0.0010182643309235573,
        0.038350220769643784,
        -0.03193392977118492,
        0.03618498146533966,
        -0.07487939298152924,
        0.032777391374111176,
        0.04591551795601845,
        0.01902041770517826,
        -0.03503016009926796,
        0.016846440732479095,
        -0.04089771956205368,
        -0.0227765254676342,
        0.01211333554238081,
        -0.0057269432581961155,
        0.038143984973430634,
        -0.0036509386263787746,
        -0.03150783106684685,
        0.026529021561145782,
        0.004094837699085474,
        -0.05845802277326584,
        -0.1416226476430893,
        -0.046413470059633255,
        -0.09498930722475052,
        -0.026663102209568024,
        0.05816340819001198,
        -0.015111071057617664,
        0.04038994386792183,
        -0.015583125874400139,
        0.08196485787630081,
        -0.012166938744485378,
        0.04531474784016609,
        -0.04693394526839256,
        0.009136104956269264,
        0.04358665272593498,
        0.0258181095123291,
        0.021266434341669083,
        0.09586264938116074,
        -0.06616699695587158,
        0.005997425876557827,
        0.013810532167553902,
        -0.008049622178077698,
        -0.03966978192329407,
        0.12777067720890045,
        0.05914898216724396,
        -0.045415665954351425,
        -0.015160396695137024,
        -0.016720829531550407,
        0.026904387399554253,
        0.02263539843261242,
        0.03045625612139702,
        0.03163621574640274,
        -0.014521325938403606,
        0.03830666095018387,
        0.05969124287366867,
        -0.010292473249137402,
        -0.04342050477862358,
        -0.03318404778838158,
        0.022882891818881035,
        0.03465432673692703,
        0.11012740433216095,
        -0.02849503792822361,
        -0.044600728899240494,
        0.068785160779953,
        0.032016076147556305,
        -0.04384521022439003,
        -0.011201063171029091,
        -0.02086411416530609,
        0.029453769326210022,
        0.07584015280008316,
        0.008763998746871948,
        0.0754028782248497,
        -0.04193764552474022,
        -0.0356101468205452,
        -0.08199790865182877,
        -0.02739814482629299,
        -0.020446982234716415,
        -0.019098374992609024,
        -0.05443022772669792,
        -0.017478611320257187,
        -0.05767262354493141,
        -0.006397973746061325,
        -0.0584704615175724,
        0.024527577683329582,
        0.03711755573749542,
        0.039947204291820526,
        -0.024857675656676292,
        -0.022357909008860588,
        0.04699622467160225,
        0.010080119594931602,
        -0.062036871910095215,
        0.021735163405537605,
        0.027893193066120148,
        0.008534039370715618,
        -0.019555162638425827,
        0.02349451556801796,
        0.04315134882926941,
        0.05001875385642052,
        0.027448825538158417,
        0.03741638734936714,
        0.008754294365644455,
        -0.06330608576536179,
        -0.05246206745505333,
        -0.25006547570228577,
        -0.0468718446791172,
        -0.0054444666020572186,
        -0.03790578991174698,
        0.03900370001792908,
        -0.03039001114666462,
        0.08041763305664062,
        -0.07686193287372589,
        0.05932252109050751,
        0.05459301173686981,
        0.04948839545249939,
        -0.0378873348236084,
        -0.00994317140430212,
        0.053387951105833054,
        -0.031194400042295456,
