{
    "index": 515,
    "page": 81,
    "text": "XXVI. Up and down, from one age to another, go the ordinary things of the world; be-\ning still the same. And either of everything in particular before it come to pass, the \nmind of the universe doth consider with itself and deliberate: and if so, then submit \nfor shame unto the determination of such an excellent understanding: or once for all \nit did resolve upon all things in general; and since that whatsoever happens, hap-\npens by a necessary consequence, and all things indivisibly in a manner and insepa-\nrably hold one of another. In sum, either there is a God, and then all is well; or if all \nthings go by chance and fortune, yet mayest thou use thine own providence in those \nthings that concern thee properly; and then art thou well.",
    "embedding_of_chunk": [
        -0.027073051780462265,
        -0.01868184097111225,
        0.01168606523424387,
        -0.020181160420179367,
        -0.025243807584047318,
        0.009060374461114407,
        0.06360556930303574,
        0.05986979603767395,
        -0.006646264344453812,
        -0.005002815742045641,
        -0.01830708235502243,
        -0.07045385241508484,
        0.05708160251379013,
        0.01980498433113098,
        -0.008505860343575478,
        0.020744750276207924,
        -0.04274217039346695,
        0.005212860181927681,
        -0.08644456416368484,
        -0.00529049476608634,
        0.08455981314182281,
        -0.03721069544553757,
        -0.02845708839595318,
        -0.055677954107522964,
        0.015600677579641342,
        0.02142477035522461,
        -0.019331786781549454,
        -0.04440769553184509,
        -0.00021195842418819666,
        -0.15147164463996887,
        -0.008561970666050911,
        -0.06370909512042999,
        0.025774642825126648,
        0.010002187453210354,
        -0.01775304600596428,
        0.0002084087609546259,
        -0.028696458786725998,
        0.033131521195173264,
        -0.023134920746088028,
        0.08800703287124634,
        0.047169279307127,
        0.04738011583685875,
        -0.031991299241781235,
        -0.040816955268383026,
        -0.05946018546819687,
        -0.05868728086352348,
        -0.015305167995393276,
        -0.006573325023055077,
        0.02821340411901474,
        -0.02263738214969635,
        -0.025716837495565414,
        0.01669655181467533,
        -0.0055870735086500645,
        0.03304710239171982,
        0.006768906954675913,
        0.06714840233325958,
        0.033497296273708344,
        -0.009896120056509972,
        0.047083355486392975,
        0.02620791085064411,
        0.03585510700941086,
        0.0033483998849987984,
        -0.23073819279670715,
        0.1129903644323349,
        0.06740105152130127,
        -0.006108464673161507,
        -0.03222574293613434,
        -0.0437852144241333,
        0.0127256503328681,
        0.06275946646928787,
        -0.02129478193819523,
        0.0045378864742815495,
        0.030133966356515884,
        0.062340475618839264,
        0.05379341542720795,
        -0.037494152784347534,
        0.024134045466780663,
        -0.05546171963214874,
        -0.016848983243107796,
        0.01620684564113617,
        0.029855767264962196,
        0.02646751143038273,
        -0.021692421287298203,
        0.014740743674337864,
        -0.06579958647489548,
        -0.024736423045396805,
        -0.01541436929255724,
        -0.03729807212948799,
        0.055315300822257996,
        0.0074083819054067135,
        -0.07266650348901749,
        -0.008088652975857258,
        -0.0036146233323961496,
        0.016059404239058495,
        -0.008639132604002953,
        -0.03617609664797783,
        0.049495939165353775,
        -0.016715988516807556,
        -0.011864698491990566,
        0.19178858399391174,
        -0.0626385509967804,
        0.02542913146317005,
        0.019863281399011612,
        -0.008563091047108173,
        0.06946655362844467,
        -0.005496371537446976,
        -0.011064443737268448,
        -0.06728631258010864,
        0.006126112304627895,
        -0.01079310942441225,
        0.008461392484605312,
        -0.05839221924543381,
        0.0522376149892807,
        -0.044889844954013824,
        0.009223837405443192,
        0.01858101598918438,
        0.016442932188510895,
        0.02896985597908497,
        -0.02968686632812023,
        -0.02936011739075184,
        -0.018079854547977448,
        0.01695670746266842,
        0.03649476170539856,
        -0.03817194700241089,
        -0.004198773298412561,
        -0.1268787682056427,
        0.05737147480249405,
        0.12804646790027618,
        -0.010705468244850636,
        -0.01974344812333584,
        0.04134322330355644,
        -0.03603670373558998,
        -0.03188140317797661,
        -0.041447218507528305,
        0.018248731270432472,
        0.0413680262863636,
        0.0023845324758440256,
        0.009209821000695229,
        0.05950666218996048,
        -0.030990445986390114,
        -0.017564676702022552,
        -0.139287069439888,
        -0.03953046351671219,
        -0.12260153889656067,
        0.0018769935704767704,
        0.10517521947622299,
        0.004093808587640524,
        0.04374600946903229,
        -0.000937185192015022,
        0.0100257508456707,
        -0.01689721643924713,
        0.07135151326656342,
        -0.04361258074641228,
        -0.0235084630548954,
        0.02589961513876915,
        0.03959251195192337,
        0.0457860566675663,
        0.03706850856542587,
        -0.020744431763887405,
        -0.014478814788162708,
        0.017084525898098946,
        -0.03215734660625458,
        -0.04409758746623993,
        0.10709274560213089,
        0.003288671839982271,
        -0.01876652240753174,
        0.010729119181632996,
        -0.009126758202910423,
        0.019092511385679245,
        0.00014675244165118784,
        0.033970799297094345,
        0.0020564168225973845,
        -0.056065160781145096,
        0.04159696772694588,
        0.07110556960105896,
        0.019976284354925156,
        -0.025437990203499794,
        0.026141634210944176,
        -0.020984763279557228,
        0.03105240687727928,
        -0.007957173511385918,
        -0.06456194818019867,
        -0.03602631017565727,
        0.04379209876060486,
        0.0058092218823730946,
        -0.019478924572467804,
        -0.04015957936644554,
        -0.016676971688866615,
        0.05690039321780205,
        0.017664166167378426,
        -0.00977571215480566,
        0.052543994039297104,
        -0.03576657548546791,
        0.001186490640975535,
        -0.028410591185092926,
        -0.02123185805976391,
        -0.07711450010538101,
        -0.011332161724567413,
        -0.0027261225041002035,
        -0.018961289897561073,
        -0.02673768810927868,
        -0.026305412873625755,
        -0.007496451493352652,
        0.04940582811832428,
        0.019652899354696274,
        0.026788171380758286,
        0.017818449065089226,
        -0.013095693662762642,
        0.021590514108538628,
        0.006943004671484232,
        -0.07515372335910797,
        -0.006878787185996771,
        0.030028589069843292,
        -0.0036206396762281656,
        -0.0057776495814323425,
        0.08002688735723495,
        0.0026634533423930407,
        0.028355170041322708,
        0.002181957010179758,
        0.035696662962436676,
        0.04357602447271347,
        -0.11229443550109863,
        -0.030484862625598907,
        -0.22369807958602905,
        0.0032866632100194693,
        0.0100101875141263,
        -0.02551553025841713,
        0.07388733327388763,
        -0.026842493563890457,
        0.02232634648680687,
        -0.022832324728369713,
        0.014552490785717964,
        0.03286735713481903,
        0.07672896236181259,
        -0.024482404813170433,
        0.004322926048189402,
        0.039399612694978714,
        -0.015145639888942242,
