{
    "index": 256,
    "page": 41,
    "text": "and those no mean ones, they seemed altogether incomprehensible. and the Stoics \nthemselves, though they judge them not altogether incomprehensible, yet scarce and \nnot without much difficulty, comprehensible, so that all assent of ours is fallible, for \nwho is he that is infallible in his conclusions? From the nature of things, pass now \nunto their subjects and matter: how temporary, how vile are they I such as may be in \nthe power and possession of some abominable loose liver, of some common strumpet, \nof some notorious oppressor and extortioner. Pass from thence to the dispositions of \nthem that thou doest ordinarily converse with, how hardly do we bear, even with the \nmost loving and amiable! that I may not say, how hard it is for us to bear even with",
    "embedding_of_chunk": [
        0.01015935093164444,
        -0.013236753642559052,
        -0.0033025918528437614,
        -0.002449950436130166,
        0.006601229775696993,
        -0.015329981222748756,
        0.0831759050488472,
        0.02960272878408432,
        -0.0031587679404765368,
        -0.018105538561940193,
        0.02022656798362732,
        -0.08162859082221985,
        0.04912243038415909,
        0.01489088125526905,
        -0.010220044292509556,
        0.003218550467863679,
        -0.018023282289505005,
        0.023236233741044998,
        -0.06917069852352142,
        0.05423430725932121,
        0.014800412580370903,
        -0.04019348323345184,
        -0.013440385460853577,
        -0.03485836088657379,
        0.018339775502681732,
        0.03527850657701492,
        -0.0015962684992700815,
        -0.07295410335063934,
        -0.0076405019499361515,
        -0.18045291304588318,
        -0.008475054986774921,
        -0.03901677951216698,
        0.061754994094371796,
        -0.03840218484401703,
        0.02670704945921898,
        0.00798811111599207,
        -0.022262724116444588,
        0.040386103093624115,
        -0.023962626233696938,
        0.08215737342834473,
        0.013625022023916245,
        0.03859558328986168,
        -0.035320427268743515,
        -0.028525982052087784,
        -0.04597219079732895,
        -0.047636114060878754,
        0.0028375291731208563,
        -0.039074212312698364,
        0.03210199251770973,
        -0.02085392363369465,
        -0.01460537314414978,
        -0.01832093670964241,
        0.028018806129693985,
        0.025551224127411842,
        0.022401755675673485,
        0.01614234410226345,
        0.09215996414422989,
        0.03351505100727081,
        0.0404643639922142,
        -0.0020179746206849813,
        -0.00816400907933712,
        0.013078472577035427,
        -0.20149977505207062,
        0.06339066475629807,
        0.0922987312078476,
        0.011649391613900661,
        -0.04225969314575195,
        -0.022512415423989296,
        -0.018481774255633354,
        0.06763527542352676,
        0.006227214355021715,
        0.031360965222120285,
        0.0528651587665081,
        0.04188976809382439,
        0.0319107361137867,
        -0.012484613806009293,
        -0.019562978297472,
        -0.03865509107708931,
        -0.015829656273126602,
        0.025255940854549408,
        -0.010810963809490204,
        0.022202879190444946,
        -0.021066108718514442,
        0.033718012273311615,
        -0.048754170536994934,
        -0.04437115788459778,
        0.013690493069589138,
        -0.06334743648767471,
        0.06789185851812363,
        0.010062726214528084,
        -0.012070388533174992,
        -0.030716994777321815,
        -0.02303151972591877,
        0.015966951847076416,
        -0.05333015322685242,
        -0.009343844838440418,
        0.0414840430021286,
        0.010404246859252453,
        -0.04470246657729149,
        0.19657021760940552,
        -0.023132633417844772,
        0.038941241800785065,
        0.008397215977311134,
        -0.040287379175424576,
        0.021260641515254974,
        0.0004830684920307249,
        0.009749287739396095,
        -0.06980661302804947,
        -0.0011475171195343137,
        0.03167358413338661,
        0.023103974759578705,
        -0.0037182094529271126,
        0.04257829114794731,
        -0.04843191057443619,
        0.05596939101815224,
        0.027761004865169525,
        0.021069658920168877,
        -0.0017035941127687693,
        -0.060986943542957306,
        0.007643753197044134,
        -0.018521085381507874,
        0.02873394265770912,
        0.07631927728652954,
        -0.010567056015133858,
        0.029706338420510292,
        -0.10411510616540909,
        0.021777208894491196,
        0.10327623784542084,
        0.04892144352197647,
        -0.007276606746017933,
        0.005213513970375061,
        -0.041328612715005875,
        -0.011351548135280609,
        -0.03254714608192444,
        0.004167497623711824,
        0.019597817212343216,
        -0.012954382225871086,
        -0.003531220369040966,
        0.042014941573143005,
        -0.0024315002374351025,
        -0.05233778804540634,
        -0.18045786023139954,
        -0.05556763708591461,
        -0.09021440893411636,
        -0.0406603142619133,
        0.06579432636499405,
        0.03139972314238548,
        0.043185386806726456,
        -0.057336751371622086,
        0.046029310673475266,
        0.00821810681372881,
        0.01770642027258873,
        -0.038746047765016556,
        -0.0710429698228836,
        0.008405913598835468,
        0.01994437351822853,
        0.03511255979537964,
        0.08067414164543152,
        -0.06740052998065948,
        0.02061442658305168,
        0.03654135763645172,
        -0.037684116512537,
        -0.03938174992799759,
        0.1271727979183197,
        0.042424798011779785,
        -0.00892505794763565,
        -0.004501375835388899,
        -0.009090311825275421,
        0.02216443605720997,
        -0.012841942720115185,
        0.06471603363752365,
        0.028554942458868027,
        -0.06615692377090454,
        0.04289323836565018,
        0.04865499958395958,
        0.05063020437955856,
        -0.024870730936527252,
        -0.027997175231575966,
        -0.005331635009497404,
        0.019676100462675095,
        0.03265468031167984,
        -0.04203878343105316,
        -0.06908068805932999,
        0.06218412518501282,
        0.012069428339600563,
        -0.01994071900844574,
        -0.016354642808437347,
        -0.05277019739151001,
        0.051055796444416046,
        0.08544306457042694,
        0.0036338362842798233,
        0.02066924050450325,
        -0.049928829073905945,
        -0.02602718025445938,
        -0.04015309736132622,
        0.03216473013162613,
        -0.027626290917396545,
        -0.03834598511457443,
        -0.04880910739302635,
        0.021105743944644928,
        -0.0033954090904444456,
        -0.0015812370693311095,
        -0.018639810383319855,
        0.04737304523587227,
        0.0421326644718647,
        -0.0002777078771032393,
        0.02746610715985298,
        -0.015749352052807808,
        0.03434557467699051,
        0.04009011387825012,
        -0.02440914325416088,
        0.05018136650323868,
        0.018949512392282486,
        -0.02476152777671814,
        0.0089786471799016,
        0.048465825617313385,
        -0.004454012028872967,
        -0.00646895170211792,
        0.03363283723592758,
        -0.010393393225967884,
        0.0542546883225441,
        -0.10103386640548706,
        -0.061418768018484116,
        -0.21932926774024963,
        0.0065295519307255745,
        0.014479409903287888,
        -0.05430435389280319,
        0.0739099457859993,
        -0.06774601340293884,
        0.034561824053525925,
        -0.04191634804010391,
        -0.007537235505878925,
        0.07998447865247726,
        0.027221377938985825,
        -0.016535304486751556,
        0.00611667288467288,
        0.05347945913672447,
        0.01654830202460289,
