{
    "index": 471,
    "page": 74,
    "text": "seemeth unto thee right and just, why doest not thou choose rather to perform it \nthan to grieve? But somewhat that is stronger than thyself doth hinder thee. Let it \nnot grieve thee then, if it be not thy fault that the thing is not performed. “Yea but it \nis a thing of that nature, as that thy life is not worth the while, except it may be per-\nformed.” If it be so, upon condition that thou be kindly and lovingly disposed towards \nall men, thou mayest be gone. For even then, as much as at any time, art thou in a \nvery good estate of performance, when thou doest die in charity with those, that are \nan obstacle unto thy performance.",
    "embedding_of_chunk": [
        -0.0012248007114976645,
        0.0028883577324450016,
        0.027072103694081306,
        -0.03409504517912865,
        0.009238136000931263,
        0.02821783907711506,
        0.09769605845212936,
        0.04175031557679176,
        0.016166100278496742,
        -0.019948482513427734,
        0.011351213790476322,
        -0.059031493961811066,
        0.026395052671432495,
        0.03018617071211338,
        -0.013594201765954494,
        0.02219570055603981,
        0.0032880865037441254,
        0.08218026906251907,
        -0.07459139078855515,
        0.031764402985572815,
        0.03640726953744888,
        -0.005285715218633413,
        -0.02302352339029312,
        -0.0454835370182991,
        0.02730313315987587,
        0.012285652570426464,
        -0.04133067652583122,
        -0.00806673988699913,
        -0.011787048541009426,
        -0.16510818898677826,
        -0.0231934767216444,
        -0.07732807844877243,
        0.025866109877824783,
        -0.011172265745699406,
        -0.01422254927456379,
        0.0034466905053704977,
        -0.03612866997718811,
        0.039904627948999405,
        -0.06119782477617264,
        0.07394278794527054,
        0.026274170726537704,
        0.0045853713527321815,
        -0.04513806104660034,
        -0.04277072101831436,
        -0.008767979219555855,
        -0.020508460700511932,
        -0.016925496980547905,
        -0.06651651859283447,
        0.024310894310474396,
        -0.012929034419357777,
        -0.021481405943632126,
        -0.036167364567518234,
        0.035862427204847336,
        0.019742710515856743,
        0.02178347297012806,
        0.024260656908154488,
        0.053560271859169006,
        0.04604467377066612,
        -0.0035770777612924576,
        -0.02866198681294918,
        0.03578056022524834,
        -0.035208769142627716,
        -0.21579287946224213,
        0.06732915341854095,
        0.044771287590265274,
        0.006773708388209343,
        -0.026156198233366013,
        0.0008406643173657358,
        -0.00131275097373873,
        0.07540129870176315,
        -0.02006995677947998,
        0.03037009947001934,
        0.07325177639722824,
        0.07199116796255112,
        -0.01511815469712019,
        -0.013199912384152412,
        0.04237020015716553,
        -0.07493262737989426,
        -0.023026013746857643,
        0.038776081055402756,
        0.03147470951080322,
        -0.008873642422258854,
        -0.015076092444360256,
        -0.0007509501883760095,
        -0.08118142932653427,
        -0.0747961774468422,
        0.011704063974320889,
        -0.10498633980751038,
        0.041385069489479065,
        -0.007074677851051092,
        -0.029032273218035698,
        -0.004746564198285341,
        0.01439785584807396,
        0.04542864114046097,
        -0.01971893198788166,
        -0.005442977417260408,
        0.044026684015989304,
        0.021043850108981133,
        -0.04049450904130936,
        0.22628314793109894,
        -0.03678039088845253,
        0.06152062490582466,
        0.004497105721384287,
        -0.024288535118103027,
        0.04883110150694847,
        0.005632641725242138,
        -0.025610709562897682,
        -0.012630750425159931,
        -0.02257925644516945,
        0.019780974835157394,
        0.04376286640763283,
        0.005555088631808758,
        0.025914665311574936,
        -0.006369041744619608,
        0.03128131851553917,
        0.050279416143894196,
        0.00956681091338396,
        0.01242170948535204,
        -0.028817152604460716,
        -0.010097096674144268,
        -0.023046672344207764,
        0.018370646983385086,
        0.05840514600276947,
        -0.02390534058213234,
        -0.014655937440693378,
        -0.10651231557130814,
        0.06771138310432434,
        0.1114937961101532,
        0.03179911524057388,
        -0.05277213081717491,
        0.027520732954144478,
        -0.08831771463155746,
        -0.06725166738033295,
        -0.022939408197999,
        -0.0014526575105264783,
        0.012435823678970337,
        0.03677982836961746,
        -0.028194375336170197,
        0.0393245555460453,
        -0.06478790938854218,
        0.0013275896199047565,
        -0.16167187690734863,
        -0.03676862269639969,
        -0.08899339288473129,
        -0.0075529348105192184,
        0.07348236441612244,
        -0.01735588349401951,
        0.030442791059613228,
        -0.029883060604333878,
        0.0037071581464260817,
        -0.034712739288806915,
        0.01673252135515213,
        -0.04810435324907303,
        -0.0076944539323449135,
        0.008250984363257885,
        0.02600923553109169,
        -0.0030232961289584637,
        0.06871044635772705,
        -0.014917858876287937,
        0.01813339814543724,
        0.027904974296689034,
        0.005880795884877443,
        -0.034121789038181305,
        0.1314374804496765,
        0.004108201712369919,
        0.003427811898291111,
        -0.049400340765714645,
        0.01831427775323391,
        0.016062231734395027,
        -0.019407229498028755,
        0.037593863904476166,
        0.004789065103977919,
        -0.06589053571224213,
        0.012909051030874252,
        0.07837182283401489,
        0.03661276400089264,
        -0.05161524564027786,
        -0.010938591323792934,
        0.0038194051012396812,
        0.028493935242295265,
        0.04878826066851616,
        -0.01718229614198208,
        -0.020548323169350624,
        0.032798804342746735,
        0.024947742000222206,
        -0.03006509318947792,
        -0.0038232156075537205,
        -0.048631325364112854,
        0.011589749716222286,
        0.07177932560443878,
        -0.015212958678603172,
        0.02760235406458378,
        -0.03948066011071205,
        -0.02369832620024681,
        -0.005028644111007452,
        -0.016487309709191322,
        -0.03625021502375603,
        -0.021665450185537338,
        0.0011286278022453189,
        0.005993274040520191,
        -0.0052905818447470665,
        -0.02320810779929161,
        -0.019243570044636726,
        0.010543405078351498,
        0.007863507606089115,
        -0.0034530055709183216,
        0.015374481678009033,
        -0.0334814190864563,
        0.03492382913827896,
        0.003798929275944829,
        -0.05310387909412384,
        -0.005277045536786318,
        0.04584289342164993,
        0.010309207253158092,
        -0.02112286537885666,
        0.050134871155023575,
        0.01916581578552723,
        0.02917281724512577,
        0.0285861324518919,
        0.05443599447607994,
        0.03163822740316391,
        -0.07346953451633453,
        -0.053744200617074966,
        -0.22700411081314087,
        0.009582772850990295,
        -0.05071000009775162,
        -0.043726999312639236,
        0.08584926277399063,
        -0.023529598489403725,
        -0.02051723189651966,
        -0.019203845411539078,
        0.03246162459254265,
        0.03566785529255867,
        0.0606410838663578,
        -0.06972900778055191,
        -0.02009522169828415,
        0.031026383861899376,
        0.009506043046712875,
        0.05822756513953209,
        -0.022696366533637047,
        -0.02208937704563141,
        -0.005202472675591707,
