{
    "index": 307,
    "page": 49,
    "text": "XV. Not vegetative spiration, it is not surely (which plants have) that in this life \nshould be so dear unto us; nor sensitive respiration, the proper life of beasts, both \ntame and wild; nor this our imaginative faculty; nor that we are subject to be led and \ncarried up and down by the strength of our sensual appetites; or that we can gather, \nand live together; or that we can feed: for that in effect is no better, than that we can \nvoid the excrements of our food. What is it then that should be dear unto us? to hear \na clattering noise? if not that, then neither to be applauded by the tongues of men. \nFor the praises of many tongues, is in effect no better than the clattering of so many \ntongues. If then neither applause, what is there remaining that should be dear unto",
    "embedding_of_chunk": [
        -0.008724207989871502,
        -0.014024274423718452,
        0.05281180888414383,
        -0.015879297628998756,
        0.02253309078514576,
        -0.005848313681781292,
        0.07015072554349899,
        0.01681014522910118,
        -0.0004262699803803116,
        0.0032012718729674816,
        -0.013171792030334473,
        -0.10414410382509232,
        0.057602256536483765,
        0.025628207251429558,
        0.01588835008442402,
        0.017704743891954422,
        -0.00033566332422196865,
        0.02301768772304058,
        -0.07738989591598511,
        0.03111153468489647,
        0.09964101016521454,
        0.005997418891638517,
        0.010402490384876728,
        -0.07783733308315277,
        0.03337486460804939,
        0.009707098826766014,
        -0.025935424491763115,
        -0.0492883063852787,
        -0.003662687260657549,
        -0.18063896894454956,
        -0.008661231957376003,
        -0.0388324037194252,
        0.06725578755140305,
        -0.01993788778781891,
        -0.026967328041791916,
        -0.0146974241361022,
        -0.03303753584623337,
        0.023736562579870224,
        -0.047129955142736435,
        0.06336205452680588,
        0.024517981335520744,
        0.03237340599298477,
        -0.015376146882772446,
        -0.0530223473906517,
        -0.04997712001204491,
        -0.04392162337899208,
        -0.02965455874800682,
        -0.014963739551603794,
        0.02581973560154438,
        -0.028171002864837646,
        0.001598251168616116,
        -0.03210016340017319,
        0.0036266669631004333,
        0.041609033942222595,
        0.01011723093688488,
        0.02228269726037979,
        0.04694699868559837,
        -0.011866019107401371,
        0.040501054376363754,
        -0.009377962909638882,
        0.028864393010735512,
        0.027250612154603004,
        -0.23061656951904297,
        0.08520630747079849,
        0.051259372383356094,
        -0.030709603801369667,
        -0.054332248866558075,
        -0.04388793930411339,
        0.02413300983607769,
        0.06492609530687332,
        -0.01598285883665085,
        0.017664942890405655,
        0.022154780104756355,
        0.02276715077459812,
        0.0011925339931622148,
        -0.012241888791322708,
        -0.0013265886809676886,
        -0.05526738241314888,
        -0.025983979925513268,
        0.027343550696969032,
        -0.02480296604335308,
        0.014677582308650017,
        -0.03777971863746643,
        -0.016086410731077194,
        -0.043128371238708496,
        -0.03425300866365433,
        0.014485375955700874,
        -0.08342155069112778,
        0.009387518279254436,
        0.021987421438097954,
        0.00978769175708294,
        -0.033352725207805634,
        -0.038993287831544876,
        -0.0018481729784980416,
        -0.03962019458413124,
        -0.022910773754119873,
        0.01627924293279648,
        -0.023605752736330032,
        -0.03920517861843109,
        0.22067146003246307,
        -0.01681584119796753,
        0.05645347759127617,
        0.013757891952991486,
        -0.022015772759914398,
        0.06250503659248352,
        -0.040749404579401016,
        -0.028565004467964172,
        -0.019359048455953598,
        -0.006010671146214008,
        0.04452254995703697,
        0.01979084499180317,
        -0.01665969006717205,
        0.017973942682147026,
        -0.01800306886434555,
        0.015328626148402691,
        -0.005173984915018082,
        0.06131971627473831,
        0.009168221615254879,
        -0.04304447025060654,
        0.005887297913432121,
        0.014145886525511742,
        0.028143562376499176,
        0.04549391567707062,
        -0.03342032432556152,
        0.054222557693719864,
        -0.10651031881570816,
        0.031152276322245598,
        0.11247926205396652,
        0.015822693705558777,
        -0.006793615873903036,
        0.042621176689863205,
        -0.029775092378258705,
        -0.005152377299964428,
        -0.04945940151810646,
        0.015377839095890522,
        -0.01753181219100952,
        0.021046524867415428,
        -0.00516384094953537,
        0.022940373048186302,
        -0.010087253525853157,
        -0.005054445005953312,
        -0.1651548594236374,
        -0.04376833513379097,
        -0.0984058827161789,
        -0.00688327057287097,
        0.08548068255186081,
        0.047639135271310806,
        0.03232443332672119,
        -0.07435166090726852,
        0.037212077528238297,
        -0.022093866020441055,
        0.024946369230747223,
        -0.027056550607085228,
        0.006045425310730934,
        0.014857723377645016,
        0.04909340292215347,
        0.00016557412163820118,
        0.06291575729846954,
        -0.0381394661962986,
        0.034061893820762634,
        0.01103224977850914,
        -0.029952699318528175,
        -0.02859749272465706,
        0.09309224784374237,
        0.023693816736340523,
        -0.01158840674906969,
        -0.01171833835542202,
        -0.014294341206550598,
        0.0074309613555669785,
        -0.0057241483591496944,
        0.050831131637096405,
        -0.009711290709674358,
        -0.051772017031908035,
        0.04307449609041214,
        0.07980351895093918,
        0.037929970771074295,
        -0.030265090987086296,
        0.009040388278663158,
        0.0036824014969170094,
        0.03331534564495087,
        0.042002175003290176,
        -0.04938178509473801,
        -0.000846511626150459,
        0.027683526277542114,
        0.005003557540476322,
        -0.00929967500269413,
        -0.013235523365437984,
        -0.018440885469317436,
        0.008064988069236279,
        0.0684918537735939,
        0.01053588092327118,
        0.01494002528488636,
        -0.061198096722364426,
        -0.008008711040019989,
        -0.03050227463245392,
        -0.04092640057206154,
        -0.025710849091410637,
        -0.0012600210029631853,
        -0.02135683223605156,
        -0.02653432823717594,
        -0.011848214082419872,
        -0.008362607099115849,
        -0.011100545525550842,
        0.019143683835864067,
        0.05264822021126747,
        0.019283698871731758,
        0.049066752195358276,
        -0.008365677669644356,
        0.04008568078279495,
        0.02644565887749195,
        -0.05222788453102112,
        0.02408010885119438,
        0.02926640212535858,
        0.03241580352187157,
        -0.08093113452196121,
        0.06432744860649109,
        0.014512544497847557,
        0.05243640020489693,
        0.023043448105454445,
        0.02619474194943905,
        0.0505799874663353,
        -0.10056150704622269,
        -0.06759998947381973,
        -0.23882721364498138,
        0.04510366544127464,
        0.029372071847319603,
        -0.05004951357841492,
        0.11005304008722305,
        -0.03115934319794178,
        0.026972809806466103,
        0.004652253817766905,
        0.017627909779548645,
        0.012199081480503082,
        0.032529283314943314,
        -0.0026693313848227262,
        0.0019513879669830203,
        0.07025568187236786,
