{
    "index": 141,
    "page": 23,
    "text": "well nevertheless, and have a certain peculiar property, to stir the appetite. So figs \nare accounted fairest and ripest then, when they begin to shrink, and wither as it \nwere. So ripe olives, when they are next to putrefaction, then are they in their proper \nbeauty. The hanging down of grapes, the brow of a lion, the froth of a foaming wild \nboar, and many other like things, though by themselves considered, they are far from \nany beauty, yet because they happen naturally, they both are comely, and delightful; \nso that if a man shall with a profound mind and apprehension, consider all things in \nthe world, even among all those things which are but mere accessories and natural \nappendices as it were, there will scarce appear anything unto him, wherein he will",
    "embedding_of_chunk": [
        0.0005763674271292984,
        0.01785319671034813,
        0.032428476959466934,
        0.0038917683996260166,
        0.005024756770581007,
        -0.028104612603783607,
        0.07638712972402573,
        0.04497190937399864,
        0.012385395355522633,
        -0.020511597394943237,
        0.01122708898037672,
        -0.1128513365983963,
        0.05577654391527176,
        0.039673641324043274,
        0.021649790927767754,
        -0.013022593222558498,
        -0.014116719365119934,
        0.01865904964506626,
        -0.08766563981771469,
        0.01076267659664154,
        0.09809357672929764,
        -0.02959541045129299,
        -0.016614971682429314,
        -0.07090972363948822,
        0.030331633985042572,
        0.03909362480044365,
        -0.023180771619081497,
        -0.022521009668707848,
        -0.014827859587967396,
        -0.16431888937950134,
        -0.020455777645111084,
        -0.03519655764102936,
        0.07216951251029968,
        -0.031410690397024155,
        0.013991883024573326,
        0.007078050170093775,
        -0.0004804086056537926,
        0.045400869101285934,
        -0.0402701161801815,
        0.05665978044271469,
        0.06541004776954651,
        -0.005464373156428337,
        -0.05440722405910492,
        -0.024122823029756546,
        -0.05042600259184837,
        -0.0069683319889009,
        -0.023572532460093498,
        0.008282008580863476,
        0.046690694987773895,
        -0.02756873145699501,
        -0.02400418370962143,
        -0.02666039764881134,
        0.00927224475890398,
        0.017803626134991646,
        0.02040868252515793,
        0.0862351581454277,
        0.08568033576011658,
        0.0316474586725235,
        0.015041297301650047,
        0.02732890285551548,
        0.03472541272640228,
        -0.015284663997590542,
        -0.2277902513742447,
        0.07978592067956924,
        0.04587969556450844,
        -0.01469442155212164,
        -0.06715425103902817,
        -0.007651003543287516,
        0.022435951977968216,
        0.05134919658303261,
        -0.026691926643252373,
        0.04907795041799545,
        0.055783309042453766,
        0.048206694424152374,
        0.031950607895851135,
        -0.04511462152004242,
        -0.012443515472114086,
        -0.07372671365737915,
        -0.029314937070012093,
        0.03409436717629433,
        -0.01896054483950138,
        0.019939687103033066,
        -0.045648571103811264,
        -0.01692950911819935,
        -0.04059771075844765,
        -0.03296786919236183,
        0.004896132275462151,
        -0.07184654474258423,
        0.03847816213965416,
        0.016559774056077003,
        -0.021217163652181625,
        -0.05010301619768143,
        -0.03241341933608055,
        -0.006045078858733177,
        -0.0716143250465393,
        -0.017189810052514076,
        0.017868001013994217,
        -0.027499910444021225,
        -0.0067382208071649075,
        0.2173553705215454,
        -0.03994794562458992,
        0.03995272144675255,
        0.04103349521756172,
        -0.029281483963131905,
        0.049436528235673904,
        0.010611776262521744,
        -0.022432196885347366,
        -0.031666867434978485,
        -0.006102934945374727,
        -0.01487551350146532,
        0.0018457595724612474,
        -0.028155028820037842,
        0.03157312050461769,
        -0.027893688529729843,
        0.03687430918216705,
        -0.017517056316137314,
        0.06006177142262459,
        -0.003619702532887459,
        -0.0098339281976223,
        -0.024895749986171722,
        0.0009296361240558326,
        0.04342303425073624,
        0.03915280103683472,
        -0.04564204439520836,
        0.02693312242627144,
        -0.08011758327484131,
        0.037894099950790405,
        0.07472282648086548,
        0.0013410748215392232,
        -0.012316329404711723,
        0.013777574524283409,
        -0.04811088740825653,
        -0.045063700526952744,
        -0.016520224511623383,
        0.011970624327659607,
        0.029178401455283165,
        0.034682560712099075,
        -0.024697018787264824,
        0.04661187902092934,
        -0.036184705793857574,
        -0.05031595006585121,
        -0.13247160613536835,
        -0.04905359074473381,
        -0.12166210263967514,
        0.003893319284543395,
        0.06599412858486176,
        0.05165625363588333,
        0.017023133113980293,
        -0.031674373894929886,
        0.02768801711499691,
        -0.007321262266486883,
        0.041727110743522644,
        -0.03021194227039814,
        0.0016404190100729465,
        0.03513852506875992,
        0.023117829114198685,
        0.021485473960638046,
        0.057178184390068054,
        -0.05049361288547516,
        0.03794345259666443,
        0.017160404473543167,
        -0.0017489405581727624,
        -0.027435816824436188,
        0.10993015021085739,
        -0.008180168457329273,
        -0.04094225913286209,
        -0.02427145279943943,
        -0.002271633595228195,
        0.004790960345417261,
        0.01704700104892254,
        0.08476370573043823,
        0.006288568023592234,
        -0.07612012326717377,
        0.03699388727545738,
        0.06307926028966904,
        0.04983660206198692,
        -0.031409770250320435,
        -0.008574731647968292,
        -0.026155870407819748,
        0.007121208589524031,
        0.056396644562482834,
        -0.049088913947343826,
        -0.05286312475800514,
        0.04335616156458855,
        0.02015557698905468,
        -0.03613593429327011,
        -0.025190135464072227,
        -0.022730058059096336,
        0.01159531157463789,
        0.06763728708028793,
        0.018560467287898064,
        0.04075575992465019,
        -0.07467959076166153,
        0.0050447299145162106,
        -0.040001824498176575,
        -0.02461215667426586,
        -0.0030902852304279804,
        0.010951162315905094,
        -0.04178368300199509,
        -0.008693922311067581,
        -0.02713579498231411,
        -0.008823270909488201,
        -0.01107280794531107,
        0.016360437497496605,
        0.07835212349891663,
        0.041400130838155746,
        0.011567811481654644,
        -0.013547261245548725,
        0.0477721206843853,
        0.0017495824722573161,
        -0.04589235037565231,
        0.021632879972457886,
        0.02633727341890335,
        -0.010671720840036869,
        -0.05207068845629692,
        0.042639996856451035,
        0.020732378587126732,
        0.017893111333251,
        0.033502452075481415,
        0.005403133574873209,
        0.045347265899181366,
        -0.13115116953849792,
        -0.06530450284481049,
        -0.21735769510269165,
        -0.003671670099720359,
        0.007877211086452007,
        -0.024823922663927078,
        0.11207007616758347,
        -0.047227997332811356,
        0.04328559339046478,
        -0.02394920028746128,
        0.05662088468670845,
        0.0272429957985878,
        0.03744814544916153,
        -0.04114266857504845,
        -0.043280020356178284,
        0.06852023303508759,
        -0.041129548102617264,
