{
    "index": 328,
    "page": 52,
    "text": "XXXIII. Asia, Europe; what are they, but as corners of the whole world; of which the \nwhole sea, is but as one drop; and the great Mount Athos, but as a clod, as all pre-\nsent time is but as one point of eternity. All, petty things; all things that are soon al-\ntered, soon perished. And all things come from one beginning; either all severally and \nparticularly deliberated and resolved upon, by the general ruler and governor of all; \nor all by necessary consequence. So that the dreadful hiatus of a gaping lion, and all \npoison, and all hurtful things, are but (as the thorn and the mire) the necessary con-\nsequences of goodly fair things. Think not of these therefore, as things contrary to \nthose which thou dost much honour, and respect; but consider in thy mind. the true",
    "embedding_of_chunk": [
        -0.04831778258085251,
        -0.00011878598888870329,
        0.04967161640524864,
        -0.005648186430335045,
        0.00019671236805152148,
        -0.024615738540887833,
        0.06293284893035889,
        0.036490701138973236,
        0.005150576587766409,
        -0.00666395528241992,
        -0.007281269878149033,
        -0.11254199594259262,
        0.05403286591172218,
        0.041885796934366226,
        -0.016871901229023933,
        -0.0008814965840429068,
        -0.008527391590178013,
        0.004087388981133699,
        -0.08241172134876251,
        0.009221211075782776,
        0.07391209155321121,
        -0.007929177023470402,
        -0.0006406782777048647,
        -0.051183026283979416,
        0.007304925471544266,
        0.035871051251888275,
        -0.007654339540749788,
        -0.031233515590429306,
        -0.02343260496854782,
        -0.15400947630405426,
        -0.01358044147491455,
        -0.03888167813420296,
        0.012028164230287075,
        0.005765690002590418,
        -0.03098250739276409,
        -0.0005275949370115995,
        -0.020529527217149734,
        0.030581803992390633,
        -0.0471935048699379,
        0.05969418212771416,
        0.08768463879823685,
        0.06317632645368576,
        -0.010302655398845673,
        -0.020237352699041367,
        -0.05498469993472099,
        -0.07693351805210114,
        -0.02530728094279766,
        -0.02390454150736332,
        0.00677688792347908,
        -0.020211130380630493,
        0.0194342490285635,
        -0.012459003366529942,
        0.015067685395479202,
        0.04038245975971222,
        -0.00178006780333817,
        0.00498036528006196,
        0.052555158734321594,
        0.018963534384965897,
        0.03192208707332611,
        0.031567737460136414,
        0.04155278950929642,
        0.025462081655859947,
        -0.20955227315425873,
        0.08380168676376343,
        0.044449105858802795,
        0.04744311422109604,
        -0.007173015270382166,
        -0.010458496399223804,
        -0.010785163380205631,
        0.09739217907190323,
        -0.026786992326378822,
        -0.002753830049186945,
        0.035999979823827744,
        0.09051717072725296,
        0.04171730577945709,
        -0.012418074533343315,
        0.0020977435633540154,
        -0.036521486937999725,
        -0.04411618784070015,
        0.02774556539952755,
        -0.018056761473417282,
        -0.005145025905221701,
        -0.017685558646917343,
        0.00828341580927372,
        -0.0412667915225029,
        -0.06550723314285278,
        0.004063818138092756,
        -0.053485751152038574,
        0.03378332033753395,
        0.014214045368134975,
        -0.03650575876235962,
        -0.054812900722026825,
        -0.00478364247828722,
        0.0056222835555672646,
        -0.035909075289964676,
        -0.03572557494044304,
        0.03348110616207123,
        -0.005238561425358057,
        -0.02384636551141739,
        0.19744248688220978,
        -0.03983021154999733,
        0.03808186203241348,
        0.02318320982158184,
        -0.017916936427354813,
        0.07923639565706253,
        0.0031185594853013754,
        -0.025997363030910492,
        -0.09636294841766357,
        -0.015021387487649918,
        -0.03494204208254814,
        0.010573610663414001,
        -0.018650565296411514,
        0.031541235744953156,
        -0.04374639317393303,
        -0.007425589486956596,
        -0.020011361688375473,
        0.025480637326836586,
        0.02562093548476696,
        -0.032932672649621964,
        0.00884955283254385,
        -0.017209326848387718,
        0.01655411720275879,
        0.07143237441778183,
        -0.011004644446074963,
        -0.012676955200731754,
        -0.07075324654579163,
        0.05314818024635315,
        0.08039794862270355,
        0.0060187880881130695,
        -0.04299745336174965,
        0.018609583377838135,
        -0.047442417591810226,
        -0.08161236345767975,
        -0.0022376063279807568,
        0.023004230111837387,
        0.03478791192173958,
        0.0026092873886227608,
        -0.014291909523308277,
        0.032623644918203354,
        -0.047700196504592896,
        -0.04821963608264923,
        -0.17757199704647064,
        -0.02187311463057995,
        -0.09898582845926285,
        0.0037100480403751135,
        0.07300808280706406,
        0.03715389966964722,
        0.01904500089585781,
        -0.045341458171606064,
        0.02025342546403408,
        0.01683308742940426,
        0.022925501689314842,
        -0.020790282636880875,
        0.014258555136620998,
        0.007058690767735243,
        0.05108075961470604,
        0.04941045865416527,
        0.061418626457452774,
        -0.023005221039056778,
        -0.002339980099350214,
        0.020105089992284775,
        -0.04151136055588722,
        -0.03486611321568489,
        0.14050693809986115,
        0.01689816638827324,
        -0.03741084784269333,
        -0.019405923783779144,
        0.02362172119319439,
        0.01124446652829647,
        0.004014349076896906,
        0.03293933719396591,
        -0.0011971269268542528,
        -0.01630248688161373,
        0.02025035209953785,
        0.08863004297018051,
        0.016207773238420486,
        0.002323748543858528,
        0.0053419810719788074,
        -0.019641397520899773,
        0.0400337390601635,
        0.02983921393752098,
        -0.017450062558054924,
        -0.0334017388522625,
        0.041708238422870636,
        0.02814755216240883,
        -0.03981846198439598,
        -0.03462756425142288,
        0.0015210207784548402,
        0.020940540358424187,
        0.04359974339604378,
        0.0024706695694476366,
        0.061262961477041245,
        -0.034475650638341904,
        -0.03244880214333534,
        -0.03057432547211647,
        -0.013704825192689896,
        -0.04650334641337395,
        0.022000428289175034,
        0.019939623773097992,
        -0.040195249021053314,
        0.02572137862443924,
        -0.013231025077402592,
        -0.03603597730398178,
        0.013180889189243317,
        0.02664630487561226,
        0.029721681028604507,
        0.009052651934325695,
        -0.017214780673384666,
        0.005170917138457298,
        0.005055452696979046,
        -0.04228314012289047,
        -0.002945568412542343,
        0.04676784574985504,
        -0.0035142682027071714,
        0.0005936299567110837,
        0.052676912397146225,
        0.007116678636521101,
        0.009912773035466671,
        0.010377195663750172,
        0.02593574859201908,
        0.026932591572403908,
        -0.15842531621456146,
        -0.0863909050822258,
        -0.21856197714805603,
        0.007565089501440525,
        0.0073531861416995525,
        -0.04122491180896759,
        0.042658284306526184,
        -0.022271834313869476,
        0.021300481632351875,
        0.009184074588119984,
        0.037556231021881104,
        0.0530892014503479,
        0.07788457721471786,
        -0.041410718113183975,
        -0.016851210966706276,
        0.054669030010700226,
