{
    "index": 246,
    "page": 40,
    "text": "dinate and conducing to health: so here, whatsoever doth happen unto any, is or-\ndained unto him as a thing subordinate unto the fates, and therefore do we say of \nsuch things, that they do συμβαίνειν, that is, happen, or fall together; as of square \nstones, when either in walls, or pyramids in a certain position they fit one another, \nand agree as it were in an harmony, the masons say, that they do συμβαίνειν; as if \nthou shouldest say, fall together: so that in the general, though the things be divers \nthat make it, yet the consent or harmony itself is but one. And as the whole world is \nmade up of all the particular bodies of the world, one perfect and complete body, of \nthe same nature that particular bodies; so is the destiny of particular causes and",
    "embedding_of_chunk": [
        -0.004803322721272707,
        -0.008825646713376045,
        0.037026241421699524,
        -0.01430937834084034,
        -0.016770461574196815,
        -0.016839178279042244,
        0.0710710883140564,
        0.06954798102378845,
        -0.023073239251971245,
        -0.02175401896238327,
        -0.012417898513376713,
        -0.09073962271213531,
        0.026783430948853493,
        0.0561462864279747,
        0.042030684649944305,
        -0.014597478322684765,
        -0.03608504310250282,
        0.02390286512672901,
        -0.08390887081623077,
        0.04326854273676872,
        0.0635654404759407,
        -0.03393227607011795,
        -0.004873412195593119,
        -0.04666750878095627,
        0.007062284275889397,
        0.0216128658503294,
        -0.012544050812721252,
        -0.06287114322185516,
        0.002782499650493264,
        -0.1449849009513855,
        0.00775011396035552,
        -0.03880801796913147,
        0.04070607200264931,
        0.0013309017522260547,
        0.0017386514227837324,
        0.004974917974323034,
        -0.03496849536895752,
        0.028999632224440575,
        -0.031289927661418915,
        0.06435215473175049,
        0.056774772703647614,
        0.027326826006174088,
        0.013876965269446373,
        -0.05247258022427559,
        -0.005573239177465439,
        -0.015111012384295464,
        -0.005440046079456806,
        -0.025939816609025,
        0.032730426639318466,
        -0.027989860624074936,
        0.025599565356969833,
        -0.02826896496117115,
        0.017790429294109344,
        0.04435209557414055,
        0.026861775666475296,
        0.0482056699693203,
        0.057584572583436966,
        0.04781545698642731,
        0.04122089594602585,
        0.061013322323560715,
        0.04430118575692177,
        0.007865078747272491,
        -0.24299120903015137,
        0.08345131576061249,
        0.06419282406568527,
        -0.00017998016846831888,
        -0.018440844491124153,
        -0.02060588262975216,
        0.023570256307721138,
        0.022236188873648643,
        -0.007754570338875055,
        0.02554916962981224,
        0.061304591596126556,
        0.027242030948400497,
        -0.008081391453742981,
        -0.005005937535315752,
        0.017420906573534012,
        -0.04142704978585243,
        -0.0553804449737072,
        0.022987758740782738,
        0.005269388202577829,
        0.026724832132458687,
        -0.008058465085923672,
        0.029094260185956955,
        -0.047376058995723724,
        -0.05353895202279091,
        -0.002531168982386589,
        -0.09728512167930603,
        0.036794379353523254,
        0.005285393912345171,
        -0.05866013467311859,
        -0.04362703859806061,
        -0.04813900589942932,
        0.023217719048261642,
        -0.05246943607926369,
        0.006678394973278046,
        0.024328554049134254,
        -0.011653037741780281,
        -0.00709989108145237,
        0.19712957739830017,
        -0.07382559776306152,
        0.03714412823319435,
        0.04066288098692894,
        -0.010453577153384686,
        0.06425412744283676,
        -0.002286875620484352,
        0.0021718209609389305,
        -0.07665208727121353,
        0.020948287099599838,
        0.014712025411427021,
        0.035115279257297516,
        -0.003220081329345703,
        0.034236375242471695,
        -0.05887172371149063,
        -0.0035801520571112633,
        0.002711882581934333,
        -0.007396298926323652,
        0.00032593170180916786,
        -0.011963756754994392,
        0.00631411699578166,
        0.006235206499695778,
        0.010448758490383625,
        0.0791744738817215,
        -0.028151249513030052,
        0.008979241363704205,
        -0.08231594413518906,
        0.027579819783568382,
        0.11317957937717438,
        0.0514444038271904,
        -0.004201180767267942,
        0.06854933500289917,
        -0.04065471515059471,
        -0.009378733113408089,
        -0.044285573065280914,
        -0.009980757720768452,
        0.02744271233677864,
        -0.003050010185688734,
        0.0006393141811713576,
        0.023534826934337616,
        -0.01976041868329048,
        -0.005149499047547579,
        -0.14490863680839539,
        -0.01760205440223217,
        -0.11935923993587494,
        -0.0017002924578264356,
        0.09319429099559784,
        0.010237657465040684,
        0.02786807157099247,
        -0.020416120067238808,
        0.038800958544015884,
        -0.008307593874633312,
        0.030558934435248375,
        -0.04034747928380966,
        -0.009017220698297024,
        0.0007478794432245195,
        0.020245658233761787,
        0.023626238107681274,
        0.05660412833094597,
        -0.036887478083372116,
        -0.02029452845454216,
        -0.01038714125752449,
        -0.03265637159347534,
        -0.0543854720890522,
        0.1611526757478714,
        0.02854236774146557,
        -0.06742584705352783,
        -0.026593487709760666,
        -0.004051325377076864,
        0.014071228913962841,
        -0.03321244195103645,
        0.060058221220970154,
        0.007301250007003546,
        -0.01381788868457079,
        0.0397464819252491,
        0.08155349642038345,
        0.054396871477365494,
        -0.037010252475738525,
        0.024706650525331497,
        0.005039679817855358,
        0.019611431285738945,
        0.030116360634565353,
        -0.055790435522794724,
        -0.0675700381398201,
        0.012649989686906338,
        0.015951817855238914,
        -0.062203969806432724,
        -0.02926391363143921,
        -0.014995953999459743,
        0.05562464892864227,
        0.03895634785294533,
        -0.025621814653277397,
        0.07896485179662704,
        -0.08610820770263672,
        -0.015388645231723785,
        -0.02874065190553665,
        -0.016862956807017326,
        -0.03443658724427223,
        -0.021607426926493645,
        -0.03432825952768326,
        0.026081105694174767,
        -0.040608350187540054,
        0.005901413969695568,
        -0.03085445612668991,
        0.02703135646879673,
        0.02600148506462574,
        -0.004428516142070293,
        -0.018345026299357414,
        0.007303931284695864,
        -7.328367792069912e-05,
        0.02341686375439167,
        -0.03668009117245674,
        -0.006197155918926001,
        0.02810601145029068,
        -0.011584863066673279,
        0.0012317972723394632,
        0.043444905430078506,
        0.026350783184170723,
        0.0434822216629982,
        0.006678171921521425,
        0.05069770663976669,
        0.03342372179031372,
        -0.10686934739351273,
        -0.016355790197849274,
        -0.23079834878444672,
        0.010744204744696617,
        0.01857978105545044,
        -0.02586350217461586,
        0.06538210809230804,
        -0.04100492596626282,
        0.032749176025390625,
        0.004743111785501242,
        -0.014515936374664307,
        0.04328175634145737,
        0.09442798048257828,
        0.011320055462419987,
        -0.01325586810708046,
        0.0409344919025898,
        -0.04448944330215454,
