{
    "index": 605,
    "page": 94,
    "text": "XXXVI. There is not any man that is so happy in his death, but that some of those \nthat are by him when he dies, will be ready to rejoice at his supposed calamity. Is it \none that was virtuous and wise indeed? will there not some one or other be found, \nwho thus will say to himself; “Well now at last shall I be at rest from this pedagogue. \nHe did not indeed otherwise trouble us much: but I know well enough that in his \nheart, he did much condemn us.” Thus will they speak of the virtuous. But as for us, \nalas I how many things be there, for which there be many that glad would be to be \nrid of us. This therefore if thou shalt think of whensoever thou diest, thou shalt die \nthe more willingly, when thou shalt think with thyself; I am now to depart from that",
    "embedding_of_chunk": [
        -0.03837759792804718,
        0.04297596216201782,
        0.017953181639313698,
        -0.03784443438053131,
        -0.028234494850039482,
        0.03798564895987511,
        0.0912923738360405,
        0.06027921661734581,
        0.023831356316804886,
        -0.025981184095144272,
        -0.00484450114890933,
        -0.07356297969818115,
        0.03149939328432083,
        0.035787034779787064,
        0.00998959131538868,
        0.027947472408413887,
        -0.0006889875512570143,
        0.04045715928077698,
        -0.09346305578947067,
        -0.001788321416825056,
        0.058907363563776016,
        0.009434935636818409,
        -0.024884119629859924,
        -0.06554557383060455,
        0.023001449182629585,
        -0.004225498531013727,
        -0.013569099828600883,
        -0.05193046107888222,
        -0.008539733476936817,
        -0.1399642825126648,
        -1.4067028132558335e-05,
        -0.03775110840797424,
        0.04187438264489174,
        -0.03526374697685242,
        -0.03947050869464874,
        -0.016480520367622375,
        -0.027552736923098564,
        0.06601773202419281,
        -0.036921177059412,
        0.100567527115345,
        0.018379008397459984,
        0.037347279489040375,
        -0.05301111191511154,
        -0.021695444360375404,
        -0.03126072138547897,
        -0.045486290007829666,
        -0.013090115040540695,
        -0.059681907296180725,
        0.05213949456810951,
        -0.0221035648137331,
        -0.03521586209535599,
        -0.008452395908534527,
        0.008360378444194794,
        0.03113202378153801,
        0.01547834649682045,
        0.009886838495731354,
        0.05787123367190361,
        0.012763704173266888,
        0.03381698578596115,
        0.011893628165125847,
        0.049132462590932846,
        0.0024829329922795296,
        -0.24027644097805023,
        0.05178917571902275,
        0.03254061937332153,
        0.0020663870964199305,
        -0.035828325897455215,
        -0.017804933711886406,
        -0.002067845081910491,
        0.06332438439130783,
        -0.030281025916337967,
        0.002317106118425727,
        0.06684115529060364,
        0.03213663026690483,
        0.03527962788939476,
        -0.04776221141219139,
        0.031477101147174835,
        -0.08055151253938675,
        -0.007696555927395821,
        0.011882534250617027,
        0.00993738416582346,
        0.01880688965320587,
        0.011693065986037254,
        0.019258417189121246,
        -0.06870603561401367,
        -0.08117637038230896,
        -0.016183366999030113,
        -0.035755183547735214,
        0.03034023568034172,
        0.012287630699574947,
        0.011381597258150578,
        -0.009003858081996441,
        -0.002609818708151579,
        0.021861789748072624,
        -0.07542428374290466,
        -0.03635091334581375,
        0.035669583827257156,
        0.04424387216567993,
        -0.029186664149165154,
        0.19713178277015686,
        -0.03560345992445946,
        0.03518204018473625,
        0.03709791600704193,
        -0.014385273680090904,
        0.04081570357084274,
        0.0342477411031723,
        -0.0376056432723999,
        -0.037581779062747955,
        0.02510543167591095,
        -0.007730006240308285,
        -0.0049206591211259365,
        -0.05238860473036766,
        0.041980866342782974,
        -0.03254273533821106,
        0.03409808501601219,
        0.013420899398624897,
        0.04094544053077698,
        0.017168132588267326,
        -0.026923147961497307,
        0.016810275614261627,
        -0.021654566749930382,
        0.02160358987748623,
        0.06199190020561218,
        -0.03685024753212929,
        0.01084014680236578,
        -0.09059862047433853,
        0.05262976139783859,
        0.13407805562019348,
        0.009950217790901661,
        -0.023750964552164078,
        0.015118926763534546,
        -0.027291804552078247,
        -0.05059068277478218,
        -0.03181464970111847,
        -0.004917982500046492,
        0.06042298302054405,
        0.022281546145677567,
        -0.03596065565943718,
        0.026141498237848282,
        -0.05498625338077545,
        -0.028895437717437744,
        -0.16237886250019073,
        -0.056206755340099335,
        -0.10636331886053085,
        -0.030645210295915604,
        0.07890273630619049,
        -0.00982990674674511,
        0.008215649053454399,
        -0.07923855632543564,
        0.01020884606987238,
        -0.022084297612309456,
        0.01513212826102972,
        -0.0605214461684227,
        -0.00758775882422924,
        0.0042056734673678875,
        0.02529972419142723,
        0.03197497874498367,
        0.0707811787724495,
        -0.04601241275668144,
        0.0167494285851717,
        0.02799397148191929,
        -0.032493092119693756,
        -0.028393225744366646,
        0.10687770694494247,
        -0.0020902680698782206,
        -0.0027230591513216496,
        0.0068344846367836,
        -0.003234581323340535,
        0.04650529474020004,
        -0.018019873648881912,
        0.08365949988365173,
        -0.001977944513782859,
        -0.05080850049853325,
        0.04705283045768738,
        0.0963134840130806,
        0.05371997877955437,
        -0.0479075163602829,
        -0.006653935182839632,
        -0.017385663464665413,
        0.02650192566215992,
        0.009863701649010181,
        -0.04407089576125145,
        -0.03192920237779617,
        0.03643316030502319,
        -0.004917264450341463,
        0.0029420091304928064,
        0.0448068231344223,
        -0.0425984151661396,
        0.03400685265660286,
        0.03967289626598358,
        -0.003705174196511507,
        0.03407391905784607,
        -0.06237369030714035,
        -0.009973404929041862,
        -0.06454149633646011,
        0.013038236647844315,
        -0.05278341844677925,
        -0.021234210580587387,
        -0.001748691312968731,
        -0.02235221303999424,
        -0.005277279298752546,
        -0.035484425723552704,
        -0.027038829401135445,
        0.025474363937973976,
        0.027187403291463852,
        0.008698214776813984,
        0.021032001823186874,
        -0.018374523147940636,
        0.03626006469130516,
        0.014656982384622097,
        -0.03491487726569176,
        0.02252255380153656,
        0.06143884360790253,
        -0.030934030190110207,
        -0.024495728313922882,
        0.04227931424975395,
        0.011753957718610764,
        0.016931753605604172,
        0.043652936816215515,
        0.05143801495432854,
        0.055849865078926086,
        -0.09133388847112656,
        -0.06295404583215714,
        -0.20389726758003235,
        0.010906879790127277,
        0.004022639244794846,
        -0.057836487889289856,
        0.07275886833667755,
        -0.04395736753940582,
        0.019425034523010254,
        0.007160871289670467,
        0.03837631270289421,
        0.017740316689014435,
        0.023011209443211555,
        -0.04457608982920647,
        -0.03713386878371239,
        0.01914713904261589,
        0.025302473455667496,
