{
    "index": 215,
    "page": 35,
    "text": "XXX. Thou art now ready to die, and yet hast thou not attained to that perfect sim-\nplicity: thou art yet subject to many troubles and perturbations; not yet free from all \nfear and suspicion of external accidents; nor yet either so meekly disposed towards \nall men, as thou shouldest; or so affected as one, whose only study and only wisdom \nis, to be just in all his actions. \n\nXXXI. Behold and observe, what is the state of their rational part; and those that the \nworld doth account wise, see what things they fly and are afraid of; and what things \nthey hunt after.",
    "embedding_of_chunk": [
        -0.011998713947832584,
        -0.014765280298888683,
        0.044337209314107895,
        -0.008281859569251537,
        9.913378016790375e-05,
        0.030746135860681534,
        0.10033556073904037,
        0.051601506769657135,
        0.04446311295032501,
        -0.03267141431570053,
        0.0011109274346381426,
        -0.10663264244794846,
        0.059709105640649796,
        0.04410361126065254,
        0.00242179655469954,
        0.01998326927423477,
        -0.03244645521044731,
        0.029484037309885025,
        -0.05929167568683624,
        0.012560209259390831,
        0.08252661675214767,
        -0.016234325245022774,
        0.005855856463313103,
        -0.08276667445898056,
        0.036850329488515854,
        0.034343261271715164,
        0.005848805885761976,
        -0.02346997708082199,
        0.012540384195744991,
        -0.15716373920440674,
        -0.024144846946001053,
        -0.03367488458752632,
        0.03731256723403931,
        -0.004777124151587486,
        0.0020600485149770975,
        0.0002068366447929293,
        -0.021797899156808853,
        0.05581697076559067,
        -0.03140343725681305,
        0.051130086183547974,
        0.02116256393492222,
        0.05997345596551895,
        -0.05121392756700516,
        -0.0449226051568985,
        -0.04410608857870102,
        -0.06378492712974548,
        -0.028682738542556763,
        -0.03492922708392143,
        0.020717503502964973,
        -0.03540896996855736,
        -0.046616289764642715,
        -0.05427348613739014,
        0.00986772682517767,
        0.03651599586009979,
        0.026509590446949005,
        -0.0049207271076738834,
        0.07581548392772675,
        0.012868277728557587,
        0.025192037224769592,
        0.018232546746730804,
        0.018467063084244728,
        0.007095064967870712,
        -0.22112950682640076,
        0.08779475837945938,
        0.048139479011297226,
        0.02096499688923359,
        -0.027369311079382896,
        -0.02908627688884735,
        0.016964558511972427,
        0.0642077699303627,
        -0.04709310829639435,
        0.0361807607114315,
        0.07846285402774811,
        0.06066539138555527,
        0.02589418552815914,
        -0.0072749461978673935,
        0.0075539518147706985,
        -0.0713738352060318,
        0.008229974657297134,
        0.013540402054786682,
        0.007788307964801788,
        0.019481755793094635,
        0.003922535106539726,
        0.012533443979918957,
        -0.06676585227251053,
        -0.05248835310339928,
        -0.012126299552619457,
        -0.05724502354860306,
        0.056021954864263535,
        0.03051036037504673,
        -0.01730906404554844,
        -0.0055977338925004005,
        0.014901068061590195,
        0.008676278404891491,
        -0.03542635962367058,
        -0.020116817206144333,
        0.0518980510532856,
        -0.002649066736921668,
        -0.07244006544351578,
        0.18012890219688416,
        -0.031115828081965446,
        0.06065836548805237,
        0.07373366504907608,
        -0.01880010776221752,
        0.07162521034479141,
        0.028879359364509583,
        -0.02478095144033432,
        -0.03652144968509674,
        0.0017969370819628239,
        -0.02244076319038868,
        0.006691243965178728,
        -0.02855205349624157,
        0.0773073211312294,
        -0.033285729587078094,
        0.02919079177081585,
        -0.004054762423038483,
        0.03571471944451332,
        0.005522557999938726,
        -0.007028533611446619,
        -0.0021825283765792847,
        0.005356320179998875,
        0.038528990000486374,
        0.062347494065761566,
        -0.0006250445148907602,
        0.0013230257900431752,
        -0.09318576753139496,
        0.05134915933012962,
        0.11556211858987808,
        -0.019371045753359795,
        -0.011049729771912098,
        0.03628908842802048,
        -0.01818918064236641,
        -0.03318208456039429,
        -0.035546790808439255,
        0.00454703439027071,
        0.027323773130774498,
        0.020663632079958916,
        -0.011474981904029846,
        0.014091546647250652,
        -0.04262733832001686,
        -0.0326533243060112,
        -0.12470594793558121,
        -0.02286069467663765,
        -0.13411621749401093,
        -0.046910908073186874,
        0.07662195712327957,
        0.0016215788200497627,
        0.012637794017791748,
        -0.03151637688279152,
        0.009848630987107754,
        -0.03190824016928673,
        0.049942631274461746,
        -0.03728879243135452,
        0.0005413169274106622,
        0.016484903171658516,
        0.016344647854566574,
        0.037644047290086746,
        0.06543129682540894,
        -0.0345921665430069,
        0.030190106481313705,
        0.033771052956581116,
        -0.03721340000629425,
        -0.05780083313584328,
        0.12559692561626434,
        0.00498582748696208,
        -0.018605170771479607,
        0.02541455253958702,
        0.004972272552549839,
        0.03047322668135166,
        -0.012820682488381863,
        0.03375896066427231,
        -0.023002011701464653,
        -0.05946587398648262,
        0.016490934416651726,
        0.05893497169017792,
        0.014416342601180077,
        -0.02149476669728756,
        0.01837218925356865,
        0.0014451862080022693,
        0.013274854980409145,
        0.0385185144841671,
        -0.05513319745659828,
        -0.03409833833575249,
        0.07087648659944534,
        0.012724527157843113,
        0.021632863208651543,
        -0.03388689458370209,
        -0.055157389491796494,
        0.05863552168011665,
        0.02500777132809162,
        4.7822471969993785e-05,
        0.03464747592806816,
        -0.05538972467184067,
        -0.010156423784792423,
        -0.04338424280285835,
        0.00887677725404501,
        -0.010549470782279968,
        0.013574744574725628,
        -0.01447793934494257,
        -0.04085584357380867,
        -0.009405369870364666,
        -0.013064894825220108,
        -0.04104246944189072,
        0.028423255309462547,
        0.05103836953639984,
        -0.010066020302474499,
        0.0281769298017025,
        -0.032425712794065475,
        0.0318870022892952,
        -0.00517404917627573,
        -0.05480635166168213,
        0.026218194514513016,
        0.05026646703481674,
        -0.024876020848751068,
        0.0018780410755425692,
        0.05157606676220894,
        0.01667323149740696,
        -0.01329256035387516,
        0.01868070662021637,
        0.03066728450357914,
        0.02738390676677227,
        -0.08578313887119293,
        -0.07097465544939041,
        -0.24412068724632263,
        0.01381935179233551,
        -0.016211766749620438,
        -0.0625900998711586,
        0.05585591122508049,
        -0.046552978456020355,
        0.014511941000819206,
        -0.0336187519133091,
        0.05229208990931511,
        0.056483667343854904,
        0.034455277025699615,
        -0.040958624333143234,
        -0.0031521266791969538,
        0.00809978786855936,
        0.012685609981417656,
        0.05651723966002464,
        -0.01805472932755947,
        -0.005890972446650267,
        -0.02510501816868782,
        0.01843249425292015,
        -0.01588619500398636,
        0.034666821360588074,
