{
    "index": 525,
    "page": 82,
    "text": "XXXIII. Loss and corruption, is in very deed nothing else but change and alteration; \nand that is it, which the nature of the universe doth most delight in, by which, and \naccording to which, whatsoever is done, is well done. For that was the estate of \nworldly things from the beginning, and so shall it ever be. Or wouldest. thou rather \nsay, that all things in the world have gone ill from the beginning for so many ages, \nNINTH BOOK \n\nand shall ever go ill? And then among so many deities, could no divine power be \nfound all this while, that could rectify the things of the world? Or is the world, to in-\ncessant woes and miseries, for ever condemned?",
    "embedding_of_chunk": [
        -0.030583729967474937,
        -0.03737066313624382,
        0.04247923940420151,
        -0.007195952348411083,
        -0.008826106786727905,
        0.005722976289689541,
        0.0315600261092186,
        0.03754883259534836,
        0.022823592647910118,
        0.010917196050286293,
        -0.005809417460113764,
        -0.0810982882976532,
        0.06559809297323227,
        0.01380856242030859,
        -0.02714860625565052,
        -0.029790624976158142,
        0.0040387315675616264,
        0.005475636105984449,
        -0.10046035796403885,
        0.007034144829958677,
        0.09115008264780045,
        -0.018260864540934563,
        -0.006283228751271963,
        -0.037550799548625946,
        0.024398095905780792,
        0.013315100222826004,
        -0.007046313025057316,
        -0.021125342696905136,
        -0.014762726612389088,
        -0.16439493000507355,
        -0.026947911828756332,
        -0.07568874955177307,
        0.02900509722530842,
        0.0008272593840956688,
        -0.018197549507021904,
        0.007618265692144632,
        -0.04266159236431122,
        0.00789750088006258,
        -0.05005878210067749,
        0.07609296590089798,
        0.06402631849050522,
        0.04084347188472748,
        -0.01971995271742344,
        -0.022265739738941193,
        -0.07080072164535522,
        -0.055812884122133255,
        0.01669512502849102,
        -0.03305261954665184,
        -0.0072452290914952755,
        -0.023670678958296776,
        -3.9261143683688715e-05,
        -0.02552272565662861,
        0.017148086801171303,
        0.11032997071743011,
        0.047511711716651917,
        0.019671538844704628,
        0.07901500910520554,
        0.03574472665786743,
        0.026178598403930664,
        0.017401237040758133,
        0.044502075761556625,
        0.01849074847996235,
        -0.22258377075195312,
        0.10281600058078766,
        0.05759389325976372,
        0.012921140529215336,
        0.013385160826146603,
        -0.04618138074874878,
        0.015224449336528778,
        0.053462304174900055,
        -0.045100342482328415,
        -0.007704024203121662,
        0.04105410724878311,
        0.05133127048611641,
        0.02389710769057274,
        0.008838820271193981,
        0.010543595999479294,
        -0.04934734106063843,
        -0.04229845479130745,
        0.005974457133561373,
        -0.002718086587265134,
        0.0062467479147017,
        -0.012016412802040577,
        0.01784822717308998,
        -0.06904400140047073,
        -0.057004984468221664,
        -0.022697243839502335,
        -0.022868715226650238,
        0.03660862520337105,
        0.010738630779087543,
        -0.036055680364370346,
        -0.005919935181736946,
        0.009887044318020344,
        0.0121538070961833,
        -0.05335516110062599,
        -0.030868949368596077,
        0.015020769089460373,
        -0.017293183133006096,
        0.010344957932829857,
        0.21810030937194824,
        -0.045640695840120316,
        -0.00466348510235548,
        0.010616247542202473,
        -0.025024406611919403,
        0.09034338593482971,
        -0.02064673975110054,
        -0.009023589082062244,
        -0.06837010383605957,
        0.0038088723085820675,
        -0.038274869322776794,
        0.00773140462115407,
        -0.005314432550221682,
        0.06800112128257751,
        -0.04239894077181816,
        0.06650327891111374,
        -0.009709439240396023,
        0.020583288744091988,
        0.029579346999526024,
        -0.05453406646847725,
        -0.00945525523275137,
        -0.02616610750555992,
        0.044990941882133484,
        0.07316911965608597,
        -0.012432592920958996,
        0.03018476627767086,
        -0.08347195386886597,
        0.04709223657846451,
        0.08236051350831985,
        0.004189356230199337,
        0.01172436773777008,
        0.032845575362443924,
        0.003863352118059993,
        -0.06813010573387146,
        -0.009801443666219711,
        0.01278313621878624,
        0.026607152074575424,
        -0.009704602882266045,
        -0.018558623269200325,
        0.0515219122171402,
        -0.043226033449172974,
        -0.015692785382270813,
        -0.12682510912418365,
        -0.04521067440509796,
        -0.10624197125434875,
        0.008760550990700722,
        0.03854682296514511,
        -0.00735435402020812,
        0.019650841131806374,
        -0.00489698676392436,
        0.003931423649191856,
        0.025235798209905624,
        0.018374402076005936,
        -0.060202185064554214,
        -0.0028115338645875454,
        0.03791947662830353,
        0.04660705849528313,
        0.06068960204720497,
        0.04428189992904663,
        -0.03744522109627724,
        -0.021810345351696014,
        0.0572831965982914,
        -0.005239392630755901,
        -0.05566417798399925,
        0.14780783653259277,
        0.015850286930799484,
        -0.0012875489192083478,
        0.010790253058075905,
        -0.01461094245314598,
        0.003726186463609338,
        0.018580107018351555,
        0.021616294980049133,
        0.008198951371014118,
        -0.06416123360395432,
        0.020067840814590454,
        0.10804566740989685,
        0.01595383696258068,
        -0.0315568782389164,
        0.02941291779279709,
        -0.0017386011313647032,
        0.02881515957415104,
        0.029019787907600403,
        -0.015118795447051525,
        -0.04675906151533127,
        0.04279504343867302,
        0.003049468621611595,
        -0.015244776383042336,
        -0.02004571072757244,
        -0.0016454653814435005,
        0.04366966709494591,
        0.01894356496632099,
        -0.009614160284399986,
        0.05767803266644478,
        -0.04388292133808136,
        0.014944607391953468,
        0.012356550432741642,
        0.0006737920339219272,
        -0.03590899333357811,
        -0.008697052486240864,
        -0.009188242256641388,
        -0.03698001056909561,
        -0.015046286396682262,
        0.007987425662577152,
        -0.038323044776916504,
        0.022216616198420525,
        0.012991311028599739,
        0.02002754807472229,
        0.0019082080107182264,
        -0.019343333318829536,
        0.021738320589065552,
        0.011182502843439579,
        -0.07076234370470047,
        -0.011298689991235733,
        0.05123493820428848,
        -0.013476523570716381,
        0.0014174764510244131,
        0.04946880787611008,
        0.02662094123661518,
        0.016003167256712914,
        0.012359261512756348,
        0.04746326804161072,
        0.04013529419898987,
        -0.13387826085090637,
        -0.04722706973552704,
        -0.23360200226306915,
        -0.018680498003959656,
        -0.03393394500017166,
        -0.054623108357191086,
        0.0648188591003418,
        -0.03497243672609329,
        0.002596294041723013,
        -0.060061048716306686,
        0.03263729065656662,
        0.05641277879476547,
        0.04362111538648605,
        0.011318515986204147,
        -0.0030665716622024775,
        0.061982858926057816,
        0.0018867155304178596,
        0.027876393869519234,
        0.021090343594551086,
        0.004803208634257317,
