{
    "index": 356,
    "page": 57,
    "text": "II. What fear is there that thy dogmata, or philosophical resolutions and conclusions, \nshould become dead in thee, and lose their proper power and efficacy to make thee \nlive happy, as long as those proper and correlative fancies, and representations of \nthings on which they mutually depend (which continually to stir up and revive is in \nthy power), are still kept fresh and alive? It is in my power concerning this thing that \nis happened, what soever it be, to conceit that which is right and true. If it be, why \nthen am I troubled? Those things that are without my understanding, are nothing to \nit at all: and that is it only, which doth properly concern me. Be always in this mind, \nand thou wilt be right.",
    "embedding_of_chunk": [
        -0.03488728404045105,
        -0.018531130626797676,
        0.02836979366838932,
        -0.001399105996824801,
        -0.024302883073687553,
        0.022199686616659164,
        0.09798421710729599,
        0.045239631086587906,
        0.010744577273726463,
        -0.027227094396948814,
        0.010372601449489594,
        -0.07895197719335556,
        0.06598438322544098,
        0.04260072484612465,
        0.010958469472825527,
        0.038255929946899414,
        -0.0010312300873920321,
        0.03531551733613014,
        -0.08970852941274643,
        0.060614217072725296,
        0.03288055583834648,
        -0.023788871243596077,
        0.0021311521995812654,
        -0.05597900599241257,
        -0.012101858854293823,
        0.05872727558016777,
        -0.023350782692432404,
        -0.020673787221312523,
        -0.006531832739710808,
        -0.1833418607711792,
        0.015386139042675495,
        -0.049720026552677155,
        0.01734970510005951,
        -0.02829613722860813,
        0.021531227976083755,
        -0.0008125630556605756,
        -0.03234946355223656,
        0.04266035184264183,
        -0.030533358454704285,
        0.04281836003065109,
        -0.0015291941817849874,
        0.019692759960889816,
        -0.001097692409530282,
        -0.08486513793468475,
        -0.02488470822572708,
        -0.058908961713314056,
        0.008390216156840324,
        -0.033886849880218506,
        -0.01239598449319601,
        -0.04805610328912735,
        -0.005671195685863495,
        -0.015207197517156601,
        -0.014938751235604286,
        0.03437730297446251,
        0.013575809076428413,
        0.021814560517668724,
        0.04656562954187393,
        0.030328281223773956,
        0.03231193870306015,
        0.030342206358909607,
        0.05565206706523895,
        0.04399247467517853,
        -0.24692852795124054,
        0.13079121708869934,
        0.05876397341489792,
        0.00967731699347496,
        -0.06357141584157944,
        -0.033884864300489426,
        -0.011660466901957989,
        0.0733889639377594,
        -0.01217958889901638,
        0.03913582116365433,
        0.04963184520602226,
        0.08192368596792221,
        0.020656565204262733,
        -0.016174431890249252,
        -0.02220187708735466,
        -0.04519106447696686,
        -0.007413586601614952,
        0.0008421749225817621,
        -0.020422255620360374,
        0.03094269521534443,
        -0.017708271741867065,
        -0.016381826251745224,
        -0.05906188488006592,
        -0.07528797537088394,
        0.012097116559743881,
        -0.03229587525129318,
        0.03573805093765259,
        0.04969466105103493,
        -0.0036204594653099775,
        -0.04412495717406273,
        0.011602865532040596,
        0.02050871029496193,
        -0.04083935171365738,
        -0.022195471450686455,
        0.032962556928396225,
        0.03640725463628769,
        0.0026128957979381084,
        0.16726934909820557,
        -0.041461281478405,
        0.017432721331715584,
        0.060131002217531204,
        -0.019915353506803513,
        0.03728701174259186,
        0.011262960731983185,
        -0.01636522077023983,
        -0.04219862073659897,
        -0.03486638888716698,
        0.0115618035197258,
        0.014244623482227325,
        -0.03449137136340141,
        0.02445283532142639,
        -0.021829456090927124,
        0.05551644414663315,
        0.03170079365372658,
        0.02137194573879242,
        0.03877444192767143,
        -0.043428026139736176,
        0.010555820539593697,
        -0.01701352745294571,
        0.006920679472386837,
        0.08278704434633255,
        -0.03957311436533928,
        0.02156842313706875,
        -0.1166893020272255,
        0.04928332939743996,
        0.0981665700674057,
        -0.0031666592694818974,
        -0.025925224646925926,
        0.011188828386366367,
        -0.05761333927512169,
        -0.02105589210987091,
        -0.013205456547439098,
        0.03190790116786957,
        0.026601117104291916,
        0.04474823549389839,
        -0.002680859062820673,
        0.047688212245702744,
        -0.03728178143501282,
        -0.018079733476042747,
        -0.12822064757347107,
        -0.046733565628528595,
        -0.1083206981420517,
        0.00013030409172642976,
        0.08437515050172806,
        0.035978104919195175,
        0.010005965828895569,
        -0.045880574733018875,
        0.04097118228673935,
        -0.02162405475974083,
        0.019831595942378044,
        -0.04645116254687309,
        -0.020011499524116516,
        0.029888875782489777,
        0.03369331359863281,
        0.021193567663431168,
        0.04898587241768837,
        -0.043576523661613464,
        -0.003597914008423686,
        0.04078379645943642,
        -0.01197869423776865,
        -0.08808324486017227,
        0.1374811828136444,
        0.0015075118280947208,
        0.007641840260475874,
        -0.014018036425113678,
        -0.01603010855615139,
        0.026416577398777008,
        0.012277997098863125,
        0.056660816073417664,
        0.0283779576420784,
        -0.017519740387797356,
        0.012626292183995247,
        0.04912164434790611,
        0.04078952223062515,
        -0.03358583152294159,
        -0.023506036028265953,
        0.008361942134797573,
        0.013333420269191265,
        0.053532421588897705,
        -0.051636021584272385,
        -0.05864684656262398,
        0.0389634445309639,
        0.0020936334040015936,
        -0.05634194239974022,
        -0.01907551847398281,
        -0.05518032982945442,
        0.00980594102293253,
        0.059282321482896805,
        -0.02233276143670082,
        0.03542415052652359,
        -0.0681288093328476,
        0.002498638117685914,
        -0.034583620727062225,
        -0.018148183822631836,
        -0.04653780534863472,
        0.007309498731046915,
        -0.031117770820856094,
        -0.017844505608081818,
        0.008030078373849392,
        -0.004596708342432976,
        -0.026253310963511467,
        0.015362292528152466,
        0.03681749105453491,
        0.022447871044278145,
        0.024698032066226006,
        0.011868126690387726,
        0.037393637001514435,
        0.01612921617925167,
        -0.028577078133821487,
        0.0092170936986804,
        0.03869357332587242,
        -0.01587466336786747,
        0.006054852623492479,
        0.0338619127869606,
        0.018765907734632492,
        0.031428832560777664,
        0.02098313719034195,
        0.04201667383313179,
        0.04548864811658859,
        -0.09053600579500198,
        -0.06731382757425308,
        -0.23701874911785126,
        0.021508140489459038,
        -0.04593682289123535,
        -0.06339399516582489,
        0.0628606379032135,
        -0.08275260031223297,
        0.02208779752254486,
        -0.04598294943571091,
        0.014691850170493126,
        0.034836143255233765,
        0.016543397679924965,
        -0.04918094351887703,
        -0.030555490404367447,
        -0.006585771217942238,
        0.015422900207340717,
        0.04997498542070389,
        0.00024269256391562521,
