{
    "index": 323,
    "page": 51,
    "text": "nourishment, and attendance. How able to endure labour, how patient; able through \nhis spare diet to continue from morning to evening without any necessity of with-\ndrawing before his accustomed hours to the necessities of nature: his uniformity and \nconstancy in matter of friendship. How he would bear with them that with all bold-\nness and liberty opposed his opinions; and even rejoice if any man could better ad-\nvise him: and lastly, how religious he was without superstition. All these things of \nhim remember, that whensoever thy last hour shall come upon thee, it may find \nthee, as it did him, ready for it in the possession of a good conscience.",
    "embedding_of_chunk": [
        -0.03627185896039009,
        0.05522923916578293,
        -0.025749044492840767,
        -0.029834702610969543,
        -0.0029557410161942244,
        0.03373792767524719,
        0.10233199596405029,
        0.03337661921977997,
        -0.01869059167802334,
        -0.012502524070441723,
        -0.0315210223197937,
        -0.06464903801679611,
        0.04518347606062889,
        0.046220503747463226,
        0.004026277456432581,
        0.0021458344999700785,
        0.037026721984148026,
        0.03294261917471886,
        -0.12122179567813873,
        0.03244450315833092,
        0.04597019404172897,
        -0.02867325209081173,
        -0.016609514132142067,
        -0.0636187493801117,
        0.04459215700626373,
        0.011103184893727303,
        -0.004137471318244934,
        -0.03859364613890648,
        -0.004614734556525946,
        -0.15969891846179962,
        -0.0003014569520018995,
        -0.046870552003383636,
        0.04726722091436386,
        -0.021399807184934616,
        0.009024443104863167,
        -0.02295576222240925,
        -0.006678199861198664,
        0.0582117959856987,
        -0.023103324696421623,
        0.04097229987382889,
        0.048029202967882156,
        0.04102843999862671,
        -0.01356479525566101,
        -0.018082069233059883,
        -0.027600187808275223,
        -0.04416722431778908,
        -0.01031018327921629,
        -0.04277956485748291,
        0.04820697754621506,
        -0.027475634589791298,
        -0.018615365028381348,
        -0.021332601085305214,
        0.018519222736358643,
        0.005250424146652222,
        0.0739402174949646,
        0.0514054149389267,
        0.05665605142712593,
        0.0003383038565516472,
        0.03403426334261894,
        0.022443078458309174,
        0.04045185446739197,
        0.0424996092915535,
        -0.21094796061515808,
        0.04447314143180847,
        0.06758476793766022,
        0.0017653779359534383,
        -0.08039335906505585,
        -0.028590278699994087,
        0.049800749868154526,
        0.05659027770161629,
        -0.029171882197260857,
        0.040172476321458817,
        0.03371044993400574,
        0.06337713450193405,
        0.014944749884307384,
        0.006381182000041008,
        0.007147250231355429,
        -0.04479934275150299,
        -0.015772845596075058,
        0.02826378494501114,
        -0.009925893507897854,
        0.030670389533042908,
        0.0014347719261422753,
        0.026302851736545563,
        -0.041342876851558685,
        -0.0353161096572876,
        -0.01785462722182274,
        -0.08751428127288818,
        0.0451071560382843,
        0.015834050253033638,
        -0.04043671488761902,
        -0.03579523041844368,
        -0.04852313548326492,
        0.022550959140062332,
        -0.04239189997315407,
        -0.02390403486788273,
        0.012708411552011967,
        0.011488896794617176,
        -0.06890662014484406,
        0.21521903574466705,
        -0.057772111147642136,
        0.014791889116168022,
        0.03290990740060806,
        -0.018611226230859756,
        0.02324148453772068,
        -0.01660231687128544,
        -0.021675139665603638,
        -0.022350333631038666,
        -0.012751394882798195,
        0.014107702299952507,
        -0.013112176209688187,
        -0.034945297986269,
        0.05516320839524269,
        -0.06755684316158295,
        0.05511327087879181,
        0.03200610727071762,
        0.05029567331075668,
        0.005197707563638687,
        -0.010739278048276901,
        0.014080872759222984,
        -0.023508936166763306,
        0.038549888879060745,
        0.04155418649315834,
        -0.032311614602804184,
        0.007200276479125023,
        -0.09642724692821503,
        0.07422372698783875,
        0.1145162433385849,
        0.005660420749336481,
        0.014226606115698814,
        0.002198446774855256,
        -0.028636565431952477,
        -0.002172535052523017,
        -0.009145974181592464,
        -0.010505812242627144,
        0.022165177389979362,
        0.01636507548391819,
        -0.02523842081427574,
        0.043641719967126846,
        -0.026799781247973442,
        -0.010648027062416077,
        -0.13966317474842072,
        -0.030084237456321716,
        -0.09074728190898895,
        0.006722120102494955,
        0.08848240971565247,
        0.049613989889621735,
        0.05171218886971474,
        -0.04149889573454857,
        0.02465842105448246,
        -0.013506599701941013,
        0.038323625922203064,
        -0.03763435035943985,
        -0.006901548244059086,
        0.060228925198316574,
        0.011113157495856285,
        0.013862570747733116,
        0.08439759165048599,
        -0.01860935240983963,
        0.02031976357102394,
        -0.02576475776731968,
        -0.04638635367155075,
        -0.005240425001829863,
        0.10548552870750427,
        0.017803946509957314,
        -0.06118612363934517,
        0.006808839738368988,
        0.0072205993346869946,
        0.009053288958966732,
        -0.016120286658406258,
        0.06948988884687424,
        0.012079998850822449,
        -0.05404118075966835,
        0.034076303243637085,
        0.1018122062087059,
        0.017870405688881874,
        -0.009162886068224907,
        0.01014967542141676,
        0.03135153278708458,
        0.014125916175544262,
        0.03414286673069,
        -0.06936046481132507,
        -0.10064953565597534,
        0.042470406740903854,
        -0.008683806285262108,
        -0.017832433804869652,
        -0.015253881923854351,
        -0.014564440585672855,
        0.026308676227927208,
        0.07262186706066132,
        0.03372277691960335,
        0.02601442113518715,
        -0.06997345387935638,
        -0.06378794461488724,
        -0.06924876570701599,
        -0.03515014797449112,
        -0.06305967271327972,
        -0.018099699169397354,
        -0.021169377490878105,
        -0.011886751279234886,
        -0.05903251841664314,
        -0.05128922313451767,
        -0.0179702527821064,
        0.019806496798992157,
        0.06407636404037476,
        0.004618305247277021,
        0.0018079794244840741,
        -0.010620891116559505,
        0.0859794095158577,
        0.03753408417105675,
        -0.04481831565499306,
        0.024835634976625443,
        0.03593922033905983,
        0.01658390276134014,
        -0.03915915638208389,
        0.07345245033502579,
        0.024516483768820763,
        -0.0038529953453689814,
        0.04573391005396843,
        0.038256824016571045,
        0.07191219925880432,
        -0.10919728130102158,
        -0.07403966784477234,
        -0.2009284794330597,
        0.022098394110798836,
        -0.009375445544719696,
        -0.03197383135557175,
        0.09547290951013565,
        -0.042186446487903595,
        0.03157798945903778,
        -0.018253225833177567,
        -0.010919308289885521,
        0.013433581218123436,
        0.061953555792570114,
        -0.03812166303396225,
        -0.011717427521944046,
        0.04427879676222801,
        -0.0061504230834543705,
        0.06479451060295105,
        0.006540923845022917,
        -0.007218192797154188,
        -0.01723393052816391,
