{
    "index": 27,
    "page": 6,
    "text": "The Stoics regarded speculation as a means to an end and that end was, as Zeno put \nit, to live consistently (ομολογουμένως ζήν) or as it was later explained, to live in con-\nformity with nature (ομολογουμένως τη φύσει ζήν). This conforming of the life to na-\nture was the Stoic idea of Virtue. This dictum might easily be taken to mean that vir-\ntue consists in yielding to each natural impulse; but that was very far from the Stoic \nmeaning. In order to live in accord with nature, it is necessary to know what nature \nis; and to this end a threefold division of philosophy is made — into Physics, dealing \nwith the universe and its laws, the problems of divine government and teleology; Log-\nic, which trains the mind to discern true from false; and Ethics, which applies the",
    "embedding_of_chunk": [
        -0.019180066883563995,
        0.0035846219398081303,
        -0.012992240488529205,
        -0.009100446477532387,
        0.0062131211161613464,
        0.03818750008940697,
        0.0261364858597517,
        0.030963482335209846,
        -0.006153420079499483,
        0.004900373052805662,
        -0.0009851092472672462,
        -0.0845542922616005,
        0.041528891772031784,
        0.041185181587934494,
        0.07007170468568802,
        -0.0199336726218462,
        -0.04644975811243057,
        0.014606592245399952,
        -0.03600496053695679,
        0.017953865230083466,
        0.05660714954137802,
        -0.036974187940359116,
        -0.012504572980105877,
        -0.02344752661883831,
        0.008660334162414074,
        0.03338112682104111,
        -0.033216025680303574,
        -0.06396644562482834,
        -0.005167723633348942,
        -0.16219903528690338,
        0.002560397144407034,
        -0.028425833210349083,
        0.02425353415310383,
        -0.04379819333553314,
        -0.029658321291208267,
        -0.007719922810792923,
        -0.020042065531015396,
        0.059560880064964294,
        -0.058548301458358765,
        0.06662318110466003,
        0.0210706889629364,
        0.011833972297608852,
        -0.03400028496980667,
        -0.020936278626322746,
        -0.022795820608735085,
        -0.04296793416142464,
        -0.002632591174915433,
        -0.0490335188806057,
        -0.009072131477296352,
        -0.02154030278325081,
        -0.009928248822689056,
        -0.02346011810004711,
        -0.03539224714040756,
        0.03847403824329376,
        -0.006335543468594551,
        0.06170479208230972,
        0.042658742517232895,
        0.016467593610286713,
        0.022955114021897316,
        -0.006733783055096865,
        0.06475762277841568,
        0.04516797140240669,
        -0.208608016371727,
        0.0686577707529068,
        0.0713663175702095,
        -0.005484297405928373,
        -0.06614735722541809,
        0.0034960233606398106,
        0.03790280967950821,
        0.03959396108984947,
        -0.03396722674369812,
        -0.013761715032160282,
        0.04017627239227295,
        0.06504105031490326,
        0.03415275365114212,
        -0.013727090321481228,
        0.020245205610990524,
        -0.050734490156173706,
        -0.02660314179956913,
        0.03496432304382324,
        0.005665473639965057,
        0.03588061407208443,
        -0.030504321679472923,
        -0.0012224436504766345,
        -0.0626557245850563,
        -0.020556841045618057,
        0.026445718482136726,
        -0.04324236884713173,
        0.04662991315126419,
        0.0009219273924827576,
        -0.04086654260754585,
        -0.044768936932086945,
        -0.027490589767694473,
        0.010117294266819954,
        -0.01325862668454647,
        -0.008519790135324001,
        0.03360743075609207,
        0.02087351679801941,
        -0.020229144021868706,
        0.19588588178157806,
        -0.039596330374479294,
        0.054341766983270645,
        0.025702163577079773,
        -0.029216395691037178,
        0.03440512344241142,
        0.003919624723494053,
        -0.039471980184316635,
        -0.08266591280698776,
        0.013490188866853714,
        0.023985140025615692,
        0.025448964908719063,
        -0.04745042324066162,
        0.03513375669717789,
        -0.04409337788820267,
        0.056614771485328674,
        0.03971749544143677,
        0.04925268515944481,
        0.01892896369099617,
        -0.009418201632797718,
        0.0026771409902721643,
        0.0035114993806928396,
        0.038827355951070786,
        0.07724890857934952,
        -0.028934577479958534,
        -0.00973463710397482,
        -0.08383924514055252,
        0.04785565286874771,
        0.09034260362386703,
        0.009102522395551205,
        0.01404272485524416,
        0.026393713429570198,
        -0.04282330349087715,
        -0.026223506778478622,
        -0.040390949696302414,
        0.005280176643282175,
        0.051022835075855255,
        0.02581913024187088,
        -0.028555864468216896,
        0.05033018812537193,
        0.011796632781624794,
        -0.029211439192295074,
        -0.10506586730480194,
        -0.025831103324890137,
        -0.10338038206100464,
        -0.014754343777894974,
        0.04319857805967331,
        0.002058148616924882,
        -0.002209152327850461,
        -0.023320017382502556,
        0.036434732377529144,
        0.005650443956255913,
        0.0025261547416448593,
        -0.023850074037909508,
        -0.04547397047281265,
        0.024607641622424126,
        0.015651682391762733,
        0.02394844964146614,
        0.06411781162023544,
        -0.049247026443481445,
        -0.009436019696295261,
        -0.031617678701877594,
        -0.02667500078678131,
        -0.07229641824960709,
        0.16447782516479492,
        0.021701451390981674,
        -0.011935429647564888,
        0.0197377260774374,
        0.00839307252317667,
        0.004965320695191622,
        -0.053730808198451996,
        0.04291747510433197,
        0.03430734947323799,
        -0.028303571045398712,
        0.031198034062981606,
        0.06932330131530762,
        0.043039530515670776,
        -0.05037977173924446,
        -0.0029175013769418,
        0.006077010650187731,
        0.01597502827644348,
        0.03469289839267731,
        -0.05964288115501404,
        -0.06042720749974251,
        0.04318138211965561,
        0.02757379412651062,
        -0.03459453210234642,
        -0.0337102934718132,
        -0.045950621366500854,
        0.009593243710696697,
        0.05331235006451607,
        0.02327869087457657,
        0.05543827265501022,
        -0.037758514285087585,
        -0.03443557769060135,
        -0.0471210815012455,
        -0.028759252279996872,
        -0.015578541904687881,
        -0.010331377387046814,
        -0.02135007455945015,
        0.011092541739344597,
        -0.0710744708776474,
        0.019389986991882324,
        -0.023421864956617355,
        0.005373959895223379,
        -0.028205901384353638,
        0.01504119299352169,
        -0.01262078620493412,
        -0.008211459964513779,
        0.04153134301304817,
        0.05444148927927017,
        0.009679754264652729,
        0.08162307739257812,
        0.07090455293655396,
        -0.03573528304696083,
        -0.02156389318406582,
        0.031755346804857254,
        0.028171883895993233,
        -0.02684553526341915,
        0.039282865822315216,
        0.0237123966217041,
        0.04137693718075752,
        -0.10963841527700424,
        -0.06923931837081909,
        -0.22391147911548615,
        -0.04155083745718002,
        -0.007511272095143795,
        -0.0686250776052475,
        0.07531892508268356,
        -0.04046643152832985,
        -0.014510629698634148,
        -0.0011780470376834273,
        0.003993477206677198,
        -0.01111974474042654,
        0.018616938963532448,
        -0.03914930298924446,
        0.0007651519845239818,
        -0.005969223566353321,
