{
    "index": 94,
    "page": 16,
    "text": "having a respect unto men only as men, and to the equity of the things themselves, \nand not unto the glory that might follow. Never wont to use the baths at unseasona-\nble hours; no builder; never curious, or solicitous, either about his meat, or about \nthe workmanship, or colour of his clothes, or about anything that belonged to exter-\nnal beauty. In all his conversation, far from all inhumanity, all boldness, and incivili-\nty, all greediness and impetuosity; never doing anything with such earnestness, and \nintention, that a man could say of him, that he did sweat about it: but contrariwise, \nall things distinctly, as at leisure; without trouble; orderly, soundly, and agreeably. A \nman might have applied that to him, which is recorded of Socrates, that he knew",
    "embedding_of_chunk": [
        -0.009307066909968853,
        0.044495537877082825,
        0.01988927088677883,
        -0.024084998294711113,
        -0.0256446935236454,
        -0.01197870448231697,
        0.10479763150215149,
        0.015042444691061974,
        0.009335898794233799,
        -0.04360304772853851,
        -0.015283651649951935,
        -0.07527895271778107,
        0.04725180193781853,
        0.04321986436843872,
        0.009860554710030556,
        0.002974742092192173,
        0.009191587567329407,
        0.05708446726202965,
        -0.10257468372583389,
        0.04460682347416878,
        0.10391094535589218,
        -0.032942481338977814,
        -0.017859598621726036,
        -0.04928583651781082,
        -0.0006391596980392933,
        0.0337531752884388,
        -0.0219728946685791,
        -0.00024695403408259153,
        -0.011263745836913586,
        -0.16965265572071075,
        0.0020763170905411243,
        -0.06768637895584106,
        0.07518384605646133,
        -0.021831970661878586,
        0.004205856006592512,
        -0.030059175565838814,
        -0.05216890573501587,
        0.007928508333861828,
        -0.04419716075062752,
        0.05576938018202782,
        0.017021063715219498,
        0.03985006734728813,
        -0.010159658268094063,
        -0.009203838184475899,
        -0.0477900430560112,
        -0.024394305422902107,
        -0.014930467121303082,
        -0.014076769351959229,
        0.018737252801656723,
        -0.04609759524464607,
        -0.003849248168990016,
        -0.03537992388010025,
        0.0043518878519535065,
        0.01123203244060278,
        0.04153208062052727,
        0.045177921652793884,
        0.06616782397031784,
        0.003322478849440813,
        0.03764396160840988,
        0.0203962791711092,
        0.035445116460323334,
        0.022173184901475906,
        -0.25274866819381714,
        0.09297508001327515,
        0.04960820823907852,
        0.03873636946082115,
        -0.06156281754374504,
        -0.029807185754179955,
        0.030108733102679253,
        0.042892180383205414,
        -0.015354895032942295,
        0.058911047875881195,
        0.07055278867483139,
        0.04824753478169441,
        0.05042899399995804,
        -0.012032793834805489,
        -0.007058372721076012,
        -0.06833076477050781,
        -0.02272523008286953,
        0.014273146167397499,
        0.00509509164839983,
        -0.022042931988835335,
        -0.02017202042043209,
        0.006472863722592592,
        -0.05150705203413963,
        -0.042892493307590485,
        -0.00679398188367486,
        -0.06862097978591919,
        0.04268435761332512,
        0.007231269031763077,
        -0.018236946314573288,
        -0.020841648802161217,
        -0.05867568030953407,
        0.01685495302081108,
        -0.023253286257386208,
        -0.01599177159368992,
        0.01996735669672489,
        0.031743910163640976,
        -0.06994976848363876,
        0.2148144692182541,
        -0.02518290840089321,
        0.028614770621061325,
        -0.0029743181075900793,
        -0.05097690224647522,
        0.050736743956804276,
        0.000540978682693094,
        0.004918721504509449,
        -0.05891481041908264,
        -0.025782553479075432,
        0.045278050005435944,
        -0.00928107462823391,
        -0.026371987536549568,
        0.034986503422260284,
        -0.07487721741199493,
        0.029842671006917953,
        0.02954425849020481,
        0.05592311546206474,
        -0.01901250332593918,
        -0.03634887933731079,
        -0.010774358175694942,
        -0.02754395082592964,
        0.027983905747532845,
        0.06831810623407364,
        -0.00695330323651433,
        -0.0024785595014691353,
        -0.07923686504364014,
        0.03985336050391197,
        0.10612104088068008,
        0.03449178859591484,
        -0.03182500600814819,
        0.007257197983562946,
        -0.05949065834283829,
        -0.024324098601937294,
        -0.0004950121510773897,
        0.015447860583662987,
        0.018212828785181046,
        0.052718013525009155,
        -0.0358373299241066,
        0.05037861317396164,
        -0.02450706623494625,
        -0.03618149086833,
        -0.14823606610298157,
        -0.03156043216586113,
        -0.08370746672153473,
        0.0059227244928479195,
        0.08409927785396576,
        0.0358845554292202,
        0.007457911502569914,
        -0.02172880992293358,
        0.06163739413022995,
        -0.02500317245721817,
        0.02403334714472294,
        -0.049596939235925674,
        -0.006418709177523851,
        -0.004210183396935463,
        -0.015116521157324314,
        0.07415123283863068,
        0.07309466600418091,
        -0.0659286230802536,
        0.01918690837919712,
        0.0014202052261680365,
        -0.04362348094582558,
        -0.057119958102703094,
        0.11238185316324234,
        0.02785658836364746,
        -0.029645012691617012,
        -0.011783212423324585,
        0.01161845400929451,
        0.01787322200834751,
        -0.009888866916298866,
        0.0891072079539299,
        0.0005090874619781971,
        -0.05488337576389313,
        0.02213752456009388,
        0.08117331564426422,
        0.03866783156991005,
        -0.016728222370147705,
        0.012362588196992874,
        0.004296756815165281,
        0.023275407031178474,
        0.038259539753198624,
        -0.03705159202218056,
        -0.07039393484592438,
        0.021887777373194695,
        0.01808428205549717,
        -0.04098142683506012,
        0.009585159830749035,
        -0.02621634304523468,
        0.05920430272817612,
        0.08508900552988052,
        -0.005578516982495785,
        0.02002575248479843,
        -0.06864621490240097,
        -0.029979795217514038,
        -0.03712625056505203,
        0.000797702930867672,
        -0.021293479949235916,
        -0.0007678191759623587,
        -0.0579896979033947,
        -0.021246781572699547,
        -0.056974586099386215,
        -0.0019514354644343257,
        -0.007703171577304602,
        0.052265509963035583,
        0.055584754794836044,
        0.030204638838768005,
        -0.020433126017451286,
        -0.01791570708155632,
        0.03308520466089249,
        0.035121385008096695,
        -0.06012168526649475,
        0.0047867740504443645,
        0.0010517596965655684,
        0.0056265005841851234,
        -0.014498623088002205,
        0.06334865093231201,
        0.05597001686692238,
        0.03674840182065964,
        0.04869808256626129,
        -0.003154959063977003,
        0.014381787739694118,
        -0.059522952884435654,
        -0.07363595068454742,
        -0.21758592128753662,
        0.024936435744166374,
        -0.02389184571802616,
        -0.04221741110086441,
        0.09782537817955017,
        -0.051188770681619644,
        0.04476609453558922,
        -0.03490854427218437,
        0.028351981192827225,
        0.035255614668130875,
        0.03808348998427391,
        -0.028041424229741096,
        -0.02307218499481678,
        0.06286340206861496,
        -0.03315741568803787,
