{
    "index": 731,
    "page": 114,
    "text": "71 \n\nPronto Helps him with a supply of similes, which, it seems, he did not think of readi-\nly. It is to be feared that the fount of Marcus’s eloquence was pumped up by artificial \nmeans. \n\n                                            \n65 [Ibid.] ii. 10, iii. 18, ii. 4. \n\n66 [Ibid.] ii. 10. \n\n67 He implies, as in i. 6, that he has ceased to study Horace. Pollio was a grammarian, who taught Marcus. \n\n68 [Ibid.] v. 27. \n\n69 [Ibid.] v. 22. \n\n70 Ep. Gracae, 6. \n\n71 Ad Anton. Imp., 1I. 4. \nAPPENDIX \n\n72 \n\nSome idea of his literary style may he gathered from the letter which follows:",
    "embedding_of_chunk": [
        -0.03271791711449623,
        0.018231239169836044,
        0.06655409932136536,
        -0.03134775534272194,
        -0.04914676025509834,
        -0.001881951349787414,
        0.047441914677619934,
        0.04343629628419876,
        -0.005649615544825792,
        -0.042024243623018265,
        0.012544142082333565,
        -0.06696339696645737,
        0.02258976735174656,
        0.054091185331344604,
        0.0027421372942626476,
        -0.035225141793489456,
        0.011232705786824226,
        0.023271875455975533,
        -0.05043094605207443,
        0.014382967725396156,
        0.07381518930196762,
        -0.03921518102288246,
        -0.00634032255038619,
        -0.09509050846099854,
        -0.00014046768774278462,
        0.09469570219516754,
        0.005054774694144726,
        -0.0051488145254552364,
        0.019539006054401398,
        -0.18221919238567352,
        0.03090127371251583,
        -0.0337776318192482,
        0.045722439885139465,
        -0.00826441403478384,
        -0.008990324102342129,
        -0.0001414635917171836,
        -0.030502663925290108,
        0.0249495767056942,
        -0.05139975622296333,
        0.041572488844394684,
        0.016605688259005547,
        0.013601671904325485,
        -0.0503767766058445,
        -0.03844744339585304,
        -0.02927693910896778,
        -0.0012128612725064158,
        0.012371275573968887,
        -0.033641524612903595,
        0.04616016522049904,
        -0.009651383385062218,
        -0.039998140186071396,
        -0.007091499865055084,
        -0.000846268841996789,
        0.031535807996988297,
        -0.004752153996378183,
        0.04519450291991234,
        0.09932038187980652,
        0.025901615619659424,
        -0.0015062320744618773,
        0.03455910459160805,
        0.033077847212553024,
        0.015174093656241894,
        -0.28184545040130615,
        0.07818283885717392,
        0.011730452068150043,
        -0.01660887338221073,
        -0.07981453835964203,
        -0.03231720253825188,
        -0.0004323099856264889,
        0.09332077950239182,
        -0.024474967271089554,
        0.009000311605632305,
        0.04548395797610283,
        0.0870131403207779,
        0.02676837146282196,
        -0.004096390213817358,
        -0.024146270006895065,
        -0.03170967102050781,
        0.0029456536285579205,
        0.01812111586332321,
        -0.01102672703564167,
        -0.018636515364050865,
        -0.04227280989289284,
        -0.014022319577634335,
        -0.03147246316075325,
        -0.01430412195622921,
        -0.0031278342939913273,
        -0.05715871602296829,
        0.05082076042890549,
        -0.0295901857316494,
        6.761891563655809e-05,
        -0.025184478610754013,
        -0.032671064138412476,
        0.01926025003194809,
        -0.029580548405647278,
        -0.011779531836509705,
        -0.01192054059356451,
        0.012592094019055367,
        -0.05939415469765663,
        0.18487761914730072,
        -0.02287639118731022,
        0.04408921301364899,
        0.046021994203329086,
        -0.013414296321570873,
        0.037501830607652664,
        -0.048115599900484085,
        0.001962048001587391,
        -0.039461638778448105,
        -0.030505448579788208,
        0.0014253852423280478,
        -0.007015985902398825,
        -0.014628288336098194,
        0.018186211585998535,
        -0.05474217236042023,
        0.049725621938705444,
        0.02794952504336834,
        0.08111340552568436,
        -0.004133486654609442,
        -0.027081474661827087,
        0.02068810723721981,
        -0.04827401787042618,
        0.018008112907409668,
        0.013439670205116272,
        0.00011588376946747303,
        0.04841046780347824,
        -0.06642021983861923,
        0.043327219784259796,
        0.10142317414283752,
        0.003036034759134054,
        0.005885524675250053,
        0.03051997534930706,
        -0.05502408370375633,
        -0.04263010248541832,
        -0.06977387517690659,
        0.005029297433793545,
        0.02901151403784752,
        -0.001643544645048678,
        -0.005591274704784155,
        0.017900919541716576,
        -0.06809745728969574,
        -0.04345150291919708,
        -0.08074589818716049,
        -0.016280151903629303,
        -0.051878780126571655,
        -0.010912611149251461,
        0.07694081962108612,
        -0.020422758534550667,
        0.002631950192153454,
        -0.04139623045921326,
        0.08672688901424408,
        -0.03319787234067917,
        0.022689275443553925,
        -0.0413050502538681,
        -0.015432859770953655,
        -0.007186342962086201,
        0.04165700823068619,
        0.053549665957689285,
        0.08533532172441483,
        -0.04705001041293144,
        0.06700333952903748,
        -0.026174480095505714,
        -0.05745937302708626,
        -0.04601658880710602,
        0.10768795013427734,
        0.03929609805345535,
        -0.01224573701620102,
        -0.023058895021677017,
        0.004823360126465559,
        0.0026550637558102608,
        0.01722370833158493,
        0.05471966043114662,
        0.02892671898007393,
        -0.043444857001304626,
        0.05071774125099182,
        0.06167956814169884,
        0.01938665099442005,
        -0.03040173463523388,
        -0.05640178546309471,
        0.03621549904346466,
        0.039194587618112564,
        0.0300156082957983,
        -0.07972637563943863,
        -0.018409671261906624,
        0.03813348338007927,
        -0.009770133532583714,
        -0.03106514923274517,
        -0.0007836512522771955,
        -0.08372893929481506,
        0.047946710139513016,
        0.09890478104352951,
        0.01648799516260624,
        0.05840563401579857,
        -0.03798676282167435,
        -0.0387875996530056,
        -0.06417849659919739,
        -0.008089781738817692,
        -0.0312529057264328,
        -0.008954644203186035,
        -0.04592807963490486,
        -0.020226430147886276,
        -0.05776774883270264,
        0.023834845051169395,
        -0.06586230546236038,
        0.01853759214282036,
        0.004054040182381868,
        0.0523897260427475,
        -0.006693051662296057,
        0.029334472492337227,
        0.06750939786434174,
        0.021313494071364403,
        -0.01895231567323208,
        0.044656239449977875,
        0.04966330528259277,
        0.0270571019500494,
        0.001836029696278274,
        0.044345710426568985,
        -0.008576508611440659,
        0.015394536778330803,
        0.036907654255628586,
        0.03007853589951992,
        -0.02081449329853058,
        -0.06166912987828255,
        -0.0627429336309433,
        -0.2120237648487091,
        -0.015183212235569954,
        0.04664687067270279,
        -0.04714420065283775,
        0.040455207228660583,
        -0.09762164205312729,
        0.060536518692970276,
        -0.030838996171951294,
        0.06258653104305267,
        0.037351109087467194,
        0.014151654206216335,
        -0.010601947084069252,
        -0.057520218193531036,
        0.06453999131917953,
        -0.04711686447262764,
        0.07472793012857437,
        0.026263833045959473,
        -0.019780438393354416,
        -0.05488235503435135,
        -0.02853798121213913,
