{
    "index": 485,
    "page": 76,
    "text": "LVII. The motion of the mind is not as the motion of a dart. For the mind when it is \nwary and cautelous, and by way of diligent circumspection turneth herself many \nways, may then as well be said to go straight on to the object, as when it useth no \nsuch circumspection. \n\nLVIII. To pierce and penetrate into the estate of every one’s understanding that thou \nhast to do with: as also to make the estate of thine own open, and penetrable to any \nother. \nNINTH BOOK \n\nTHE NINTH BOOK \n\nH \n\nE THAT IS UNJUST, is also impious. For the nature of the universe, having \nmade all reasonable creatures one for another, to the end that they should \ndo one another good; more or less according to the several persons and oc-",
    "embedding_of_chunk": [
        -0.008520116098225117,
        -0.020377276465296745,
        0.0018764450214803219,
        -0.022304125130176544,
        -0.05152247101068497,
        0.007600600831210613,
        0.11588604748249054,
        0.030553964897990227,
        0.02493194304406643,
        0.01073054876178503,
        0.003068416379392147,
        -0.08431363850831985,
        0.012884269468486309,
        0.05892788991332054,
        -0.003659715410321951,
        -0.02277463488280773,
        -0.015525930561125278,
        0.05390022322535515,
        -0.08276532590389252,
        0.04270681366324425,
        0.05887889489531517,
        -0.06086868792772293,
        0.0061391559429466724,
        -0.04210696741938591,
        -0.002478639595210552,
        0.05621271952986717,
        -0.03306296840310097,
        -0.01563907414674759,
        -0.024935593828558922,
        -0.16573908925056458,
        -0.0027781266253441572,
        -0.05146322026848793,
        -0.005455422680824995,
        -0.004778790287673473,
        -0.011891026049852371,
        0.0009044171310961246,
        -0.03285043314099312,
        0.049616821110248566,
        -0.003773682750761509,
        0.04984399676322937,
        0.059749118983745575,
        0.04220959171652794,
        -0.025498734787106514,
        -0.02513052523136139,
        -0.032899126410484314,
        -0.0657624751329422,
        0.011876226402819157,
        0.011061225086450577,
        0.03733689710497856,
        -0.028047647327184677,
        -0.031030802056193352,
        -0.034867431968450546,
        0.017540017142891884,
        0.03322349861264229,
        0.003655864391475916,
        0.01122672576457262,
        0.051998864859342575,
        0.014343871735036373,
        0.05058402940630913,
        0.012398049235343933,
        0.08346311748027802,
        0.020693892613053322,
        -0.20300942659378052,
        0.09315107762813568,
        0.04828367382287979,
        0.020684929564595222,
        -0.01899777166545391,
        -0.053351033478975296,
        0.02229103073477745,
        0.05004338547587395,
        0.004160978365689516,
        0.00707735912874341,
        0.04739159718155861,
        0.04209059476852417,
        0.040948547422885895,
        -0.02328634448349476,
        -0.02775445207953453,
        -0.04757709056138992,
        -0.0006958029116503894,
        0.00835450366139412,
        0.012027124874293804,
        0.022990591824054718,
        -0.04427167400717735,
        -0.013972069136798382,
        -0.04206853359937668,
        -0.002737579634413123,
        0.003695127321407199,
        -0.08125946670770645,
        0.04058535769581795,
        0.006085182074457407,
        -0.006999465171247721,
        -0.024116817861795425,
        -0.014000792056322098,
        0.0034874652046710253,
        -0.05039281025528908,
        -0.022982534021139145,
        0.023886261507868767,
        0.0021185933146625757,
        -0.03944097459316254,
        0.20724859833717346,
        -0.06828868389129639,
        0.021022066473960876,
        0.020643504336476326,
        -0.002564879832789302,
        0.09003081172704697,
        -0.0023693291004747152,
        -0.012711147777736187,
        -0.08102643489837646,
        -0.03159169480204582,
        0.011530729942023754,
        -0.006506702397018671,
        -0.009166322648525238,
        0.031556010246276855,
        -0.034622322767972946,
        0.03502881899476051,
        0.05796292424201965,
        0.045912519097328186,
        0.030938265845179558,
        -0.0478714220225811,
        -0.014004664495587349,
        -0.002724476158618927,
        0.011213785037398338,
        0.014476540498435497,
        -0.022585075348615646,
        -0.0033273797016590834,
        -0.11789701133966446,
        0.025921860709786415,
        0.12024520337581635,
        0.033740535378456116,
        0.00650836480781436,
        0.02339995838701725,
        -0.06522544473409653,
        -0.029634736478328705,
        -0.02966456674039364,
        -0.004314283840358257,
        0.05899438261985779,
        0.006725802086293697,
        -0.03570695221424103,
        0.041062742471694946,
        -0.031207311898469925,
        -0.03237984701991081,
        -0.13440103828907013,
        -0.016185207292437553,
        -0.10287448763847351,
        0.006213972344994545,
        0.0343165323138237,
        -0.009916286915540695,
        0.0247728880494833,
        -0.028261560946702957,
        0.04522000998258591,
        -0.029128869995474815,
        0.021175725385546684,
        -0.07032780349254608,
        -0.03198665380477905,
        0.020545240491628647,
        0.03157028183341026,
        0.009411736391484737,
        0.06084145978093147,
        -0.03284730017185211,
        0.023414356634020805,
        0.020143713802099228,
        -0.008887460455298424,
        -0.06087145954370499,
        0.15248776972293854,
        0.010783996433019638,
        -0.024897195398807526,
        0.015427086502313614,
        0.039517540484666824,
        -0.0009367969469167292,
        -0.020816655829548836,
        0.030625605955719948,
        0.006030156742781401,
        -0.08900556713342667,
        0.06090552732348442,
        0.0838530883193016,
        0.03664298728108406,
        -0.07115354388952255,
        -0.01555938832461834,
        -0.03528276085853577,
        0.02195488102734089,
        0.0349917858839035,
        -0.04072202742099762,
        -0.0624108612537384,
        0.046262286603450775,
        0.019058311358094215,
        -0.026723051443696022,
        -0.03964754939079285,
        -0.008473728783428669,
        0.05280867964029312,
        0.02308088168501854,
        -0.020230792462825775,
        0.06522003561258316,
        -0.045052092522382736,
        -0.020992062985897064,
        -0.04117073491215706,
        -0.030264995992183685,
        0.00014581673895008862,
        0.00537958974018693,
        -0.03878732770681381,
        -0.004566329997032881,
        -0.008815898559987545,
        -0.00929171871393919,
        -0.0253343153744936,
        0.031127560883760452,
        -0.0012129736132919788,
        0.018864186480641365,
        0.05057883635163307,
        -0.032685913145542145,
        0.051141735166311264,
        0.03747940436005592,
        -0.0382479764521122,
        -0.022763431072235107,
        0.049873556941747665,
        -0.023829873651266098,
        -0.043800316751003265,
        0.035769544541835785,
        0.004525533877313137,
        -0.005427009891718626,
        0.03538059815764427,
        0.033394407480955124,
        0.0022071253042668104,
        -0.11131267249584198,
        -0.029859283939003944,
        -0.22849023342132568,
        -0.018738169223070145,
        -0.03627653792500496,
        -0.02354251965880394,
        0.09731537103652954,
        -0.054536040872335434,
        0.005724439397454262,
        0.0006766984588466585,
        -0.009733159095048904,
        0.02247626520693302,
        0.06798779964447021,
        -0.05920843780040741,
        -0.09045877307653427,
        0.044726043939590454,
        0.0009010681533254683,
        0.07862303406000137,
