{
    "index": 43,
    "page": 8,
    "text": "But there is one great difference between the two books we are considering. The Imi-\ntation is addressed to others, the Meditations by the writer to himself. We learn noth-\ning from the Imitation of the author’s own life, except in so far as he may be assumed \nto have practised his own preachings; the Meditations reflect mood by mood the mind \nof him who wrote them. In their intimacy and frankness lies their great charm. These \nnotes are not sermons; they are not even confessions. There is always an air of self-\nconsciousness in confessions; in such revelations there is always a danger of unctu-\nousness or of vulgarity for the best of men. St. Augustine is not always clear of of-\nfence, and John Bunyan himself exaggerates venial peccadilloes into heinous sins.",
    "embedding_of_chunk": [
        -0.013212768360972404,
        0.03268454968929291,
        0.05338673293590546,
        0.007850376889109612,
        0.02564050629734993,
        -0.02264910191297531,
        0.03404652327299118,
        0.01293505635112524,
        0.02464117854833603,
        -0.04665397107601166,
        -0.0435459241271019,
        -0.02369360253214836,
        0.033423714339733124,
        0.03708508238196373,
        0.03117629885673523,
        0.0005771284340880811,
        -0.015670673921704292,
        0.004249680321663618,
        -0.07431989163160324,
        0.03661058843135834,
        0.044082578271627426,
        -0.05271342396736145,
        -0.015207179822027683,
        -0.03732263669371605,
        0.030732005834579468,
        0.00018080600420944393,
        -0.022820819169282913,
        -0.02965959906578064,
        -0.008468316867947578,
        -0.1593727022409439,
        -0.009105801582336426,
        -0.050605058670043945,
        0.03572920337319374,
        -0.012248769402503967,
        -0.01601921208202839,
        -0.04170439764857292,
        -0.04629145935177803,
        0.0612824410200119,
        -0.017464041709899902,
        0.06620535254478455,
        0.04986555129289627,
        0.006651771254837513,
        -0.012197240255773067,
        -0.011905032210052013,
        -0.05689141899347305,
        -0.06251747906208038,
        -0.05250921472907066,
        -0.013948346488177776,
        0.016985349357128143,
        -0.015204815194010735,
        -0.017706312239170074,
        0.002205969998613,
        -0.007555131334811449,
        -0.015456316992640495,
        0.0043856361880898476,
        0.016326308250427246,
        0.033967576920986176,
        0.045296113938093185,
        0.01877993531525135,
        0.045628540217876434,
        0.02150152623653412,
        0.025287823751568794,
        -0.2639220952987671,
        0.10552017390727997,
        0.05203886330127716,
        0.010973525233566761,
        -0.03334684297442436,
        -0.006022124085575342,
        0.04147817939519882,
        0.022044066339731216,
        -0.0070181116461753845,
        0.035054098814725876,
        0.021137725561857224,
        0.04365597292780876,
        0.010317955166101456,
        -0.04686345160007477,
        -0.027932778000831604,
        0.004554233979433775,
        -0.022511299699544907,
        0.02692275494337082,
        -0.014803378842771053,
        0.01159143541008234,
        -0.05761800706386566,
        -0.015857722610235214,
        -0.04448872059583664,
        -0.00025111454306170344,
        0.03827836364507675,
        -0.03244493156671524,
        0.04752833768725395,
        0.010965641587972641,
        -0.010466448031365871,
        -0.022222062572836876,
        -0.016131244599819183,
        0.020639540627598763,
        -0.025619925931096077,
        -0.016134751960635185,
        -0.03281658887863159,
        0.05195816978812218,
        -0.06814059615135193,
        0.20085309445858002,
        -0.02268604189157486,
        0.04750988259911537,
        0.0036277754697948694,
        -0.024755537509918213,
        0.061367157846689224,
        -0.018327951431274414,
        -0.009868724271655083,
        -0.06576099991798401,
        -0.027662601321935654,
        0.028702102601528168,
        0.00477510504424572,
        -0.051138728857040405,
        -0.003040863899514079,
        -0.04457874596118927,
        0.003998067229986191,
        0.018676575273275375,
        0.08237233757972717,
        0.04019620642066002,
        0.0005972036742605269,
        0.010664463974535465,
        -0.010951954871416092,
        0.012621559202671051,
        0.039667267352342606,
        -0.03535992279648781,
        0.0385296456515789,
        -0.10733914375305176,
        -0.009086105972528458,
        0.07759371399879456,
        0.029820943251252174,
        -0.005404866766184568,
        0.007102783769369125,
        -0.004742295481264591,
        -0.012158219702541828,
        -0.03463685140013695,
        0.029180416837334633,
        0.03440500795841217,
        -0.008736287243664265,
        0.025593427941203117,
        0.08525945246219635,
        -0.034087885171175,
        -0.02417951077222824,
        -0.08833330869674683,
        -0.05595618113875389,
        -0.039531681686639786,
        -0.056811120361089706,
        0.07041140645742416,
        -0.023791838437318802,
        0.03784145787358284,
        -0.058764148503541946,
        0.04383872449398041,
        -0.039460133761167526,
        0.06999217718839645,
        -0.07474564015865326,
        -0.025208301842212677,
        0.016651537269353867,
        -0.0011367995757609606,
        -0.0030302468221634626,
        0.0963481217622757,
        -0.04669949412345886,
        -0.005839507095515728,
        0.01794501766562462,
        0.005720451474189758,
        -0.05197924003005028,
        0.11804486811161041,
        0.04861931875348091,
        -0.023771267384290695,
        -0.006222644820809364,
        0.012587723322212696,
        0.005826241802424192,
        -0.0492725633084774,
        0.058869119733572006,
        0.00040447901119478047,
        -0.05425184965133667,
        0.022268449887633324,
        0.09476432204246521,
        0.030467545613646507,
        -0.03970567509531975,
        -0.012594872154295444,
        0.046675726771354675,
        0.042238421738147736,
        0.024997102096676826,
        -0.05697555094957352,
        -0.056469060480594635,
        0.032371312379837036,
        0.010322676971554756,
        -0.037803564220666885,
        0.01473559346050024,
        -0.04159458354115486,
        0.03940686583518982,
        0.0749281719326973,
        0.016481228172779083,
        0.01924874819815159,
        -0.045181650668382645,
        0.013027813285589218,
        -0.07726220786571503,
        -0.03432659059762955,
        -0.024603720754384995,
        -0.01977936550974846,
        -0.05132017284631729,
        -0.05855946242809296,
        -0.012820686213672161,
        -0.007316486909985542,
        0.020658966153860092,
        0.03294910490512848,
        0.02776995114982128,
        -0.0020533346105366945,
        0.011925244703888893,
        -0.03520737588405609,
        0.05332474783062935,
        0.03757105767726898,
        -0.06934183835983276,
        0.04567989334464073,
        0.015534933656454086,
        0.01149513479322195,
        -0.047997377812862396,
        0.00570203922688961,
        -0.00689687579870224,
        0.04036731645464897,
        0.031229088082909584,
        0.04248148202896118,
        0.014860532246530056,
        -0.10936542600393295,
        -0.02845539152622223,
        -0.23187582194805145,
        -0.031345661729574203,
        0.03582262620329857,
        -0.010594703257083893,
        0.09262535721063614,
        -0.03576820343732834,
        0.024094799533486366,
        0.01461332943290472,
        0.01983466185629368,
        0.05616644397377968,
        0.02489738166332245,
        -0.05832253769040108,
        -0.01679570972919464,
        0.05760834366083145,
        0.013422739692032337,
