{
    "index": 237,
    "page": 38,
    "text": "II. How easy a thing is it for a man to put off from him all turbulent adventitious im-\naginations, and presently to be in perfect rest and tranquillity! \n\nIII. Think thyself fit and worthy to speak, or to do anything that is according to na-\nture, and let not the reproach, or report of some that may ensue upon it, ever deter \nthee. If it be right and honest to be spoken or done, undervalue not thyself so much, \nas to be discouraged from it. As for them, they have their own rational over-ruling \npart, and their own proper inclination: which thou must not stand and look about to \ntake notice of, but go on straight, whither both thine own particular, and the com-\nmon nature do lead thee; and the way of both these, is but one.",
    "embedding_of_chunk": [
        -0.023871658369898796,
        0.030210986733436584,
        0.01782183349132538,
        0.009071869775652885,
        -0.008359057828783989,
        0.043831054121255875,
        0.12133310735225677,
        0.011568061076104641,
        -0.022357432171702385,
        -0.015182307921350002,
        -0.01870993711054325,
        -0.0769704207777977,
        0.01916176825761795,
        0.018785500898957253,
        0.05788091570138931,
        0.02662717178463936,
        -0.0014809665735810995,
        0.06458283960819244,
        -0.08284174650907516,
        0.038783177733421326,
        0.04815325513482094,
        -0.0033137095160782337,
        -0.03563437983393669,
        -0.02018355019390583,
        0.02357647195458412,
        0.015839891508221626,
        -0.05849725753068924,
        -0.016793766990303993,
        -0.02117587998509407,
        -0.15784896910190582,
        0.0033394440542906523,
        -0.039501406252384186,
        0.014981837943196297,
        -0.03045911341905594,
        0.001984319183975458,
        -0.017444847151637077,
        -0.061503272503614426,
        0.036977119743824005,
        -0.027467841282486916,
        0.02456233836710453,
        0.0027516160625964403,
        0.015694214031100273,
        -0.0029813379514962435,
        -0.04533151164650917,
        -0.04501848295331001,
        -0.03250749409198761,
        -0.006088636349886656,
        -0.022265564650297165,
        -0.003366743214428425,
        -0.0255573783069849,
        -0.04560999199748039,
        -0.020785560831427574,
        0.01954634115099907,
        0.023195579648017883,
        0.04316850006580353,
        0.0250152125954628,
        0.05784517154097557,
        0.02374660223722458,
        0.006004335358738899,
        0.029659060761332512,
        0.005032641813158989,
        0.022115783765912056,
        -0.223039448261261,
        0.09105287492275238,
        0.07163630425930023,
        0.032733939588069916,
        -0.03215308487415314,
        -0.05820365622639656,
        -0.008996224962174892,
        0.08199352771043777,
        -0.011831901967525482,
        0.037404414266347885,
        0.009974582120776176,
        0.039063435047864914,
        0.021410565823316574,
        -0.02176693081855774,
        -0.005499538965523243,
        -0.06914333254098892,
        -0.006361538544297218,
        0.03474223241209984,
        0.011450672522187233,
        0.013234060257673264,
        -0.006427012849599123,
        0.016695277765393257,
        -0.0641840249300003,
        -0.048548273742198944,
        0.023754073306918144,
        -0.06145497411489487,
        0.026341069489717484,
        0.01261063665151596,
        -0.03307653218507767,
        -0.017192915081977844,
        -0.0073436773382127285,
        0.006066447123885155,
        -0.02465650998055935,
        -0.01754828914999962,
        0.01814357005059719,
        0.018146174028515816,
        -0.0684407651424408,
        0.18581423163414001,
        -0.018282970413565636,
        0.05890554562211037,
        0.034427348524332047,
        -0.01918487809598446,
        0.047658372670412064,
        -0.012128309346735477,
        -0.020434901118278503,
        -0.040303267538547516,
        -0.0050644525326788425,
        0.002263324800878763,
        0.03860870748758316,
        -0.018871018663048744,
        0.057896021753549576,
        -0.03637595474720001,
        0.01269635558128357,
        0.062287360429763794,
        0.06465162336826324,
        -0.018855176866054535,
        -0.028689561411738396,
        -0.008982515893876553,
        -0.004076392389833927,
        0.022741278633475304,
        0.08229070901870728,
        -0.035067494958639145,
        0.011002483777701855,
        -0.13981901109218597,
        0.0793435201048851,
        0.09509455412626266,
        0.04914350435137749,
        0.019196508452296257,
        0.013562682084739208,
        -0.031366899609565735,
        -0.06853754073381424,
        0.011764422059059143,
        0.011683255434036255,
        -0.019552217796444893,
        0.00948039349168539,
        0.002889069961383939,
        0.05717571824789047,
        -0.019576169550418854,
        -0.007243564818054438,
        -0.15695235133171082,
        -0.04381179437041283,
        -0.1367524266242981,
        0.028111321851611137,
        0.11869963258504868,
        -0.0023807419929653406,
        -0.006990072783082724,
        -0.036687105894088745,
        0.025415802374482155,
        0.003082487965002656,
        0.04909399896860123,
        -0.04308384656906128,
        -0.05171756446361542,
        0.010746774263679981,
        0.025208668783307076,
        0.027766002342104912,
        0.07239894568920135,
        -0.05569393187761307,
        0.04731833562254906,
        -0.00942111574113369,
        -0.021528348326683044,
        -0.06153523176908493,
        0.09410063922405243,
        0.0383402481675148,
        -0.02226719819009304,
        -0.00452544866129756,
        -0.00897980947047472,
        0.004944605752825737,
        -0.0019839215092360973,
        0.05117248371243477,
        0.029053153470158577,
        -0.063699871301651,
        0.047274310141801834,
        0.06433554738759995,
        -0.00519565399736166,
        -0.03650165721774101,
        0.0015058050630614161,
        -0.0031392283271998167,
        0.030739231035113335,
        0.04033562168478966,
        -0.06188848614692688,
        -0.06912702322006226,
        0.03173055127263069,
        -0.015901172533631325,
        -0.03573501855134964,
        -0.001474826131016016,
        -0.02319161966443062,
        0.033478397876024246,
        0.08396643400192261,
        -0.01739499345421791,
        0.018020283430814743,
        -0.06640532612800598,
        -0.004747718572616577,
        -0.06688634306192398,
        -0.006768848747014999,
        -0.025009216740727425,
        0.009903639554977417,
        -0.030681641772389412,
        -0.00945514440536499,
        -0.02934471145272255,
        -0.041560910642147064,
        -0.011621341109275818,
        0.031093642115592957,
        0.03280758112668991,
        0.01123590487986803,
        0.0077594853937625885,
        -0.006448973435908556,
        0.06824872642755508,
        0.026811327785253525,
        -0.025278043001890182,
        0.02800258807837963,
        0.04418184980750084,
        -0.009786994196474552,
        -0.009633099660277367,
        0.021736053749918938,
        0.054860472679138184,
        0.01651860401034355,
        0.007349379826337099,
        0.0524887777864933,
        0.02799912728369236,
        -0.0856746956706047,
        -0.06824108958244324,
        -0.22386907041072845,
        0.025606423616409302,
        -0.016224060207605362,
        -0.048422541469335556,
        0.07901737093925476,
        -0.05593285709619522,
        0.048643387854099274,
        -0.018343869596719742,
        0.013023165985941887,
        0.02491769939661026,
        0.034955304116010666,
        -0.051219724118709564,
        -0.038321252912282944,
        0.015634015202522278,
        -0.002837604843080044,
        0.06560290604829788,
