{
    "index": 709,
    "page": 111,
    "text": "enemies there; indeed, a just ruler was sure to make enemies. The end of it was that \nan Athenian deputation, headed by the orators Theodotus and Demostratus, made \nserious accusations against his honour. There is no need to discuss the merits of the \ncase here; suffice it to say, Herodes succeeded in defending himself to the satisfac-\ntion of the emperor. Pronto appears to have taken the delegates’ part, and to have \naccepted a brief for the prosecution, urged to some extent by personal considera-\ntions; and in this cause Marcus Aurelius writes to Fronto as follows:",
    "embedding_of_chunk": [
        -0.034132860600948334,
        0.023530222475528717,
        0.03561468422412872,
        -0.04149278998374939,
        0.003179189981892705,
        -0.04209291562438011,
        0.052574288100004196,
        0.045181822031736374,
        -0.05279230326414108,
        -0.02677537314593792,
        -0.0054038939997553825,
        -0.05962276831269264,
        0.035969965159893036,
        0.044418249279260635,
        -0.0015883551677688956,
        -0.009293247014284134,
        -0.018722573295235634,
        0.026314448565244675,
        -0.02414938248693943,
        0.03202584758400917,
        0.03508905693888664,
        -0.01928592287003994,
        -0.050353944301605225,
        -0.07899832725524902,
        0.010206321254372597,
        0.0684012845158577,
        -0.0010701700812205672,
        -0.04529033228754997,
        -0.00983496569097042,
        -0.1876312792301178,
        0.01864851638674736,
        -0.07318566739559174,
        0.013802124187350273,
        -0.049307771027088165,
        -0.00406841654330492,
        -0.03953512758016586,
        -0.04292857274413109,
        0.023671548813581467,
        -0.05029495432972908,
        0.05389796942472458,
        0.055520497262477875,
        0.046250127255916595,
        -0.023651644587516785,
        -0.042229682207107544,
        -0.015404063276946545,
        -0.019272848963737488,
        0.025040920823812485,
        -0.0391634926199913,
        0.027722878381609917,
        -0.006448809523135424,
        0.05296232923865318,
        -0.0004979631048627198,
        0.01009298488497734,
        0.007180406246334314,
        0.007824503816664219,
        0.023526981472969055,
        0.06143578514456749,
        0.011483486741781235,
        0.047996193170547485,
        0.045963019132614136,
        0.012404300272464752,
        0.05114031210541725,
        -0.2556372284889221,
        0.051385242491960526,
        0.024112286046147346,
        0.037849247455596924,
        -0.0156937874853611,
        -0.011356703005731106,
        -0.0018343405099585652,
        0.06447586417198181,
        -0.0032720493618398905,
        0.01763460412621498,
        0.09460706263780594,
        0.042638927698135376,
        -0.009152895770967007,
        0.01930220052599907,
        -0.013526658527553082,
        -0.01679694838821888,
        0.0033478618133813143,
        -0.015700064599514008,
        -0.018041562288999557,
        0.010851859115064144,
        -0.032536581158638,
        0.027521412819623947,
        -0.028964443132281303,
        -0.04560195282101631,
        0.06932849436998367,
        -0.055697113275527954,
        0.07270608097314835,
        0.0035176107194274664,
        0.04960207641124725,
        -0.03889264911413193,
        0.022167453542351723,
        0.01414215937256813,
        -0.04089079052209854,
        -7.979672955116257e-05,
        0.010264255106449127,
        0.019480178132653236,
        -0.02931245230138302,
        0.20659302175045013,
        -0.05690380930900574,
        0.03952684625983238,
        0.0026665115728974342,
        -0.03922942653298378,
        0.0760231465101242,
        -0.03408459946513176,
        -0.004919311497360468,
        -0.056896816939115524,
        -0.05183584988117218,
        0.0016216771909967065,
        0.01608794555068016,
        -0.06304388493299484,
        0.07215738296508789,
        -0.02465280145406723,
        0.06763909757137299,
        0.05110202357172966,
        0.05636799335479736,
        0.011562652885913849,
        -0.07239887863397598,
        -0.026712408289313316,
        -0.008120418526232243,
        -0.015596200712025166,
        0.03495555371046066,
        0.006425333209335804,
        0.03863271698355675,
        -0.05476156249642372,
        0.04638337716460228,
        0.08353336155414581,
        0.009898802265524864,
        -0.012477238662540913,
        0.012215826660394669,
        -0.03825574368238449,
        -0.051189057528972626,
        0.004689145367592573,
        0.007876908406615257,
        0.03925637900829315,
        0.030163276940584183,
        -0.04287528991699219,
        0.004135468043386936,
        -0.034297943115234375,
        -0.0920972228050232,
        -0.13930197060108185,
        -0.027820004150271416,
        -0.08574814349412918,
        -0.0031348855700343847,
        0.050628531724214554,
        -0.02817927859723568,
        0.009990043006837368,
        -0.010810335166752338,
        0.07030181586742401,
        -0.026129549369215965,
        0.06674867868423462,
        -0.05062052607536316,
        -0.006933446973562241,
        0.008657769300043583,
        0.02531534433364868,
        0.012552903033792973,
        0.07493177801370621,
        -0.06671558320522308,
        0.021857311949133873,
        0.03532947972416878,
        -0.0006309206364676356,
        -0.018783744424581528,
        0.11848165094852448,
        0.06288999319076538,
        -0.05207070708274841,
        -0.004333226475864649,
        -0.013422452844679356,
        0.016584346070885658,
        0.015936309471726418,
        0.002205193741247058,
        0.007663826458156109,
        -0.046299103647470474,
        -0.02326580137014389,
        0.03875967487692833,
        0.019312139600515366,
        -0.04946901276707649,
        -0.013891087844967842,
        0.009599477052688599,
        0.008861556649208069,
        0.09349636733531952,
        -0.05078880488872528,
        -0.04806296154856682,
        0.018928105011582375,
        0.01365904975682497,
        -0.05813271179795265,
        -0.006245551165193319,
        -0.03325849771499634,
        0.051312949508428574,
        0.0868065357208252,
        -0.029201166704297066,
        0.07888875156641006,
        -0.05561355501413345,
        -0.031069988384842873,
        -0.04891049489378929,
        -0.03460830822587013,
        -0.03702559322118759,
        -0.019113369286060333,
        -0.042374495416879654,
        0.008420472033321857,
        -0.012255637906491756,
        0.01604410447180271,
        -0.05470380559563637,
        0.03092058375477791,
        0.05620819702744484,
        0.04665553569793701,
        -0.04716997966170311,
        -0.01650157943367958,
        0.042762115597724915,
        0.037960320711135864,
        -0.03912815451622009,
        0.047840218991041183,
        0.04214468225836754,
        -0.016786441206932068,
        0.0025880688335746527,
        0.04094152897596359,
        0.0039052327629178762,
        0.061299875378608704,
        0.03391225263476372,
        0.0033703974913805723,
        0.01004735752940178,
        -0.052573107182979584,
        -0.027934664860367775,
        -0.2088923305273056,
        -0.04686431959271431,
        -0.03588053584098816,
        -0.04040689766407013,
        -0.0002579981810413301,
        -0.0531986802816391,
        0.07583873718976974,
        -0.060428764671087265,
        0.04084676131606102,
        0.02221401035785675,
        0.06657521426677704,
        -0.022815432399511337,
        -0.02343744784593582,
        0.04504800960421562,
        -0.015493655577301979,
        0.07126948982477188,
        0.00623340392485261,
        0.02696159854531288,
        -0.01977827399969101,
        -0.02219334803521633,
        -0.034731730818748474,
