{
    "index": 345,
    "page": 54,
    "text": "even they, that have been the greatest scoffers and deriders of the frailty and brevity \nof this our human life; as Menippus, and others, as many as there have been such \nas he. Of all these consider, that they long since are all dead, and gone. And what do \nthey suffer by it! Nay they that have not so much as a name remaining, what are \nthey the worse for it? One thing there is, and that only, which is worth our while in \nthis world, and ought by us much to be esteemed; and that is, according to truth \nand righteousness, meekly and lovingly to converse with false, and unrighteous men.",
    "embedding_of_chunk": [
        -0.026139799505472183,
        0.028118254616856575,
        0.039598509669303894,
        -0.03305775672197342,
        0.000824537652079016,
        -0.009036868810653687,
        0.09273102134466171,
        0.03406120091676712,
        -0.019428923726081848,
        -0.026389509439468384,
        0.027138182893395424,
        -0.05993295833468437,
        0.05768203362822533,
        0.012189550325274467,
        0.017960311844944954,
        0.009040475822985172,
        -0.04157092794775963,
        0.07032327353954315,
        -0.07017212361097336,
        0.0059492685832083225,
        0.021472647786140442,
        -0.022191831842064857,
        -0.028492596000432968,
        -0.03964171186089516,
        0.036726899445056915,
        0.013935134746134281,
        -0.044733066111803055,
        -0.036972008645534515,
        -0.04560304060578346,
        -0.15155084431171417,
        -0.03483075648546219,
        -0.03205491229891777,
        0.09079426527023315,
        -0.04659876972436905,
        -0.008539751172065735,
        -0.01729053631424904,
        -0.03376341238617897,
        0.008003586903214455,
        -0.005381966475397348,
        0.06613913923501968,
        0.04118477925658226,
        0.014414500445127487,
        -0.014500106684863567,
        -0.03238077834248543,
        -0.051306962966918945,
        -0.023119259625673294,
        -0.023623887449502945,
        -0.008033158257603645,
        0.02073565311729908,
        -0.019875040277838707,
        -0.018745755776762962,
        -0.006384673062711954,
        0.015489705838263035,
        0.030352039262652397,
        0.04027940332889557,
        -0.030705591663718224,
        0.03838310390710831,
        0.01016578171402216,
        0.01717863604426384,
        0.011160135269165039,
        0.06018462032079697,
        -0.002554642967879772,
        -0.21045330166816711,
        0.07081035524606705,
        0.02038091979920864,
        0.013938967138528824,
        -0.025735976174473763,
        -0.043903250247240067,
        0.015720602124929428,
        0.03402874991297722,
        -0.03619183227419853,
        0.016598131507635117,
        0.08008100837469101,
        0.07727909088134766,
        0.012692033313214779,
        0.010125863365828991,
        0.019829848781228065,
        -0.04737291857600212,
        -0.03562760353088379,
        0.018391402438282967,
        0.005105186253786087,
        -0.04454147070646286,
        -0.015023265965282917,
        -0.005486446898430586,
        -0.05475053936243057,
        -0.0767529308795929,
        0.007646361365914345,
        -0.038858428597450256,
        0.04722260311245918,
        0.0018287630518898368,
        -0.0025926970411092043,
        -0.015018602833151817,
        0.04182678461074829,
        0.049870751798152924,
        -0.038571301847696304,
        -0.03349512442946434,
        0.01924823597073555,
        0.019178587943315506,
        -0.07118840515613556,
        0.21107691526412964,
        -0.04638490453362465,
        0.0071025146171450615,
        0.052773017436265945,
        -0.06793364137411118,
        0.05005013942718506,
        0.026426071301102638,
        -0.05440083146095276,
        -0.0508255809545517,
        0.0043366472236812115,
        0.012725823558866978,
        0.014526830054819584,
        -0.00977318175137043,
        0.026819849386811256,
        -0.008779842406511307,
        0.04915862902998924,
        -0.04024319723248482,
        0.04435831308364868,
        0.031616415828466415,
        -0.03971610218286514,
        0.025655608624219894,
        -0.0358557291328907,
        0.038444727659225464,
        0.0786159336566925,
        -0.03588809072971344,
        0.04064740613102913,
        -0.10474347323179245,
        0.023295121267437935,
        0.10843478888273239,
        0.05408890172839165,
        -8.504836296197027e-05,
        0.03592763841152191,
        -0.033748481422662735,
        -0.019504254683852196,
        -0.01380805391818285,
        0.01659850962460041,
        0.02353144809603691,
        0.017491845414042473,
        -0.033904049545526505,
        0.043101243674755096,
        -0.05261734127998352,
        0.0029529056046158075,
        -0.15761397778987885,
        -0.06254265457391739,
        -0.08263693004846573,
        -0.015803104266524315,
        0.06170521304011345,
        -0.010230997577309608,
        -0.004660728387534618,
        -0.05767548084259033,
        0.07397277653217316,
        -0.018031686544418335,
        0.03180621936917305,
        -0.04101323336362839,
        0.005898694973438978,
        -0.0004164499696344137,
        0.016924235969781876,
        0.007918266579508781,
        0.06889282912015915,
        -0.036391645669937134,
        0.013959432952105999,
        0.023057350888848305,
        -0.002644164254888892,
        -0.059892524033784866,
        0.14851437509059906,
        0.04806295037269592,
        -0.03209688887000084,
        -0.021423831582069397,
        -0.003169006435200572,
        -0.012260637246072292,
        0.0002831319288816303,
        0.053300898522138596,
        0.013653590343892574,
        -0.008498392067849636,
        0.0038706795312464237,
        0.058024194091558456,
        0.022045033052563667,
        -0.006973216310143471,
        0.0037733949720859528,
        -0.0038202840369194746,
        0.0033642244525253773,
        0.005345714278519154,
        -0.02077881060540676,
        -0.08780370652675629,
        0.01932479254901409,
        0.004603795241564512,
        -0.015217131935060024,
        -0.04375167936086655,
        -0.04268413782119751,
        0.03463239222764969,
        0.037552911788225174,
        -0.015377108938992023,
        0.011989429593086243,
        -0.020513005554676056,
        -0.039824094623327255,
        -0.041216813027858734,
        -0.014140021055936813,
        -0.024890124797821045,
        0.005697404500097036,
        -0.01926318183541298,
        -0.01735541597008705,
        -0.02754799835383892,
        -0.02292534150183201,
        0.011077940464019775,
        -0.01751549355685711,
        0.061763618141412735,
        0.04224064201116562,
        0.008420961908996105,
        -0.0048171114176511765,
        0.06693077087402344,
        -0.030597729608416557,
        -0.024852238595485687,
        -0.03451231122016907,
        0.055279575288295746,
        -0.03577360138297081,
        -0.012817314825952053,
        0.0018021471332758665,
        0.013003110885620117,
        -0.014504936523735523,
        0.023935923352837563,
        0.05006086826324463,
        0.0643179640173912,
        -0.04707120731472969,
        -0.09764349460601807,
        -0.22366350889205933,
        -0.018427329137921333,
        -0.009234786964952946,
        -0.08628252148628235,
        0.09117083251476288,
        -0.07321186363697052,
        0.02786801941692829,
        -0.0214788056910038,
        0.05600089207291603,
        0.06341932713985443,
        0.06432192772626877,
        -0.07126984000205994,
        -0.0006199295166879892,
        0.03000876121222973,
        0.0055667804554104805,
        0.07492304593324661,
        0.011253111064434052,
        0.033613964915275574,
        -0.04580611735582352,
        -0.0017083025304600596,
