{
    "index": 794,
    "page": 127,
    "text": "VESPASIAN, 9th Roman Emperor (9–79 \n\nTHRASEA, P. Thrasea Pætus, a senator \nand Stoic philosopher, a noble and \ncourageous man. He was condemned \nto death by Nero. \n\nA.D.). \n\nXENOCRATES of Chalcedon, 396–314 \n\nB.C., a philosopher, and president of \nthe Academy. \n\n \n\n \nA parting thought",
    "embedding_of_chunk": [
        -0.04193902015686035,
        0.030788755044341087,
        0.039401423186063766,
        -0.021849775686860085,
        -0.024317273870110512,
        -0.02313835732638836,
        0.05779717117547989,
        0.02619974873960018,
        0.008460575714707375,
        -0.006326169706881046,
        -0.0007356833666563034,
        -0.13344831764698029,
        0.05944865569472313,
        0.036728959530591965,
        -0.008317144587635994,
        -0.033977262675762177,
        -0.025979382917284966,
        0.07785117626190186,
        -0.058897558599710464,
        0.022571053355932236,
        0.054736021906137466,
        -0.02737121656537056,
        -0.032972320914268494,
        -0.050358232110738754,
        0.011565614491701126,
        0.022136270999908447,
        -0.011351105757057667,
        -0.08034670352935791,
        -0.033893924206495285,
        -0.0914810374379158,
        0.017908820882439613,
        -0.061945538967847824,
        0.042751770466566086,
        -0.015458548441529274,
        -0.019189048558473587,
        0.0191047266125679,
        -0.06622812896966934,
        0.041134946048259735,
        -0.027639882639050484,
        0.055134013295173645,
        -0.003641015151515603,
        0.025054780766367912,
        -0.02372329868376255,
        -0.019438572227954865,
        -0.0095122205093503,
        -0.056416105479002,
        -0.007005136460065842,
        -0.024909596890211105,
        0.03075755015015602,
        -0.008965084329247475,
        0.02343546785414219,
        0.017010008916258812,
        0.019738903269171715,
        0.056839726865291595,
        0.011980250477790833,
        0.0030792851466685534,
        0.07516390085220337,
        0.057504914700984955,
        0.018805326893925667,
        0.023574255406856537,
        0.010389505885541439,
        0.05253935977816582,
        -0.24080362915992737,
        0.07711659371852875,
        0.017440669238567352,
        0.018889712169766426,
        -0.07110700756311417,
        -0.0008787225815467536,
        0.0060105896554887295,
        0.02558944746851921,
        -0.043452393263578415,
        0.047244057059288025,
        0.0737256333231926,
        0.05016784742474556,
        0.0014696692815050483,
        -0.05538026615977287,
        -0.014370531775057316,
        -0.0541926845908165,
        0.046186450868844986,
        0.0025147872511297464,
        0.04528094083070755,
        0.03133060783147812,
        -0.04714978113770485,
        -0.011989416554570198,
        -0.04342677816748619,
        -0.009202967397868633,
        0.011652961373329163,
        -0.040978409349918365,
        0.015867101028561592,
        -0.007927545346319675,
        -0.0002954879018943757,
        -0.010807313956320286,
        0.02357327565550804,
        0.01695334166288376,
        -0.05196212977170944,
        -0.047645967453718185,
        -0.007715184241533279,
        -0.007049323990941048,
        -0.06680171191692352,
        0.23844850063323975,
        -0.006700635422021151,
        0.017378991469740868,
        0.03189952298998833,
        -0.04200117662549019,
        0.05013697221875191,
        0.016733868047595024,
        -0.05196787789463997,
        -0.043116599321365356,
        -0.05709807202219963,
        0.005881914868950844,
        -0.013182736933231354,
        -0.00029345127404667437,
        0.054904889315366745,
        -0.018979482352733612,
        0.05902937054634094,
        -0.014751337468624115,
        0.06570634245872498,
        -0.005282069556415081,
        -0.05552613362669945,
        0.03660944476723671,
        0.012815927155315876,
        0.022153934463858604,
        0.07299056649208069,
        -0.032843511551618576,
        0.05965441092848778,
        -0.0678267702460289,
        0.042969007045030594,
        0.12333834171295166,
        0.004521277733147144,
        0.01978885382413864,
        0.048719875514507294,
        -0.042353495955467224,
        -0.004904923029243946,
        -0.02102261409163475,
        -0.02423221245408058,
        -0.018713219091296196,
        0.0284788329154253,
        -0.03381424397230148,
        0.024572638794779778,
        -0.07077725976705551,
        -0.10058249533176422,
        -0.1205349788069725,
        -0.03555472195148468,
        -0.04486532881855965,
        -0.05632731318473816,
        0.0472368486225605,
        0.013615861535072327,
        0.017460335046052933,
        -0.033049076795578,
        0.05722152069211006,
        -0.015698350965976715,
        -0.0066735828295350075,
        -0.019965797662734985,
        -0.013549642637372017,
        0.049509987235069275,
        0.009155596606433392,
        0.039099618792533875,
        0.08631342649459839,
        -0.08519838005304337,
        0.0007141949608922005,
        0.0390692837536335,
        -0.013202197849750519,
        -0.04866592213511467,
        0.14275376498699188,
        0.02293206937611103,
        -0.05163777247071266,
        0.008876069448888302,
        0.0075623756274580956,
        0.021859118714928627,
        0.01662384532392025,
        0.05272328481078148,
        0.0325605571269989,
        -0.025251388549804688,
        0.04039432480931282,
        0.0816337987780571,
        0.04764354228973389,
        -0.009965288452804089,
        -0.04092780873179436,
        0.001923117320984602,
        -0.011352576315402985,
        0.09933136403560638,
        -0.0897846668958664,
        -0.07913850992918015,
        0.02307914011180401,
        0.028473105281591415,
        -0.0139760822057724,
        -0.0013193206395953894,
        -0.005745686125010252,
        0.027199644595384598,
        0.05232217535376549,
        -0.009045351296663284,
        0.039501503109931946,
        -0.045804526656866074,
        -0.04739908501505852,
        -0.058519646525382996,
        -0.01917993649840355,
        -0.026927467435598373,
        0.029116230085492134,
        0.010158541612327099,
        -0.007089248392730951,
        -0.017469318583607674,
        0.02007700316607952,
        -0.06140345335006714,
        0.03757927939295769,
        0.027429284527897835,
        0.016839079558849335,
        -0.005225625354796648,
        0.001618858310393989,
        0.023988734930753708,
        0.03306260332465172,
        -0.024862835183739662,
        0.040553539991378784,
        0.07294720411300659,
        -0.013120865449309349,
        -0.02203229069709778,
        0.013020831160247326,
        0.023361044004559517,
        0.02405003271996975,
        0.04945480450987816,
        0.007375278044492006,
        0.07441388070583344,
        -0.0906917005777359,
        -0.07001348584890366,
        -0.1907305121421814,
        -0.06192004680633545,
        -0.048611272126436234,
        -0.04215209186077118,
        0.03590512275695801,
        -0.031719837337732315,
        0.004143018275499344,
        -0.037514578551054,
        0.033220380544662476,
        0.02641715668141842,
        0.0006779924151487648,
        0.015752354636788368,
        -0.06548761576414108,
        0.02989206090569496,
        -0.023682113736867905,
        0.04863233119249344,
        0.0366952158510685,
        0.037965718656778336,
        0.003300867974758148,
        -0.007766782771795988,
        -0.01713980734348297,
        0.027186155319213867,
        -0.03126025199890137,
        -0.06541133671998978,
        0.01388491690158844,
        -0.0003943848714698106,
        0.17321981489658356,
        0.14949877560138702,
        0.012065975926816463,
        -0.009154760278761387,
