{
    "index": 78,
    "page": 14,
    "text": "tractions), in the study and esteem of philosophy: to be bountiful and liberal in the \nlargest measure; always to hope the best; and to be confident that my friends love \nme. In whom I moreover observed open dealing towards those whom he reproved at \nany time, and that his friends might without all doubt or much observation know \nwhat he would, or would not, so open and plain was he.",
    "embedding_of_chunk": [
        -0.015175656415522099,
        -0.020189562812447548,
        0.015390755608677864,
        0.00067693687742576,
        0.0007042926154099405,
        0.005624161567538977,
        0.10287141799926758,
        0.052858952432870865,
        0.01552179642021656,
        -0.017650766298174858,
        0.010931948199868202,
        -0.09759227186441422,
        0.017213495448231697,
        0.05338236317038536,
        -0.01264095213264227,
        0.031240468844771385,
        0.006579348351806402,
        0.036015696823596954,
        -0.09034831076860428,
        0.05044710636138916,
        0.03334815427660942,
        -0.07669166475534439,
        -0.04201643168926239,
        -0.050017137080430984,
        0.0037486841902136803,
        0.05337841436266899,
        -0.03643304109573364,
        -0.06781214475631714,
        -0.02535063400864601,
        -0.13971997797489166,
        -0.01650194264948368,
        -0.03806672617793083,
        0.0928199365735054,
        -0.03891637548804283,
        0.005059564020484686,
        0.013592937029898167,
        -0.023252874612808228,
        0.008714097552001476,
        -0.04041668027639389,
        0.014068836346268654,
        0.03226729854941368,
        -0.0009555180440656841,
        -0.013946614228188992,
        0.0069168945774436,
        -0.049283333122730255,
        -0.04177108779549599,
        -0.014523974619805813,
        -0.0075486269779503345,
        -0.0317104272544384,
        -0.012942234985530376,
        0.017943434417247772,
        -0.024573713541030884,
        0.0015888437628746033,
        0.010650589130818844,
        0.024230660870671272,
        0.05103977024555206,
        0.06099396198987961,
        0.01963799074292183,
        -0.0004325216868892312,
        0.05415232107043266,
        0.03243391960859299,
        0.07933823764324188,
        -0.21752047538757324,
        0.09403911978006363,
        0.04343907907605171,
        0.02505541779100895,
        -0.06915775686502457,
        -0.024333074688911438,
        0.0015595738077536225,
        0.05692294239997864,
        0.030023545026779175,
        0.030881084501743317,
        0.03976789489388466,
        0.05899970233440399,
        0.027795109897851944,
        -0.008335748687386513,
        -0.014822193421423435,
        -0.048031605780124664,
        -0.01757061667740345,
        0.03503783792257309,
        0.018539007753133774,
        -0.009630629792809486,
        -0.0260637067258358,
        0.0020115079823881388,
        -0.022450685501098633,
        -0.06448489427566528,
        0.036660466343164444,
        -0.06693422794342041,
        0.06405563652515411,
        0.02125975675880909,
        -0.004856480751186609,
        -0.042341820895671844,
        -0.06540220975875854,
        0.005250144749879837,
        -0.03912258520722389,
        -0.025211622938513756,
        0.04034552350640297,
        0.012580091133713722,
        -0.042338233441114426,
        0.2060823142528534,
        -0.05086379125714302,
        -0.0025575377512723207,
        0.05782293900847435,
        -0.028405161574482918,
        0.05046023428440094,
        0.005380246322602034,
        0.007196506019681692,
        -0.011729193851351738,
        0.0074388510547578335,
        -0.004593882709741592,
        -0.019214434549212456,
        -0.06432510167360306,
        0.027592478320002556,
        -0.049147866666316986,
        0.022799737751483917,
        0.005226530600339174,
        0.03795606270432472,
        0.015772126615047455,
        -0.03702240064740181,
        -0.01037982851266861,
        -0.05454730987548828,
        0.06162649765610695,
        0.06777384877204895,
        -0.050821661949157715,
        -0.008708118461072445,
        -0.09305369108915329,
        0.04799481853842735,
        0.10770786553621292,
        0.0010670534102246165,
        0.04509609565138817,
        -0.03290814533829689,
        -0.03181076422333717,
        -0.044639673084020615,
        -0.03863891214132309,
        0.014108976349234581,
        0.006853193044662476,
        0.04710518941283226,
        0.02599663846194744,
        0.033154670149087906,
        0.0007921775104478002,
        -0.008894558064639568,
        -0.11906830966472626,
        0.0027823287528008223,
        -0.0942855253815651,
        -0.05937380716204643,
        0.06142335757613182,
        -0.02786760777235031,
        0.084574855864048,
        -0.023725248873233795,
        0.020670024678111076,
        -0.012153847143054008,
        0.02386532537639141,
        -0.04701334238052368,
        0.0023799489717930555,
        0.07971207052469254,
        0.009680206887423992,
        0.03191682696342468,
        0.03640643134713173,
        -0.03616869077086449,
        0.03221843019127846,
        -0.022005148231983185,
        -0.01264327485114336,
        -0.052382733672857285,
        0.1007206067442894,
        -0.008179737254977226,
        -0.06464070826768875,
        0.01910088025033474,
        0.022634869441390038,
        0.00949457660317421,
        -3.76790230802726e-05,
        0.06891919672489166,
        0.009313215501606464,
        -0.014924250543117523,
        0.0589875653386116,
        0.07257403433322906,
        -0.003917986061424017,
        -0.0006988951354287565,
        -0.011886361986398697,
        -0.040174245834350586,
        -0.010236264206469059,
        0.06104153394699097,
        -0.025431586429476738,
        -0.06408240646123886,
        0.044869471341371536,
        0.006231777369976044,
        0.014099826104938984,
        0.005956658627837896,
        -0.058824323117733,
        0.0443447083234787,
        0.021822793409228325,
        0.016775047406554222,
        0.0447872132062912,
        -0.03407904878258705,
        -0.019451985135674477,
        -0.047044698148965836,
        -0.03806963190436363,
        -0.056847862899303436,
        -0.004298463463783264,
        -0.04461115598678589,
        -0.019717568531632423,
        -0.0650172010064125,
        -0.005081778857856989,
        -0.06211082637310028,
        0.017795752733945847,
        0.04245879128575325,
        0.029443049803376198,
        0.03553936630487442,
        -0.028392676264047623,
        0.037007302045822144,
        -0.008192178793251514,
        -0.06269088387489319,
        0.030455689877271652,
        -0.005041900090873241,
        -0.024066226556897163,
        -0.03552202135324478,
        -0.0067542074248194695,
        0.020413000136613846,
        0.03568902611732483,
        0.010863416828215122,
        0.019082454964518547,
        0.052001435309648514,
        -0.0700514018535614,
        -0.06524740159511566,
        -0.2049349695444107,
        0.010581008158624172,
        0.0030071979854255915,
        -0.0014089620672166348,
        0.09150458872318268,
        -0.025374753400683403,
        0.04120282456278801,
        -0.044193968176841736,
        0.01686062291264534,
        0.06921159476041794,
        0.07021266222000122,
        -0.01613919995725155,
        -0.043004367500543594,
        0.06265996396541595,
        0.025532756000757217,
        -0.0003059965674765408,
        -0.02335299737751484,
        0.009322546422481537,
        -0.040495842695236206,
        0.001209345180541277,
        -0.034279681742191315,
        0.04386458545923233,
        -0.04372704029083252,
        -0.08135931938886642,
        0.03591160103678703,
        -0.004777541849762201,
        0.2270735204219818,
        0.08519136905670166,
