{
    "index": 308,
    "page": 49,
    "text": "a clattering noise? if not that, then neither to be applauded by the tongues of men. \nFor the praises of many tongues, is in effect no better than the clattering of so many \ntongues. If then neither applause, what is there remaining that should be dear unto \nthee? This I think: that in all thy motions and actions thou be moved, and restrained \naccording to thine own true natural constitution and Construction only. And to this \neven ordinary arts and professions do lead us. For it is that which every art doth aim \nat, that whatsoever it is, that is by art effected and prepared, may be fit for that work \nthat it is prepared for. This is the end that he that dresseth the vine, and he that \ntakes upon him either to tame colts, or to train up dogs, doth aim at. What else doth",
    "embedding_of_chunk": [
        -0.030740903690457344,
        -0.012631979770958424,
        0.04979424551129341,
        -0.015464743599295616,
        -0.005042729899287224,
        -0.009874353185296059,
        0.08344940841197968,
        -0.0032052844762802124,
        0.008943907916545868,
        -0.030176879838109016,
        0.01430221926420927,
        -0.07897993177175522,
        0.013955841772258282,
        0.033502351492643356,
        0.01641032099723816,
        0.050029631704092026,
        0.02196658030152321,
        0.042937055230140686,
        -0.05674416199326515,
        -0.0027663493528962135,
        0.052133262157440186,
        0.010805496014654636,
        0.007960626855492592,
        -0.07291640341281891,
        0.0087131941691041,
        0.022781753912568092,
        -0.024479910731315613,
        -0.05689000338315964,
        -0.01645096018910408,
        -0.15467095375061035,
        -0.017307668924331665,
        -0.042085956782102585,
        0.033055536448955536,
        -0.012967846356332302,
        0.0004243840230628848,
        -0.028329482302069664,
        -0.01208717655390501,
        0.06577916443347931,
        -0.03859958052635193,
        0.062025997787714005,
        0.05818943679332733,
        0.04030537232756615,
        -0.027665892615914345,
        -0.06865471601486206,
        -0.027280738577246666,
        -0.04326654225587845,
        -0.044013671576976776,
        -0.023349063470959663,
        -0.008007833734154701,
        -0.01008777879178524,
        -0.011758072301745415,
        -0.08310621231794357,
        -0.011295070871710777,
        0.012974204495549202,
        0.014203598722815514,
        0.05571570247411728,
        0.04792971536517143,
        0.035123541951179504,
        0.02578570507466793,
        0.01843840815126896,
        0.04198627546429634,
        0.026025952771306038,
        -0.257546603679657,
        0.10641370713710785,
        0.05752002075314522,
        0.0011025010608136654,
        -0.03382032737135887,
        -0.021704083308577538,
        0.009720684960484505,
        0.09541576355695724,
        0.0020790239796042442,
        0.00244647148065269,
        0.041304390877485275,
        0.04213513061404228,
        0.04032042995095253,
        -0.03960661217570305,
        -0.014219365082681179,
        -0.04809081554412842,
        -0.04551387205719948,
        0.025261659175157547,
        0.008531278930604458,
        -0.0008910808828659356,
        -0.0009924161713570356,
        -0.011055894196033478,
        -0.04048212990164757,
        -0.02917410619556904,
        0.012867181561887264,
        -0.0764409676194191,
        0.019381782039999962,
        -0.0031966352835297585,
        -0.025316663086414337,
        -0.03253203257918358,
        -0.0353391170501709,
        0.011149832978844643,
        -0.03880611062049866,
        0.01812429167330265,
        0.03689569979906082,
        -0.0042847879230976105,
        -0.029862180352211,
        0.1962542086839676,
        0.005549378227442503,
        0.0024244121741503477,
        0.02295858785510063,
        -0.04013756290078163,
        0.06350906193256378,
        -0.008595109917223454,
        -0.04351754114031792,
        -0.021684572100639343,
        -0.03210587799549103,
        0.02166467346251011,
        0.017739953473210335,
        -0.029230838641524315,
        0.02754313498735428,
        -0.06143248826265335,
        0.0338292121887207,
        0.0024912382941693068,
        0.046825580298900604,
        -0.016599737107753754,
        -0.050545498728752136,
        0.012124808505177498,
        0.004800568334758282,
        0.020888620987534523,
        0.061563100665807724,
        -0.03341277688741684,
        0.0018567515071481466,
        -0.09757005423307419,
        0.061100006103515625,
        0.12150628864765167,
        0.039873406291007996,
        0.0028034280985593796,
        0.004946887027472258,
        -0.02218901365995407,
        -0.004090002737939358,
        -0.027449676766991615,
        0.025957666337490082,
        -0.004821090493351221,
        0.01373559981584549,
        -0.021898632869124413,
        0.04223337769508362,
        0.006364333443343639,
        -0.013234289363026619,
        -0.16407272219657898,
        -0.03741562366485596,
        -0.129963681101799,
        -0.012087767943739891,
        0.09951559454202652,
        0.00289574870839715,
        0.01814287342131138,
        -0.028719380497932434,
        0.02848232537508011,
        -0.05390448868274689,
        0.020964477211236954,
        -0.06103958189487457,
        0.02050400711596012,
        -0.03311782702803612,
        0.03853682801127434,
        0.012561113573610783,
        0.08336152881383896,
        -0.06786132603883743,
        0.02151220664381981,
        0.008225909434258938,
        -0.007824712432920933,
        -0.04237581789493561,
        0.05610912665724754,
        -0.00893635768443346,
        -0.022634927183389664,
        -0.003124522976577282,
        -0.02007146365940571,
        0.032815806567668915,
        -0.012569811195135117,
        0.008570450358092785,
        0.005852660164237022,
        -0.08054646849632263,
        0.06493041664361954,
        0.04898015409708023,
        0.047958988696336746,
        -0.051744312047958374,
        0.021971343085169792,
        0.005516476929187775,
        0.032272908836603165,
        0.058608006685972214,
        -0.037896528840065,
        -0.010821477510035038,
        0.04966503009200096,
        0.005829378962516785,
        -0.014247804880142212,
        -0.025795545428991318,
        -0.042175669223070145,
        0.05206809565424919,
        0.0578317828476429,
        -0.011502450332045555,
        0.031715575605630875,
        -0.06639829277992249,
        0.00010569446021690965,
        -0.05762351676821709,
        0.0026038361247628927,
        -0.018855281174182892,
        0.0055161421187222,
        -0.017038552090525627,
        0.000919121375773102,
        -0.03846359625458717,
        -0.0018240365898236632,
        -0.023209989070892334,
        0.049266792833805084,
        0.04956568032503128,
        0.07444529980421066,
        0.01243235170841217,
        -0.02309569902718067,
        0.03980232775211334,
        0.0456971600651741,
        -0.039419423788785934,
        0.007262080907821655,
        0.06498143821954727,
        -0.022375162690877914,
        -0.021077541634440422,
        0.035926856100559235,
        -0.005561105441302061,
        0.04888087511062622,
        0.03707921877503395,
        0.0024182649794965982,
        0.02218831144273281,
        -0.0995350107550621,
        -0.07688446342945099,
        -0.2577298879623413,
        0.014351514168083668,
        0.01733294688165188,
        0.0011949494946748018,
        0.10488472133874893,
        -0.059676311910152435,
        0.03233552724123001,
        0.014194904826581478,
        0.03775760903954506,
        0.055540673434734344,
        0.03998754546046257,
        -0.033440958708524704,
        -0.017328953370451927,
        0.01482350379228592,
