{
    "index": 97,
    "page": 16,
    "text": "blame. That I was not long brought up by the concubine of my father; that I pre-\nserved the flower of my youth. That I took not upon me to be a man before my time, \nbut rather put it off longer than I needed. That I lived under the government of my \nlord and father, who would take away from me all pride and vainglory, and reduce \nme to that conceit and opinion that it was not impossible for a prince to live in the \ncourt without a troop of guards and followers, extraordinary apparel, such and such \ntorches and statues, and other like particulars of state and magnificence; but that a \nman may reduce and contract himself almost to the state of a private man, and yet \nfor all that not to become the more base and remiss in those public matters and af-",
    "embedding_of_chunk": [
        -0.0506509505212307,
        0.04521283134818077,
        0.05694464221596718,
        -0.0561581589281559,
        0.029555300250649452,
        0.011019447818398476,
        0.11818115413188934,
        0.04407689347863197,
        0.018368590623140335,
        -0.03580789268016815,
        0.021075239405035973,
        -0.042112283408641815,
        0.06094413995742798,
        0.011178902350366116,
        0.03172661364078522,
        0.03451564908027649,
        -0.0028727103490382433,
        0.04990869760513306,
        -0.07569178938865662,
        0.05328787863254547,
        0.008698131889104843,
        -0.04423867538571358,
        -0.036362435668706894,
        -0.05508120730519295,
        0.013190196827054024,
        0.02154938317835331,
        -0.005881264805793762,
        -0.030874768272042274,
        -0.020697608590126038,
        -0.16032789647579193,
        0.004731339402496815,
        -0.05613137036561966,
        0.04824972525238991,
        -0.029675792902708054,
        -0.006958438083529472,
        -0.04486652463674545,
        -0.07086629420518875,
        0.05044952407479286,
        -0.02040482684969902,
        0.052205976098775864,
        0.05253203585743904,
        0.015830831602215767,
        -0.022786248475313187,
        -0.027683760970830917,
        -0.013564730063080788,
        0.0026597657706588507,
        -0.0017772389110177755,
        -0.011743603274226189,
        0.03699759393930435,
        -0.02515244483947754,
        -0.009053993970155716,
        -0.00762989092618227,
        0.04117586463689804,
        0.02718156948685646,
        -0.0021978982258588076,
        0.01823769137263298,
        0.10097404569387436,
        0.03577200695872307,
        0.04636682942509651,
        0.042545340955257416,
        0.003248303895816207,
        0.0404178649187088,
        -0.26731249690055847,
        0.05525752902030945,
        0.027297506108880043,
        0.03931441903114319,
        -0.039146386086940765,
        -0.02939734049141407,
        0.04530441015958786,
        0.08485012501478195,
        -0.04911777377128601,
        0.06108025833964348,
        0.029626009985804558,
        0.04544813930988312,
        -0.004530590493232012,
        -0.028167705982923508,
        -0.0023118893150240183,
        -0.014664646238088608,
        -0.010169915854930878,
        0.021670019254088402,
        0.020284049212932587,
        0.03314725682139397,
        -0.033747028559446335,
        -0.012132398784160614,
        -0.07948491722345352,
        -0.06856944411993027,
        0.018223527818918228,
        -0.09557772427797318,
        0.033257219940423965,
        0.008678124286234379,
        -0.004596039652824402,
        -0.04045075178146362,
        -0.004298549145460129,
        0.01978764310479164,
        -0.061496801674366,
        0.0010816861176863313,
        0.052582401782274246,
        -0.005897534545511007,
        -0.068330779671669,
        0.17789439857006073,
        -0.012757631950080395,
        0.03920096158981323,
        0.02923703007400036,
        0.012649184092879295,
        0.034130264073610306,
        0.004075395409017801,
        -0.02621283195912838,
        -0.029519466683268547,
        -0.032947227358818054,
        -0.001071684411726892,
        0.014997449703514576,
        -0.03399678319692612,
        0.049442388117313385,
        -0.03901428356766701,
        0.0343971811234951,
        0.025045910850167274,
        0.057285089045763016,
        0.010923599824309349,
        -0.06441376358270645,
        0.002902146428823471,
        -0.005022555589675903,
        0.03599407523870468,
        0.013811957091093063,
        -0.014341984875500202,
        0.04001380130648613,
        -0.10372688621282578,
        0.04398646950721741,
        0.10057734698057175,
        0.004191920161247253,
        -0.03154265508055687,
        0.0002923141873907298,
        -0.03868183493614197,
        -0.018844984471797943,
        -0.018215712159872055,
        0.01966249570250511,
        -0.0022532667499035597,
        0.02479955367743969,
        -0.022238915786147118,
        0.058686915785074234,
        -0.03881396725773811,
        -0.0673791840672493,
        -0.14624911546707153,
        -0.08335379511117935,
        -0.03494076803326607,
        -0.03269406780600548,
        0.050942856818437576,
        0.04092704877257347,
        0.024165669456124306,
        -0.029445858672261238,
        0.05850479379296303,
        0.00010768200445454568,
        0.04374460130929947,
        -0.021400470286607742,
        -0.0500984750688076,
        0.008095159195363522,
        0.0360172763466835,
        0.006701035425066948,
        0.06512486934661865,
        -0.015080414712429047,
        0.03670505806803703,
        0.042552147060632706,
        -0.05619509890675545,
        -0.02521265111863613,
        0.06780028343200684,
        0.04080856218934059,
        -0.07506059855222702,
        0.00873018242418766,
        0.010378456674516201,
        -0.009273138828575611,
        -0.013524976558983326,
        0.04691821709275246,
        0.01627516746520996,
        -0.05221716687083244,
        0.047617342323064804,
        0.08873764425516129,
        -0.01610385626554489,
        -0.01879163272678852,
        0.010861186310648918,
        0.0007823292398825288,
        0.036022625863552094,
        0.05282970890402794,
        -0.060745760798454285,
        -0.04445740953087807,
        0.04801471158862114,
        0.008253772743046284,
        -0.003061796072870493,
        0.02722609043121338,
        -0.002288453746587038,
        0.037293411791324615,
        0.08331084251403809,
        -0.020525671541690826,
        0.08151349425315857,
        -0.07695627957582474,
        -0.013439526781439781,
        -0.03137184679508209,
        -0.029645297676324844,
        -0.029970558360219002,
        -0.014586018398404121,
        -0.001251555746421218,
        -0.02718443050980568,
        -0.017230497673153877,
        -0.017262768000364304,
        0.008826515637338161,
        0.027732694521546364,
        0.0010848097736015916,
        0.043492693454027176,
        -0.010451195761561394,
        -0.014604276046156883,
        0.026699839159846306,
        0.0394120030105114,
        -0.04607442393898964,
        0.01774023473262787,
        0.025044754147529602,
        -0.0043989974074065685,
        -0.013994261622428894,
        0.007995176129043102,
        -0.002550494624301791,
        0.02836546301841736,
        0.06116563454270363,
        0.01647031493484974,
        0.022568557411432266,
        -0.08515069633722305,
        -0.06347974389791489,
        -0.2100445032119751,
        0.006486532278358936,
        -0.02383042499423027,
        -0.014523149468004704,
        0.040255896747112274,
        -0.07223238795995712,
        0.015955422073602676,
        -0.005606891121715307,
        0.005661840550601482,
        0.014942583627998829,
        0.06874048709869385,
        -0.044621508568525314,
        -0.019304100424051285,
        0.04414258152246475,
        -0.06950042396783829,
