{
    "index": 617,
    "page": 96,
    "text": "III. That soul which is ever ready, even now presently (if need be) from the body, \nwhether by way of extinction, or dispersion, or continuation in another place and es-\ntate to be separated, how blessed and happy is it! But this readiness of it, it must \nproceed, not from an obstinate and peremptory resolution of the mind, violently and \npassionately set upon Opposition, as Christians are wont; but from a peculiar judg-\nment; with discretion and gravity, so that others may be persuaded also and drawn \nto the like example, but without any noise and passionate exclamations. \nELEVENTH BOOK",
    "embedding_of_chunk": [
        -0.017746658995747566,
        0.012464705854654312,
        0.04736790060997009,
        0.011783819645643234,
        -0.011226393282413483,
        0.03090728260576725,
        0.03319752961397171,
        -0.006329231895506382,
        0.014989452436566353,
        0.01148432306945324,
        0.01320935320109129,
        -0.07934346795082092,
        -0.0031566820107400417,
        -0.0018240190111100674,
        0.045021653175354004,
        0.025167372077703476,
        -0.004875985439866781,
        0.056450508534908295,
        -0.0831955149769783,
        -0.00556008517742157,
        0.052671320736408234,
        -0.030157191678881645,
        -0.007101293653249741,
        -0.03303239494562149,
        0.03391171619296074,
        0.028368046507239342,
        -0.02815370075404644,
        -0.02243453450500965,
        -0.008433832786977291,
        -0.12793710827827454,
        -0.030796818435192108,
        -0.0245719812810421,
        0.028406471014022827,
        -0.050083961337804794,
        -0.0125726368278265,
        0.0033254807349294424,
        -0.041157033294439316,
        0.06526092439889908,
        -0.04805385321378708,
        0.042818840593099594,
        0.01198703981935978,
        0.04405995085835457,
        -0.07061140984296799,
        -0.04327577352523804,
        -0.03797034174203873,
        -0.05690306797623634,
        0.022915774956345558,
        -0.00546994199976325,
        0.011080958880484104,
        -0.052119288593530655,
        -0.02259255200624466,
        0.018632082268595695,
        0.008086362853646278,
        0.05293804779648781,
        0.021521834656596184,
        0.030216220766305923,
        0.06159033253788948,
        0.021105026826262474,
        0.03301391005516052,
        0.05256996303796768,
        0.03849911689758301,
        0.04903973639011383,
        -0.2200370579957962,
        0.08239420503377914,
        0.044730931520462036,
        -0.009004782885313034,
        -0.04948088526725769,
        -0.05213480815291405,
        0.02242068387567997,
        0.06571577489376068,
        -0.03906865045428276,
        0.03500768542289734,
        0.032108698040246964,
        0.06735434383153915,
        0.002866941038519144,
        -0.027932461351156235,
        -0.0058565521612763405,
        -0.04576783627271652,
        -0.0264509879052639,
        -0.013197600841522217,
        0.02220340073108673,
        0.04241899028420448,
        -0.026667019352316856,
        -0.020710403099656105,
        -0.04348396137356758,
        -0.04119538888335228,
        0.029707951471209526,
        -0.058462630957365036,
        -0.01452625822275877,
        0.013239217922091484,
        -0.03774935007095337,
        -0.05406026169657707,
        -0.04853247478604317,
        0.022246090695261955,
        -0.06658155471086502,
        -0.04912008345127106,
        0.02834724262356758,
        -0.002648993395268917,
        -0.012916668318212032,
        0.175045445561409,
        -0.028683939948678017,
        0.0516342930495739,
        0.02239294722676277,
        -0.017865972593426704,
        0.0725664347410202,
        -0.025616349652409554,
        -0.010849472135305405,
        -0.047253482043743134,
        -0.04249748960137367,
        -0.018844695761799812,
        0.03178344666957855,
        -0.021245060488581657,
        0.052283234894275665,
        -0.0649629682302475,
        0.025229208171367645,
        0.00808314885944128,
        0.037912722676992416,
        -0.011499907821416855,
        -0.029925616458058357,
        -0.03614416718482971,
        -0.017775733023881912,
        0.018906928598880768,
        0.06955738365650177,
        -0.01941521465778351,
        0.01126676145941019,
        -0.10459708422422409,
        0.039310164749622345,
        0.12240047752857208,
        -0.013196590356528759,
        -0.017518984153866768,
        0.059444867074489594,
        -0.02160143107175827,
        -0.07075025886297226,
        -0.053198155015707016,
        -0.021069509908556938,
        0.01956000179052353,
        -0.0017796773463487625,
        -0.0193583145737648,
        0.021120883524417877,
        -0.022631751373410225,
        0.00856807455420494,
        -0.12790712714195251,
        -0.041622593998909,
        -0.14013871550559998,
        -0.015805289149284363,
        0.07537353038787842,
        0.00501621887087822,
        0.032721780240535736,
        -0.04416618123650551,
        0.039655644446611404,
        -0.021183785051107407,
        0.05862080305814743,
        -0.03686676546931267,
        0.00013252501958049834,
        0.016025129705667496,
        0.02262386679649353,
        0.03601283207535744,
        0.06710333377122879,
        -0.05203290656208992,
        -0.004065206740051508,
        0.016916712746024132,
        -0.013927457854151726,
        -0.07115807384252548,
        0.12561097741127014,
        0.03663332387804985,
        -0.06970605999231339,
        0.03057301603257656,
        0.015273046679794788,
        0.013482355512678623,
        0.01819361001253128,
        0.051182202994823456,
        -0.03490900620818138,
        -0.06311579048633575,
        0.03216084837913513,
        0.06855858117341995,
        0.005758951883763075,
        -0.012759179808199406,
        0.007444680668413639,
        0.01497007068246603,
        0.04574582353234291,
        0.03189355880022049,
        -0.06936504691839218,
        -0.0744810700416565,
        0.03646611422300339,
        -0.005062787793576717,
        -0.03953378275036812,
        -0.029501628130674362,
        -0.02654448337852955,
        0.006962455343455076,
        0.06472336500883102,
        -0.02284236252307892,
        0.04425663873553276,
        -0.03462177887558937,
        -0.002476997673511505,
        -0.05517379567027092,
        0.0022507852409034967,
        -0.022938942536711693,
        0.010677343234419823,
        -0.011415783315896988,
        -0.020295163616538048,
        0.013662861660122871,
        -0.006869104225188494,
        0.010093139484524727,
        0.02340150810778141,
        0.018372511491179466,
        0.014451510272920132,
        0.04061899706721306,
        -0.036843191832304,
        0.047910042107105255,
        0.04125966504216194,
        -0.043438635766506195,
        0.048800159245729446,
        0.04067608714103699,
        -0.019872432574629784,
        -0.009186125360429287,
        0.019541578367352486,
        0.016005894169211388,
        -0.005563834682106972,
        0.01314280554652214,
        0.04961327090859413,
        0.015031097456812859,
        -0.11133468896150589,
        -0.06381899118423462,
        -0.2129078507423401,
        0.06210523098707199,
        -0.014872254803776741,
        -0.04957416653633118,
        0.12705107033252716,
        -0.028380172327160835,
        0.051164012402296066,
        -0.017030959948897362,
        0.030485497787594795,
        0.0030737656634300947,
        0.05222991481423378,
        -0.03960565850138664,
        -0.010541288182139397,
        0.0492134615778923,
        0.007606859318912029,
        0.03956126794219017,
        -0.01453009620308876,
        -0.009066533297300339,
        -0.04809446632862091,
        0.022894112393260002,
        -0.02478017285466194,
