{
    "index": 699,
    "page": 109,
    "text": "XXVII. To stir up a man to the contempt of death this among other things, is of good \npower and efficacy, that even they who esteemed pleasure to be happiness, and pain \nmisery, did nevertheless many of them contemn death as much as any. And can \ndeath be terrible to him, to whom that only seems good, which in the ordinary course \nof nature is seasonable? to him, to whom, whether his actions be many or few, so \nthey be all good, is all one; and who whether he behold the things of the world being \nalways the same either for many years, or for few years only, is altogether indiffer-\nent? O man! as a citizen thou hast lived, and conversed in this great city the world. \nWhether just for so many years, or no, what is it unto thee? Thou hast lived (thou",
    "embedding_of_chunk": [
        -0.05805559828877449,
        0.013584067113697529,
        0.048401057720184326,
        -0.009590773843228817,
        -0.026603393256664276,
        -0.0018539436860010028,
        0.11972781270742416,
        0.050532903522253036,
        0.03484233096241951,
        -0.011086255311965942,
        -0.013266507536172867,
        -0.07682956010103226,
        0.04454652592539787,
        0.013946235179901123,
        0.004800743889063597,
        0.019815031439065933,
        -0.0020794544834643602,
        0.01187696773558855,
        -0.08185821771621704,
        0.03353866934776306,
        0.05857670679688454,
        -0.0166237223893404,
        0.00016385891649406403,
        -0.0823502391576767,
        0.03811873868107796,
        0.014310584403574467,
        -0.011410067789256573,
        -0.025359943509101868,
        -0.004424289334565401,
        -0.14175543189048767,
        0.005152746103703976,
        -0.05249209702014923,
        0.0526895634829998,
        0.0016088432166725397,
        -0.04918968677520752,
        -0.01733703538775444,
        -0.024956906214356422,
        0.03604559972882271,
        -0.045043785125017166,
        0.07802879810333252,
        0.025174202397465706,
        0.046157270669937134,
        -0.015450019389390945,
        -0.009794941172003746,
        -0.037521012127399445,
        -0.039093151688575745,
        -0.030635885894298553,
        -0.003025568090379238,
        0.038153599947690964,
        -0.027407029643654823,
        -0.028295526280999184,
        -0.028903286904096603,
        0.02082526870071888,
        0.029315024614334106,
        0.02774704620242119,
        0.004904310684651136,
        0.05499512702226639,
        0.03145584464073181,
        0.031093964353203773,
        -0.008480269461870193,
        0.035196855664253235,
        0.012579480186104774,
        -0.23810218274593353,
        0.07240081578493118,
        0.038060326129198074,
        -0.01169352326542139,
        -0.05616236850619316,
        -0.017915621399879456,
        -0.0027772977482527494,
        0.06898384541273117,
        -0.04396876320242882,
        0.020158516243100166,
        0.05850962921977043,
        0.05405738949775696,
        0.017423070967197418,
        -0.01254099141806364,
        0.005194754805415869,
        -0.040587034076452255,
        -0.015548611991107464,
        0.032375775277614594,
        0.02248482219874859,
        0.006463045720010996,
        -0.006124200765043497,
        -0.0016334777465090156,
        -0.0584365576505661,
        -0.08196154236793518,
        -0.0015739917289465666,
        -0.048640280961990356,
        0.04274370148777962,
        0.05524715408682823,
        -0.028412502259016037,
        -0.013547188602387905,
        -0.017533207312226295,
        0.026623601093888283,
        -0.035087186843156815,
        -0.02534514293074608,
        0.03717022389173508,
        0.021519584581255913,
        -0.055065445601940155,
        0.18148760497570038,
        -0.0617532916367054,
        0.02000095136463642,
        0.00887469295412302,
        -0.019721094518899918,
        0.061576325446367264,
        0.04113427549600601,
        -0.052885010838508606,
        -0.04465819522738457,
        -0.00317362230271101,
        -0.012438210658729076,
        -0.01575809344649315,
        -0.03337578848004341,
        0.04138098657131195,
        -0.03559060022234917,
        0.02113550715148449,
        0.005469555035233498,
        0.04155012220144272,
        0.01781310699880123,
        -0.05555139482021332,
        0.023747222498059273,
        0.00561245484277606,
        0.02769881673157215,
        0.07140517234802246,
        -0.003576653776690364,
        0.025438010692596436,
        -0.08559619635343552,
        0.05082036927342415,
        0.12359875440597534,
        0.0219661183655262,
        -0.02337927557528019,
        0.026829032227396965,
        -0.01853930577635765,
        -0.05562187731266022,
        -0.028689559549093246,
        0.016025928780436516,
        0.03031230717897415,
        0.011382684111595154,
        -0.012557882815599442,
        0.03656810522079468,
        -0.04765552654862404,
        -0.018189115449786186,
        -0.16460996866226196,
        -0.04740382730960846,
        -0.08372700214385986,
        -0.016003793105483055,
        0.06789173185825348,
        0.001077374443411827,
        0.0002743125078268349,
        -0.06160926818847656,
        0.01626105234026909,
        0.0022432494442909956,
        0.008574523031711578,
        -0.06558572500944138,
        -0.016242053359746933,
        0.009269865229725838,
        0.050108104944229126,
        0.06283454596996307,
        0.058706771582365036,
        -0.02882497012615204,
        0.008892091922461987,
        0.039775289595127106,
        -0.005973060615360737,
        -0.0374576635658741,
        0.12319779396057129,
        0.029690926894545555,
        -0.00861129816621542,
        -0.01326993852853775,
        0.0035374199505895376,
        0.0022804532200098038,
        -0.0037388023920357227,
        0.06852579116821289,
        -0.009145818650722504,
        -0.04867210239171982,
        0.06534282863140106,
        0.07942130416631699,
        0.07087212800979614,
        -0.019795427098870277,
        -0.008270341902971268,
        0.0035180470440536737,
        0.005607850383967161,
        0.020090319216251373,
        -0.0198725126683712,
        -0.04905924201011658,
        0.04718926176428795,
        0.004153486806899309,
        0.0002497238456271589,
        -0.003913598600775003,
        -0.02049347758293152,
        0.04171359911561012,
        0.042464014142751694,
        0.013893586583435535,
        0.008946875110268593,
        -0.05856722593307495,
        -0.0152445612475276,
        -0.03490457311272621,
        0.006903165020048618,
        -0.046901147812604904,
        -0.008317624218761921,
        -0.024265004321932793,
        -0.04394039139151573,
        -0.014365347102284431,
        -0.04989645630121231,
        -0.052874043583869934,
        0.009273864328861237,
        0.06193917244672775,
        -0.00849501695483923,
        0.01044757105410099,
        -0.0017122486606240273,
        0.03073369897902012,
        -0.010006582364439964,
        -0.05234483629465103,
        0.030619874596595764,
        0.06593877822160721,
        0.015178048983216286,
        -0.021991044282913208,
        0.03246002644300461,
        0.019116437062621117,
        0.012490712106227875,
        0.05077149346470833,
        0.05660484731197357,
        0.016671577468514442,
        -0.09757640212774277,
        -0.0769377201795578,
        -0.2258479744195938,
        -0.033457543700933456,
        -0.006988373585045338,
        -0.023119080811738968,
        0.05975181609392166,
        -0.05973576754331589,
        0.02183520793914795,
        -0.0014571495121344924,
        0.043195877224206924,
        0.02857067994773388,
        0.009901395998895168,
        -0.059163063764572144,
        -0.004546561744064093,
        0.043335363268852234,
        0.012442710809409618,
