{
    "index": 222,
    "page": 36,
    "text": "among them, cease not daily to be strange unto them, and that we should not either \nspeak, or do anything as men in their sleep, by opinion and bare imagination: for \nthen we think we speak and do, and that we must not be as children, who follow \ntheir father’s example; for best reason alleging their bare καθότι παρειλήψαμεν; or, as \nby successive tradition from our forefathers we have received it.",
    "embedding_of_chunk": [
        -0.0028421664610505104,
        0.026188639923930168,
        0.014686943963170052,
        -0.0600464828312397,
        -0.013076522387564182,
        0.008006030693650246,
        0.07044599950313568,
        0.0555679053068161,
        -0.004239767324179411,
        -0.03336896747350693,
        -0.018009766936302185,
        -0.03625063970685005,
        0.009449311532080173,
        0.04042358323931694,
        0.01627451740205288,
        -0.0013066602405160666,
        -0.01330762542784214,
        0.03702453523874283,
        -0.08506826311349869,
        0.045284453779459,
        0.08135820925235748,
        -0.02905271202325821,
        0.033396877348423004,
        -0.046898797154426575,
        0.02052769996225834,
        0.025255300104618073,
        -0.03732586279511452,
        -0.02577604539692402,
        0.011448735371232033,
        -0.13366180658340454,
        -0.025704706087708473,
        -0.08331134170293808,
        0.04937329515814781,
        -0.05823588743805885,
        0.010158414952456951,
        -0.0370541512966156,
        -0.04639361426234245,
        0.014620688743889332,
        -0.024544281885027885,
        0.06428457796573639,
        0.029681449756026268,
        0.005441742483526468,
        -0.0015452642692252994,
        -0.05197812616825104,
        -0.03479021415114403,
        0.001303435186855495,
        -0.03505391255021095,
        -0.011743406765162945,
        0.03745782747864723,
        0.00619562529027462,
        0.001690794830210507,
        -0.025013741105794907,
        0.039720408618450165,
        -0.009018882177770138,
        -0.011597718112170696,
        0.07706315815448761,
        0.042104195803403854,
        -0.01416648831218481,
        0.05834560841321945,
        0.02344105765223503,
        0.012830003164708614,
        0.0471922867000103,
        -0.23214858770370483,
        0.08944448828697205,
        0.02931954152882099,
        0.04195195809006691,
        -0.04624960944056511,
        -0.01612909696996212,
        0.01979909837245941,
        0.04340307414531708,
        -0.045950017869472504,
        0.02154979668557644,
        0.03423561155796051,
        0.06583674252033234,
        0.014211725443601608,
        0.021995503455400467,
        0.010557254776358604,
        -0.06778585910797119,
        0.0008063947316259146,
        0.0023484062403440475,
        -0.04950765147805214,
        0.01798960193991661,
        -0.017600974068045616,
        0.007653283420950174,
        -0.06476940959692001,
        -0.020833265036344528,
        -0.006820355542004108,
        -0.07257108390331268,
        0.048482127487659454,
        0.007262566592544317,
        -0.043476250022649765,
        -0.02547028660774231,
        -0.03105912357568741,
        0.01569354347884655,
        -0.0011939069954678416,
        -0.026043375954031944,
        0.01954023726284504,
        0.01490685623139143,
        -0.057437241077423096,
        0.19642263650894165,
        -0.029777485877275467,
        0.050260163843631744,
        0.025914430618286133,
        -0.027991939336061478,
        0.024706387892365456,
        -0.029581600800156593,
        -0.032790929079055786,
        -0.04249054938554764,
        -0.011468764394521713,
        0.028371188789606094,
        -0.003716145409271121,
        -0.02567392773926258,
        0.054812368005514145,
        -0.054141074419021606,
        0.05879347771406174,
        0.026641463860869408,
        0.09429462999105453,
        0.021986516192555428,
        -0.0010397756705060601,
        0.02082359977066517,
        -0.02935533970594406,
        0.023995935916900635,
        0.03409086540341377,
        -0.022256597876548767,
        0.028215425089001656,
        -0.08880802243947983,
        0.019186997786164284,
        0.10357494652271271,
        0.04506286233663559,
        0.007373994216322899,
        0.03525485470890999,
        -0.07138782739639282,
        -0.02960408851504326,
        -0.028129879385232925,
        0.04285740852355957,
        0.029570002108812332,
        -0.026641519740223885,
        -0.01179836317896843,
        0.034505750983953476,
        -0.03312847763299942,
        -0.025929439812898636,
        -0.1771884262561798,
        -0.037959519773721695,
        -0.08704622089862823,
        0.01215363573282957,
        0.08396856486797333,
        0.0028834198601543903,
        0.04317115247249603,
        -0.05093757435679436,
        0.07445021718740463,
        0.019325952976942062,
        0.053307145833969116,
        -0.042173679918050766,
        -0.06506118178367615,
        -0.004654903896152973,
        0.029624570161104202,
        0.024276750162243843,
        0.07340142130851746,
        -0.03522276133298874,
        -0.005750576965510845,
        0.017584705725312233,
        -0.019078008830547333,
        -0.04111064225435257,
        0.12323275953531265,
        0.015652261674404144,
        -0.03124471753835678,
        -0.02315944992005825,
        -0.019675903022289276,
        0.005061543546617031,
        -0.03210893273353577,
        0.04627631604671478,
        0.019021781161427498,
        0.001601334661245346,
        0.012904113158583641,
        0.06385986506938934,
        0.04248293861746788,
        -0.044231612235307693,
        0.0004928823909722269,
        -0.006634822580963373,
        0.04802115261554718,
        -0.01478469930589199,
        -0.04603046178817749,
        -0.05792468413710594,
        -0.0012891559163108468,
        -0.0005790501600131392,
        -0.04166674613952637,
        -0.014548452571034431,
        0.0020960750989615917,
        0.03082106076180935,
        0.03840123489499092,
        0.007324255537241697,
        0.06705393642187119,
        -0.04179614409804344,
        -0.010345172137022018,
        -0.04042467474937439,
        -0.018717601895332336,
        0.0028942034114152193,
        -0.006145075429230928,
        -0.023278189823031425,
        -0.021531645208597183,
        -0.03285565227270126,
        0.014402537606656551,
        0.007591563742607832,
        0.04036366567015648,
        0.01849375106394291,
        0.03413020819425583,
        -0.00033763510873541236,
        -0.03023982048034668,
        0.07533571869134903,
        0.03611845523118973,
        -0.03635700047016144,
        0.00491652637720108,
        0.047488220036029816,
        -0.011205525137484074,
        -0.02364324778318405,
        0.06546073406934738,
        -0.014775519259274006,
        0.006074298173189163,
        0.03803913667798042,
        0.029058797284960747,
        0.04505443945527077,
        -0.05150687322020531,
        -0.044632602483034134,
        -0.25868716835975647,
        0.02986653707921505,
        0.022493336349725723,
        -0.01693364977836609,
        0.08505688607692719,
        -0.046927161514759064,
        0.012781648896634579,
        -0.03366750478744507,
        0.03930478170514107,
        0.027684874832630157,
        0.0258026123046875,
        -0.011525926180183887,
        -0.06292344629764557,
        0.03738709166646004,
        -0.017972610890865326,
        0.08090481907129288,
        -0.02539580501616001,
        0.0098665039986372,
        0.005503760185092688,
        -0.010255738161504269,
        -0.04462674260139465,
        0.061940748244524,
        -0.01742781512439251,
        -0.11931785196065903,
        0.018786346539855003,
        0.04109340161085129,
        0.19877661764621735,
