{
    "index": 55,
    "page": 10,
    "text": "itable can be brought about without change, did he perhaps think of the change in a \ncorn of wheat, which is not quickened except it die? Nature’s marvellous power of \nrecreating out of Corruption is surely not confined to bodily things. Many of his \nthoughts sound like far-off echoes of St. Paul; and it is strange indeed that this most \nChristian of emperors has nothing good to say of the Christians. To him they are only \nsectaries “violently and passionately set upon opposition.”",
    "embedding_of_chunk": [
        -0.03660476952791214,
        0.037699975073337555,
        0.04215139523148537,
        -0.03907103091478348,
        0.02209627814590931,
        0.003804008709266782,
        0.0494743250310421,
        0.021507691591978073,
        -0.02017163299024105,
        0.005547367502003908,
        0.00892867986112833,
        -0.07862300425767899,
        0.029885675758123398,
        0.01930883899331093,
        0.003151410724967718,
        -0.007240428123623133,
        -0.013718822039663792,
        0.04749203100800514,
        -0.06118304282426834,
        0.023323556408286095,
        0.03854629769921303,
        -0.02269832417368889,
        -0.016860581934452057,
        -0.05775360390543938,
        0.03618616983294487,
        -0.005623609758913517,
        -0.026577923446893692,
        -0.020602477714419365,
        -0.03033146634697914,
        -0.20238551497459412,
        0.026200206950306892,
        -0.05302120000123978,
        0.05883071944117546,
        0.0036465106531977654,
        0.03214428946375847,
        0.008483730256557465,
        -0.04390397667884827,
        0.034607045352458954,
        -0.010187030769884586,
        0.04211389645934105,
        0.05456254631280899,
        0.04126268997788429,
        -0.027955656871199608,
        -0.016151312738656998,
        -0.04280703142285347,
        -0.06907693296670914,
        0.004517503548413515,
        -0.02396998554468155,
        0.03712485730648041,
        -0.03853365778923035,
        -0.04572495073080063,
        -0.010682246647775173,
        0.04225926846265793,
        1.9436423826846294e-05,
        0.004380617290735245,
        0.04380931705236435,
        0.054953254759311676,
        0.03852728009223938,
        0.059923551976680756,
        -0.016955897212028503,
        0.03262525796890259,
        0.028186582028865814,
        -0.22051140666007996,
        0.06186489388346672,
        0.06084412336349487,
        -0.009586535394191742,
        -0.06132468208670616,
        -0.02676152065396309,
        0.01764923706650734,
        0.02023547887802124,
        -0.0338873490691185,
        0.03549831360578537,
        0.015126161277294159,
        0.04047457501292229,
        0.023565754294395447,
        -0.006865938659757376,
        -0.04976382106542587,
        0.0035800738260149956,
        -0.031587153673172,
        0.05252447724342346,
        -0.02490909956395626,
        0.00618491368368268,
        -0.06050577759742737,
        -0.015003430657088757,
        -0.051585160195827484,
        -0.062209732830524445,
        0.00222394778393209,
        -0.03429333120584488,
        0.04890940710902214,
        0.012816316448152065,
        -0.02064269594848156,
        -0.009718121029436588,
        0.012222063727676868,
        -0.015504615381360054,
        -0.03142169490456581,
        -0.016631552949547768,
        0.03061242401599884,
        0.008487630635499954,
        -0.06278657168149948,
        0.2001127153635025,
        -0.06352831423282623,
        0.010398270562291145,
        0.03950628265738487,
        0.006459059659391642,
        0.027717171236872673,
        0.004736089613288641,
        -0.01960587128996849,
        -0.048637475818395615,
        0.007930799387395382,
        0.026041124016046524,
        0.019184298813343048,
        -0.07513203471899033,
        0.029409119859337807,
        -0.005440676584839821,
        0.06690669059753418,
        0.0023614694364368916,
        0.04067857190966606,
        -0.009104739874601364,
        -0.06836269050836563,
        0.04190555214881897,
        -0.004958289675414562,
        0.03249462693929672,
        0.02935980260372162,
        -0.004655312281101942,
        0.06192206218838692,
        -0.05720886215567589,
        0.03370775282382965,
        0.11250170320272446,
        0.013702202588319778,
        0.005516828503459692,
        0.020862529054284096,
        -0.05435368791222572,
        -0.02251042239367962,
        -0.006348021328449249,
        -0.013049429282546043,
        0.041330672800540924,
        0.03630514815449715,
        0.0009700737427920103,
        0.07356710731983185,
        -0.004858935717493296,
        -0.07329381257295609,
        -0.12385980784893036,
        -0.0457344725728035,
        -0.08920223265886307,
        -0.06813018769025803,
        0.030801357701420784,
        0.018841659650206566,
        -0.008201315999031067,
        -0.0383424386382103,
        0.0589812770485878,
        -0.007304404396563768,
        0.02888079546391964,
        -0.002121498342603445,
        -0.019023776054382324,
        0.03902355208992958,
        0.00883480254560709,
        0.015334178693592548,
        0.06488285213708878,
        -0.016252052038908005,
        0.011450889520347118,
        0.02787584438920021,
        -0.00963577814400196,
        -0.05981311947107315,
        0.14478811621665955,
        0.07789354026317596,
        0.005343221593648195,
        -0.03322501480579376,
        0.00795732531696558,
        0.0006933999247848988,
        -0.01698356308043003,
        0.0577632375061512,
        0.03861408308148384,
        -0.057933442294597626,
        0.021009055897593498,
        0.09951893240213394,
        0.021348828449845314,
        -0.056501056998968124,
        -0.01962006650865078,
        0.021711235865950584,
        0.016178714111447334,
        0.0771712213754654,
        -0.0181052777916193,
        -0.031698912382125854,
        0.07930141687393188,
        0.0027596568688750267,
        -0.015435252338647842,
        -0.00921008363366127,
        -0.004679888021200895,
        0.0036842115223407745,
        0.06612629443407059,
        0.0008267602534033358,
        0.08232244104146957,
        -0.03474795073270798,
        -0.027539260685443878,
        -0.06156341731548309,
        -0.023138437420129776,
        -0.05311435088515282,
        -0.0022107698023319244,
        -0.01108974777162075,
        0.004203295335173607,
        -0.04576406627893448,
        -0.05015116557478905,
        -0.0006755916983820498,
        0.009804259985685349,
        0.03995450586080551,
        -0.030410967767238617,
        -0.025929110124707222,
        -0.02270975336432457,
        0.03719155862927437,
        0.043840836733579636,
        -0.03358541801571846,
        0.059311479330062866,
        0.021716756746172905,
        -0.00944472011178732,
        -0.026753636077046394,
        0.034767959266901016,
        -0.011467032134532928,
        0.0029268437065184116,
        0.04215700551867485,
        0.01952999271452427,
        0.05700486898422241,
        -0.09979454427957535,
        -0.07744079828262329,
        -0.2507190704345703,
        -0.010994070209562778,
        -0.028146222233772278,
        -0.04414444416761398,
        0.11009305715560913,
        -0.0668204054236412,
        0.0008029642049223185,
        -0.027800841256976128,
        0.0790378749370575,
        0.08218731731176376,
        0.021160058677196503,
        -0.007710763718932867,
        -0.043937649577856064,
        0.059151675552129745,
        0.024382004514336586,
        0.015779763460159302,
        0.06113637238740921,
        -0.01850801706314087,
        -0.0020797348115593195,
        -0.016277151182293892,
        -0.009909838438034058,
        0.09193363785743713,
        -0.041713595390319824,
        -0.08208005875349045,
        -0.02144032157957554,
