{
    "index": 16,
    "page": 4,
    "text": "On this journey his wife, Faustina, died. At his return the emperor celebrated a tri-\numph (176). Immediately afterwards he repaired to Germany, and took up once more \nthe burden of war. His operations were followed by complete success; but the trou-\nbles of late years had been too much for his constitution, at no time robust, and on \nMarch 17, 180, he died in Pannonia.",
    "embedding_of_chunk": [
        -0.08192919939756393,
        0.04851073399186134,
        0.04722784087061882,
        -0.019443633034825325,
        0.00658654049038887,
        0.03118508867919445,
        0.039540186524391174,
        0.0635470300912857,
        -0.02562321536242962,
        -0.02840210124850273,
        0.010695538483560085,
        -0.0835847407579422,
        0.026871245354413986,
        0.01955619640648365,
        -0.019303426146507263,
        0.022547200322151184,
        -0.012493018060922623,
        0.06797453761100769,
        -0.0793483778834343,
        -0.010622707195580006,
        0.0407966785132885,
        -0.04091066122055054,
        -0.01680634170770645,
        0.005490852519869804,
        0.03848057612776756,
        0.03713791444897652,
        -0.03111291117966175,
        -0.01683342084288597,
        -0.020556798204779625,
        -0.19740697741508484,
        0.009949039667844772,
        -0.0704660713672638,
        -0.008816152811050415,
        -0.04403511807322502,
        -0.01073801051825285,
        0.00016696398961357772,
        -0.027358101680874825,
        0.06503269076347351,
        -0.013564050197601318,
        0.03326381742954254,
        0.005587574560195208,
        0.036316078156232834,
        -0.02216816507279873,
        -0.03981515020132065,
        -0.02719513699412346,
        -0.07728961110115051,
        0.00010286450560670346,
        -0.0009711220627650619,
        0.0725102573633194,
        -0.055547378957271576,
        -0.023757698014378548,
        0.04483720287680626,
        0.06125250458717346,
        0.0463542640209198,
        0.05212949588894844,
        0.010569877922534943,
        0.08117618411779404,
        0.051026392728090286,
        0.006849750876426697,
        0.0238198209553957,
        0.010533425025641918,
        0.0498545803129673,
        -0.26627713441848755,
        0.03412417694926262,
        0.01914924941956997,
        0.01133131142705679,
        -0.01977045275270939,
        -0.06000350043177605,
        0.03963582217693329,
        0.05835413187742233,
        -0.04108741879463196,
        0.022074807435274124,
        0.07663433253765106,
        0.0379205122590065,
        -0.020069200545549393,
        -0.029014278203248978,
        0.011334697715938091,
        -0.041147101670503616,
        -0.002416525734588504,
        0.010119208134710789,
        0.013811650685966015,
        -0.048595547676086426,
        0.004800008609890938,
        0.003241037717089057,
        -0.06144019961357117,
        -0.060439422726631165,
        0.007883978076279163,
        -0.03325542062520981,
        -0.0010851472616195679,
        0.031317442655563354,
        -0.01408355962485075,
        -0.016065163537859917,
        0.02171436883509159,
        -0.023596076294779778,
        -0.08459100127220154,
        -0.012612567283213139,
        0.0029073557816445827,
        0.029886070638895035,
        -0.00683410232886672,
        0.23703745007514954,
        -0.032048407942056656,
        0.04000071808695793,
        0.01932412013411522,
        -0.04671422764658928,
        0.026533616706728935,
        0.01448122039437294,
        -0.04168514907360077,
        -0.021365176886320114,
        -0.011614026501774788,
        0.021196970716118813,
        0.05395522713661194,
        -0.030764639377593994,
        0.0452503077685833,
        -0.049730442464351654,
        0.030731098726391792,
        0.04288428649306297,
        0.02329627238214016,
        0.017465457320213318,
        -0.04797360673546791,
        0.01566716842353344,
        0.03356373310089111,
        -0.012545917183160782,
        0.06680271029472351,
        -0.022308234125375748,
        0.05646028369665146,
        -0.030421482399106026,
        0.08267761766910553,
        0.09639155119657516,
        0.01003554929047823,
        -0.025539681315422058,
        0.022744493559002876,
        -0.0037506071384996176,
        -0.07383669912815094,
        -0.0007729118806309998,
        0.000509207253344357,
        -0.0007490811985917389,
        0.04730279743671417,
        -0.040913645178079605,
        0.03176111355423927,
        -0.07611731439828873,
        -0.06150584667921066,
        -0.14970800280570984,
        -0.03284348174929619,
        -0.06903693825006485,
        -0.028158845379948616,
        0.0636507123708725,
        0.018657684326171875,
        -0.007675700820982456,
        0.010004211217164993,
        0.037203382700681686,
        -0.010301245376467705,
        0.02771151252090931,
        -0.022067783400416374,
        -0.006820428650826216,
        0.014207937754690647,
        0.03547544404864311,
        0.042596932500600815,
        0.1175541952252388,
        -0.01863475702702999,
        0.008740149438381195,
        0.0019065426895394921,
        -0.07657966762781143,
        -0.06933275610208511,
        0.1019720658659935,
        0.07076404243707657,
        -0.034898485988378525,
        -0.021618328988552094,
        0.016747979447245598,
        0.03457159548997879,
        -0.014603040181100368,
        0.04793420061469078,
        0.041225772351026535,
        -0.0492120198905468,
        -0.01359882578253746,
        0.13442260026931763,
        0.03726152703166008,
        0.01669616438448429,
        -0.03873491659760475,
        -0.05705916881561279,
        0.02344593219459057,
        0.055871494114398956,
        -0.011110438965260983,
        -0.012615034356713295,
        0.06844112277030945,
        0.026501763612031937,
        -0.0348191000521183,
        -0.00715761911123991,
        -0.013628082349896431,
        0.03671276569366455,
        0.08166688680648804,
        -0.015158994123339653,
        0.07689076662063599,
        -0.026659078896045685,
        -0.015366572886705399,
        0.011707170866429806,
        -0.05811778083443642,
        -0.1203993707895279,
        -0.02825792506337166,
        0.002469852799549699,
        0.014430074952542782,
        0.028948631137609482,
        -0.036027681082487106,
        -0.026356609538197517,
        -0.015889566391706467,
        0.033094197511672974,
        -0.003386746160686016,
        -0.01918039470911026,
        0.0027846929151564837,
        0.04695850983262062,
        0.04497085511684418,
        -0.0630660131573677,
        0.03397379815578461,
        0.08639904856681824,
        -0.005078138317912817,
        -0.021204998716711998,
        0.01826617494225502,
        -0.015132386237382889,
        0.02753625251352787,
        0.008857222273945808,
        0.032193876802921295,
        0.04332279413938522,
        -0.09341613203287125,
        -0.07258886098861694,
        -0.18565873801708221,
        -0.006867537274956703,
        -0.05437452718615532,
        -0.06300698965787888,
        0.06224166974425316,
        -0.04202969744801521,
        0.007388836704194546,
        -0.02962111122906208,
        0.040205880999565125,
        0.012447967194020748,
        0.028115883469581604,
        0.006448608357459307,
        -0.037376519292593,
        0.025874333456158638,
        -0.006927173584699631,
        0.043858062475919724,
        0.02027899958193302,
        0.03313365578651428,
        -0.04978325590491295,
        -0.023087380453944206,
        0.0014144149608910084,
        0.02047457918524742,
        -0.04968606308102608,
        -0.08893927931785583,
        0.0214687529951334,
        -0.04897720366716385,
        0.19760283827781677,
        0.023602012544870377,
        0.0032441080547869205,
