{
    "index": 288,
    "page": 46,
    "text": "XXIX. If this neither be my wicked act, nor an act anyways depending from any wick-\nedness of mine, and that by it the public is not hurt; what doth it concern me? And \nwherein can the public be hurt? For thou must not altogether be carried by conceit \nand common opinion: as for help thou must afford that unto them after thy best abil-\nity, and as occasion shall require, though they sustain damage, but in these middle \nor worldly things; but however do not thou conceive that they are truly hurt thereby: \nfor that is not right. But as that old foster-father in the comedy, being now to take \nhis leave doth with a great deal of ceremony, require his foster-child’s rhombus, or \nrattle-top, remembering nevertheless that it is but a rhombus; so here also do thou",
    "embedding_of_chunk": [
        -0.02894575335085392,
        -0.014214477501809597,
        0.028942499309778214,
        -0.05170510336756706,
        0.007899817079305649,
        0.016484903171658516,
        0.0823613777756691,
        0.046831537038087845,
        -0.025720352306962013,
        -0.03344779461622238,
        0.007318386808037758,
        -0.040398865938186646,
        0.06462229788303375,
        0.026499241590499878,
        -0.010235670022666454,
        0.005704490002244711,
        0.02079741656780243,
        0.0657539963722229,
        -0.062334924936294556,
        0.046754978597164154,
        0.08179178088903427,
        -0.023824751377105713,
        0.011026659049093723,
        -0.05942041799426079,
        0.025159398093819618,
        0.020885571837425232,
        -0.015282395295798779,
        -0.009361349046230316,
        -0.026247095316648483,
        -0.18431709706783295,
        -0.0037466345820575953,
        -0.048020899295806885,
        0.03921821713447571,
        -0.012608751654624939,
        0.03760628029704094,
        -0.027932165190577507,
        -0.016690179705619812,
        0.044456858187913895,
        -0.01533601712435484,
        0.04626583680510521,
        0.047298431396484375,
        0.05212077870965004,
        -0.014441218227148056,
        -0.07856933027505875,
        -0.033259909600019455,
        -0.03181171789765358,
        -0.005821989383548498,
        -0.0173285324126482,
        -0.0023877553176134825,
        -0.00872773677110672,
        -0.01290970854461193,
        -0.025638097897171974,
        0.012882137671113014,
        0.041748255491256714,
        -0.011366588994860649,
        0.03324396535754204,
        0.08084163069725037,
        -0.005711883772164583,
        0.04506508633494377,
        -0.003423115937039256,
        0.052533406764268875,
        0.015751436352729797,
        -0.23891572654247284,
        0.0749909058213234,
        0.05753133445978165,
        0.00972955022007227,
        -0.04651365056633949,
        -0.021651864051818848,
        0.026306672021746635,
        0.083738312125206,
        -0.06496083736419678,
        0.04365251958370209,
        0.05543164908885956,
        0.09209483116865158,
        -0.002444338286295533,
        -0.029383743181824684,
        0.0025579563807696104,
        -0.039275314658880234,
        -0.02696526236832142,
        -0.0048461416736245155,
        -0.011520490981638432,
        -0.0027272303123027086,
        -0.021654747426509857,
        0.0068769739009439945,
        -0.04806775599718094,
        -0.06657776236534119,
        0.040123384445905685,
        -0.08547654002904892,
        -0.01376515906304121,
        0.030100708827376366,
        -0.042302075773477554,
        0.009296745993196964,
        0.01484063919633627,
        -0.009735610336065292,
        -0.02629055641591549,
        -0.017979376018047333,
        0.033796276897192,
        0.00418597599491477,
        -0.05590352788567543,
        0.21531710028648376,
        -0.024578150361776352,
        0.007852215319871902,
        0.01424996368587017,
        -0.004963170737028122,
        0.011241932399570942,
        -1.7163007214548998e-05,
        -0.0032996691297739744,
        -0.05649761110544205,
        -0.0313054695725441,
        0.003728432347998023,
        0.030752992257475853,
        -0.036840617656707764,
        0.06756693124771118,
        -0.017660822719335556,
        0.06581823527812958,
        -0.009565046988427639,
        0.020032210275530815,
        0.01686079613864422,
        -0.01985173299908638,
        -0.004003732465207577,
        -0.017403002828359604,
        0.028499500826001167,
        0.03974051773548126,
        -0.020218247547745705,
        -0.015712028369307518,
        -0.08751173317432404,
        0.07294405251741409,
        0.09420622885227203,
        0.015134165994822979,
        -0.01888551190495491,
        -0.01489389967173338,
        -0.08780685067176819,
        -0.018321136012673378,
        -0.008110973052680492,
        0.036352869123220444,
        0.016414878889918327,
        0.015140682458877563,
        0.008181469514966011,
        0.04573814198374748,
        -0.04656694829463959,
        0.0017030644230544567,
        -0.19520728290081024,
        -0.07722184807062149,
        -0.07560043781995773,
        -0.01869969442486763,
        0.06267526745796204,
        -0.022189928218722343,
        0.052806392312049866,
        -0.0625629797577858,
        0.022034313529729843,
        -0.018298208713531494,
        0.04249366372823715,
        -0.06143402308225632,
        -0.023384220898151398,
        0.014472360722720623,
        0.0035544259008020163,
        0.010874821804463863,
        0.08891940116882324,
        -0.040692299604415894,
        0.0058489651419222355,
        0.050114165991544724,
        -0.044949375092983246,
        -0.05076161026954651,
        0.08642210066318512,
        0.02769925445318222,
        -0.0405241996049881,
        0.019683105871081352,
        0.005673247389495373,
        0.014868508093059063,
        -0.02476356364786625,
        0.026434659957885742,
        0.041482411324977875,
        -0.04468392953276634,
        0.06835659593343735,
        0.04487049579620361,
        0.0363142155110836,
        -0.02602793090045452,
        0.004943360574543476,
        0.015716906636953354,
        0.01993573270738125,
        0.03723163157701492,
        -0.07012581080198288,
        -0.014940162189304829,
        0.013142743147909641,
        0.018238430842757225,
        0.006106704939156771,
        0.0003911293169949204,
        -0.06032022088766098,
        0.06374211609363556,
        0.050795432180166245,
        -0.037747472524642944,
        0.04542601853609085,
        -0.07570291310548782,
        -0.0019418955780565739,
        -0.011397343128919601,
        -0.01216905191540718,
        0.000845302187371999,
        -0.013561335392296314,
        -0.009227197617292404,
        -0.01415577158331871,
        -0.023472588509321213,
        0.012875775806605816,
        -0.04328471049666405,
        0.025358736515045166,
        0.0063803549855947495,
        0.002203419106081128,
        0.011883069761097431,
        -0.03822461515665054,
        0.0632794126868248,
        0.036891043186187744,
        -0.07075200974941254,
        -0.008749996311962605,
        0.04592059552669525,
        -0.022752325981855392,
        -0.028476035222411156,
        0.06353766471147537,
        0.02650701254606247,
        0.021120522171258926,
        0.03961335867643356,
        0.07609561085700989,
        0.019185708835721016,
        -0.07364344596862793,
        -0.03216578811407089,
        -0.24531413614749908,
        0.02903818152844906,
        0.017589904367923737,
        -0.04345998167991638,
        0.07175140082836151,
        -0.04343460872769356,
        0.038421064615249634,
        -0.030289482325315475,
        0.016490187495946884,
        0.06494151800870895,
        0.07746128737926483,
        -0.06460496783256531,
        -0.03931127488613129,
        0.027577701956033707,
