{
    "index": 756,
    "page": 118,
    "text": "83 Ad M. Cæs iv. 4. \n\n84 Samentum. \nAPPENDIX \n\nwhich are worth quoting. Fronto speaks of Marcus’s victories and eloquence in the \nusual strain of high praise, and then continues:\n\n85 \n\n“The army when you took it in hand was sunk in luxury and revelry, and cor-\nrupted with long inactivity. At Antiochia the soldiers had been Wont to applaud \nat the stage plays, knew more of the gardens at the nearest restaurant than of \nthe battlefield. Horses were hairy from lack of grooming, horsemen smooth be-\ncause their hairs had been pulled out by the roots;\n\n86 a rare thing it was to see a",
    "embedding_of_chunk": [
        -0.016020894050598145,
        0.06205360218882561,
        0.07035680115222931,
        -0.019041094928979874,
        -0.014446339569985867,
        -0.015656612813472748,
        0.05516250431537628,
        0.05740264058113098,
        0.004591654520481825,
        0.011487939395010471,
        0.0260529275983572,
        -0.06516018509864807,
        0.036029502749443054,
        0.034133125096559525,
        -0.02332490123808384,
        -0.00672919861972332,
        0.006368782836943865,
        0.048143934458494186,
        -0.05155631899833679,
        -0.0007418597233481705,
        0.024126380681991577,
        -0.002318168757483363,
        -0.00016587803838774562,
        -0.05703483521938324,
        0.049693796783685684,
        0.01654403656721115,
        -0.04941033199429512,
        -0.006587852258235216,
        -0.02283550426363945,
        -0.1864176094532013,
        -0.0022319178096950054,
        -0.031195426359772682,
        0.06891600787639618,
        -0.06467919796705246,
        -0.015133154578506947,
        -0.006070736795663834,
        -0.020149970427155495,
        0.02011888474225998,
        -0.03163597360253334,
        0.06787145882844925,
        0.04263375326991081,
        0.04640572518110275,
        -0.0061786281876266,
        -0.025502262637019157,
        -0.054127879440784454,
        -0.019775275141000748,
        -0.03177317976951599,
        -0.045678798109292984,
        0.1152341291308403,
        0.00012899949797429144,
        0.0010367106879130006,
        -0.021671021357178688,
        0.035175420343875885,
        -0.0013277047546580434,
        0.05061865225434303,
        0.03356342390179634,
        0.059091076254844666,
        0.09014235436916351,
        0.016783861443400383,
        0.040209949016571045,
        0.0004697246477007866,
        0.04851491004228592,
        -0.23170903325080872,
        0.04058930650353432,
        0.019076356664299965,
        -0.025817275047302246,
        -0.035071421414613724,
        -0.0314653106033802,
        -0.004087755922228098,
        0.07851628959178925,
        -0.05320136994123459,
        0.019306523725390434,
        0.039653703570365906,
        0.027449076995253563,
        -0.032946571707725525,
        0.005016058683395386,
        -0.004691047593951225,
        -0.050560880452394485,
        0.019480720162391663,
        -0.030131401494145393,
        -0.0006390265771187842,
        -0.020592937245965004,
        -0.04381192848086357,
        -0.03076496347784996,
        -0.002206028439104557,
        -0.05342061072587967,
        0.04407569020986557,
        -0.011596262454986572,
        0.09105057269334793,
        0.011591422371566296,
        0.004037721548229456,
        0.011198237538337708,
        -0.016074880957603455,
        0.009983332827687263,
        -0.009484213776886463,
        -0.028030995279550552,
        0.023186717182397842,
        0.010849742218852043,
        -0.01398615725338459,
        0.2130269855260849,
        -0.027586378157138824,
        0.04601053521037102,
        0.019448336213827133,
        -0.00856127217411995,
        0.08098860830068588,
        -0.03559714928269386,
        0.0119867492467165,
        -0.04986308142542839,
        -0.03669986128807068,
        0.0010892951395362616,
        -0.01817408949136734,
        -0.053980112075805664,
        0.06215345486998558,
        -0.007661149837076664,
        0.01184176653623581,
        0.018825341016054153,
        0.07302520424127579,
        -0.007177813444286585,
        -0.05726649612188339,
        -0.0030243161600083113,
        -0.004517280496656895,
        0.02131308801472187,
        0.015241403132677078,
        -0.001834411290474236,
        0.03567676991224289,
        -0.08782196789979935,
        0.07934700697660446,
        0.05357201024889946,
        0.005916242953389883,
        -0.04140544682741165,
        0.0443575344979763,
        -0.04533893242478371,
        -0.031155413016676903,
        -0.01861703395843506,
        -0.008622083812952042,
        0.0017404694808647037,
        0.039034247398376465,
        -0.014205859042704105,
        0.028813786804676056,
        -0.01844247430562973,
        -0.004758049268275499,
        -0.18270047008991241,
        -0.028876813128590584,
        -0.07872028648853302,
        -0.021416930481791496,
        0.08236236125230789,
        0.028554197400808334,
        0.03093135543167591,
        -0.026424909010529518,
        0.027794992551207542,
        -0.02791980840265751,
        0.04556676372885704,
        0.009436648339033127,
        0.009101524949073792,
        0.0075485585257411,
        0.027237607166171074,
        0.0039100307039916515,
        0.08318433165550232,
        -0.03351864218711853,
        -0.006694402080029249,
        0.015294192358851433,
        -0.04057468846440315,
        -0.055512525141239166,
        0.0909198671579361,
        0.04177233949303627,
        -0.0579635314643383,
        -0.004968634806573391,
        0.0052544185891747475,
        0.012549609877169132,
        -0.0007938492344692349,
        0.027321849018335342,
        -0.0005563250742852688,
        -0.07024239003658295,
        0.04462581127882004,
        0.04304562881588936,
        0.00308106723241508,
        -0.055072661489248276,
        -0.06073024123907089,
        0.006411361508071423,
        0.002929886570200324,
        0.07827471196651459,
        -0.03390706703066826,
        -0.019290702417492867,
        0.05568614974617958,
        -0.011969259940087795,
        -0.02014959417283535,
        -0.03909314051270485,
        -0.03549234941601753,
        0.030492562800645828,
        0.09561410546302795,
        -0.0054659065790474415,
        0.032690662890672684,
        -0.09295009821653366,
        -0.047509897500276566,
        -0.034973420202732086,
        -0.0031820267904549837,
        -0.03536665067076683,
        0.006161058787256479,
        -0.001916160574182868,
        -0.028579572215676308,
        -0.007657794281840324,
        -0.03423823416233063,
        -0.043783560395240784,
        0.01688220724463463,
        0.033896300941705704,
        0.03044806607067585,
        -0.0046400707215070724,
        0.0015662724617868662,
        0.03370035067200661,
        0.03760264068841934,
        -0.07422023266553879,
        0.04118862748146057,
        0.06045050546526909,
        -0.014441941864788532,
        -0.007214313838630915,
        0.034633174538612366,
        -0.010698148049414158,
        0.014582465402781963,
        0.025055449455976486,
        0.021379614248871803,
        0.03937637060880661,
        -0.07135248184204102,
        -0.05609683692455292,
        -0.2670985162258148,
        -0.004854136146605015,
        0.016291862353682518,
        -0.06773660331964493,
        0.09255176037549973,
        -0.02923639863729477,
        0.0663253515958786,
        -0.028026757761836052,
        0.09726611524820328,
        0.0005660707247443497,
        0.07107377797365189,
        -0.009775719605386257,
        -0.04465052857995033,
        0.004571676254272461,
        -0.053866781294345856,
        0.06432697176933289,
        0.03375845402479172,
        0.009031722322106361,
        -0.01683507114648819,
        -0.0032716363202780485,
