{
    "index": 361,
    "page": 58,
    "text": "seasonable and useful for the common good. For whatsoever I do either by myself, or \nwith some other, the only thing that I must intend, is, that it be good and expedient \nfor the public. For as for praise, consider how many who once were much commend-\ned, are now already quite forgotten, yea they that commended them, how even they \nthemselves are long since dead and gone. Be not therefore ashamed, whensoever \nthou must use the help of others. For whatsoever it be that lieth upon thee to effect, \nthou must propose it unto thyself, as the scaling of walls is unto a soldier. And what \nif thou through either lameness or some other impediment art not able to reach unto \nthe top of the battlements alone, which with the help of another thou mayst; wilt",
    "embedding_of_chunk": [
        -0.03199164941906929,
        0.011743315495550632,
        0.05803421512246132,
        -0.04556727781891823,
        0.0188567154109478,
        0.005346736870706081,
        0.08870361000299454,
        0.04405279457569122,
        -0.010605189949274063,
        -0.0072249555960297585,
        -0.01762133277952671,
        -0.07044564187526703,
        0.017823616042733192,
        0.052282512187957764,
        -0.004646008368581533,
        0.016094939783215523,
        0.007889678701758385,
        0.08862222731113434,
        -0.04912247508764267,
        0.007183463778346777,
        0.03353911638259888,
        -0.004061139654368162,
        -0.0022759668063372374,
        -0.06112423911690712,
        0.05258675292134285,
        0.0031738397665321827,
        -0.04280649870634079,
        -0.023638229817152023,
        -0.041558124125003815,
        -0.1568412184715271,
        -0.02035216987133026,
        -0.05828623101115227,
        0.045972779393196106,
        0.00873006321489811,
        -0.039083320647478104,
        -0.01301930658519268,
        0.001579283270984888,
        0.03470882028341293,
        -0.027796251699328423,
        0.06442496925592422,
        0.03398829698562622,
        0.048028722405433655,
        -0.03880051150918007,
        -0.03084384836256504,
        -0.026178376749157906,
        -0.03467487916350365,
        -0.03173459321260452,
        -0.014829518273472786,
        0.030343307182192802,
        -0.005499545950442553,
        0.02688232623040676,
        -0.017576660960912704,
        0.02305685728788376,
        0.04064968228340149,
        0.05547580495476723,
        0.03217564895749092,
        0.017737530171871185,
        0.02955734170973301,
        0.0010820801835507154,
        0.0011327164247632027,
        0.024847310036420822,
        0.032751113176345825,
        -0.24163296818733215,
        0.0517486110329628,
        0.04839315637946129,
        -0.013517890125513077,
        -0.022289259359240532,
        0.0013221654808148742,
        -0.024645740166306496,
        0.03813324496150017,
        -0.04691052809357643,
        0.05439816042780876,
        0.06607875972986221,
        0.046412188559770584,
        0.051458533853292465,
        -0.02461773343384266,
        -0.020968755707144737,
        -0.033039432018995285,
        -0.05427231267094612,
        0.019679902121424675,
        -0.01053868792951107,
        -0.003712029429152608,
        -0.0025530883576720953,
        -0.015413355082273483,
        -0.035699665546417236,
        -0.042095284909009933,
        0.05362991616129875,
        -0.058084093034267426,
        0.065168097615242,
        0.009491031989455223,
        0.000314500299282372,
        0.000498678011354059,
        -0.05062960088253021,
        0.03118036314845085,
        -0.028150875121355057,
        -0.060269322246313095,
        0.024275613948702812,
        -0.04218705743551254,
        -0.10089254379272461,
        0.22254252433776855,
        -0.035513900220394135,
        0.007492697332054377,
        0.02442854642868042,
        -0.058062594383955,
        0.04742397740483284,
        -0.01985088363289833,
        -0.02216421067714691,
        -0.024203656241297722,
        -0.035829316824674606,
        0.019776487722992897,
        -0.015235447324812412,
        -0.06237476319074631,
        0.00584723986685276,
        -0.024935292080044746,
        0.07423551380634308,
        0.020261941477656364,
        0.017789965495467186,
        0.026050928980112076,
        -0.02256990596652031,
        0.003929853439331055,
        -0.006092589348554611,
        0.036648042500019073,
        0.061008453369140625,
        -0.029688453301787376,
        0.014087383635342121,
        -0.08486445993185043,
        0.048537835478782654,
        0.10044994950294495,
        0.006660501006990671,
        0.012619862332940102,
        0.019995512440800667,
        -0.03437379375100136,
        -0.01580502651631832,
        -0.023177755996584892,
        0.007171605248004198,
        0.011322734877467155,
        0.026510003954172134,
        -0.04746170714497566,
        0.07681433856487274,
        -0.0026458557695150375,
        -0.01256344374269247,
        -0.11986304074525833,
        -0.06727459281682968,
        -0.08955086767673492,
        0.024462178349494934,
        0.07238868623971939,
        0.01951676234602928,
        0.07072600722312927,
        -0.023641562089323997,
        0.006038893945515156,
        -0.0002484450815245509,
        0.04842124506831169,
        -0.03663135692477226,
        -0.06141486018896103,
        0.042410485446453094,
        0.017295917496085167,
        0.027486003935337067,
        0.028766272589564323,
        -0.03300953283905983,
        0.005246039479970932,
        0.003045368241146207,
        -0.042072538286447525,
        -0.05616433545947075,
        0.0849708840250969,
        0.02642088383436203,
        -0.04361864924430847,
        -0.011666988022625446,
        0.008055334910750389,
        0.008274203166365623,
        0.020207105204463005,
        0.032061100006103516,
        0.019053097814321518,
        -0.06350232660770416,
        0.05522577464580536,
        0.07036526501178741,
        0.011868265457451344,
        -0.07805018126964569,
        -0.017060523852705956,
        0.006563352886587381,
        -0.004825111478567123,
        0.03397420048713684,
        -0.040457211434841156,
        -0.05184274539351463,
        0.045693058520555496,
        0.05251671001315117,
        0.02603129856288433,
        -0.018655266612768173,
        -0.03861602395772934,
        0.053021203726530075,
        0.093870148062706,
        -0.003813721938058734,
        0.04030264914035797,
        -0.05778743326663971,
        -0.004376304801553488,
        -0.03224286437034607,
        0.010094687342643738,
        -0.04437718912959099,
        -0.031163349747657776,
        -0.031650714576244354,
        0.018924448639154434,
        -0.03380605950951576,
        -0.04146018251776695,
        -0.03498898446559906,
        0.019093619659543037,
        0.07421136647462845,
        0.017633216455578804,
        0.019938426092267036,
        -0.029845528304576874,
        0.054721590131521225,
        -0.0026188953779637814,
        -0.07046336680650711,
        0.028787918388843536,
        0.04749928414821625,
        -0.03274074196815491,
        -0.04792875051498413,
        0.03165233135223389,
        0.0536322146654129,
        0.030837053433060646,
        0.01875559240579605,
        0.03507620468735695,
        0.07675739377737045,
        -0.08647192269563675,
        -0.11132767051458359,
        -0.22922097146511078,
        0.002875015139579773,
        0.02952619455754757,
        -0.006307036150246859,
        0.09801389276981354,
        -0.04378415644168854,
        0.03433061018586159,
        -0.0001352287654299289,
        -0.01872299797832966,
        0.008416853845119476,
        0.09347855299711227,
        -0.02597413770854473,
        -0.05904313176870346,
        0.03140006959438324,
        -0.016907677054405212,
