{
    "index": 684,
    "page": 107,
    "text": "our own will, nor of itself contrary to the common good) and generally, as it is both \nexpedient and seasonable to the whole, that in that respect it must needs be good. It \nis that also, which is brought unto us by the order and appointment of the Divine \nProvidence; so that he whose will and mind in these things runs along with the Di-\nvine ordinance, and by this concurrence of his will and mind with the Divine Provi-\ndence, is led and driven along, as it were by God Himself; may truly be termed and \nesteemed the θεοφόρητος, or divinely led and inspired.",
    "embedding_of_chunk": [
        -0.016630975529551506,
        -0.032647956162691116,
        0.029722077772021294,
        -0.07157845795154572,
        0.01374009344726801,
        0.02752411738038063,
        0.06588449329137802,
        0.06786534190177917,
        -0.02438225783407688,
        0.013140945695340633,
        -0.04077841341495514,
        -0.043107613921165466,
        0.026346173137426376,
        0.015414338558912277,
        0.03242488205432892,
        -0.022455798462033272,
        -0.005331146065145731,
        0.0640396997332573,
        -0.07396569103002548,
        0.019852854311466217,
        0.054706085473299026,
        -0.030342472717165947,
        -0.06837592273950577,
        -0.05653069540858269,
        0.01032391469925642,
        0.01463407278060913,
        -0.01725573092699051,
        -0.023408805951476097,
        0.001172270392999053,
        -0.17780408263206482,
        -0.009477823041379452,
        -0.02702833153307438,
        0.022861406207084656,
        -0.014185786247253418,
        -0.05555001646280289,
        -0.03179818019270897,
        -0.07206149399280548,
        0.06112825125455856,
        -0.06426619738340378,
        0.03393993526697159,
        0.05280318856239319,
        0.010268042795360088,
        -0.01995573379099369,
        -0.01837867684662342,
        -0.03450561687350273,
        -0.03797874599695206,
        -0.016418905928730965,
        -0.005111316684633493,
        0.020857883617281914,
        -0.026936817914247513,
        0.025073563680052757,
        -0.01207097340375185,
        0.0054901097901165485,
        0.00961895752698183,
        0.03620738163590431,
        0.07643667608499527,
        0.044978536665439606,
        -0.013025502674281597,
        0.0476374477148056,
        0.042705923318862915,
        0.04210008680820465,
        0.015736598521471024,
        -0.2648189067840576,
        0.09464526921510696,
        0.022506264969706535,
        0.003714316990226507,
        -0.04109934717416763,
        -0.03618801012635231,
        0.010858887806534767,
        0.038782116025686264,
        -0.008854934945702553,
        0.030058829113841057,
        0.02923305705189705,
        0.03998836874961853,
        0.0028975701425224543,
        -0.011075494810938835,
        0.028104012832045555,
        -0.011600721627473831,
        -0.022062335163354874,
        0.04817390814423561,
        -0.001996444072574377,
        0.012596250511705875,
        -0.03741487115621567,
        -0.0005025822902098298,
        -0.0341205969452858,
        -0.024883609265089035,
        -0.005187592003494501,
        -0.005165582988411188,
        0.03652404993772507,
        -0.003352980362251401,
        -0.005886882543563843,
        -0.04105999693274498,
        -0.02813802659511566,
        0.013762167654931545,
        -0.015006485395133495,
        0.02204456366598606,
        0.00325399381108582,
        -0.041504792869091034,
        -0.04927347972989082,
        0.20657022297382355,
        -0.0375472828745842,
        0.025920463725924492,
        0.018684519454836845,
        -0.039877183735370636,
        0.09492204338312149,
        0.006582717411220074,
        0.011425845324993134,
        -0.053065478801727295,
        -0.022718926891684532,
        0.021188396960496902,
        0.018547626212239265,
        -0.03517774119973183,
        0.01717732660472393,
        -0.07760642468929291,
        0.011403750628232956,
        0.010839267633855343,
        0.029075298458337784,
        -0.00031587728881277144,
        -0.0328548289835453,
        -0.044002730399370193,
        0.011380920186638832,
        0.028861356899142265,
        0.06988392770290375,
        -0.029485110193490982,
        0.027264771983027458,
        -0.0629160925745964,
        0.043026961386203766,
        0.09088844060897827,
        0.01944158785045147,
        0.01150879543274641,
        0.03155907616019249,
        -0.03741270676255226,
        -0.024944951757788658,
        -0.012138371355831623,
        0.020587453618645668,
        0.012012859806418419,
        0.009903747588396072,
        -0.04646943509578705,
        0.048627469688653946,
        -0.041975535452365875,
        -0.015620704740285873,
        -0.1075686663389206,
        -0.022321270778775215,
        -0.1323963850736618,
        0.006565629970282316,
        0.03666754066944122,
        0.0076575689017772675,
        0.05375896394252777,
        -0.004587632138282061,
        0.034877270460128784,
        -0.04458359628915787,
        0.039965491741895676,
        -0.028946811333298683,
        -0.08112157881259918,
        0.029244815930724144,
        0.007154860533773899,
        -0.009468106552958488,
        0.06591778248548508,
        -0.013489154167473316,
        -0.012629958800971508,
        0.006130243185907602,
        -0.017987268045544624,
        -0.02735491283237934,
        0.13170874118804932,
        0.003367172321304679,
        -0.062148407101631165,
        0.01656089909374714,
        -0.021089041605591774,
        0.035951826721429825,
        0.03252033889293671,
        0.027810443192720413,
        0.04217826947569847,
        -0.04895284026861191,
        0.055584799498319626,
        0.07915781438350677,
        0.04430943727493286,
        -0.03821349889039993,
        0.016971617937088013,
        -0.0044645690359175205,
        0.00718379532918334,
        0.043007928878068924,
        -0.06466125696897507,
        -0.06824936717748642,
        0.03773950785398483,
        0.0532551072537899,
        -0.010501883924007416,
        -0.029151465743780136,
        -0.0456223227083683,
        0.02643083967268467,
        0.06813005357980728,
        0.006874511018395424,
        0.07501547783613205,
        -0.03751777857542038,
        -0.02886507473886013,
        -0.03547699376940727,
        -0.0016101632500067353,
        -0.020276490598917007,
        -0.00259790220297873,
        -0.04317848011851311,
        0.00850477535277605,
        -0.07187322527170181,
        -0.0061308410950005054,
        -0.011192664504051208,
        0.05186888203024864,
        0.028094055131077766,
        0.0331350639462471,
        -0.012948358431458473,
        0.016793614253401756,
        0.009752916172146797,
        0.008946542628109455,
        -0.049240775406360626,
        0.03809870406985283,
        0.077712282538414,
        0.02064022235572338,
        -0.06524397432804108,
        0.01761118695139885,
        -0.0030673062428832054,
        0.07961288094520569,
        0.04671942815184593,
        0.021807009354233742,
        0.0667518675327301,
        -0.061989620327949524,
        -0.0336996391415596,
        -0.23681782186031342,
        0.000972860783804208,
        -0.030160631984472275,
        0.022185644134879112,
        0.0383438915014267,
        -0.04021086543798447,
        0.0085380207747221,
        0.013844391331076622,
        -0.0062471674755215645,
        0.050860390067100525,
        0.08344649523496628,
        -0.019304607063531876,
        -0.033323984593153,
        0.04670620709657669,
        0.01684562675654888,
        0.06562512367963791,
        0.012687779031693935,
        -0.008704491890966892,
        -0.01804758980870247,
        0.013612237758934498,
        -0.03453054279088974,
        0.05937622860074043,
