{
    "index": 430,
    "page": 68,
    "text": "VI. Every particular nature hath content, when in its own proper course it speeds. A \nreasonable nature doth then speed, when first in matter of fancies and imaginations, \nit gives no consent to that which is either false uncertain. Secondly, when in all its \nmotions and resolutions it takes its level at the common good only, and that it de-\nsireth nothing, and flieth from nothing, bet what is in its own power to compass or \navoid. And lastly, when it willingly and gladly embraceth, whatsoever is dealt and \nappointed unto it by the common nature. For it is part of it; even as the nature of \nany one leaf, is part of the common nature of all plants and trees. But that the na-\nture of a leaf, is part of a nature both unreasonable and unsensible, and which in its",
    "embedding_of_chunk": [
        -0.024392511695623398,
        -0.016633953899145126,
        0.007522808387875557,
        -0.03244733065366745,
        0.007025295402854681,
        0.032635536044836044,
        0.07775500416755676,
        0.007267484907060862,
        0.019610710442066193,
        0.0527215376496315,
        0.007009296678006649,
        -0.09072817862033844,
        0.043240830302238464,
        0.006321576423943043,
        0.0017111777560785413,
        0.002252955222502351,
        0.006450877990573645,
        0.004751604050397873,
        -0.07341091334819794,
        0.03730848804116249,
        0.09704762697219849,
        -0.006636652164161205,
        -0.007050327956676483,
        -0.03991609439253807,
        0.012326680123806,
        0.001074308529496193,
        -0.06431365013122559,
        -0.04468706250190735,
        0.008676470257341862,
        -0.201981320977211,
        -0.01907382160425186,
        -0.014349649660289288,
        0.05897605046629906,
        0.0023608312476426363,
        -0.03943101689219475,
        -0.03757023438811302,
        -0.06172845885157585,
        0.0474739670753479,
        -0.011658660136163235,
        0.029670553281903267,
        0.027573037892580032,
        0.03852786496281624,
        -0.016666367650032043,
        -0.02586374245584011,
        -0.010328741744160652,
        -0.02924390137195587,
        0.007287668529897928,
        -0.0030277646146714687,
        0.014588036574423313,
        -0.03891293704509735,
        -0.03069245256483555,
        -0.00915537029504776,
        -0.020192086696624756,
        0.02612970396876335,
        0.007639895658940077,
        0.0793471485376358,
        0.04315897077322006,
        0.03866708278656006,
        0.06511158496141434,
        0.020576145499944687,
        0.04757816344499588,
        0.02993902564048767,
        -0.2307807058095932,
        0.0785779282450676,
        0.07847567647695541,
        0.007271469570696354,
        -0.0440017431974411,
        -0.022476909682154655,
        0.028161296620965004,
        0.043594568967819214,
        -0.018606334924697876,
        0.032947905361652374,
        0.022644206881523132,
        0.06490295380353928,
        0.01482339296489954,
        -0.021526673808693886,
        -0.040038589388132095,
        -0.0773908719420433,
        -0.04064517468214035,
        0.015406101010739803,
        -0.028895888477563858,
        -0.004604492802172899,
        -0.040128957480192184,
        0.014402098953723907,
        -0.0263042151927948,
        -0.030164936557412148,
        0.027070699259638786,
        -0.05752431973814964,
        0.047399818897247314,
        0.03311034291982651,
        0.0061095827259123325,
        -0.04508715122938156,
        -0.029629366472363472,
        0.006967393681406975,
        -0.04087184742093086,
        -0.028053807094693184,
        0.03164318948984146,
        -0.01658552512526512,
        -0.0315319187939167,
        0.19275766611099243,
        -0.053599756211042404,
        0.040218792855739594,
        0.009285351261496544,
        -0.01164450217038393,
        0.03984258323907852,
        -0.03156379610300064,
        -0.040325891226530075,
        -0.07429461926221848,
        -0.004762385040521622,
        0.036071546375751495,
        0.024638328701257706,
        -0.03680354729294777,
        0.023455707356333733,
        -0.026979776099324226,
        0.03484329581260681,
        0.009596793912351131,
        0.038520827889442444,
        0.019829409196972847,
        -0.03410850465297699,
        -0.010249828919768333,
        -0.035977803170681,
        0.05511203035712242,
        0.04351668804883957,
        -0.03620719537138939,
        0.030673643574118614,
        -0.09478691220283508,
        0.0617387555539608,
        0.1140824481844902,
        0.013424810022115707,
        0.017881209030747414,
        0.024465087801218033,
        -0.05623197555541992,
        0.0072318799793720245,
        -0.041244588792324066,
        -0.015886055305600166,
        0.04158151522278786,
        0.024650968611240387,
        -0.014230054803192616,
        0.020075857639312744,
        -0.01883752830326557,
        -0.07190775126218796,
        -0.13800539076328278,
        -0.0540546216070652,
        -0.09833566099405289,
        -0.035767897963523865,
        0.07827334851026535,
        0.029410596936941147,
        0.07505402714014053,
        -0.022574344649910927,
        0.031682681292295456,
        -0.020160768181085587,
        0.013537422753870487,
        -0.010013938881456852,
        -0.014811096712946892,
        0.03403226286172867,
        0.044325683265924454,
        0.03944425284862518,
        0.054116807878017426,
        -0.031220221891999245,
        -0.01943465694785118,
        -0.018310165032744408,
        -0.02908247523009777,
        -0.025862058624625206,
        0.136813223361969,
        0.023297248408198357,
        -0.01829802617430687,
        0.005991860758513212,
        0.014637583866715431,
        -0.0056830598041415215,
        -0.02179877460002899,
        -0.003221189370378852,
        0.027221785858273506,
        -0.0258353129029274,
        0.07015262544155121,
        0.08666332811117172,
        0.017319628968834877,
        -0.07007987797260284,
        -0.005743013694882393,
        -0.03259634971618652,
        0.019731298089027405,
        0.055088017135858536,
        -0.035981565713882446,
        -0.001013240311294794,
        0.0652279183268547,
        0.05283406004309654,
        0.007928420789539814,
        -0.029600169509649277,
        -0.02433762513101101,
        0.036558035761117935,
        0.053813621401786804,
        -0.004538106266409159,
        0.01910540647804737,
        -0.03697711229324341,
        -0.0158635713160038,
        -0.05738305673003197,
        -0.03206923231482506,
        -0.039184242486953735,
        -0.008502691052854061,
        -0.004750720225274563,
        -0.019729068502783775,
        -0.01046032551676035,
        0.006939472630620003,
        -0.0037268956657499075,
        0.030571764335036278,
        0.02269650436937809,
        0.01714318059384823,
        0.013115187175571918,
        -0.04153398796916008,
        0.01604466699063778,
        0.04141416400671005,
        -0.03195339813828468,
        0.03133189305663109,
        0.01636064425110817,
        -0.022174576297402382,
        -0.03804842010140419,
        0.023161109536886215,
        0.020541639998555183,
        0.005307352170348167,
        0.04722746089100838,
        0.06275638937950134,
        0.017056718468666077,
        -0.13099217414855957,
        -0.049129918217659,
        -0.23267687857151031,
        0.0013435508590191603,
        0.01079040952026844,
        -0.016591191291809082,
        0.11345116794109344,
        -0.008090758696198463,
        -0.014430331997573376,
        -0.018573371693491936,
        0.005973033607006073,
        0.025295568630099297,
        0.05162212997674942,
        -0.030706973746418953,
        -0.011959386058151722,
        0.009521745145320892,
        0.010431001894176006,
