{
    "index": 314,
    "page": 50,
    "text": "XIX. Suppose that at the palestra somebody hath all to-torn thee with his nails, and \nhath broken thy head. Well, thou art wounded. Yet thou dost not exclaim; thou art \nnot offended with him. Thou dost not suspect him for it afterwards, as one that \nwatcheth to do thee a mischief. Yea even then, though thou dost thy best to save \nthyself from him, yet not from him as an enemy. It is not by way of any suspicious \nindignation, but by way of gentle and friendly declination. Keep the same mind and \ndisposition in other parts of thy life also. For many things there be, which we must \nconceit and apprehend, as though we had had to do with an antagonist at the pales-\ntra. For as I said, it is very possible for us to avoid and decline, though we neither \nsuspect, nor hate.",
    "embedding_of_chunk": [
        -0.045225173234939575,
        0.015587522648274899,
        0.0059463856741786,
        0.004233991727232933,
        0.011458396911621094,
        0.020123343914747238,
        0.11383552104234695,
        0.03734717518091202,
        -0.015185276046395302,
        -0.03627903759479523,
        -0.014703243970870972,
        -0.09227199107408524,
        0.04232554882764816,
        0.041404034942388535,
        0.0016823014011606574,
        0.012903952039778233,
        -0.025153225287795067,
        0.08234331011772156,
        -0.05156952142715454,
        0.02204192988574505,
        0.006750205997377634,
        -0.003950347192585468,
        0.01044122688472271,
        -0.06580476462841034,
        0.0032419483177363873,
        0.04493735358119011,
        -0.01030808500945568,
        -0.02086707390844822,
        -0.013784166425466537,
        -0.15796272456645966,
        0.018037812784314156,
        -0.03484724089503288,
        0.012668032199144363,
        -0.05288474261760712,
        0.012824599631130695,
        0.008267084136605263,
        -0.03201670199632645,
        0.05383681133389473,
        0.0032545847352594137,
        0.04008910059928894,
        0.03516571968793869,
        0.06103958934545517,
        -0.019293900579214096,
        -0.033567629754543304,
        -0.013451989740133286,
        -0.025768322870135307,
        -0.01856960728764534,
        -0.004291029646992683,
        0.030182713642716408,
        0.0007455389713868499,
        -0.018890338018536568,
        -0.0009055502014234662,
        0.046503301709890366,
        0.015777654945850372,
        0.013745822943747044,
        0.04213351383805275,
        0.09353826195001602,
        0.0195301603525877,
        0.038860537111759186,
        0.016418084502220154,
        0.05745066702365875,
        0.03595704212784767,
        -0.2119608372449875,
        0.07327692210674286,
        0.07418759167194366,
        0.025476086884737015,
        -0.020161470398306847,
        -0.030745772644877434,
        0.011256189085543156,
        0.05487034097313881,
        -0.03014061227440834,
        0.04270944371819496,
        0.052437733858823776,
        0.052178576588630676,
        0.00532589852809906,
        -0.021713268011808395,
        -0.008807729929685593,
        -0.04580065980553627,
        -0.028926560655236244,
        0.0024758793879300356,
        -0.023458244279026985,
        -0.010644192807376385,
        0.020416468381881714,
        0.015346173197031021,
        -0.05620478093624115,
        -0.07242316752672195,
        0.03375988453626633,
        -0.08279325813055038,
        0.04640347138047218,
        0.01266465988010168,
        0.005849374458193779,
        -0.009743673726916313,
        0.015063436701893806,
        0.016427872702479362,
        -0.05548498034477234,
        -0.04301565885543823,
        0.006765307392925024,
        -0.009247339330613613,
        -0.07899682223796844,
        0.20604300498962402,
        -0.0576024055480957,
        0.037637434899806976,
        0.01412608940154314,
        -0.02664322219789028,
        0.0507817380130291,
        -0.04475410655140877,
        -0.007294577546417713,
        -0.04706260561943054,
        -0.031670115888118744,
        0.026297317817807198,
        0.04211929813027382,
        -0.03845876827836037,
        0.02464274689555168,
        -0.06109091639518738,
        0.029449094086885452,
        -0.017354333773255348,
        0.034875448793172836,
        0.008543518371880054,
        -0.02538732998073101,
        0.011122530326247215,
        0.009119119495153427,
        0.01289877388626337,
        0.05085371062159538,
        0.01293124444782734,
        -0.0027498037088662386,
        -0.1100807711482048,
        0.06570059061050415,
        0.10515230894088745,
        0.019180936738848686,
        -0.018772277981042862,
        -0.04126206040382385,
        -0.09806667268276215,
        -0.057148274034261703,
        -0.005262927617877722,
        0.043527618050575256,
        0.05169583484530449,
        -0.0028546846006065607,
        -0.005876316223293543,
        0.02482144720852375,
        -0.05966835841536522,
        -0.03478403761982918,
        -0.1807447224855423,
        -0.036098673939704895,
        -0.06731683015823364,
        0.0006221215007826686,
        0.059699106961488724,
        0.008192362263798714,
        0.014674309641122818,
        -0.028119953349232674,
        -0.003703586757183075,
        -0.03314153850078583,
        0.034382302314043045,
        -0.054202646017074585,
        0.0034175042528659105,
        0.003571826731786132,
        0.034355588257312775,
        0.02546541765332222,
        0.060087285935878754,
        -0.06317324936389923,
        0.04937358200550079,
        0.05095573142170906,
        -0.032207004725933075,
        -0.03747189790010452,
        0.10550544410943985,
        0.03690313175320625,
        -0.01521838828921318,
        0.0005936213419772685,
        0.0219263955950737,
        0.027730323374271393,
        -0.030268581584095955,
        0.039682768285274506,
        -0.006857918109744787,
        -0.05124182626605034,
        0.021132875233888626,
        0.05155612900853157,
        0.057214271277189255,
        -0.05441322550177574,
        -0.004579584579914808,
        0.004982781130820513,
        0.01833331026136875,
        0.056688182055950165,
        -0.03471489995718002,
        -0.03229263797402382,
        0.02656090445816517,
        0.01736299879848957,
        0.0007110770675353706,
        0.005239676218479872,
        0.005286165047436953,
        0.04209038242697716,
        0.04745788872241974,
        -0.03920045867562294,
        0.014076268300414085,
        -0.046169463545084,
        -0.026192709803581238,
        -0.04277163743972778,
        0.012438698671758175,
        -0.04386473447084427,
        0.0021556178107857704,
        -0.04562973603606224,
        0.026871787384152412,
        -0.002564889844506979,
        0.0010690493509173393,
        -0.0383775532245636,
        0.04296725243330002,
        0.062087081372737885,
        -0.008652208372950554,
        0.006716235540807247,
        -0.044267430901527405,
        0.02481708489358425,
        0.019469432532787323,
        -0.07859349250793457,
        0.029828764498233795,
        0.06770749390125275,
        -0.026783820241689682,
        -0.036876093596220016,
        0.044547539204359055,
        0.007139612454921007,
        0.023683199658989906,
        0.040743034332990646,
        0.06767567992210388,
        0.0170921478420496,
        -0.10441222786903381,
        -0.05658424273133278,
        -0.24795156717300415,
        0.014555821195244789,
        0.008762604556977749,
        -0.03987369313836098,
        0.033477865159511566,
        -0.07006451487541199,
        0.035789262503385544,
        -0.028765512630343437,
        0.03421323373913765,
        0.01782166212797165,
        0.045759011059999466,
        -0.03871641308069229,
        -0.007238556630909443,
        -0.0009628808475099504,
        -0.007798166014254093,
