{
    "index": 107,
    "page": 17,
    "text": "9 [“Cajeta” (17). The passage is certainly corrupt. C. spies a reference to Chryses praying by the sea-shore in the \nIliad, and supposes M. Aurelius to have done the like. None of the emendations suggested is satisfactory. \n\nAt § xv. Book II. is usually reckoned to begin.] \nFIRST BOOK \n\nteeth: for such therefore to be in opposition, is against nature; and what is it to chafe \nat, and to be averse from, but to be in opposition?",
    "embedding_of_chunk": [
        -0.03297796845436096,
        0.003439193358644843,
        -0.004706665873527527,
        0.0298080462962389,
        -0.023016098886728287,
        -0.012277793139219284,
        0.07152291387319565,
        0.052852388471364975,
        -0.006792488507926464,
        -0.00033254997106269,
        -0.03022409975528717,
        -0.08442587405443192,
        0.01188674010336399,
        0.03058868646621704,
        -7.987927529029548e-05,
        -0.0070336563512682915,
        -0.04175390303134918,
        0.02159080281853676,
        -0.03908485919237137,
        0.05565470829606056,
        0.08902300894260406,
        -0.0050713419914245605,
        0.008537855930626392,
        -0.09196311235427856,
        0.02172812446951866,
        0.06259232759475708,
        -0.029310904443264008,
        -0.04484289884567261,
        -0.010338694788515568,
        -0.17735762894153595,
        -0.015161865390837193,
        -0.04366825893521309,
        0.023061254993081093,
        -0.04113218933343887,
        0.0012430637143552303,
        -0.010832145810127258,
        -0.037199292331933975,
        0.05308028310537338,
        -0.0073118084110319614,
        0.09082065522670746,
        0.0370941236615181,
        0.036872461438179016,
        -0.030700670555233955,
        -0.023317262530326843,
        -0.04969567805528641,
        -0.036549776792526245,
        -0.005531677510589361,
        -0.021044425666332245,
        0.04491329938173294,
        -0.038732267916202545,
        -0.03040592186152935,
        0.014173950999975204,
        -0.01398707926273346,
        0.038859862834215164,
        0.011406668461859226,
        0.01334298588335514,
        0.09361981600522995,
        0.032036617398262024,
        0.05729074776172638,
        0.02404599077999592,
        0.042115554213523865,
        0.055348873138427734,
        -0.2377576231956482,
        0.0735132023692131,
        0.02745567448437214,
        0.07255007326602936,
        -0.010320870205760002,
        0.0075472332537174225,
        0.011031837202608585,
        0.06832579523324966,
        -0.017882293090224266,
        0.010607813484966755,
        0.0558820404112339,
        0.08490507304668427,
        0.040497470647096634,
        -0.025242507457733154,
        -0.031944602727890015,
        -0.05670061334967613,
        -0.013540128245949745,
        -0.019562849774956703,
        -0.0072908527217805386,
        0.041855763643980026,
        -0.04218291491270065,
        0.034331340342760086,
        -0.03770231083035469,
        -0.001540487166494131,
        0.018281366676092148,
        -0.024324005469679832,
        0.07384918630123138,
        -0.015059693716466427,
        0.013981771655380726,
        -0.05565209686756134,
        -0.02520100027322769,
        0.02519528940320015,
        -0.0789506658911705,
        -0.03395647183060646,
        0.025009822100400925,
        -0.0012740460224449635,
        -0.047787927091121674,
        0.21017155051231384,
        -0.026883110404014587,
        0.011272581294178963,
        0.013294344767928123,
        -0.003206575056537986,
        0.0884191170334816,
        -0.024451259523630142,
        -0.004692418966442347,
        -0.08403448015451431,
        -0.006360635161399841,
        0.020154336467385292,
        0.008370946161448956,
        -0.03810720518231392,
        0.05233527719974518,
        -0.011662300676107407,
        0.0008381266379728913,
        0.006328925956040621,
        0.07292231917381287,
        -0.005340529140084982,
        -0.05035865679383278,
        0.008029715158045292,
        -0.020949330180883408,
        -0.008909254334867,
        0.0498342365026474,
        0.016244886443018913,
        0.045782577246427536,
        -0.10127029567956924,
        0.05873437598347664,
        0.08474250137805939,
        0.0427570715546608,
        -0.005947037134319544,
        0.029286440461874008,
        -0.05740686506032944,
        -0.03338662534952164,
        -0.007913347333669662,
        -0.013213383965194225,
        0.027618594467639923,
        -0.010515253059566021,
        -0.01783275231719017,
        0.026858918368816376,
        -0.025119133293628693,
        -0.04320598393678665,
        -0.18862998485565186,
        -0.0192711278796196,
        -0.07711707800626755,
        -0.008865744806826115,
        0.02328057400882244,
        -0.0024029030464589596,
        0.058038048446178436,
        -0.054166655987501144,
        0.021854257211089134,
        0.004975916817784309,
        0.03374529257416725,
        -0.047232773154973984,
        -0.011243028566241264,
        -0.012507002800703049,
        0.03821904957294464,
        0.010598779655992985,
        0.09383804351091385,
        -0.028556417673826218,
        -0.002706630388274789,
        0.012956094928085804,
        -0.006473651621490717,
        -0.02218608930706978,
        0.12715142965316772,
        0.03869672119617462,
        -0.010540727525949478,
        0.008672232739627361,
        0.03770223632454872,
        -0.0073418463580310345,
        -0.009003284387290478,
        0.015267781913280487,
        -0.015562347136437893,
        -0.07943251729011536,
        0.035449348390102386,
        0.06816859543323517,
        0.031117163598537445,
        -0.034697528928518295,
        0.004872760735452175,
        -0.03407346084713936,
        0.02717733196914196,
        0.06396335363388062,
        -0.0538557805120945,
        -0.06457862257957458,
        0.06949210166931152,
        0.01607673428952694,
        -0.07326989620923996,
        -0.04345930740237236,
        -0.028609594330191612,
        0.02650347538292408,
        0.043007612228393555,
        -0.017808033153414726,
        0.05167942866683006,
        -0.02762269414961338,
        0.001788815832696855,
        -0.04093625769019127,
        -0.032049760222435,
        -0.01682361401617527,
        -0.00441434932872653,
        -0.0453268364071846,
        -0.05376090854406357,
        -0.024541500955820084,
        0.03780141472816467,
        -0.03735291585326195,
        0.0008421086240559816,
        0.0030716522596776485,
        0.04213337600231171,
        0.01262643188238144,
        -0.03035610169172287,
        0.03226902335882187,
        0.00387936900369823,
        -0.04459473490715027,
        0.019443245604634285,
        0.03694882616400719,
        -0.015562227927148342,
        -0.005210537929087877,
        0.0061354911886155605,
        0.010519011877477169,
        0.027977371588349342,
        0.013276220299303532,
        0.01331909280270338,
        0.02864067256450653,
        -0.09985522925853729,
        -0.03484697639942169,
        -0.20621363818645477,
        -0.00839733611792326,
        -0.007243359927088022,
        -0.04242504760622978,
        0.05148964002728462,
        -0.03385528177022934,
        0.04175378382205963,
        -0.038036711513996124,
        0.01343279518187046,
        0.059071142226457596,
        0.019269095733761787,
        -0.06178244948387146,
        -0.03001907840371132,
        0.07782869040966034,
        -0.01933291181921959,
        0.051987044513225555,
        -0.016121847555041313,
        0.010776367038488388,
        -0.005893533118069172,
        0.045037731528282166,
        -0.03869331628084183,
        0.0298044104129076,
        -0.025424223393201828,
        -0.0571514368057251,
        0.006429657340049744,
        0.0593402124941349,
