{
    "index": 188,
    "page": 30,
    "text": "VII. Let opinion be taken away, and no man will think himself wronged. If no man \nshall think himself wronged, then is there no more any such thing as wrong. That \nwhich makes not man himself the worse, cannot make his life the worse, neither can \nFOURTH BOOK \n\nit hurt him either inwardly or outwardly. It was expedient in nature that it should be \nso, and therefore necessary.",
    "embedding_of_chunk": [
        -0.016927603632211685,
        0.011867515742778778,
        0.019861772656440735,
        -0.026008985936641693,
        0.00019430452084634453,
        0.028073208406567574,
        0.08173367381095886,
        0.057722508907318115,
        -0.020882539451122284,
        -0.021258950233459473,
        -0.001187456538900733,
        -0.05920558050274849,
        0.03209491819143295,
        0.055047426372766495,
        -0.010457880795001984,
        0.005051719956099987,
        0.007341059390455484,
        0.06182745471596718,
        -0.06997508555650711,
        0.040967583656311035,
        0.0660003051161766,
        -0.02515612728893757,
        -0.0198163241147995,
        -0.07381827384233475,
        0.02526150457561016,
        0.027098044753074646,
        -0.021121373400092125,
        -0.051811035722494125,
        -0.02950592152774334,
        -0.1737850457429886,
        -0.0041813356801867485,
        -0.033688824623823166,
        0.02791098691523075,
        -0.023753998801112175,
        -0.008543508127331734,
        -0.024781255051493645,
        -0.04436180740594864,
        0.025067441165447235,
        -0.03414158895611763,
        0.06228434294462204,
        0.02788498066365719,
        0.03229484707117081,
        0.00023229759244713932,
        -0.02704019844532013,
        -0.019582368433475494,
        -0.008218977600336075,
        -0.0286965761333704,
        -0.01681831292808056,
        0.021561266854405403,
        -0.010404571890830994,
        -0.010470852255821228,
        -0.02964506298303604,
        -0.012035519815981388,
        0.012748214416205883,
        0.003964602947235107,
        0.00019682288984768093,
        0.040646329522132874,
        0.002956546377390623,
        0.03333861753344536,
        0.031144488602876663,
        0.05941401422023773,
        0.010744751431047916,
        -0.24858532845973969,
        0.04628600552678108,
        0.05118140950798988,
        0.011373970657587051,
        -0.05665545165538788,
        -0.025282762944698334,
        -0.02926637977361679,
        0.09191408008337021,
        -0.05200345814228058,
        0.04653698578476906,
        0.04237157106399536,
        0.061066094785928726,
        0.007810867391526699,
        0.00888036284595728,
        0.0029519228264689445,
        -0.013069801032543182,
        0.008416954427957535,
        0.03670790046453476,
        -0.021055491641163826,
        0.02117667719721794,
        -0.029716890305280685,
        -0.006705026607960463,
        -0.020414410158991814,
        -0.026959631592035294,
        -0.013227473944425583,
        -0.059209663420915604,
        0.018326573073863983,
        0.0389232411980629,
        -0.0041741011664271355,
        -0.023940879851579666,
        0.012107474729418755,
        0.03347192704677582,
        -0.03833223506808281,
        0.0051032667979598045,
        -0.006856413092464209,
        0.003961188718676567,
        -0.07838050276041031,
        0.17523516714572906,
        -0.04178931936621666,
        0.020651740953326225,
        0.012120760977268219,
        -0.04323657974600792,
        0.05739228427410126,
        -0.03979368507862091,
        -0.013762187212705612,
        -0.09027103334665298,
        -0.017492709681391716,
        -0.0012671034783124924,
        0.006329093128442764,
        -0.05113239213824272,
        0.022409165278077126,
        -0.05666656792163849,
        0.02133093774318695,
        0.052265942096710205,
        0.08259229362010956,
        -0.017937252297997475,
        -0.028495587408542633,
        -0.02204049564898014,
        -0.03160489723086357,
        0.06269321590662003,
        0.03900871053338051,
        -0.023347659036517143,
        0.01776006817817688,
        -0.09963937103748322,
        0.019595809280872345,
        0.1055968701839447,
        0.02961028181016445,
        -0.014452315866947174,
        0.013378928415477276,
        -0.07446756213903427,
        -0.008177167735993862,
        -0.008366746827960014,
        0.01794562116265297,
        0.009425004944205284,
        0.028346631675958633,
        -0.0033858120441436768,
        0.04854684695601463,
        -0.06039055064320564,
        -0.012808525003492832,
        -0.16869693994522095,
        -0.04941230267286301,
        -0.05907190218567848,
        -0.03193628787994385,
        0.05773795396089554,
        0.008696727454662323,
        -0.006969859823584557,
        -0.05314171314239502,
        0.05674951151013374,
        -0.023048756644129753,
        0.028927747160196304,
        -0.09140022844076157,
        -0.010679947212338448,
        0.008176094852387905,
        -0.002050478244200349,
        -0.009837479330599308,
        0.007118901703506708,
        -0.07127882540225983,
        0.035073280334472656,
        0.002788177691400051,
        -0.0010587305296212435,
        -0.06357008218765259,
        0.11576106399297714,
        -0.009842176921665668,
        0.025332530960440636,
        -0.007965976372361183,
        0.0014929025201126933,
        0.029178259894251823,
        0.02680169977247715,
        0.014615503139793873,
        0.02058771438896656,
        -0.030341923236846924,
        0.0729738250374794,
        0.09929709136486053,
        0.00508351344615221,
        -0.02137967012822628,
        0.0006041575106792152,
        0.006432417314499617,
        0.014596149325370789,
        0.03044503927230835,
        -0.02715899981558323,
        -0.05747518315911293,
        0.054023344069719315,
        0.03407231345772743,
        0.01839379034936428,
        -0.009331454522907734,
        -0.048176106065511703,
        0.06921662390232086,
        0.09402444213628769,
        -0.011756238527595997,
        0.06022034212946892,
        -0.05227871611714363,
        -0.015257720835506916,
        -0.05025969073176384,
        -0.04676666483283043,
        -0.019188322126865387,
        -0.016471825540065765,
        -0.02864808961749077,
        -0.03748805448412895,
        -0.010233039036393166,
        -0.004377079661935568,
        -0.03198575600981712,
        0.013284879736602306,
        0.016827553510665894,
        0.041186053305864334,
        -0.004115523770451546,
        -0.028784964233636856,
        0.03153466060757637,
        0.03681829944252968,
        -0.06001276522874832,
        0.012630383484065533,
        0.024944748729467392,
        0.010093094781041145,
        -0.03442869707942009,
        -0.013354518450796604,
        0.011589600704610348,
        0.03262637183070183,
        0.022832073271274567,
        0.009600351564586163,
        0.017678359523415565,
        -0.06341000646352768,
        -0.05104565992951393,
        -0.23798803985118866,
        0.0027871092315763235,
        0.04015718400478363,
        -0.04400074854493141,
        0.06261000037193298,
        -0.048913564532995224,
        0.03423641249537468,
        0.008850719779729843,
        0.014390373602509499,
        0.09971301257610321,
        0.06605413556098938,
        -0.05159907415509224,
        -0.05109650641679764,
        0.032421279698610306,
        -0.003888782812282443,
        0.04556622728705406,
        -0.014988506212830544,
        -0.014673840254545212,
        -0.091675765812397,
        0.0011989281047135592,
        -0.042452115565538406,
        0.07410307973623276,
        -0.00623586680740118,
        -0.08135591447353363,
        0.026000240817666054,
        -0.01251951139420271,
        0.21430358290672302,
