{
    "index": 392,
    "page": 62,
    "text": "whether true generosity and true happiness, do not consist in somewhat else rather, \nthan in the preservation either of our, or other men’s lives. For it is not the part of a \nman that is a man indeed, to desire to live long or to make much of his life whilst he \nliveth: but rather (he that is such) will in these things wholly refer himself unto the \nGods, and believing that which every woman can tell him, that no man can escape \ndeath; the only thing that he takes thought and care for is this, that what time he \nliveth, he may live as well and as virtuously as he can possibly, &c. To look about, \nand with the eyes to follow the course of the stars and planets as though thou \nwouldst run with them; and to mind perpetually the several changes of the elements",
    "embedding_of_chunk": [
        -0.008712049573659897,
        0.030640659853816032,
        -0.014032790437340736,
        0.00789932906627655,
        0.02938510663807392,
        -0.005674986634403467,
        0.08271444588899612,
        0.022673225030303,
        0.0018978454172611237,
        -0.028742315247654915,
        -0.003350379876792431,
        -0.08542876690626144,
        0.024975979700684547,
        0.015793755650520325,
        0.006225481629371643,
        0.022830964997410774,
        -0.031602248549461365,
        0.057208918035030365,
        -0.07457000762224197,
        0.06732147932052612,
        0.06581581383943558,
        -0.0407857745885849,
        -0.012308608740568161,
        -0.08631037175655365,
        0.05645596235990524,
        0.010800239630043507,
        -0.01914655975997448,
        -0.009664464741945267,
        -0.0005567679181694984,
        -0.13661950826644897,
        0.004311171360313892,
        -0.03957178816199303,
        0.04036242142319679,
        -0.04088354483246803,
        -0.0008714389987289906,
        -0.023182056844234467,
        -0.030951952561736107,
        0.02547084167599678,
        -0.04591815546154976,
        0.1026439294219017,
        0.04027027636766434,
        0.009951341897249222,
        -0.017331210896372795,
        0.005844748578965664,
        -0.057883452624082565,
        -0.002428752137348056,
        -0.026045598089694977,
        -0.035536617040634155,
        0.032371021807193756,
        -0.017727486789226532,
        -0.035522717982530594,
        -0.007847062312066555,
        0.009932494722306728,
        0.04762488976120949,
        0.028363214805722237,
        0.04454273357987404,
        0.059307537972927094,
        0.027605272829532623,
        0.013355433009564877,
        0.01011563092470169,
        0.010860941372811794,
        0.012445340864360332,
        -0.22848422825336456,
        0.056356314569711685,
        0.009639141149818897,
        0.004910216201096773,
        -0.06012503057718277,
        -0.028728041797876358,
        0.05134710296988487,
        0.030369574204087257,
        -0.050851333886384964,
        0.06051336228847504,
        0.055149879306554794,
        0.044613249599933624,
        0.02174246683716774,
        -0.03258814662694931,
        0.026165589690208435,
        -0.07358026504516602,
        -0.0408126600086689,
        0.02691415324807167,
        -0.009922755882143974,
        0.013802114874124527,
        -0.004859977401793003,
        0.011595050804316998,
        -0.08333791047334671,
        -0.04794801026582718,
        -0.01978672854602337,
        -0.07710321247577667,
        0.04867750033736229,
        0.03302288055419922,
        -0.008686510846018791,
        -0.0358835868537426,
        -0.0165199376642704,
        0.007787015754729509,
        -0.04030410572886467,
        -0.0019104540115222335,
        0.0298744086176157,
        0.0056776427663862705,
        -0.053009118884801865,
        0.2022896111011505,
        -0.03507823497056961,
        0.04892094433307648,
        0.01962858997285366,
        0.002234519924968481,
        0.056627802550792694,
        0.008921611122786999,
        -0.039305247366428375,
        -0.03907490149140358,
        -0.0045975749380886555,
        0.07052306830883026,
        0.018647631630301476,
        -0.005154146812856197,
        0.04773012176156044,
        -0.060331638902425766,
        0.018653934821486473,
        0.014563481323421001,
        0.022161055356264114,
        -0.0043590134009718895,
        -0.019847877323627472,
        -0.007765323854982853,
        -0.008184860460460186,
        0.02328469045460224,
        0.0622263140976429,
        -0.028983252122998238,
        -0.017338067293167114,
        -0.08026354759931564,
        0.060513935983181,
        0.07820596545934677,
        0.006872786674648523,
        -0.0021778324153274298,
        0.0476054809987545,
        -0.01315534021705389,
        -0.04716263338923454,
        -0.019793711602687836,
        -0.008371896110475063,
        0.024414431303739548,
        0.017123613506555557,
        -0.02281142584979534,
        0.07236254215240479,
        -0.027538925409317017,
        0.0020852501038461924,
        -0.12831662595272064,
        -0.03641234710812569,
        -0.1007656529545784,
        0.013673355802893639,
        0.047237008810043335,
        0.05237874016165733,
        -0.0025034446734935045,
        -0.046135883778333664,
        0.04705654829740524,
        -0.006862524896860123,
        0.037424035370349884,
        -0.039366766810417175,
        -0.03467917442321777,
        -0.02658955752849579,
        0.022243136540055275,
        0.047783080488443375,
        0.0383610874414444,
        -0.05078378692269325,
        0.025521578267216682,
        0.02700531855225563,
        -0.013697747141122818,
        -0.06302498281002045,
        0.10706803947687149,
        -0.0014756201999261975,
        -0.0431521050632,
        -0.013688642531633377,
        0.008894391357898712,
        0.011631445959210396,
        -0.01641523651778698,
        0.04706702008843422,
        -0.011158213019371033,
        -0.09435000270605087,
        0.03786031901836395,
        0.12199468165636063,
        0.0502290204167366,
        -0.05887001007795334,
        0.01739431731402874,
        0.005078766494989395,
        0.0032247663475573063,
        -0.0012173372088000178,
        -0.05155756697058678,
        -0.07379124313592911,
        0.04788978770375252,
        0.03884974494576454,
        -0.009105936624109745,
        -0.023381326347589493,
        -0.012467766180634499,
        0.017053790390491486,
        0.07097553461790085,
        0.014244682155549526,
        0.08350668102502823,
        -0.03428630903363228,
        -0.0030928445048630238,
        -0.029581109061837196,
        -0.034532736986875534,
        -0.029441023245453835,
        -0.008361521176993847,
        -0.0375068299472332,
        0.0030018610414117575,
        -0.009583955630660057,
        -0.028074422851204872,
        -0.0242140032351017,
        0.012162667699158192,
        0.025278804823756218,
        0.03679117560386658,
        0.004334612283855677,
        -0.011820468120276928,
        0.049576371908187866,
        -0.001572448411025107,
        -0.06936901062726974,
        -0.0034782972652465105,
        0.03125392273068428,
        0.01981908082962036,
        -0.0568358451128006,
        0.03480427339673042,
        0.026304954662919044,
        0.01899915747344494,
        0.04373117536306381,
        0.04972139373421669,
        0.02289857342839241,
        -0.10358185321092606,
        -0.059035878628492355,
        -0.23959705233573914,
        0.002688334323465824,
        -0.04133276268839836,
        -0.056004080921411514,
        0.07170353084802628,
        -0.03698981925845146,
        0.005928508471697569,
        -0.034537315368652344,
        0.08237520605325699,
        0.03331400826573372,
        0.03665393590927124,
        -0.05803549662232399,
        -0.007436137180775404,
        0.05212274193763733,
        0.01494516059756279,
