{
    "index": 536,
    "page": 84,
    "text": "XLIII. When at any time thou art offended with any one’s impudency, put presently \nthis question to thyself: “What? Is it then possible, that there should not be any im-\npudent men in the world! Certainly it is not possible.” Desire not then that which is \nimpossible. For this one, (thou must think) whosoever he be, is one of those impu-\ndent ones, that the world cannot be without. So of the subtile and crafty, so of the \nperfidious, so of every one that offendeth, must thou ever be ready to reason with \nthyself. For whilst in general thou dost thus reason with thyself, that the kind of \nthem must needs be in the world, thou wilt be the better able to use meekness to-\nwards every particular. This also thou shalt find of very good use, upon every such",
    "embedding_of_chunk": [
        -0.018621234223246574,
        0.03683174401521683,
        -0.025916840881109238,
        -0.0427267886698246,
        -0.01576445810496807,
        0.009353687055408955,
        0.09035834670066833,
        0.05311038717627525,
        -0.01163950189948082,
        0.0013341682497411966,
        0.025739196687936783,
        -0.09609852731227875,
        0.026137514039874077,
        0.0028203942347317934,
        0.019771823659539223,
        0.01571882702410221,
        -0.02741403691470623,
        0.04386096075177193,
        -0.06810946017503738,
        0.04342682659626007,
        0.06330735981464386,
        -0.03426632285118103,
        -0.07361693680286407,
        -0.050799764692783356,
        0.043569862842559814,
        0.02208142727613449,
        -0.03534894064068794,
        -0.003446695627644658,
        -0.025116493925452232,
        -0.17554552853107452,
        -0.0039257691241800785,
        -0.040280040353536606,
        0.05610041692852974,
        -0.011101297102868557,
        -0.004385524429380894,
        -0.019809037446975708,
        -0.029516568407416344,
        0.026085088029503822,
        -0.004631825722754002,
        0.05509691312909126,
        0.015267133712768555,
        0.03653351962566376,
        0.0028515057638287544,
        -0.042043641209602356,
        -0.04835570603609085,
        -0.03363487496972084,
        -0.04873822629451752,
        -0.011219484731554985,
        -0.007631458807736635,
        -0.02506190352141857,
        -0.024847479537129402,
        -0.03742193430662155,
        0.04743576794862747,
        0.039137404412031174,
        -0.012787164188921452,
        0.02940019592642784,
        0.0607166588306427,
        0.006290707271546125,
        -0.012316234409809113,
        0.028280319646000862,
        0.008621731773018837,
        0.04364897683262825,
        -0.21677321195602417,
        0.10266738384962082,
        0.07111770659685135,
        0.012847059406340122,
        -0.020363865420222282,
        -0.019240085035562515,
        -0.01857784204185009,
        0.050171103328466415,
        -0.05386266112327576,
        0.032863110303878784,
        0.05170987546443939,
        0.06281702220439911,
        0.04224982485175133,
        -0.0014148391783237457,
        0.017658639699220657,
        -0.04775037616491318,
        -0.01619020290672779,
        0.040876355022192,
        -0.01790153980255127,
        0.028513571247458458,
        -0.02545928955078125,
        0.005872449837625027,
        -0.04346432909369469,
        -0.07760802656412125,
        0.013847462832927704,
        -0.06636182963848114,
        0.027898775413632393,
        0.0014971514465287328,
        -0.053456518799066544,
        0.010188477113842964,
        -0.006532244384288788,
        0.01415598951280117,
        -0.022675897926092148,
        -0.02749529294669628,
        0.0370427630841732,
        -0.0023437829222530127,
        -0.0822082906961441,
        0.20626302063465118,
        -0.036573007702827454,
        0.015057616867125034,
        0.03861198201775551,
        -0.02676384523510933,
        0.055651433765888214,
        -0.0028670192696154118,
        -0.01787460595369339,
        -0.05870581045746803,
        -0.03884049504995346,
        -0.032311275601387024,
        0.034388694912195206,
        -0.05719577893614769,
        0.053499720990657806,
        -0.04824075475335121,
        0.014699410647153854,
        0.024978239089250565,
        0.04470713064074516,
        -0.014864959754049778,
        -0.00556274875998497,
        0.006588428746908903,
        -0.009485720656812191,
        0.04609512910246849,
        0.07317380607128143,
        -0.03938305377960205,
        0.013044772669672966,
        -0.09367784857749939,
        0.05384398624300957,
        0.12658336758613586,
        0.020756930112838745,
        -0.00898829661309719,
        0.003524692263454199,
        -0.06778869032859802,
        -0.04711533710360527,
        0.01337918359786272,
        0.015371817164123058,
        0.0006681638187728822,
        0.0339798666536808,
        -0.012390467338263988,
        0.04763934388756752,
        -0.038437772542238235,
        -0.0007930743740871549,
        -0.15341468155384064,
        -0.0345718190073967,
        -0.10823126137256622,
        0.020519735291600227,
        0.08306856453418732,
        -0.02945449762046337,
        -0.007777178660035133,
        -0.010903889313340187,
        0.01432557962834835,
        -0.0028492584824562073,
        0.043248265981674194,
        -0.07170677185058594,
        -0.013803095556795597,
        0.027165837585926056,
        0.01359389629215002,
        0.012796455062925816,
        0.04829665645956993,
        -0.02753746323287487,
        0.0234218817204237,
        0.014672070741653442,
        -0.01726379431784153,
        -0.05711020529270172,
        0.13228295743465424,
        0.01692851446568966,
        -0.013571449555456638,
        -0.028547873720526695,
        0.014689996838569641,
        -0.010219795629382133,
        -0.020596615970134735,
        0.03927711024880409,
        -0.0074007632210850716,
        -0.0778731256723404,
        0.10195337235927582,
        0.08016686886548996,
        0.035605501383543015,
        -0.05669770762324333,
        0.052883654832839966,
        0.03821597620844841,
        0.026981376111507416,
        0.01659875176846981,
        -0.04775187000632286,
        -0.060304008424282074,
        0.02606993541121483,
        -0.003277179319411516,
        -0.02338702604174614,
        -0.0007551900926046073,
        -0.015678485855460167,
        0.05527229607105255,
        0.06936974078416824,
        0.008049285039305687,
        0.0514628030359745,
        -0.08597992360591888,
        0.0016632021870464087,
        -0.056393325328826904,
        0.006580010522156954,
        -0.017297448590397835,
        -0.003303415607661009,
        -0.003265263745561242,
        -0.02267342433333397,
        0.01667379029095173,
        -0.008561454713344574,
        0.005991004873067141,
        0.0054534683004021645,
        0.030021775513887405,
        0.012533788569271564,
        0.025811702013015747,
        0.0122857466340065,
        0.06665399670600891,
        0.012754691764712334,
        -0.05457177758216858,
        0.005238858517259359,
        0.02136199176311493,
        -0.012696708552539349,
        0.017829744145274162,
        0.01790609583258629,
        0.02630806528031826,
        -0.020082635805010796,
        0.030697662383317947,
        0.043588194996118546,
        0.024151377379894257,
        -0.07165829837322235,
        -0.08508963882923126,
        -0.219030499458313,
        0.03226514533162117,
        -0.03327426314353943,
        -0.04876121133565903,
        0.04900195822119713,
        -0.05008476600050926,
        0.028905795887112617,
        -0.0038714492693543434,
        0.013571012765169144,
        0.037571925669908524,
        0.06293550133705139,
        -0.029129020869731903,
        -0.0316922590136528,
        0.05778951942920685,
        -0.03126407414674759,
