{
    "index": 103,
    "page": 17,
    "text": "fallen into some present necessity, I never was answered by my officers that there \nwas not ready money enough to do it; and that I myself never had occasion to require \nthe like succour from any other. That I have such a wife, so obedient, so loving, so \ningenuous. That I had choice of fit and able men, to whom I might commit the bring-\ning up of my children. That by dreams I have received help, as for other things, so in \nparticular, how I might stay my casting of blood, and cure my dizziness, as that also \nthat happened to thee in Cajeta,",
    "embedding_of_chunk": [
        -0.048458367586135864,
        0.03801152855157852,
        0.035927433520555496,
        -0.009468748234212399,
        -0.025613849982619286,
        0.04305892065167427,
        0.10342805087566376,
        0.05958220735192299,
        -0.01086315419524908,
        -0.01793840155005455,
        0.012962601147592068,
        -0.07228577136993408,
        0.009926406666636467,
        0.04508906975388527,
        0.029021020978689194,
        0.021323535591363907,
        -0.03533634915947914,
        0.009444674476981163,
        -0.06743228435516357,
        0.05430180951952934,
        0.009282037615776062,
        -0.025949766859412193,
        -0.04268905520439148,
        0.011440152302384377,
        0.00627737445756793,
        0.038223810493946075,
        -0.03374626114964485,
        -0.012622208334505558,
        -0.018228059634566307,
        -0.1657329499721527,
        -0.0003847859625238925,
        -0.03862534463405609,
        0.030361410230398178,
        -0.056856054812669754,
        -0.0009922254830598831,
        -0.02955959364771843,
        -0.030710788443684578,
        0.06600175052881241,
        -0.012873739935457706,
        0.07630829513072968,
        0.05962684005498886,
        0.03229790925979614,
        -0.0337575227022171,
        -0.03627825528383255,
        -0.020776348188519478,
        -0.046651728451251984,
        0.0012811332708224654,
        0.01586953178048134,
        0.0722007155418396,
        -0.034996166825294495,
        -0.0006701726815663278,
        -0.004190166015177965,
        -0.02330496534705162,
        0.03504941985011101,
        0.01448677759617567,
        0.01487547904253006,
        0.059774190187454224,
        0.034136224538087845,
        0.04913957789540291,
        0.04571566730737686,
        0.02213151566684246,
        0.04917806386947632,
        -0.2479650229215622,
        0.045687828212976456,
        0.006839844863861799,
        -0.0020282864570617676,
        -0.05981750786304474,
        -0.025377502664923668,
        0.06247200444340706,
        0.05682625621557236,
        0.007000744808465242,
        0.037962645292282104,
        0.03093334659934044,
        0.05443776398897171,
        -0.004080968908965588,
        -0.03416294604539871,
        -0.00019255025836173445,
        -0.0649309903383255,
        -0.029097536578774452,
        -0.0017589096678420901,
        0.0023500705137848854,
        0.019920211285352707,
        -0.028313156217336655,
        0.003761209547519684,
        -0.0325360968708992,
        -0.02703007124364376,
        0.021517539396882057,
        -0.08418051153421402,
        0.04354046657681465,
        -0.000922601146157831,
        -0.03485458344221115,
        -0.038115087896585464,
        -0.0187088493257761,
        0.035106439143419266,
        -0.07792491465806961,
        -0.029832111671566963,
        0.01601335220038891,
        0.011356919072568417,
        -0.07148340344429016,
        0.2246769368648529,
        0.015437521040439606,
        -0.020451221615076065,
        0.01767691783607006,
        0.004591185599565506,
        0.015070426277816296,
        -0.009987914003431797,
        -0.03424166887998581,
        -0.0675504058599472,
        -0.0002160115836886689,
        -0.0021596685983240604,
        -0.0064104096964001656,
        0.0030937236733734608,
        0.08348441123962402,
        -0.05662951618432999,
        -0.00019743791199289262,
        0.043165601789951324,
        -0.0010298630222678185,
        0.0005079718539491296,
        -0.049867939203977585,
        0.0314566008746624,
        -0.0325956866145134,
        0.01606249250471592,
        0.04812786728143692,
        -0.026622064411640167,
        0.015941224992275238,
        -0.1052776351571083,
        0.06926529109477997,
        0.09618927538394928,
        0.014010738581418991,
        0.0037186071276664734,
        0.044932037591934204,
        -0.052654869854450226,
        -0.033519212156534195,
        -0.051077455282211304,
        0.0010335438419133425,
        -0.0055677518248558044,
        0.036187514662742615,
        -0.01588897965848446,
        0.010704174637794495,
        -0.07697928696870804,
        -0.013444389216601849,
        -0.14901022613048553,
        -0.04160263389348984,
        -0.04793136566877365,
        -0.004309732001274824,
        0.06396158784627914,
        0.010552387684583664,
        0.06256967782974243,
        -0.021738598123192787,
        0.035442039370536804,
        -0.0027677651960402727,
        0.03307569399476051,
        -0.031196536496281624,
        -0.0017522237030789256,
        0.012740947306156158,
        0.06418994069099426,
        0.02682839147746563,
        0.11646037548780441,
        -0.07140251994132996,
        0.03885950893163681,
        0.0019212538609281182,
        -0.08242790400981903,
        -0.02788054384291172,
        0.0786694884300232,
        0.019113309681415558,
        -0.05973362922668457,
        -0.01562836579978466,
        0.004837200976908207,
        -0.005241333041340113,
        -0.035640113055706024,
        0.04845775291323662,
        0.025861011818051338,
        -0.07313137501478195,
        0.016795307397842407,
        0.0751698911190033,
        0.020381994545459747,
        -0.01729699783027172,
        0.03286612778902054,
        -0.01732729934155941,
        0.010137314908206463,
        0.05058661475777626,
        -0.03828900679945946,
        -0.024163896217942238,
        0.04709247499704361,
        0.018405422568321228,
        -0.03709958493709564,
        0.009838706813752651,
        -0.02685396932065487,
        0.011406905017793179,
        0.04556196182966232,
        0.03873036801815033,
        0.05418236926198006,
        -0.058200519531965256,
        -0.026945143938064575,
        -0.007160389795899391,
        0.00012350169708952308,
        -0.03264175355434418,
        -0.04845176264643669,
        -0.021672401577234268,
        -0.004836295265704393,
        -0.028262754902243614,
        0.008401460945606232,
        0.01056676171720028,
        0.055683959275484085,
        0.020321952179074287,
        0.050014786422252655,
        -0.011536982841789722,
        -0.028887059539556503,
        0.02445048652589321,
        0.04078346863389015,
        -0.02557338960468769,
        0.040348563343286514,
        0.07681646943092346,
        -0.0283607579767704,
        -0.025703610852360725,
        0.04933413118124008,
        -0.007090797647833824,
        0.04546027630567551,
        0.052271291613578796,
        0.009593992494046688,
        0.08058314025402069,
        -0.06742369383573532,
        -0.03661917895078659,
        -0.2332322597503662,
        0.00982707366347313,
        -0.03779684007167816,
        -0.050425127148628235,
        0.03488021343946457,
        -0.04953254014253616,
        0.02965945191681385,
        -0.0010777811985462904,
        0.0027127587236464024,
        0.046184323728084564,
        0.06146454066038132,
        -0.03609388321638107,
        -0.03853432089090347,
        0.036353737115859985,
        -0.008788848295807838,
        0.05820661783218384,
        0.007743318565189838,
        -0.008012485690414906,
        -0.037380754947662354,
        0.010023895651102066,
        0.023941298946738243,
        0.02836584486067295,
