{
    "index": 3,
    "page": 2,
    "text": "2 \n\n \n\nContents \n\nIntroduction \n3 \n\nTHE FIRST BOOK \n12 \n\nTHE SECOND BOOK \n19 \n\nTHE THIRD BOOK \n23 \n\nTHE FOURTH BOOK \n29 \n\nTHE FIFTH BOOK \n38 \n\nTHE SIXTH BOOK \n47 \n\nTHE SEVENTH BOOK \n57 \n\nTHE EIGHTH BOOK \n67 \n\nTHE NINTH BOOK \n77 \n\nTHE TENTH BOOK \n86 \n\nTHE ELEVENTH BOOK \n96 \n\nTHE TWELFTH BOOK \n104 \n\nAppendix \n110 \n\nNotes \n122 \n\nGlossary \n123 \n\nA parting thought \n128 \n\n \n\n                                            \n2 [Brought forward from p. xxiii.] \nINTRODUCTION \n\nIntroduction \n\nM \n\nARCUS AURELIUS ANTONINUS was born on April 26, A.D. 121. His real \nname was M. Annius Verus, and he was sprung of a noble family which \nclaimed descent from Numa, second King of Rome. Thus the most reli-",
    "embedding_of_chunk": [
        -0.04178895428776741,
        0.028320275247097015,
        0.04421403259038925,
        -0.0293818861246109,
        0.009969748556613922,
        -0.0068430532701313496,
        -0.0002769427665043622,
        0.0637470930814743,
        -0.0004443384241312742,
        -0.0582767017185688,
        0.0032798293977975845,
        -0.12117926776409149,
        -0.009758103638887405,
        0.016885003075003624,
        0.0002583765017334372,
        -0.026985904201865196,
        -0.028123043477535248,
        0.04600389674305916,
        -0.09252577275037766,
        0.009405400604009628,
        0.060393325984478,
        -0.027341485023498535,
        0.001256752060726285,
        -0.06785298138856888,
        0.03759881854057312,
        0.0658731460571289,
        0.0011511319316923618,
        -0.05713610723614693,
        -0.021477967500686646,
        -0.20079849660396576,
        -0.018611403182148933,
        -0.06181035190820694,
        0.05044907331466675,
        -0.07118964940309525,
        -0.03762613981962204,
        -0.03490666672587395,
        -0.030939368531107903,
        0.03338119387626648,
        -0.005702392663806677,
        0.07151702791452408,
        0.021214421838521957,
        0.01555740274488926,
        0.007656485307961702,
        -0.03399789333343506,
        0.024975325912237167,
        -0.01658972166478634,
        0.010470181703567505,
        -0.02237912267446518,
        0.058319155126810074,
        0.020487533882260323,
        -0.0020274200942367315,
        0.011751054786145687,
        -0.02694953978061676,
        0.06382152438163757,
        0.046358030289411545,
        0.04519675672054291,
        0.04083886370062828,
        0.007156247738748789,
        0.012390314601361752,
        0.05761631950736046,
        0.020908799022436142,
        0.0765751451253891,
        -0.21650180220603943,
        0.05200144276022911,
        0.01453542523086071,
        -0.03597434610128403,
        -0.023657817393541336,
        -0.02417251467704773,
        0.022766342386603355,
        0.005192901473492384,
        -0.04454648122191429,
        0.03872647508978844,
        0.01762385480105877,
        0.08318126201629639,
        -0.0310809463262558,
        -0.012109053321182728,
        -0.010479625314474106,
        -0.03986269608139992,
        0.02442997694015503,
        0.0006563242641277611,
        -0.015172233805060387,
        0.03429053723812103,
        -0.046611182391643524,
        0.0097866952419281,
        -0.045145221054553986,
        0.006879398599267006,
        0.02208632230758667,
        -0.05538567900657654,
        0.028502915054559708,
        0.010870194062590599,
        -0.0008346809190697968,
        -0.00014232094690669328,
        -0.013186297379434109,
        0.02603032812476158,
        -0.02542799897491932,
        -0.0017043089028447866,
        0.048187240958213806,
        0.0067479899153113365,
        -0.060729026794433594,
        0.184027761220932,
        -0.019713368266820908,
        0.03940250352025032,
        0.032572366297245026,
        -0.01105634868144989,
        0.03565129265189171,
        -0.020564544945955276,
        -0.0500488318502903,
        -0.03556623309850693,
        -0.07429272681474686,
        -0.015147233381867409,
        0.00817323662340641,
        -0.10300927609205246,
        0.02970929630100727,
        -0.05077754706144333,
        0.09540285170078278,
        0.0426865816116333,
        0.05384540557861328,
        -0.01854739710688591,
        -0.03879043832421303,
        0.028203703463077545,
        0.02902735397219658,
        0.019047895446419716,
        0.05072472617030144,
        -0.014926722273230553,
        0.03833131119608879,
        -0.08911515772342682,
        0.07698297500610352,
        0.08791555464267731,
        -0.0010802721371874213,
        -0.00010318177373846993,
        0.03800022229552269,
        -0.016894273459911346,
        -0.03975837305188179,
        -0.034705061465501785,
        0.0259113609790802,
        0.02360490709543228,
        -0.008882754482328892,
        -0.033757876604795456,
        0.013395695947110653,
        -0.022086920216679573,
        -0.07741239666938782,
        -0.13240446150302887,
        -0.04620020464062691,
        -0.09537559747695923,
        -0.009588772431015968,
        0.07350219041109085,
        -0.02015458606183529,
        0.008453881368041039,
        -0.03201257064938545,
        0.04555211216211319,
        -0.005109364166855812,
        0.00984778068959713,
        -0.015252812765538692,
        0.020066043362021446,
        0.029112674295902252,
        0.02510017901659012,
        0.02970007061958313,
        0.1125737801194191,
        -0.08208082616329193,
        -0.004506883677095175,
        0.02173600159585476,
        -0.024004999548196793,
        -0.0241300817579031,
        0.14146822690963745,
        0.010626068338751793,
        -0.07750213146209717,
        -0.010683109052479267,
        0.039481304585933685,
        -0.011335969902575016,
        -0.022609347477555275,
        0.041414421051740646,
        -0.0078046019189059734,
        -0.04849846288561821,
        0.07377498596906662,
        0.07393748313188553,
        0.007558412384241819,
        -0.03744838386774063,
        -0.05363784357905388,
        -0.012808508239686489,
        0.0037177244666963816,
        0.06052129715681076,
        -0.04630402848124504,
        -0.05973121151328087,
        0.08151174336671829,
        -0.027995483949780464,
        -0.016253206878900528,
        -0.007158943451941013,
        -0.02590196207165718,
        0.006416201591491699,
        0.05976714938879013,
        0.02540748007595539,
        0.11065566539764404,
        -0.05024030804634094,
        -0.0018417681567370892,
        -0.029761506244540215,
        -0.01417640969157219,
        -0.027924850583076477,
        0.017352821305394173,
        -0.0450533889234066,
        0.0007075457251630723,
        0.00980442762374878,
        0.008621553890407085,
        -0.01874079927802086,
        0.006233470048755407,
        0.014364898204803467,
        0.02839510142803192,
        -0.04781056195497513,
        0.008396281860768795,
        0.017774388194084167,
        0.0432010293006897,
        -0.013712508603930473,
        0.017788482829928398,
        0.05222155153751373,
        -0.03016214445233345,
        0.00854168739169836,
        0.010948929004371166,
        -0.028373274952173233,
        0.011096131056547165,
        0.05966271460056305,
        0.03985411301255226,
        0.03462039679288864,
        -0.08012180775403976,
        -0.04786892235279083,
        -0.20288483798503876,
        0.020180296152830124,
        -0.027001695707440376,
        -0.08063121885061264,
        0.03479916974902153,
        -0.03996498882770538,
        0.0508718341588974,
        -0.008813058957457542,
        0.11498267203569412,
        -0.017182791605591774,
        0.03509334847331047,
        -0.03908195346593857,
        -0.00809742696583271,
        0.07673060148954391,
        -0.030899425968527794,
        0.046216774731874466,
