{
    "index": 242,
    "page": 39,
    "text": "grapes, and when once she hath borne her own proper fruit, is contented and seeks \nfor no further recompense. As a horse after a race, and a hunting dog when he hath \nhunted, and a bee when she hath made her honey, look not for applause and com-\nmendation; so neither doth that man that rightly doth understand his own nature \nwhen he hath done a good turn: but from one doth proceed to do another, even as \nthe vine after she hath once borne fruit in her own proper season, is ready for anoth-\ner time. Thou therefore must be one of them, who what they do, barely do it without \nany further thought, and are in a manner insensible of what they do. “Nay but,” will \nsome reply perchance, “this very thing a rational man is bound unto, to understand",
    "embedding_of_chunk": [
        -0.03060564212501049,
        -0.0029468797147274017,
        0.04270278662443161,
        -0.0429067425429821,
        -0.0021920381113886833,
        -0.00510114012286067,
        0.08148741722106934,
        0.06435882300138474,
        0.01031903363764286,
        -0.011648896150290966,
        -0.007634514942765236,
        -0.09528942406177521,
        0.023821212351322174,
        0.008954066783189774,
        0.02353326790034771,
        0.013082931749522686,
        -0.0015938719734549522,
        0.05273580923676491,
        -0.062109410762786865,
        0.030839262530207634,
        0.027394820004701614,
        -0.004479501862078905,
        -0.04976574704051018,
        -0.039281610399484634,
        0.04366077482700348,
        0.026890069246292114,
        -0.042247481644153595,
        -0.006767848040908575,
        -0.012384547851979733,
        -0.1499326229095459,
        -0.011051477864384651,
        -0.014693760313093662,
        0.025096317753195763,
        0.008370434865355492,
        -0.01784435845911503,
        0.000365261803381145,
        -0.0311686173081398,
        0.022297972813248634,
        -0.025573477149009705,
        0.04972734674811363,
        0.059644658118486404,
        0.02047751098871231,
        -0.017708461731672287,
        -0.044054046273231506,
        -0.050181128084659576,
        -0.004676077514886856,
        -0.032377663999795914,
        -0.012446668930351734,
        0.047497689723968506,
        -0.05008145421743393,
        -0.039087384939193726,
        -0.02752595767378807,
        -0.009416337125003338,
        -0.0024308678694069386,
        0.045393720269203186,
        0.06123202666640282,
        0.0461692288517952,
        0.04219593107700348,
        0.015679439529776573,
        0.020249776542186737,
        0.042815517634153366,
        0.01468984130769968,
        -0.2663728892803192,
        0.0524953231215477,
        0.06174560263752937,
        -0.0031316534150391817,
        -0.05689290538430214,
        -0.031429193913936615,
        0.011018604040145874,
        0.07695318758487701,
        -0.013244965113699436,
        0.047646477818489075,
        0.017874298617243767,
        0.03968166187405586,
        0.02100883238017559,
        -0.008446096442639828,
        -0.002650544047355652,
        -0.08903913199901581,
        -0.01183816697448492,
        0.021134378388524055,
        -0.03681463748216629,
        0.011691964231431484,
        -0.002240651985630393,
        0.012887345626950264,
        -0.03710787743330002,
        -0.03859401494264603,
        0.012234553694725037,
        -0.07326487451791763,
        0.07362718135118484,
        0.028644729405641556,
        -0.02510627917945385,
        -0.0462171696126461,
        -0.025461886078119278,
        0.01380883902311325,
        -0.04747399687767029,
        0.017238160595297813,
        0.04054943099617958,
        -0.0003465139016043395,
        -0.011251574382185936,
        0.17747734487056732,
        -0.0217282697558403,
        0.04805849865078926,
        0.008845781907439232,
        -0.0649586170911789,
        0.03212453052401543,
        -0.018892893567681313,
        -0.014781594276428223,
        -0.023653937503695488,
        0.015265541151165962,
        0.016939029097557068,
        0.023662712424993515,
        -0.052047111093997955,
        0.047847021371126175,
        -0.07858031988143921,
        0.06103040650486946,
        0.03765695542097092,
        0.017693113535642624,
        -0.029462607577443123,
        -0.033079709857702255,
        -0.023314235731959343,
        -0.021379025653004646,
        0.026935134083032608,
        0.03853136673569679,
        -0.01873316615819931,
        0.022293226793408394,
        -0.11251068115234375,
        0.06248757243156433,
        0.09296596795320511,
        0.015491797588765621,
        -0.016117950901389122,
        0.04091184213757515,
        -0.08084667474031448,
        -0.027808796614408493,
        -0.004558068700134754,
        0.016053279861807823,
        0.017159754410386086,
        0.004208170808851719,
        -0.02523500844836235,
        0.0443325936794281,
        -0.03911328688263893,
        -0.04189848527312279,
        -0.15255022048950195,
        -0.031085094437003136,
        -0.11217084527015686,
        -0.02196616306900978,
        0.0597645603120327,
        0.03199576959013939,
        0.033119864761829376,
        -0.011476797051727772,
        0.052611541002988815,
        -0.05917169153690338,
        0.050165899097919464,
        -0.020778153091669083,
        -0.006060789339244366,
        0.004147832281887531,
        0.045828212052583694,
        0.015247567556798458,
        0.07090357691049576,
        -0.06215272098779678,
        0.027038143947720528,
        -0.006263465154916048,
        -0.005556717049330473,
        -0.03577294945716858,
        0.0704519972205162,
        0.04247516766190529,
        -0.017169442027807236,
        0.007695085369050503,
        -0.0037100003100931644,
        0.03814897686243057,
        -0.00485055148601532,
        0.08321306109428406,
        0.019649814814329147,
        -0.08523596078157425,
        0.033858850598335266,
        0.08637798577547073,
        0.05021752789616585,
        -0.06086341291666031,
        0.01586809754371643,
        -0.013760179281234741,
        0.03440029174089432,
        0.07028309255838394,
        -0.04359125718474388,
        -0.055374741554260254,
        0.057684000581502914,
        0.01607477478682995,
        -0.016576871275901794,
        -0.007862825877964497,
        -0.03937128186225891,
        0.03032095544040203,
        0.04521555453538895,
        -0.005684165749698877,
        0.0281293336302042,
        -0.07920416444540024,
        -0.01896790973842144,
        -0.034359075129032135,
        -0.020536383613944054,
        -0.009837114252150059,
        -0.00785090122371912,
        -0.012807401828467846,
        -0.0022949962876737118,
        -0.05727538466453552,
        0.0011660722084343433,
        -0.008049588650465012,
        0.039727307856082916,
        0.05619633197784424,
        0.04571686312556267,
        -0.003706633346155286,
        -0.008086117915809155,
        0.051325563341379166,
        0.021188199520111084,
        -0.024529587477445602,
        0.012834553606808186,
        -0.0028894077986478806,
        -0.03753171116113663,
        -0.03913714364171028,
        0.05913121625781059,
        0.03971031308174133,
        0.02245521917939186,
        0.04016825556755066,
        0.02803957834839821,
        -0.003926683217287064,
        -0.1118648424744606,
        -0.024280842393636703,
        -0.23295840620994568,
        -0.020389722660183907,
        -0.010561347007751465,
        -0.034101929515600204,
        0.050114452838897705,
        -0.011331009678542614,
        0.02587941102683544,
        -0.00013355792907532305,
        0.028105387464165688,
        0.013793505728244781,
        0.03578901290893555,
        -0.04869109392166138,
        -0.034506905823946,
        0.026871224865317345,
        0.006019886117428541,
