{
    "index": 166,
    "page": 26,
    "text": "appellations. For there is nothing so effectual to beget true magnanimity, as to be \nable truly and methodically to examine and consider all things that happen in this \nlife, and so to penetrate into their natures, that at the same time, this also may con-\ncur in our apprehensions: what is the true use of it? and what is the true nature of \nthis universe, to which it is useful? how much in regard of the universe may it be es-\nteemed? how much in regard of man, a citizen of the supreme city, of which all other \ncities in the world are as it were but houses and families? \nTHIRD BOOK",
    "embedding_of_chunk": [
        0.02037232555449009,
        0.008257175795733929,
        -0.009580468758940697,
        0.0005767172551713884,
        0.026331398636102676,
        0.013941853307187557,
        0.07168108224868774,
        0.037952568382024765,
        0.0032301940955221653,
        -0.012434233911335468,
        -0.0019327769987285137,
        -0.08545685559511185,
        0.025280674919486046,
        -0.01436455175280571,
        0.019396048039197922,
        -0.01757495477795601,
        -0.015304839238524437,
        0.02589961141347885,
        -0.0532856248319149,
        0.014280568808317184,
        0.07653240859508514,
        -0.009434796869754791,
        -0.04864345118403435,
        -0.03702797368168831,
        0.022388217970728874,
        0.04582634195685387,
        -0.06443654000759125,
        -0.012878410518169403,
        -0.02895551361143589,
        -0.14740610122680664,
        -0.03470570966601372,
        -0.01841278001666069,
        0.07187213748693466,
        -0.011699569411575794,
        -0.031856946647167206,
        -0.04162266477942467,
        -0.02602681890130043,
        0.029264379292726517,
        -0.027214085683226585,
        0.059042323380708694,
        0.055431436747312546,
        0.019487394019961357,
        0.003967497032135725,
        -0.0169080700725317,
        -0.042218808084726334,
        -0.04585263133049011,
        0.012035103514790535,
        -0.03169497475028038,
        -0.024501794949173927,
        -0.04194125533103943,
        -0.03547888994216919,
        -0.03804013878107071,
        0.009697826579213142,
        0.04603442922234535,
        0.017653221264481544,
        0.04176393523812294,
        0.06650320440530777,
        0.0017776702297851443,
        0.06494110822677612,
        0.0450645349919796,
        0.04416878893971443,
        0.04762113094329834,
        -0.2549811005592346,
        0.1118602454662323,
        0.06513794511556625,
        0.015470019541680813,
        -0.045839037746191025,
        -0.03319195657968521,
        0.06459801644086838,
        0.035741183906793594,
        -0.03718196600675583,
        0.04047279804944992,
        0.05850017070770264,
        0.09658132493495941,
        0.032320763915777206,
        -0.009389947168529034,
        0.007901439443230629,
        -0.057111576199531555,
        -0.005392470397055149,
        -0.009969777427613735,
        0.012305124662816525,
        0.010343502275645733,
        0.02219083532691002,
        0.011624286882579327,
        -0.0737043246626854,
        -0.011773444712162018,
        -0.0071127586998045444,
        -0.05199845880270004,
        -0.015008214861154556,
        0.0020108046010136604,
        -0.00996411219239235,
        -0.02019164152443409,
        -0.018872255459427834,
        0.01566305384039879,
        -0.03487437218427658,
        -0.026313716545701027,
        0.028802916407585144,
        0.011529861949384212,
        0.000615292985457927,
        0.16540168225765228,
        -0.059659916907548904,
        -0.004548526834696531,
        0.03203815594315529,
        -0.014148518443107605,
        0.040311601012945175,
        -0.02807973325252533,
        -0.01293826662003994,
        -0.089251309633255,
        -0.03137414902448654,
        0.027221256867051125,
        0.009743132628500462,
        -0.02276611514389515,
        0.03353952616453171,
        -0.01699564792215824,
        0.041487883776426315,
        0.018168943002820015,
        0.06896109133958817,
        -0.0014616047265008092,
        -0.02857642062008381,
        -0.0017674549017101526,
        0.03151727095246315,
        0.057766444981098175,
        0.06315155327320099,
        -0.012604502961039543,
        0.029499931260943413,
        -0.11336103826761246,
        0.03173172473907471,
        0.0864548534154892,
        0.017318088561296463,
        0.027989402413368225,
        0.04126925393939018,
        -0.032620757818222046,
        -0.06220255792140961,
        -0.006326271221041679,
        0.01195553783327341,
        0.0020565183367580175,
        0.022266751155257225,
        0.007872188463807106,
        0.03468335419893265,
        -0.012494913302361965,
        -0.0028347859624773264,
        -0.11234074085950851,
        -0.03889318183064461,
        -0.10113384574651718,
        -0.021462153643369675,
        0.08077406138181686,
        -0.014623910188674927,
        0.010975629091262817,
        -0.030216556042432785,
        0.0490540936589241,
        0.0009114317945204675,
        0.049101099371910095,
        -0.03529328852891922,
        -0.017932958900928497,
        -0.007043460384011269,
        0.02134549245238304,
        0.06827123463153839,
        0.03999900817871094,
        -0.04913229122757912,
        0.04480915516614914,
        -0.023504413664340973,
        -0.007898475974798203,
        -0.07302725315093994,
        0.14925813674926758,
        0.016419600695371628,
        -0.035656578838825226,
        0.008706592954695225,
        0.034676693379879,
        -0.02491423487663269,
        -0.007154224906116724,
        0.030883895233273506,
        0.00809155311435461,
        -0.09613513946533203,
        0.06643016636371613,
        0.0962730422616005,
        0.03248584643006325,
        -0.055906008929014206,
        0.03731001168489456,
        0.017241301015019417,
        0.02847548946738243,
        0.01278886292129755,
        -0.03566952794790268,
        -0.02333882451057434,
        0.05067284777760506,
        0.005584897007793188,
        -0.037279240787029266,
        -0.03757546469569206,
        -0.024289710447192192,
        0.03527966886758804,
        0.056998059153556824,
        0.003980511333793402,
        0.07784657180309296,
        -0.031055523082613945,
        -0.021120915189385414,
        -0.040404677391052246,
        -0.01621166244149208,
        -0.011976010166108608,
        -0.009606732055544853,
        -0.02937779575586319,
        -0.03512445464730263,
        0.016126126050949097,
        0.018029501661658287,
        -0.01542742270976305,
        0.013462603092193604,
        0.010121305473148823,
        0.04223979637026787,
        0.012996797449886799,
        -0.02605121023952961,
        0.02837575227022171,
        0.01358938217163086,
        -0.05069956183433533,
        0.015897316858172417,
        0.00996878556907177,
        -0.03843896836042404,
        -0.043888505548238754,
        0.047224003821611404,
        0.01823587901890278,
        0.013309162110090256,
        0.013361508958041668,
        0.04984583333134651,
        0.01780368946492672,
        -0.09664123505353928,
        -0.08190766721963882,
        -0.2577829957008362,
        0.01329840999096632,
        -0.016397370025515556,
        -0.05336453393101692,
        0.05486995354294777,
        -0.04457288607954979,
        0.013439337722957134,
        -0.01699170470237732,
        0.013608952052891254,
        0.012579050846397877,
        0.045711129903793335,
        -0.03773147985339165,
        -0.004996622912585735,
        0.04359016939997673,
        -0.013828698545694351,
        0.07412722706794739,
        -0.027751335874199867,
        0.02988118678331375,
        -0.08237095177173615,
        0.00878925621509552,
        -0.005962084513157606,
