{
    "index": 383,
    "page": 61,
    "text": "XXII. All things (saith he) are by certain order and appointment. And what if the ele-\nments only. . . . It will suffice to remember, that all things in general are by certain \norder and appointment: or if it be but few. . . . \n\n28 And as concerning death, that ei-",
    "embedding_of_chunk": [
        -0.013001024723052979,
        0.010025352239608765,
        0.03158242255449295,
        -0.060022130608558655,
        -0.008531642146408558,
        0.004676797427237034,
        0.11145316809415817,
        0.03588426485657692,
        0.03898698091506958,
        -0.01870742067694664,
        -0.019253678619861603,
        -0.026784395799040794,
        0.05997025966644287,
        0.028446650132536888,
        0.010742554441094398,
        -0.015416181646287441,
        0.011573085561394691,
        0.025044307112693787,
        -0.09296806901693344,
        -0.007503360044211149,
        0.056993067264556885,
        0.019539430737495422,
        -0.01949036493897438,
        -0.0943610817193985,
        0.010448787361383438,
        0.030032919719815254,
        -0.018929388374090195,
        -0.03561366721987724,
        -0.00012638438784051687,
        -0.16048039495944977,
        -0.019251441583037376,
        -0.0433642603456974,
        0.05836295336484909,
        -0.026288622990250587,
        -0.015171783044934273,
        -0.05192159116268158,
        -0.04445572569966316,
        0.04617878794670105,
        -0.027779553085565567,
        0.020786795765161514,
        0.024617066606879234,
        0.005747797898948193,
        -0.034038204699754715,
        -0.057575564831495285,
        -0.04359670728445053,
        -0.0440695695579052,
        -0.016373082995414734,
        -0.015120754949748516,
        -0.017222795635461807,
        -0.04215462878346443,
        0.01776878349483013,
        -0.0199710875749588,
        0.03571344166994095,
        0.0129181994125247,
        -0.011834184639155865,
        0.0006082159234210849,
        0.06793919950723648,
        0.02709055319428444,
        0.038696788251399994,
        0.020028792321681976,
        0.051073409616947174,
        0.035891201347112656,
        -0.20884527266025543,
        0.078891322016716,
        0.029925430193543434,
        0.028911558911204338,
        -0.02251434326171875,
        -0.035568080842494965,
        0.004822705406695604,
        0.06975708901882172,
        0.003873788518831134,
        0.02658318169414997,
        0.015221996232867241,
        0.09091474860906601,
        0.02175166644155979,
        -0.04837650805711746,
        0.0402006097137928,
        -0.040419187396764755,
        -0.025898359715938568,
        0.02868620492517948,
        -0.022866427898406982,
        -0.041053660213947296,
        0.0195175614207983,
        0.0026680510491132736,
        -0.012388031929731369,
        -0.062229447066783905,
        -0.019897405058145523,
        -0.05521252006292343,
        0.029854843392968178,
        0.03357256203889847,
        -0.025274161249399185,
        -0.01909436471760273,
        -0.011945105157792568,
        0.02093121036887169,
        0.0007066793623380363,
        -0.02603214979171753,
        0.04452476650476456,
        0.03611122816801071,
        -0.06428230553865433,
        0.2109116017818451,
        -0.03443841263651848,
        0.027766427025198936,
        -0.0018241775687783957,
        0.043620310723781586,
        0.04467153921723366,
        -0.00982702523469925,
        -0.06742741912603378,
        -0.07003606855869293,
        -0.021931268274784088,
        -0.0020376439206302166,
        -0.02942386455833912,
        -0.0007109985454007983,
        0.04246104508638382,
        -0.05826624482870102,
        0.02654116041958332,
        0.023431194946169853,
        0.08112639933824539,
        0.0316406786441803,
        -0.009227871894836426,
        -0.01831040531396866,
        0.013065202161669731,
        0.025341419503092766,
        0.04959608241915703,
        -0.04609176889061928,
        -0.0012527009239420295,
        -0.07437215745449066,
        0.03184622898697853,
        0.07331513613462448,
        0.03401846066117287,
        0.012025877833366394,
        0.04520630091428757,
        -0.05216781795024872,
        -0.0506131574511528,
        -0.021773550659418106,
        -0.009000805206596851,
        0.04078870266675949,
        0.06348463147878647,
        -0.003610803745687008,
        0.033614084124565125,
        -0.06423402577638626,
        -0.05249226093292236,
        -0.11878100782632828,
        -0.03409266844391823,
        -0.1315840780735016,
        0.013042247854173183,
        0.1160719022154808,
        -0.003635415341705084,
        0.0003593000292312354,
        -0.047179631888866425,
        0.01104931440204382,
        -0.01877761445939541,
        0.03973212465643883,
        -0.031743500381708145,
        -0.03060472197830677,
        -0.007745784241706133,
        0.0052885436452925205,
        0.03582743927836418,
        0.014990687370300293,
        -0.04590319097042084,
        0.023825984448194504,
        0.002487995196133852,
        -0.03853290155529976,
        -0.01158152986317873,
        0.127012237906456,
        -0.04970639944076538,
        -0.044457849115133286,
        -0.028287634253501892,
        -0.0037393607199192047,
        0.02296288311481476,
        -0.02457537315785885,
        0.04991897568106651,
        0.06262572854757309,
        -0.03464607894420624,
        0.02835824154317379,
        0.10205356031656265,
        0.024875329807400703,
        0.004457319155335426,
        0.009015950374305248,
        -0.02600272186100483,
        0.03483065590262413,
        0.02710903249680996,
        -0.0060526845045387745,
        -0.018265310674905777,
        0.0650271400809288,
        0.00535559980198741,
        -0.007303215563297272,
        -0.021198857575654984,
        0.0060419440269470215,
        0.032450735569000244,
        0.026394609361886978,
        -0.010295429266989231,
        0.0585818849503994,
        -0.021213021129369736,
        -0.05970325693488121,
        -0.032906509935855865,
        0.005903038661926985,
        -0.041070666164159775,
        -0.03822045400738716,
        -0.02234305627644062,
        0.004845494404435158,
        0.013965470716357231,
        -0.0036738477647304535,
        -0.05586382746696472,
        0.044377923011779785,
        -0.00868512038141489,
        0.006457840092480183,
        -0.006584938615560532,
        -0.015596280805766582,
        0.032296616584062576,
        0.02102511003613472,
        -0.04124851152300835,
        0.02491365186870098,
        0.06006556749343872,
        -0.0049581946805119514,
        -0.045245569199323654,
        0.038246266543865204,
        -0.02385011687874794,
        0.046849608421325684,
        0.04961297661066055,
        0.03034248575568199,
        0.0489090159535408,
        -0.05915551260113716,
        -0.006750416476279497,
        -0.24210284650325775,
        0.01707269810140133,
        -0.002805514493957162,
        0.0006604564259760082,
        0.07273418456315994,
        -0.032150477170944214,
        0.02614530362188816,
        0.014261999167501926,
        0.004450278822332621,
        0.09545240551233292,
        0.0426592156291008,
        -0.01888187974691391,
        -0.013912148773670197,
        0.050880420953035355,
        -0.01414292212575674,
        0.05872044339776039,
        0.0038268249481916428,
        -0.03344209864735603,
        -0.04479240998625755,
        0.012083723209798336,
        -0.0038465820252895355,
        0.06502988934516907,
        -0.04177854582667351,
        -0.09153382480144501,
        0.030938228592276573,
        0.005274269729852676,
        0.20231609046459198,
        0.0689309686422348,
        0.020148197188973427,
        -0.033527202904224396,
        0.02019437402486801,
        -0.009148132987320423,
