{
    "index": 304,
    "page": 48,
    "text": "general, as it is reasonable and naturally sociable, doth little regard anything else: \nand above all things is careful to preserve his own, in the continual habit and exer-\ncise both of reason and sociableness: and thereby doth co-operate with him, of \nwhose nature he doth also participate; God.",
    "embedding_of_chunk": [
        0.02322525903582573,
        -0.007368161343038082,
        0.03265688940882683,
        -0.07052699476480484,
        0.019886929541826248,
        -0.031005024909973145,
        0.11682755500078201,
        0.03215518221259117,
        -0.011884951964020729,
        -0.005862886551767588,
        -0.036655694246292114,
        -0.061666447669267654,
        0.05722397565841675,
        0.02316032536327839,
        0.01882251538336277,
        0.01852239854633808,
        0.02629348821938038,
        0.029485497623682022,
        -0.056905634701251984,
        0.006540587171912193,
        0.014978468418121338,
        -0.01586771011352539,
        -0.02749953232705593,
        -0.04286994785070419,
        -0.03700121492147446,
        0.021630188450217247,
        -0.03459281846880913,
        -0.02799505554139614,
        -0.04401547461748123,
        -0.15723994374275208,
        0.035519763827323914,
        -0.007535507902503014,
        0.03529876098036766,
        0.010953902266919613,
        -0.006081967614591122,
        -0.008654479868710041,
        0.009030940011143684,
        0.034682147204875946,
        -0.050969868898391724,
        0.020665818825364113,
        0.018736733123660088,
        0.03279643505811691,
        -0.03849951922893524,
        -0.038991574198007584,
        -0.07055865973234177,
        -0.027819588780403137,
        -0.009985240176320076,
        -0.029302267357707024,
        -0.0030553662218153477,
        -0.04555826634168625,
        -0.023065919056534767,
        -0.007923093624413013,
        0.03798355907201767,
        0.029214845970273018,
        -0.0026123414281755686,
        0.05402854084968567,
        0.07971330732107162,
        0.017130903899669647,
        0.019242528825998306,
        0.017103083431720734,
        0.03142331913113594,
        0.03583398088812828,
        -0.2164880782365799,
        0.09738107025623322,
        0.06316715478897095,
        0.024474816396832466,
        -0.014357060194015503,
        -0.04263191670179367,
        0.026274794712662697,
        0.0011686250800266862,
        0.028531912714242935,
        0.046384215354919434,
        0.04105426371097565,
        0.06958037614822388,
        0.022685328498482704,
        -0.02819870598614216,
        0.009946699254214764,
        -0.0323641300201416,
        -0.043305858969688416,
        0.05928277224302292,
        -0.01312595047056675,
        0.01677868328988552,
        -0.024047987535595894,
        0.03563594073057175,
        -0.05171937495470047,
        -0.044575225561857224,
        0.009731064550578594,
        -0.0887366384267807,
        0.030335702002048492,
        0.002364720217883587,
        -0.022285860031843185,
        -0.011701321229338646,
        0.006688174791634083,
        -0.001911589177325368,
        -0.02705465257167816,
        0.020551590248942375,
        0.057974908500909805,
        -0.009838768281042576,
        -0.09454048424959183,
        0.21381765604019165,
        -0.04433843865990639,
        0.04162396490573883,
        0.007252107840031385,
        -0.008644855581223965,
        0.05087072029709816,
        -0.033188946545124054,
        -0.023766783997416496,
        -0.042856670916080475,
        -0.026784813031554222,
        0.01629062369465828,
        0.0031620983500033617,
        -0.018503572791814804,
        0.024374859407544136,
        -0.08175832033157349,
        0.05397665128111839,
        -0.005924028344452381,
        0.021116340532898903,
        0.011593401432037354,
        -0.004471542779356241,
        -0.005641487892717123,
        -0.021651562303304672,
        0.024492908269166946,
        0.07794017344713211,
        -0.011032585054636002,
        0.041111212223768234,
        -0.08399619162082672,
        0.02850581705570221,
        0.10010978579521179,
        0.027753688395023346,
        0.022069759666919708,
        0.030689314007759094,
        -0.05657836049795151,
        -0.01717088371515274,
        -0.016275499016046524,
        0.03127511218190193,
        0.034104105085134506,
        0.004514631349593401,
        -0.015486392192542553,
        0.04516066238284111,
        -0.01237631868571043,
        -0.03383233770728111,
        -0.11176988482475281,
        -0.005915094166994095,
        -0.1553570032119751,
        -0.018898919224739075,
        0.09636819362640381,
        -0.013587958179414272,
        0.028112314641475677,
        -0.02016325853765011,
        0.04087980464100838,
        -0.029510369524359703,
        0.03706405684351921,
        -0.026589607819914818,
        0.012212207540869713,
        0.02037503384053707,
        0.02783908322453499,
        0.045972224324941635,
        0.0013127342099323869,
        -0.01354923564940691,
        0.0119587741792202,
        -0.005605329293757677,
        0.01175012532621622,
        -0.03857802227139473,
        0.11657066643238068,
        0.025006357580423355,
        -0.048917338252067566,
        -0.030150888487696648,
        0.0021318630315363407,
        -0.006656541023403406,
        -0.009418054483830929,
        0.03429657965898514,
        0.03796768933534622,
        -0.04525410011410713,
        0.040728162974119186,
        0.10278449952602386,
        0.00855270866304636,
        -0.03629337623715401,
        0.018109465017914772,
        -0.04600011929869652,
        0.0359615720808506,
        0.04478307440876961,
        -0.02905183844268322,
        -0.03624348342418671,
        0.07154694944620132,
        0.018890831619501114,
        -0.01141256932169199,
        -0.05941113084554672,
        -0.030583469197154045,
        0.03747032582759857,
        0.052549365907907486,
        -0.013890632428228855,
        0.04416884109377861,
        -0.04927188158035278,
        -0.037963032722473145,
        -0.029544470831751823,
        -0.00802429486066103,
        -0.03261108323931694,
        -0.059306468814611435,
        -0.04275139793753624,
        0.03319329395890236,
        -0.039442140609025955,
        -0.03667529672384262,
        -0.02680492028594017,
        0.032825034111738205,
        0.029989801347255707,
        0.003537057898938656,
        -0.014275053516030312,
        -4.507836274569854e-05,
        0.04518767073750496,
        0.014081056229770184,
        -0.05979321524500847,
        0.01815723069012165,
        -0.012777300551533699,
        0.020818039774894714,
        -0.036876849830150604,
        0.01853729411959648,
        0.030295617878437042,
        0.010085012763738632,
        0.029706835746765137,
        0.0278136245906353,
        0.03149983659386635,
        -0.05336308106780052,
        -0.055183686316013336,
        -0.23382431268692017,
        -0.0032879021018743515,
        -0.0076027181930840015,
        -0.01613066904246807,
        0.07303662598133087,
        -0.05995079502463341,
        0.005012164823710918,
        0.004531421698629856,
        0.003037037095054984,
        0.031206045299768448,
        0.05496063828468323,
        -0.02934231609106064,
        -0.02445404790341854,
        0.0361541286110878,
        -0.029495568946003914,
        0.06074335798621178,
        0.0035499020013958216,
        -0.003058234229683876,
        -0.02029026485979557,
        -0.009514832869172096,
        -0.02467709593474865,
        0.07995056360960007,
        0.015784209594130516,
        -0.04890811815857887,
        0.033248476684093475,
        -0.02287144772708416,
        0.20317743718624115,
        0.03697166219353676,
        0.02149849757552147,
        -0.022142944857478142,
