{
    "index": 132,
    "page": 22,
    "text": "direct apostacy from the nature of the universe; part of which, all particular natures \nof the world, are. Secondly, when she either is averse from any man, or led by con-\ntrary desires or affections, tending to his hurt and prejudice; such as are the souls of \nthem that are angry. Thirdly, when she is overcome by any pleasure or pain. Fourth-\nly, when she doth dissemble, and covertly and falsely either doth or saith anything. \nFifthly, when she doth either affect or endeavour anything to no certain end, but \nrashly and without due ratiocination and consideration, how consequent or inconse-\nquent it is to the common end. For even the least things ought not to be done, with-\nout relation unto the end; and the end of the reasonable creatures is, to follow and",
    "embedding_of_chunk": [
        -0.03308135271072388,
        -0.02669103629887104,
        0.015206560492515564,
        -0.0022822467144578695,
        -0.012214641086757183,
        0.007994897663593292,
        0.09248795360326767,
        0.040894765406847,
        -0.0060725342482328415,
        -0.04530440643429756,
        0.020002325996756554,
        -0.0882532000541687,
        0.017128417268395424,
        0.013807399198412895,
        0.0070312172174453735,
        0.050010520964860916,
        0.00873959343880415,
        0.03657296299934387,
        -0.07445520162582397,
        0.05853581055998802,
        0.06145142763853073,
        -0.014080293476581573,
        -0.01693086326122284,
        -0.05491815134882927,
        0.017329631373286247,
        0.05741358920931816,
        -0.052633997052907944,
        -0.02798932045698166,
        -0.03947769105434418,
        -0.15332700312137604,
        -0.022932182997465134,
        -0.0341024287045002,
        0.01812242902815342,
        -0.04054036736488342,
        -0.010281356982886791,
        -0.01957685500383377,
        -0.03808879107236862,
        0.055550310760736465,
        -0.04812638834118843,
        0.04452618584036827,
        0.03822324424982071,
        0.05026164650917053,
        -0.022197509184479713,
        -0.060189325362443924,
        -0.0448409765958786,
        -0.049271680414676666,
        -0.03571464121341705,
        0.008124716579914093,
        -0.004746710881590843,
        -0.0627450942993164,
        -0.022691281512379646,
        -0.0013411620166152716,
        0.005146663635969162,
        0.040736548602581024,
        -0.0012750873574987054,
        0.005603555589914322,
        0.06388577073812485,
        0.015105277299880981,
        0.032285068184137344,
        0.008585330098867416,
        0.0590086467564106,
        0.0483892560005188,
        -0.20204801857471466,
        0.0909620150923729,
        0.08059411495923996,
        0.016206908971071243,
        -0.019071461632847786,
        -0.008491290733218193,
        0.019698776304721832,
        0.07027976959943771,
        -0.03441154584288597,
        0.04217033088207245,
        0.03532935678958893,
        0.0473547987639904,
        0.006327735725790262,
        -0.014093728736042976,
        0.002381343627348542,
        -0.07844817638397217,
        -0.004292817320674658,
        0.02250337041914463,
        -0.012440260499715805,
        0.028822388499975204,
        -0.0018850393826141953,
        0.011769222095608711,
        -0.053656548261642456,
        -0.055214352905750275,
        0.024305008351802826,
        -0.05949055030941963,
        0.02012988179922104,
        0.0413505844771862,
        -0.038957271724939346,
        -0.016843175515532494,
        -0.04978927969932556,
        -0.003470411291345954,
        -0.023130130022764206,
        -0.01722104661166668,
        0.02925749123096466,
        -0.04962184652686119,
        -0.023775551468133926,
        0.18524585664272308,
        -0.03686509653925896,
        0.06519326567649841,
        -0.0037044095806777477,
        -0.024100691080093384,
        0.04275422543287277,
        -0.039915427565574646,
        0.028890734538435936,
        -0.02663296088576317,
        -0.029301395639777184,
        0.0060691386461257935,
        0.009685093536973,
        -0.040375448763370514,
        0.04237869754433632,
        -0.060281604528427124,
        0.03432397544384003,
        0.007395905442535877,
        0.025565655902028084,
        0.00010999142250511795,
        -0.03901422768831253,
        -0.004909521900117397,
        -0.02372567541897297,
        -0.011596079915761948,
        0.06135919690132141,
        -0.027419188991189003,
        0.055407024919986725,
        -0.11055177450180054,
        0.04234515503048897,
        0.10047149658203125,
        0.042333900928497314,
        -0.0354405976831913,
        0.017914103344082832,
        -0.08039581030607224,
        -0.0032221844885498285,
        0.007337317336350679,
        0.022409772500395775,
        0.02126924879848957,
        0.044614050537347794,
        -0.00190162961371243,
        0.04623500630259514,
        -0.062396105378866196,
        -0.030459217727184296,
        -0.14790865778923035,
        -0.04948687553405762,
        -0.10302958637475967,
        -0.02226772904396057,
        0.07335712015628815,
        0.008617512881755829,
        0.05693356320261955,
        0.00419596116989851,
        0.07776731252670288,
        -0.0006177582545205951,
        0.04993939399719238,
        -0.0630892664194107,
        -0.006433954928070307,
        0.01509072631597519,
        0.06835837662220001,
        -0.009367556311190128,
        0.04018707200884819,
        -0.034764260053634644,
        0.004349609836935997,
        0.0031721764244139194,
        -0.02117915078997612,
        -0.04921623319387436,
        0.1504136025905609,
        0.045561812818050385,
        -0.020695451647043228,
        0.007209259085357189,
        0.011020193807780743,
        -0.0040210457518696785,
        -0.02074366807937622,
        0.027275610715150833,
        0.03589913249015808,
        -0.08213400840759277,
        0.007325202692300081,
        0.08100646734237671,
        0.012272806838154793,
        -0.034013532102108,
        -0.012941154651343822,
        0.012696861289441586,
        0.042992040514945984,
        0.017404232174158096,
        -0.04559342563152313,
        -0.03750650957226753,
        0.05950530618429184,
        0.01306106336414814,
        -0.01924663968384266,
        -0.013283902779221535,
        -0.022092454135417938,
        0.03533387556672096,
        0.03178240358829498,
        -0.03317193686962128,
        0.016877438873052597,
        -0.07119107246398926,
        0.0047013601288199425,
        -0.014020211063325405,
        -0.05679702013731003,
        -0.02651599422097206,
        -0.013445054180920124,
        -0.028166918084025383,
        0.03363212198019028,
        -0.01708592288196087,
        0.047101229429244995,
        -0.04648630693554878,
        0.0005206283531151712,
        0.05420037731528282,
        0.006444509141147137,
        0.024690724909305573,
        -0.021755974739789963,
        0.04522865638136864,
        0.005503504537045956,
        -0.03406408056616783,
        0.04360556602478027,
        0.018393684178590775,
        -0.02233385108411312,
        -0.040697306394577026,
        0.05684211477637291,
        0.02369745820760727,
        0.034271240234375,
        0.022971777245402336,
        0.047432247549295425,
        0.015941740944981575,
        -0.09256548434495926,
        -0.004746078979223967,
        -0.22003449499607086,
        0.008404316380620003,
        -0.031332191079854965,
        -0.05613737553358078,
        0.07864794880151749,
        -0.040526412427425385,
        0.012328396551311016,
        -0.027705170214176178,
        0.01853005960583687,
        0.06364579498767853,
        0.05954868718981743,
        -0.016527695581316948,
        -0.008051712065935135,
        0.014907565899193287,
        0.05565905198454857,
