{
    "index": 348,
    "page": 54,
    "text": "25 [ยง xlii. There is no hiatus in the Greek.] \nSIXTH BOOK \n\nvirtues, visible and eminent in the dispositions of those who live with thee; especially \nwhen, all at once, as near as may be, they represent themselves unto thee. And \ntherefore thou must have them always in a readiness. \n\nXLIV. Dost thou grieve that thou dost weigh but so many pounds, and not three \nhundred rather? Just as much reason hast thou to grieve that thou must live but so \nmany years, and not longer. For as for bulk and substance thou dost content thyself \nwith that proportion of it that is allotted unto thee, so shouldst thou for time.",
    "embedding_of_chunk": [
        -0.018376948311924934,
        0.005683120805770159,
        0.013662409968674183,
        -0.06037710979580879,
        -0.011734578758478165,
        0.010254793800413609,
        0.03747406601905823,
        0.05623132735490799,
        0.030394334346055984,
        -0.016051217913627625,
        0.007424362935125828,
        -0.08290207386016846,
        0.002487373072654009,
        0.050808683037757874,
        -0.018622081726789474,
        0.0008769019041210413,
        0.017298299819231033,
        0.04851648956537247,
        -0.07069995999336243,
        0.020701631903648376,
        0.07542422413825989,
        -0.042537957429885864,
        -0.008759386837482452,
        -0.018567197024822235,
        0.03303690254688263,
        0.04981689527630806,
        -0.04537764564156532,
        -0.029689300805330276,
        -0.013155692256987095,
        -0.16740712523460388,
        -0.008122033439576626,
        -0.04529040306806564,
        0.04871382936835289,
        -0.057416461408138275,
        -0.02602989226579666,
        -0.0011846808483824134,
        -0.03013778291642666,
        0.049452491104602814,
        -0.0143588837236166,
        0.057425204664468765,
        0.009384404867887497,
        0.04099538177251816,
        0.002545615890994668,
        -0.05330054834485054,
        -0.04424244910478592,
        -0.049328263849020004,
        -0.020693330094218254,
        -0.037285879254341125,
        0.03957629203796387,
        0.02185167744755745,
        0.006253349129110575,
        -0.01551864854991436,
        0.045409295707941055,
        0.05983654037117958,
        0.016723694279789925,
        0.041291117668151855,
        0.045965734869241714,
        0.011641900055110455,
        0.018458710983395576,
        -0.00021938164718449116,
        0.038301773369312286,
        0.008864612318575382,
        -0.2289501428604126,
        0.06848059594631195,
        0.04279063269495964,
        0.008982023224234581,
        -0.059396419674158096,
        -0.012811409309506416,
        -0.010982916690409184,
        0.05940832942724228,
        -0.012724626809358597,
        0.01717453822493553,
        0.047516558319330215,
        0.0878012627363205,
        0.024328630417585373,
        -0.000184084361535497,
        0.03172019124031067,
        -0.04869486764073372,
        -0.001124744419939816,
        0.010625706985592842,
        0.024949388578534126,
        0.013065807521343231,
        0.0012683557579293847,
        0.002058126498013735,
        -0.07317423820495605,
        -0.05757559835910797,
        0.030936412513256073,
        -0.09608686715364456,
        0.038256336003541946,
        0.012434432283043861,
        -0.03310573473572731,
        -0.011643112637102604,
        -0.0005078262183815241,
        0.03967365249991417,
        -0.05923495814204216,
        -0.03963487222790718,
        0.020690707489848137,
        0.013528122566640377,
        -0.03707948699593544,
        0.21602196991443634,
        -0.04403814673423767,
        0.05278979241847992,
        0.020566212013363838,
        -0.013597075827419758,
        0.03927357494831085,
        0.013083474710583687,
        0.005943609867244959,
        -0.049463264644145966,
        0.008517816662788391,
        -0.010248496197164059,
        0.02446790225803852,
        -0.0030667600221931934,
        0.06345681101083755,
        -0.07371223717927933,
        0.05342552810907364,
        0.021312804892659187,
        0.03322313725948334,
        -0.024743949994444847,
        -0.008703110739588737,
        -0.015911750495433807,
        -0.0019266655435785651,
        0.03221767395734787,
        0.06745874136686325,
        -0.03002183884382248,
        0.010383795015513897,
        -0.10257137566804886,
        0.03569541499018669,
        0.09320449084043503,
        0.012598052620887756,
        0.015208137221634388,
        0.011587047018110752,
        -0.03508777916431427,
        -0.05350710451602936,
        -0.042427908629179,
        -0.030559172853827477,
        0.05214410647749901,
        0.04306090995669365,
        -0.04703501611948013,
        0.028038889169692993,
        -0.03497826308012009,
        -0.041728172451257706,
        -0.13041344285011292,
        -0.0010771797969937325,
        -0.10972698777914047,
        0.0026587725151330233,
        0.12390509247779846,
        0.008017601445317268,
        0.052762266248464584,
        -0.013617814518511295,
        0.008682371117174625,
        -0.035925231873989105,
        0.03540308028459549,
        -0.03262887895107269,
        -0.01812145486474037,
        0.03363105654716492,
        0.020631860941648483,
        0.014803568832576275,
        0.05981909856200218,
        -0.0502508282661438,
        -0.005366021767258644,
        0.010284733958542347,
        -0.013364972546696663,
        -0.07271568477153778,
        0.11072191596031189,
        0.0029874772299081087,
        -0.03822110593318939,
        -0.008674080483615398,
        0.02119569294154644,
        -0.0029098421800881624,
        -0.01816772110760212,
        0.06313645094633102,
        -0.021381065249443054,
        -0.06581085920333862,
        0.06114473193883896,
        0.09698988497257233,
        0.014661850407719612,
        -0.04491313919425011,
        0.02640577219426632,
        -0.0026211764197796583,
        0.028031054884195328,
        0.007400442846119404,
        -0.0348135381937027,
        -0.06048266217112541,
        0.0626586377620697,
        0.0007041525095701218,
        -0.01929566077888012,
        -0.03617578372359276,
        -0.055611517280340195,
        0.0587707944214344,
        0.0769176110625267,
        0.0019534453749656677,
        0.02372717298567295,
        -0.03304170072078705,
        -0.015130816958844662,
        -0.04324021562933922,
        -0.007691197097301483,
        -0.04971252381801605,
        0.017686132341623306,
        0.004159796051681042,
        -0.010170285589993,
        -0.007720591966062784,
        0.0009872145019471645,
        0.006328075658529997,
        -0.009574471041560173,
        0.02828977257013321,
        -0.015256933867931366,
        0.0012455438263714314,
        0.008925937116146088,
        0.06560821831226349,
        0.014042515307664871,
        -0.010631578974425793,
        0.04236342012882233,
        0.04759574308991432,
        -0.0577382855117321,
        -0.013360043056309223,
        0.0631566047668457,
        0.042140714824199677,
        0.00966085959225893,
        0.029745083302259445,
        0.029662244021892548,
        0.026782607659697533,
        -0.10764746367931366,
        -0.037136852741241455,
        -0.22258414328098297,
        0.009375343099236488,
        0.024837622418999672,
        -0.06232870742678642,
        0.05599420517683029,
        -0.036718592047691345,
        0.018242331221699715,
        -0.00727843539789319,
        0.044380299746990204,
        0.006228466983884573,
        0.04098052531480789,
        -0.04551616683602333,
        -0.05441974103450775,
        -0.013160424306988716,
        -0.018440892919898033,
        0.06080015376210213,
        0.005743156187236309,
        0.009392485953867435,
        -0.03604954108595848,
        -0.003539004595950246,
