{
    "index": 444,
    "page": 70,
    "text": "praised; and yet in this corner, thou hast not the joint praises of all men; no nor \nscarce of any one constantly. And yet the whole earth itself, what is it but as one \npoint, in regard of the whole world? \n\nXX. That which must be the subject of thy consideration, is either the matter itself, \nor the dogma, or the operation, or the true sense and signification. \n\nXXI. Most justly have these things happened unto thee: why dost not thou amend? O \nbut thou hadst rather become good to-morrow, than to be so to-day.",
    "embedding_of_chunk": [
        -0.04968845099210739,
        0.0033074792008847,
        0.02116760052740574,
        -0.03393945097923279,
        0.0008708443492650986,
        -0.01812673918902874,
        0.07043273001909256,
        0.06583059579133987,
        0.024470359086990356,
        -0.006074056960642338,
        -0.010680978186428547,
        -0.09767072647809982,
        0.011500143446028233,
        0.04064677655696869,
        -0.0005890594329684973,
        0.007956275716423988,
        -0.004519314970821142,
        0.02306147664785385,
        -0.10226354748010635,
        0.015057653188705444,
        0.05594781041145325,
        0.017058242112398148,
        -0.004234504420310259,
        -0.03586423769593239,
        0.01708587072789669,
        0.006850315257906914,
        -0.03155327960848808,
        -0.0332769975066185,
        -0.017280129715800285,
        -0.17389856278896332,
        -0.022999916225671768,
        -0.023744355887174606,
        0.021804040297865868,
        -0.00038529353332705796,
        0.004491443745791912,
        -0.0053029428236186504,
        0.001733074546791613,
        0.025787880644202232,
        -0.05002987012267113,
        0.04417923092842102,
        0.015313941054046154,
        0.013121658004820347,
        -0.012925724498927593,
        -0.034773752093315125,
        -0.03310916945338249,
        -0.06778534501791,
        -0.012455686926841736,
        -0.013010379858314991,
        0.01278098113834858,
        -0.02449636533856392,
        0.009628643281757832,
        -0.03155951946973801,
        0.01798781007528305,
        0.01778397522866726,
        0.013459156267344952,
        0.033050742000341415,
        0.03988781198859215,
        0.004035203251987696,
        0.03155507892370224,
        -0.034057628363370895,
        0.05119576305150986,
        0.062243491411209106,
        -0.21094895899295807,
        0.07836680859327316,
        0.0869239941239357,
        -0.010208318009972572,
        -0.02276339940726757,
        -0.020422115921974182,
        -0.01258045993745327,
        0.06686738133430481,
        0.002641905564814806,
        0.03129901736974716,
        0.0636652261018753,
        0.035665616393089294,
        0.026599135249853134,
        -0.00897905696183443,
        0.0073698582127690315,
        -0.018107201904058456,
        0.003403898561373353,
        0.002962637459859252,
        -0.01578744873404503,
        0.03254726156592369,
        -0.024341102689504623,
        0.011178466491401196,
        -0.04873056709766388,
        -0.09274505823850632,
        0.004111593123525381,
        -0.05836047604680061,
        0.048094768077135086,
        0.030029725283384323,
        -0.03186319023370743,
        -0.025405189022421837,
        -0.01075696386396885,
        0.019207529723644257,
        -0.006079487502574921,
        -0.04777878150343895,
        0.04583664610981941,
        -0.011058304458856583,
        -0.028180241584777832,
        0.18874965608119965,
        -0.06722050160169601,
        0.051435209810733795,
        0.0424046516418457,
        -0.02546495571732521,
        0.06846145540475845,
        -0.00013609355664812028,
        -0.003699853317812085,
        -0.04729918763041496,
        -0.018792280927300453,
        -0.020055178552865982,
        0.008787047117948532,
        -0.020395390689373016,
        0.02727043256163597,
        -0.0382390096783638,
        0.016937240958213806,
        0.0032933217007666826,
        0.054619643837213516,
        0.04901877045631409,
        -0.014126227237284184,
        -0.020504869520664215,
        -0.007752271369099617,
        0.05392630398273468,
        0.0840376541018486,
        -0.027260661125183105,
        -0.021489758044481277,
        -0.07846962660551071,
        0.08291903138160706,
        0.08470583707094193,
        0.004462835844606161,
        -0.008963396772742271,
        0.008273011073470116,
        -0.04320612549781799,
        -0.05737507343292236,
        -0.040190454572439194,
        0.038827307522296906,
        0.0015423917211592197,
        0.010233718901872635,
        -0.00475938618183136,
        0.033632393926382065,
        -0.024575619027018547,
        -0.00930638425052166,
        -0.1596471667289734,
        -0.022976048290729523,
        -0.09519468247890472,
        -0.021036436781287193,
        0.10770200937986374,
        -0.021277016028761864,
        0.014655504375696182,
        -0.03710034117102623,
        0.0344175361096859,
        -0.0315229669213295,
        0.056832749396562576,
        -0.06925910711288452,
        0.019280612468719482,
        0.006531480234116316,
        0.04208069294691086,
        0.015099945478141308,
        0.024440620094537735,
        -0.03963131830096245,
        0.0338323600590229,
        0.044361717998981476,
        -0.00994224101305008,
        -0.06309047341346741,
        0.1276402771472931,
        -0.004804252181202173,
        -0.049412988126277924,
        -0.028966134414076805,
        -0.018435820937156677,
        0.011958318762481213,
        0.00290583074092865,
        0.01622127555310726,
        -0.002462610835209489,
        -0.06542634218931198,
        0.027780288830399513,
        0.07079993188381195,
        0.042052675038576126,
        -0.03691747412085533,
        0.017895180732011795,
        -0.003314704867079854,
        0.016690494492650032,
        0.04903940483927727,
        -0.040043290704488754,
        -0.05787218362092972,
        0.03685282915830612,
        0.016767257824540138,
        0.023622995242476463,
        -0.035238299518823624,
        -0.02427239902317524,
        0.030514487996697426,
        0.05251985043287277,
        -0.008545049466192722,
        0.03319723159074783,
        -0.04744992032647133,
        -0.011312696151435375,
        0.001393514103256166,
        -0.01901238039135933,
        -0.027532348409295082,
        0.02934880182147026,
        -0.013623815961182117,
        -0.011148283258080482,
        -0.01943880319595337,
        -0.010555307380855083,
        -0.008653800934553146,
        0.0036636153236031532,
        0.06954336166381836,
        0.02720428630709648,
        0.009742838330566883,
        -0.01495902519673109,
        0.037997160106897354,
        0.023330172523856163,
        -0.044291794300079346,
        0.034936998039484024,
        0.030399449169635773,
        0.012291982769966125,
        -0.012441979721188545,
        0.06309136748313904,
        0.01663525030016899,
        0.015995657071471214,
        0.014716465957462788,
        0.04433548450469971,
        0.03404946252703667,
        -0.09352850914001465,
        -0.06578890234231949,
        -0.2456124871969223,
        0.0008528892649337649,
        -0.010714994743466377,
        -0.01667538657784462,
        0.05684758350253105,
        -0.05629430338740349,
        0.01602952741086483,
        -0.01535777933895588,
        0.02894628793001175,
        0.05288488417863846,
        0.06065191328525543,
        -0.022841835394501686,
        -0.032215192914009094,
        -0.007667049299925566,
        0.030331386253237724,
        0.038402702659368515,
        -0.024731075391173363,
        0.01977607235312462,
        -0.0009784467983990908,
        0.033830758184194565,
        -0.00801286194473505,
        0.060585059225559235,
        -0.05227948725223541,
