{
    "index": 419,
    "page": 66,
    "text": "XLI. Can the Gods, who are immortal, for the continuance of so many ages bear \nwithout indignation with such and so many sinners, as have ever been, yea not only \nso, but also take such care for them, that they want nothing; and dust thou so griev-\nously take on, as one that could bear with them no longer; thou that art but for a \nmoment of time? yea thou that art one of those sinners thyself? A very ridiculous \nthing it is, that any man should dispense with vice and wickedness in himself, which \nis in his power to restrain; and should go about to suppress it in others, which is al-\ntogether impossible.",
    "embedding_of_chunk": [
        -0.03963203355669975,
        0.03842760622501373,
        -0.012083124369382858,
        -0.05859605222940445,
        0.017190616577863693,
        0.016331138089299202,
        0.08136395364999771,
        0.019602149724960327,
        0.0335393026471138,
        -0.013222909532487392,
        0.005705142859369516,
        -0.04959675669670105,
        0.05768010392785072,
        0.03058869019150734,
        0.0050997668877244,
        0.012651375494897366,
        -0.03851963207125664,
        0.04855305328965187,
        -0.05574189871549606,
        0.030637143179774284,
        0.06774364411830902,
        -0.04587845131754875,
        0.0025509523693472147,
        -0.03554660081863403,
        -0.0022270733024924994,
        0.02561839111149311,
        -0.007016019430011511,
        -0.03567120432853699,
        0.003008362138643861,
        -0.1621127724647522,
        -0.020321300253272057,
        -0.07745745033025742,
        0.01669219881296158,
        -0.05100866034626961,
        -0.03527987375855446,
        -0.007296013180166483,
        -0.022011948749423027,
        0.02649642713367939,
        -0.02899833582341671,
        0.05585276335477829,
        0.02038450539112091,
        0.050506025552749634,
        -0.029225029051303864,
        -0.04977419227361679,
        -0.04430890828371048,
        -0.010731427930295467,
        -0.05009264871478081,
        -0.019739773124456406,
        0.037456728518009186,
        -0.01652214117348194,
        -0.009015265852212906,
        -0.0006744840648025274,
        0.03848014399409294,
        0.04877444729208946,
        0.030860237777233124,
        -0.01026289165019989,
        0.05242244899272919,
        0.019735515117645264,
        0.03416557237505913,
        0.021938569843769073,
        0.04679103568196297,
        -0.021919729188084602,
        -0.18042409420013428,
        0.07737988233566284,
        0.04776699095964432,
        0.006685247179120779,
        -0.019514665007591248,
        -0.020708665251731873,
        -0.001435731304809451,
        0.04877566546201706,
        -0.027388129383325577,
        0.049306921660900116,
        0.05370957404375076,
        0.04581747204065323,
        0.023997081443667412,
        -0.00829601101577282,
        0.008998610079288483,
        -0.01998031511902809,
        -0.034897252917289734,
        0.013315441086888313,
        -0.02679344080388546,
        -0.0038271467201411724,
        -0.019722262397408485,
        -0.04031601548194885,
        -0.07188961654901505,
        -0.02776208519935608,
        -0.013119064271450043,
        -0.08052420616149902,
        0.08241204917430878,
        -0.0061841388233006,
        -0.022679630666971207,
        0.04849940165877342,
        0.016762709245085716,
        0.01739073172211647,
        -0.0037761314306408167,
        -0.0012153509305790067,
        0.02170001156628132,
        -0.017051566392183304,
        -0.07611071318387985,
        0.2047058492898941,
        -0.04406444728374481,
        0.0004437642637640238,
        0.005282010417431593,
        -0.02761264517903328,
        0.0534629225730896,
        0.03063368983566761,
        0.005797565449029207,
        -0.010277788154780865,
        -0.028935305774211884,
        0.02068433351814747,
        0.041336510330438614,
        -0.04314190894365311,
        0.03249962255358696,
        -0.07963747531175613,
        0.03933170437812805,
        0.0017839540960267186,
        0.031208593398332596,
        0.04532622545957565,
        -0.038499556481838226,
        -0.010957404039800167,
        -0.015882549807429314,
        0.020965373143553734,
        0.04832934960722923,
        0.021397218108177185,
        0.02815905772149563,
        -0.0864984318614006,
        0.015315583907067776,
        0.11253783106803894,
        0.014980154111981392,
        0.0024922345764935017,
        0.039726074784994125,
        -0.040750544518232346,
        -0.03805146738886833,
        -0.05353378504514694,
        -0.03305571898818016,
        0.016667861491441727,
        -0.007257514167577028,
        -0.017717311158776283,
        0.04923461377620697,
        -0.049214061349630356,
        -0.045045554637908936,
        -0.12896546721458435,
        -0.03111729957163334,
        -0.11630000174045563,
        0.04338210076093674,
        0.05611428618431091,
        0.022860297933220863,
        0.034850653260946274,
        -0.013697078451514244,
        0.017239317297935486,
        -0.01653590239584446,
        0.026110034435987473,
        -0.09085056930780411,
        -0.017802944406867027,
        -0.0010595603380352259,
        0.02117921970784664,
        0.05985205993056297,
        0.09885484725236893,
        -0.04969774931669235,
        0.015138516202569008,
        0.04627705365419388,
        -0.01501097809523344,
        -0.06335744261741638,
        0.16052711009979248,
        0.025804288685321808,
        -0.019929587841033936,
        0.008874771185219288,
        0.01768040657043457,
        0.0006013361853547394,
        0.014312615618109703,
        0.04945087432861328,
        0.01037916075438261,
        -0.09914180636405945,
        0.06713462620973587,
        0.10551858693361282,
        0.05617500841617584,
        -0.07093244791030884,
        -0.015249775722622871,
        -0.03048599883913994,
        0.07060765475034714,
        -0.006403022445738316,
        -0.03421703353524208,
        -0.03846022114157677,
        0.06552740931510925,
        0.002586863934993744,
        -0.07232465595006943,
        -0.03245043754577637,
        -0.034615591168403625,
        0.04359600692987442,
        0.0732945129275322,
        -0.021484024822711945,
        0.063926100730896,
        -0.03863336890935898,
        -0.017160575836896896,
        -0.012751666828989983,
        -0.023784350603818893,
        -0.024552475661039352,
        0.0038389633409678936,
        -0.04133002832531929,
        -0.019921911880373955,
        -0.035588569939136505,
        -0.027991749346256256,
        -0.028608355671167374,
        0.009734904393553734,
        0.018149150535464287,
        0.01531982421875,
        -0.011191786266863346,
        -0.00824535172432661,
        0.0598381906747818,
        -0.010594543069601059,
        -0.04039479047060013,
        0.007653039414435625,
        0.06547130644321442,
        -0.0005084407166577876,
        -0.0017720302566885948,
        0.06195858120918274,
        0.016909347847104073,
        -0.02464105561375618,
        0.04503307119011879,
        0.02560935914516449,
        0.08413807302713394,
        -0.05027856305241585,
        -0.07083022594451904,
        -0.22510755062103271,
        0.023693716153502464,
        -0.03550327941775322,
        -0.04347487911581993,
        0.07985759526491165,
        -0.0504668690264225,
        0.010235204361379147,
        -0.02355090342462063,
        0.03382677212357521,
        0.03800109028816223,
        0.02379346266388893,
        -0.021162468940019608,
        -0.010423803701996803,
        0.04925179108977318,
        -0.034191474318504333,
        0.04715137183666229,
        -0.005918494891375303,
        -0.000528412580024451,
        -0.021591205149888992,
        -0.0005658755544573069,
