{
    "index": 83,
    "page": 15,
    "text": "XIII. In my father, I observed his meekness; his constancy without wavering in those \nthings, which after a due examination and deliberation, he had determined. How free \nfrom all vanity he carried himself in matter of honour and dignity, (as they are es-\nteemed): his laboriousness and assiduity, his readiness to hear any man, that had \naught to say tending to any common good: how generally and impartially he would \ngive every man his due; his skill and knowledge, when rigour or extremity, or when \nremissness or moderation was in season; how he did abstain from all unchaste love \nof youths; his moderate condescending to other men’s occasions as an ordinary man, \nneither absolutely requiring of his friends, that they should wait upon him at his or-",
    "embedding_of_chunk": [
        -0.007180341519415379,
        0.03391070291399956,
        0.034046001732349396,
        -0.03632907569408417,
        -0.008611256256699562,
        -0.018674293532967567,
        0.10956014692783356,
        0.03751806542277336,
        0.012215536087751389,
        -0.014689664356410503,
        -0.00893129501491785,
        -0.074784055352211,
        0.0525764524936676,
        0.025049449875950813,
        0.01693010702729225,
        0.024563653394579887,
        0.00576294818893075,
        0.07250181585550308,
        -0.07079111784696579,
        0.019613157957792282,
        0.03269323334097862,
        -0.04648587107658386,
        -0.03476928547024727,
        -0.06361369788646698,
        0.01858474127948284,
        0.023778105154633522,
        0.0096666868776083,
        -0.06688699871301651,
        -0.022826025262475014,
        -0.1561310738325119,
        0.013666572980582714,
        -0.05352093279361725,
        0.12130791693925858,
        -0.027955200523138046,
        0.0222366563975811,
        -0.06261968612670898,
        -0.053847454488277435,
        0.03609839826822281,
        -0.029906462877988815,
        0.039900749921798706,
        0.01762683317065239,
        0.028781725093722343,
        -0.03146035969257355,
        -0.017557788640260696,
        -0.03172411769628525,
        -0.033331096172332764,
        0.008934685960412025,
        -0.013225827366113663,
        0.06515015661716461,
        -0.012591785751283169,
        -0.019268687814474106,
        -0.028910493478178978,
        0.009233866818249226,
        0.03146277368068695,
        0.023167243227362633,
        0.03953646495938301,
        0.056628692895174026,
        -0.0013169476296752691,
        0.057507000863552094,
        0.018706809729337692,
        0.01464974693953991,
        0.052497200667858124,
        -0.2250206470489502,
        0.06155410036444664,
        0.03384996950626373,
        0.039729826152324677,
        -0.04922289028763771,
        -0.00844875443726778,
        -0.0029529668390750885,
        0.05022750422358513,
        -0.011012236587703228,
        0.03784903138875961,
        0.06055639311671257,
        0.0771133229136467,
        0.07598713040351868,
        -0.021884018555283546,
        -0.020286956802010536,
        -0.037987470626831055,
        -0.03388364613056183,
        0.026606407016515732,
        -0.004195372574031353,
        0.04431859776377678,
        -0.003476358950138092,
        0.017127299681305885,
        -0.03513728454709053,
        -0.023803848773241043,
        0.03992900252342224,
        -0.1064801886677742,
        0.021601414307951927,
        0.031404610723257065,
        -0.019797777757048607,
        -0.03923998028039932,
        -0.04575616493821144,
        0.003012695349752903,
        -0.07390251010656357,
        -0.025830168277025223,
        0.05121790990233421,
        -0.010969632305204868,
        -0.07397205382585526,
        0.1844334602355957,
        0.0063916658982634544,
        0.019626429304480553,
        0.006260876078158617,
        -0.03392931818962097,
        0.0661785900592804,
        -0.015553747303783894,
        -0.000451671308837831,
        -0.061653997749090195,
        -0.018018672242760658,
        0.018166007474064827,
        0.0037333834916353226,
        -0.029696404933929443,
        0.04565558582544327,
        -0.06465578824281693,
        0.02780439332127571,
        0.02115556038916111,
        0.022119350731372833,
        0.002048199763521552,
        -0.03776216134428978,
        0.007273655850440264,
        0.029337182641029358,
        0.03610055893659592,
        0.0162418931722641,
        -0.02996448427438736,
        0.04829419404268265,
        -0.080725759267807,
        0.058604855090379715,
        0.1176057904958725,
        0.0029642009176313877,
        -0.02828330360352993,
        -0.0260749664157629,
        -0.037857942283153534,
        -0.003975302446633577,
        -0.016686487942934036,
        -0.0135815953835845,
        0.03912745788693428,
        0.03266791254281998,
        -0.02443942241370678,
        0.04638902470469475,
        -0.007960247807204723,
        -0.04202050715684891,
        -0.1561666578054428,
        -0.07766510546207428,
        -0.09794411063194275,
        -0.02034621126949787,
        0.07896638661623001,
        0.018531441688537598,
        0.020153524354100227,
        -0.023770473897457123,
        0.02466350421309471,
        0.007136582396924496,
        0.06989467144012451,
        -0.016126880422234535,
        -0.021582210436463356,
        0.044008608907461166,
        0.01776525191962719,
        0.043518781661987305,
        0.0712936744093895,
        -0.03827106952667236,
        0.04530402272939682,
        0.010513928718864918,
        -0.07502435147762299,
        0.003643113886937499,
        0.09082809835672379,
        0.021786276251077652,
        -0.03300735354423523,
        -0.02374640852212906,
        -0.017598316073417664,
        -0.006809722166508436,
        -0.009143544360995293,
        0.056977029889822006,
        0.006788468454033136,
        -0.0677458643913269,
        0.04652927443385124,
        0.06277602165937424,
        0.044900037348270416,
        -0.017658906057476997,
        0.02656509354710579,
        -0.0019717998802661896,
        -0.02003842405974865,
        0.032036878168582916,
        -0.0907583087682724,
        -0.04341908544301987,
        0.0756087601184845,
        0.0038580945692956448,
        -0.00543700996786356,
        -0.006520249880850315,
        -0.06473301351070404,
        0.058493293821811676,
        0.0647968202829361,
        0.00011253736010985449,
        0.07080923020839691,
        -0.07643605768680573,
        -0.03889589011669159,
        -0.06379208713769913,
        0.007438061758875847,
        -0.02744664065539837,
        -0.025112517178058624,
        -0.014503858052194118,
        -0.02922648750245571,
        -0.022739404812455177,
        0.0011982531286776066,
        -0.017552439123392105,
        -0.005476647522300482,
        3.7122528738109395e-05,
        0.06561325490474701,
        0.004327361937612295,
        -0.06293334811925888,
        0.03466711565852165,
        0.04880951717495918,
        -0.08274433761835098,
        0.0073166536167263985,
        0.035490408539772034,
        -0.017848767340183258,
        -0.060460470616817474,
        0.02233576774597168,
        -0.0044537680223584175,
        -0.0077398717403411865,
        0.03345121815800667,
        0.04296066612005234,
        0.036356594413518906,
        -0.08652903139591217,
        -0.08053497225046158,
        -0.20228105783462524,
        0.0020051903557032347,
        0.03194394335150719,
        -0.03358541429042816,
        0.09034653007984161,
        -0.05154326185584068,
        0.05259137600660324,
        1.3469810255628545e-05,
        0.02987198531627655,
        0.008005555719137192,
        0.04525483399629593,
        -0.012535625137388706,
        -0.036908142268657684,
        0.05923309549689293,
        0.019984550774097443,
        0.06255800276994705,
