{
    "index": 567,
    "page": 89,
    "text": "attend all present occasions, to perform everything duly and carefully and yet so in-\ntend the contemplative part too, that no part of that delight and pleasure, which the \ncontemplative knowledge of everything according to its true nature doth of itself af-\nford, might be lost. Or, that the true and contemplative knowledge of everything ac-\ncording to its own nature, might of itself, (action being subject to many lets and im-\npediments) afford unto thee sufficient pleasure and happiness. Not apparent indeed, \nbut not concealed. And when shalt thou attain to the happiness of true simplicity, \nand unaffected gravity? When shalt thou rejoice in the certain knowledge of every \nparticular object according to its true nature: as what the matter and substance of it",
    "embedding_of_chunk": [
        -0.010092663578689098,
        -0.0004923198139294982,
        0.03417900949716568,
        -0.033875029534101486,
        -0.03151150792837143,
        -0.0009513369877822697,
        0.10017286241054535,
        0.03578386455774307,
        0.005573182832449675,
        -0.004032672382891178,
        -0.014984577894210815,
        -0.08926469087600708,
        0.04764711856842041,
        0.03807226940989494,
        0.015835782513022423,
        0.03626637160778046,
        0.024695219472050667,
        0.03994017839431763,
        -0.07928398251533508,
        0.021768372505903244,
        0.08091080188751221,
        -0.05186421796679497,
        -0.03770812600851059,
        -0.028396109119057655,
        -0.0006497977883554995,
        0.008136956952512264,
        -0.0379391647875309,
        -0.0215010829269886,
        -0.017145587131381035,
        -0.16594842076301575,
        -0.029233766719698906,
        -0.06066688895225525,
        0.016807282343506813,
        -0.007996930740773678,
        -0.02416953444480896,
        0.01707976497709751,
        -0.032066527754068375,
        0.049879059195518494,
        -0.05472248047590256,
        0.05192489176988602,
        0.07531782239675522,
        -0.003929626662284136,
        -0.016131915152072906,
        -0.02382032386958599,
        -0.010173587128520012,
        -0.02736205980181694,
        0.011730269528925419,
        -0.023409945890307426,
        0.03256336972117424,
        -0.02218054234981537,
        -0.01257367990911007,
        0.005556689575314522,
        0.007613259367644787,
        0.0674472525715828,
        0.030305659398436546,
        0.058726951479911804,
        0.028215890750288963,
        0.039580781012773514,
        0.02389455959200859,
        0.0033632193226367235,
        0.05252840742468834,
        0.053386714309453964,
        -0.24206455051898956,
        0.04774602875113487,
        0.05907859653234482,
        -0.005892076995223761,
        -0.06949982792139053,
        -0.03895561024546623,
        0.04042593017220497,
        0.0512688048183918,
        -0.014433884993195534,
        0.06701109558343887,
        0.03804957866668701,
        0.047897569835186005,
        0.027676714584231377,
        -0.02803405374288559,
        -0.005036813206970692,
        -0.06011812016367912,
        -0.04133183881640434,
        0.03259450942277908,
        -0.013478671200573444,
        0.03846128657460213,
        -0.016677813604474068,
        0.009398105554282665,
        -0.020142609253525734,
        -0.05763225629925728,
        0.0009450874058529735,
        -0.09491028636693954,
        0.06312854588031769,
        0.020335832610726357,
        -0.025735463947057724,
        -0.028270170092582703,
        -0.05171951651573181,
        0.00040450773667544127,
        -0.04110872372984886,
        0.019058480858802795,
        0.016113951802253723,
        0.026882654055953026,
        -0.041103605180978775,
        0.1890450119972229,
        -0.034432653337717056,
        0.058395106345415115,
        0.038699787110090256,
        -0.027603941038250923,
        0.014917958527803421,
        -0.010689612478017807,
        -0.014079286716878414,
        -0.039241973310709,
        -0.019289586693048477,
        -0.01082014013081789,
        0.006840691901743412,
        -0.030511338263750076,
        0.056198399513959885,
        -0.020400159060955048,
        0.026798468083143234,
        0.00937308557331562,
        0.019449355080723763,
        0.02692132629454136,
        -0.010730404406785965,
        -0.02639603801071644,
        -0.009125947020947933,
        0.011567076668143272,
        0.0843341127038002,
        -0.01084601879119873,
        -0.01553909108042717,
        -0.11276641488075256,
        0.03459775075316429,
        0.11907993257045746,
        -0.0005110133206471801,
        0.0036628672387450933,
        0.03735079988837242,
        -0.0267780888825655,
        -0.023716583847999573,
        -0.03162475302815437,
        0.028502311557531357,
        0.022974280640482903,
        0.033325452357530594,
        -0.019930969923734665,
        0.06246893107891083,
        -0.035837795585393906,
        -0.013156524859368801,
        -0.10632737725973129,
        -0.02508975937962532,
        -0.12163228541612625,
        -0.03708470240235329,
        0.07531863451004028,
        0.031618740409612656,
        0.02423267252743244,
        -0.02082875184714794,
        0.036527734249830246,
        -0.03607863560318947,
        0.054433777928352356,
        -0.03207360580563545,
        -0.011293809860944748,
        0.018794067203998566,
        -0.001863250625319779,
        0.02469305321574211,
        0.05765385925769806,
        -0.05374019593000412,
        -0.0367216020822525,
        -0.009381539188325405,
        -0.023297807201743126,
        -0.011008912697434425,
        0.1354750543832779,
        -0.004426779691129923,
        -0.02042163535952568,
        -0.019126934930682182,
        0.017683884128928185,
        0.03154350072145462,
        0.004710390232503414,
        0.02816659025847912,
        0.02024717442691326,
        -0.09852316230535507,
        0.03748321160674095,
        0.09707736223936081,
        0.01976633258163929,
        -0.05174475535750389,
        0.039100851863622665,
        -0.025061454623937607,
        0.013815980404615402,
        0.0634627491235733,
        -0.07934664189815521,
        -0.025879181921482086,
        0.054173946380615234,
        0.056529853492975235,
        -0.025330301374197006,
        0.013610604219138622,
        -0.029116252437233925,
        0.006384443491697311,
        0.07044651359319687,
        -0.013248776085674763,
        0.00544974347576499,
        -0.03819170966744423,
        -0.010625450871884823,
        -0.026100700721144676,
        -0.018384117633104324,
        -0.020076705142855644,
        -0.021578455343842506,
        -0.01530508790165186,
        0.023959487676620483,
        -0.04646739363670349,
        0.0019226548029109836,
        -0.03497406095266342,
        0.03095921315252781,
        0.06008780747652054,
        -0.005052501335740089,
        0.01690538600087166,
        -0.038681186735630035,
        0.061391908675432205,
        0.00861212145537138,
        -0.022874005138874054,
        0.023521902039647102,
        0.05396683141589165,
        -0.021773895248770714,
        -0.01804356463253498,
        0.0236445851624012,
        0.023810088634490967,
        0.03233744576573372,
        -0.007060200907289982,
        0.01712096855044365,
        0.009473283775150776,
        -0.12779448926448822,
        -0.06150735914707184,
        -0.22357259690761566,
        0.03729504346847534,
        0.007830885238945484,
        -0.054110459983348846,
        0.08140494674444199,
        -0.04463306441903114,
        0.000646227621473372,
        -0.011926522478461266,
        0.03948076441884041,
        -0.00879482738673687,
        0.047285739332437515,
        -0.02133064717054367,
        -0.010006365366280079,
        0.021082228049635887,
