{
    "index": 643,
    "page": 100,
    "text": "thine anger. But how should I remove it? How? reasoning with thyself that it is not \nshameful. For if that which is shameful, be not the only true evil that is, thou also \nwilt be driven whilest thou doest follow the common instinct of nature, to avoid that \nwhich is evil, to commit many unjust things, and to become a thief, and anything, \nthat will make to the attainment of thy intended worldly ends. Eighthly, how many \nthings may and do oftentimes follow upon such fits of anger and grief; far more \ngrievous in themselves, than those very things which we are so grieved or angry for. \nNinthly, that meekness is a thing unconquerable, if it be true and natural, and not \naffected or hypocritical. For how shall even the most fierce and malicious that thou",
    "embedding_of_chunk": [
        -0.014400558546185493,
        -0.01358647271990776,
        0.01163502223789692,
        -0.02250003255903721,
        0.0002569009957369417,
        0.006500058341771364,
        0.10472532361745834,
        0.019697578623890877,
        0.027108361944556236,
        -0.024769986048340797,
        -0.006046508904546499,
        -0.07654793560504913,
        0.040508538484573364,
        0.02031615376472473,
        -0.022999310865998268,
        0.03890008479356766,
        0.02312227338552475,
        0.08435479551553726,
        -0.07848711311817169,
        0.020573733374476433,
        0.05164313316345215,
        -0.04119676351547241,
        -0.008243268355727196,
        -0.04954279586672783,
        0.03145365044474602,
        0.03547056391835213,
        -0.029387924820184708,
        -0.003281612414866686,
        -0.03401749208569527,
        -0.14685480296611786,
        -0.013318585231900215,
        -0.048037249594926834,
        0.05049281567335129,
        -0.028012525290250778,
        0.003981991205364466,
        -0.00404316047206521,
        -0.039690349251031876,
        0.04535914584994316,
        -0.03706522285938263,
        0.05720676854252815,
        0.03221648558974266,
        0.017701871693134308,
        -0.02442002110183239,
        -0.04567308723926544,
        -0.040910910815000534,
        -0.04495186358690262,
        0.0021282690577208996,
        -0.002259928733110428,
        0.029366035014390945,
        -0.035601433366537094,
        -0.02196001261472702,
        -0.009629443287849426,
        0.0035471925511956215,
        0.04598304256796837,
        0.004111168440431356,
        -0.0010122170206159353,
        0.05654238909482956,
        0.03434225171804428,
        0.043816544115543365,
        0.005156391765922308,
        0.07640919834375381,
        -0.0035375270526856184,
        -0.20424233376979828,
        0.09997578710317612,
        0.08582466840744019,
        0.02852180041372776,
        -0.0335012711584568,
        0.006378800142556429,
        0.0015354705974459648,
        0.08466790616512299,
        -0.03890792652964592,
        0.033106837421655655,
        0.0343441478908062,
        0.10377087444067001,
        0.023165808990597725,
        -0.013121477328240871,
        -0.0072832899168133736,
        -0.008011302910745144,
        -0.01821979507803917,
        0.02489456906914711,
        -0.016118159517645836,
        0.007370357401669025,
        -0.03874049335718155,
        -0.014664757996797562,
        -0.03321709856390953,
        -0.0453040786087513,
        0.003273610956966877,
        -0.06688793748617172,
        0.009343521669507027,
        -0.008662036620080471,
        -0.006379942875355482,
        -0.008682032115757465,
        -0.011930768378078938,
        0.005484843160957098,
        -0.034396711736917496,
        -0.037081822752952576,
        0.008639748208224773,
        -0.043067045509815216,
        -0.06116662174463272,
        0.20843406021595,
        -0.03283049911260605,
        0.026634151116013527,
        0.016730813309550285,
        -0.01552875991910696,
        0.05470779910683632,
        -0.010125191882252693,
        -0.020473133772611618,
        -0.047348201274871826,
        -0.044950924813747406,
        0.004893474280834198,
        0.02112504467368126,
        -0.04449444264173508,
        0.0636986494064331,
        -0.037598010152578354,
        0.08969447761774063,
        0.02102416567504406,
        0.0493779256939888,
        -0.012467789463698864,
        -0.02962559461593628,
        0.028459882363677025,
        -0.003565951017662883,
        -0.011894107796251774,
        0.06719232350587845,
        -0.0295804962515831,
        0.016580192372202873,
        -0.07490412145853043,
        0.030255993828177452,
        0.12420744448900223,
        0.048666298389434814,
        -0.022206243127584457,
        -0.007595110218971968,
        -0.05533076822757721,
        -0.050672657787799835,
        -0.006977287121117115,
        0.02803003415465355,
        0.04208546131849289,
        0.017833610996603966,
        -0.031432636082172394,
        0.020899983122944832,
        -0.01511798333376646,
        -0.011795037426054478,
        -0.14338652789592743,
        -0.04814746975898743,
        -0.10910310596227646,
        -0.008435046300292015,
        0.06557747721672058,
        0.007366972044110298,
        -0.0035026997793465853,
        -0.023780744522809982,
        0.03175199404358864,
        -0.030023042112588882,
        0.01769913174211979,
        -0.07039361447095871,
        -0.04483577981591225,
        -0.023682624101638794,
        0.03696558624505997,
        0.029919560998678207,
        0.03750757873058319,
        -0.05778611823916435,
        0.0235056821256876,
        0.03672471642494202,
        -0.015548177063465118,
        -0.03540686145424843,
        0.11099203675985336,
        0.024193625897169113,
        -0.005915493704378605,
        -0.005394565407186747,
        0.0035091321915388107,
        0.0141279436647892,
        0.02357310988008976,
        0.0446295365691185,
        0.023706911131739616,
        -0.0512019507586956,
        0.06706130504608154,
        0.07056286931037903,
        0.00032502488465979695,
        -0.019275574013590813,
        -0.00956687331199646,
        0.004530107136815786,
        0.023050138726830482,
        0.062346018850803375,
        -0.05322377383708954,
        -0.06100796163082123,
        0.05142046883702278,
        0.013568404130637646,
        -0.003385743824765086,
        0.018872201442718506,
        -0.04931380972266197,
        0.04170270264148712,
        0.051606688648462296,
        -0.03363799676299095,
        0.030408864840865135,
        -0.048148564994335175,
        -0.01989627815783024,
        -0.046292927116155624,
        -0.008616802282631397,
        -0.021629324182868004,
        -0.002961193211376667,
        -0.033113185316324234,
        -0.0019287967588752508,
        0.00616883672773838,
        -0.011169220320880413,
        -0.04912722110748291,
        0.006409027148038149,
        0.024221833795309067,
        0.010998991318047047,
        0.02868584729731083,
        -0.023833196610212326,
        0.03155633807182312,
        0.02705976366996765,
        -0.04160896688699722,
        0.048310790210962296,
        0.05094116926193237,
        0.02777576819062233,
        -0.027989353984594345,
        0.01873519830405712,
        0.013105163350701332,
        0.03546684607863426,
        0.015852242708206177,
        0.022632068023085594,
        0.005148427560925484,
        -0.09915174543857574,
        -0.07321765273809433,
        -0.24316135048866272,
        0.00895000621676445,
        -0.00879526138305664,
        -0.02347649075090885,
        0.08095967024564743,
        -0.05351904034614563,
        -0.0012133079580962658,
        -0.031465496867895126,
        0.013340460136532784,
        0.026062162593007088,
        0.09067196398973465,
        -0.03555646538734436,
        -0.05198438838124275,
        0.024149877950549126,
        0.03776270151138306,
