{
    "index": 734,
    "page": 115,
    "text": "What a letter do you think you have written me I could make bold to say, that \nnever did she who bore me and nurst me, write anything SO delightful, so hon-\ney-sweet. And this does not come of your fine style and eloquence: otherwise \nnot my mother only, but all who breathe.” \n\nTo the pupil, never was anything on earth so fine as his master’s eloquence; on this \ntheme Marcus fairly bubbles over with enthusiasm. \n\n73 “Well, if the ancient Greeks ever wrote anything like this, let those who know \ndecide it: for me, if I dare say so, I never read any invective of Cato’s so fine as \nyour encomium. O if my Lord\n\n74 could be sufficiently praised, sufficiently \n\npraised he would have been undoubtedly by you! This kind of thing is not done \nnowadays.",
    "embedding_of_chunk": [
        -0.05716986954212189,
        0.049906425178050995,
        0.05653093755245209,
        -0.031083688139915466,
        -0.048024408519268036,
        -0.03781892731785774,
        0.0759553462266922,
        0.04264510050415993,
        -0.00025174961774609983,
        -0.03198818117380142,
        -0.01984327845275402,
        -0.05639021471142769,
        0.03189438208937645,
        -0.009855454787611961,
        -0.005342240910977125,
        -0.014634154736995697,
        -0.0028586939442902803,
        0.010903991758823395,
        -0.10362335294485092,
        0.020455095916986465,
        0.0732022225856781,
        0.00885248277336359,
        -0.01053314097225666,
        -0.04544520378112793,
        0.04176035150885582,
        0.05329608544707298,
        -0.013625828549265862,
        0.03093714453279972,
        -0.04213190823793411,
        -0.16170424222946167,
        -0.02431769296526909,
        -0.04061063751578331,
        0.08308137208223343,
        -0.0008781709475442767,
        0.024083292111754417,
        -0.00406697066500783,
        -0.03842573240399361,
        0.039279915392398834,
        -0.0827537402510643,
        0.009453954175114632,
        0.0165419802069664,
        0.013166956603527069,
        -0.008468945510685444,
        -0.02064327336847782,
        -0.02276977151632309,
        -0.05177092179656029,
        0.008171026594936848,
        -0.02214602380990982,
        0.040800273418426514,
        -0.002571789314970374,
        -0.00998335238546133,
        -0.033176179975271225,
        -0.016072720289230347,
        -0.007562832906842232,
        -0.014848253689706326,
        0.026399478316307068,
        0.05831889063119888,
        0.00010961551743093878,
        0.01566660962998867,
        0.034050434827804565,
        -0.01988358609378338,
        0.043199699372053146,
        -0.24877923727035522,
        0.06589961796998978,
        0.04987698048353195,
        -0.002279495121911168,
        -0.07184530794620514,
        -0.03246945142745972,
        -0.010115309618413448,
        0.07581482082605362,
        0.010771681554615498,
        0.03180660679936409,
        0.02895691618323326,
        0.07999717444181442,
        0.04266320541501045,
        -0.005825168918818235,
        0.006736693438142538,
        -0.08028189092874527,
        1.9570485164877027e-05,
        0.035484325140714645,
        -0.029059894382953644,
        -0.04105952009558678,
        -0.05512721464037895,
        -0.039954766631126404,
        -0.028964191675186157,
        -0.017863266170024872,
        0.0030609299428761005,
        -0.062245771288871765,
        0.0623890720307827,
        -0.0031115266028791666,
        -0.0005678500747308135,
        -0.006212099455296993,
        -0.022090109065175056,
        0.02240522764623165,
        -0.0488528236746788,
        -0.018702415749430656,
        0.056571632623672485,
        -0.007949058897793293,
        -0.06484895944595337,
        0.2185685783624649,
        -0.04590444266796112,
        0.03722190484404564,
        0.030886951833963394,
        -0.026865577325224876,
        0.03741852194070816,
        -0.004576401319354773,
        0.013740192167460918,
        -0.039910975843667984,
        -0.019941281527280807,
        0.009680015966296196,
        -0.005135537125170231,
        -0.03253129869699478,
        0.06440587341785431,
        -0.06170609965920448,
        0.005139847751706839,
        0.034095440059900284,
        0.04464056342840195,
        -0.005550744011998177,
        -0.017220184206962585,
        0.0014457576908171177,
        -0.012550544925034046,
        0.00890344474464655,
        0.019796879962086678,
        -0.028248533606529236,
        0.033840082585811615,
        -0.09208457171916962,
        0.058570366352796555,
        0.0696435198187828,
        0.03449629992246628,
        0.029286347329616547,
        0.0159288477152586,
        -0.07115256041288376,
        -0.03695231303572655,
        -0.021443132311105728,
        0.015544408932328224,
        -0.003300389042124152,
        0.0024478489067405462,
        -0.02718658186495304,
        0.0352017804980278,
        -0.017676018178462982,
        -0.012491037137806416,
        -0.13478703796863556,
        -0.04256768897175789,
        -0.016115888953208923,
        0.015076424926519394,
        0.06078483909368515,
        0.033613670617341995,
        0.013401704840362072,
        -0.05786671116948128,
        0.03536037355661392,
        -0.020197227597236633,
        0.010772337205708027,
        -0.035925984382629395,
        0.02307162806391716,
        -0.0031267390586435795,
        0.03364204615354538,
        0.03218402713537216,
        0.08741898089647293,
        -0.07184429466724396,
        0.001990280346944928,
        0.01653006300330162,
        -0.04686988517642021,
        -0.0497322604060173,
        0.09535530209541321,
        -0.027343953028321266,
        -0.025925876572728157,
        -0.052991971373558044,
        0.0057894145138561726,
        0.03693976253271103,
        -0.012164441868662834,
        0.062174368649721146,
        0.02119651809334755,
        -0.06660135835409164,
        0.019962884485721588,
        0.07810469716787338,
        -0.00720217265188694,
        -0.013839841820299625,
        -0.0020649998914450407,
        0.002897444646805525,
        0.03674163669347763,
        0.05029909685254097,
        -0.0074420892633497715,
        -0.018618442118167877,
        0.022517478093504906,
        0.040383871644735336,
        -0.04464326426386833,
        0.00709582818672061,
        -0.008988224901258945,
        0.046123191714286804,
        0.04163351282477379,
        -0.02491632290184498,
        0.05236456170678139,
        -0.01710653491318226,
        -0.03388719633221626,
        -0.044575855135917664,
        -0.03106386587023735,
        0.03425659239292145,
        0.004718367476016283,
        -0.010959225706756115,
        -0.023707296699285507,
        -0.03340531140565872,
        -0.04479740187525749,
        -0.04092445597052574,
        0.008515916764736176,
        0.05389206483960152,
        0.02501552179455757,
        0.019638046622276306,
        -0.02774989791214466,
        0.08602971583604813,
        0.009731635451316833,
        -0.05934659019112587,
        0.0014804446836933494,
        0.038514144718647,
        0.004480607341974974,
        -0.02538333460688591,
        0.04077667370438576,
        -0.018552271649241447,
        0.04403092339634895,
        0.02744561992585659,
        0.019308162853121758,
        0.02773948572576046,
        -0.09488096833229065,
        -0.10373019427061081,
        -0.2427237182855606,
        -0.0002863687404897064,
        0.03227536007761955,
        -0.0314166396856308,
        0.07477686554193497,
        -0.03315489739179611,
        0.09099765866994858,
        0.008325573056936264,
        0.06753204762935638,
        0.043390944600105286,
        0.01828133687376976,
        -0.015635905787348747,
        -0.04472598806023598,
        0.06150589883327484,
        -0.04544643312692642,
