{
    "index": 87,
    "page": 15,
    "text": "of the gods, nor an ambitious pleaser of men, or studious of popular applause; but \nsober in all things, and everywhere observant of that which was fitting; no affecter of \nnovelties: in those things which conduced to his ease and convenience, (plenty \nwhereof his fortune did afford him), without pride and bragging, yet with all freedom \nand liberty: so that as he did freely enjoy them without any anxiety or affectation \nwhen they were present; so when absent, he found no want of them. Moreover, that \nhe was never commended by any man, as either a learned acute man, or an obsequi-\nous officious man, or a fine orator; but as a ripe mature man, a perfect sound man; \none that could not endure to be flattered; able to govern both himself and others.",
    "embedding_of_chunk": [
        0.001137267448939383,
        0.05587229132652283,
        0.04340353235602379,
        -0.04411269351840019,
        -0.013633914291858673,
        -0.02275218814611435,
        0.12151720374822617,
        0.035898759961128235,
        -0.00026440268266014755,
        -0.020424412563443184,
        -0.005520795471966267,
        -0.06143692508339882,
        0.03035566955804825,
        0.017424851655960083,
        0.005108252167701721,
        0.03563683480024338,
        0.003144014161080122,
        0.034011922776699066,
        -0.07178892195224762,
        0.04623783752322197,
        0.05932385101914406,
        -0.04391307383775711,
        0.005865797866135836,
        -0.06506883352994919,
        0.028209276497364044,
        0.009322346188127995,
        -0.022722911089658737,
        -0.04359994828701019,
        -0.02359115704894066,
        -0.16770437359809875,
        -0.015646006911993027,
        -0.07476626336574554,
        0.061142630875110626,
        -0.030820688232779503,
        0.011391205713152885,
        -0.04217478260397911,
        -0.02898259460926056,
        0.02245952934026718,
        -0.036334019154310226,
        0.011190056800842285,
        0.046003613620996475,
        0.03923015296459198,
        -0.00800365675240755,
        -0.0009875824907794595,
        -0.039522238075733185,
        -0.054855894297361374,
        -0.015205628238618374,
        -0.032355036586523056,
        0.05377860739827156,
        0.010236285626888275,
        0.010019361972808838,
        -0.045004185289144516,
        0.010601210407912731,
        0.02122875303030014,
        0.028227446600794792,
        0.028856046497821808,
        0.03217540681362152,
        0.04426609352231026,
        0.02311084233224392,
        0.0007493558805435896,
        -0.0024864186998456717,
        0.014739049598574638,
        -0.23349611461162567,
        0.03316611424088478,
        0.06383920460939407,
        0.027922440320253372,
        -0.05632340535521507,
        -0.05601537600159645,
        0.017128435894846916,
        0.05058223381638527,
        0.030958017334342003,
        0.04821169376373291,
        0.0725947692990303,
        0.030625050887465477,
        0.02054920792579651,
        -0.03604850545525551,
        -0.001935306703671813,
        -0.05494563654065132,
        -0.007500439416617155,
        0.04635857045650482,
        0.02164861187338829,
        -0.0032747278455644846,
        -0.022955311462283134,
        -0.004250227939337492,
        -0.04218395799398422,
        -0.04936690628528595,
        0.01490475982427597,
        -0.11084967851638794,
        0.015464634634554386,
        0.013219710439443588,
        -0.012908204458653927,
        -0.006742400117218494,
        -0.0050454153679311275,
        -0.0013621445978060365,
        -0.04177434742450714,
        -0.010228211991488934,
        0.030643505975604057,
        -0.011637789197266102,
        -0.06774020940065384,
        0.22287647426128387,
        0.015119751915335655,
        0.051104214042425156,
        0.008951964788138866,
        -0.05393355339765549,
        0.06067799776792526,
        -0.013302628882229328,
        -0.010954415425658226,
        -0.026083456352353096,
        -0.021732065826654434,
        0.01669221557676792,
        0.027733011171221733,
        -0.04158632457256317,
        0.07414758205413818,
        -0.06661327183246613,
        0.05599065124988556,
        0.008610622026026249,
        0.015522557310760021,
        -0.0029439162462949753,
        -0.01260007731616497,
        0.005517635494470596,
        -0.012055434286594391,
        0.036160822957754135,
        0.03342108428478241,
        -0.0013592550531029701,
        0.010810734704136848,
        -0.08971808850765228,
        0.053602639585733414,
        0.080390065908432,
        0.02161288820207119,
        0.0016727506881579757,
        -0.0004907844704575837,
        -0.045312367379665375,
        -0.018239323049783707,
        -0.009778141975402832,
        0.012809567153453827,
        -0.004373745992779732,
        0.030124902725219727,
        -0.028058260679244995,
        0.05092765763401985,
        -0.01682114787399769,
        -0.010969708673655987,
        -0.13592882454395294,
        -0.05306820198893547,
        -0.07733681052923203,
        0.015765802934765816,
        0.07230579107999802,
        0.017870867624878883,
        0.028920289129018784,
        -0.03033663146197796,
        0.07391079515218735,
        -0.050527434796094894,
        0.02155235782265663,
        -0.057884205132722855,
        -0.010177485644817352,
        0.0012997995363548398,
        0.00991669949144125,
        0.015263932757079601,
        0.07543555647134781,
        -0.08272545039653778,
        0.03420431166887283,
        0.011329444125294685,
        -0.029237614944577217,
        -0.043764080852270126,
        0.0761391744017601,
        -0.023565024137496948,
        -0.06011587381362915,
        0.005794428754597902,
        0.016199836507439613,
        -0.010049165226519108,
        0.007330107502639294,
        0.055993713438510895,
        0.011742817237973213,
        -0.08872263133525848,
        0.062458302825689316,
        0.10479990392923355,
        0.01449684426188469,
        -0.014691506512463093,
        -0.021893717348575592,
        -0.02139398828148842,
        0.01590193808078766,
        0.031300392001867294,
        -0.0742533802986145,
        -0.04392746463418007,
        0.04184486344456673,
        0.01067565567791462,
        0.007975040934979916,
        -0.03288022428750992,
        -0.02540869265794754,
        0.056766003370285034,
        0.06407172232866287,
        0.018677199259400368,
        0.03263813257217407,
        -0.06640175729990005,
        -0.041271310299634933,
        -0.037142761051654816,
        -0.02811405062675476,
        -0.004596780985593796,
        -0.005198633298277855,
        -0.028373440727591515,
        -0.02205953188240528,
        -0.04668581113219261,
        -0.017831124365329742,
        0.000662573438603431,
        0.02877994067966938,
        0.057708799839019775,
        0.061601512134075165,
        4.622583219315857e-05,
        -0.02200075425207615,
        0.045634910464286804,
        0.021199794486165047,
        -0.07499820739030838,
        -0.0008053312194533646,
        -0.004384662955999374,
        0.005832177121192217,
        -0.048961102962493896,
        0.05954515561461449,
        0.04387455806136131,
        0.02495010755956173,
        0.0305569339543581,
        0.009353470988571644,
        0.043099720031023026,
        -0.07702434808015823,
        -0.08949460834264755,
        -0.18345890939235687,
        0.03144904226064682,
        0.0170058012008667,
        -0.03173980489373207,
        0.06715090572834015,
        -0.05267427861690521,
        0.038151815533638,
        -0.052012015134096146,
        0.05604308471083641,
        0.06946122646331787,
        0.03000020422041416,
        -0.02582264319062233,
        -0.035496119409799576,
        0.06965795904397964,
        -0.02635454759001732,
