{
    "index": 607,
    "page": 95,
    "text": "world, wherein those that have been my nearest friends and acquaintances, they \nwhom I have so much suffered for, so often prayed for, and for whom I have taken \nsuch care, even they would have me die, hoping that after my death they shall live \nhappier, than they did before. What then should any man desire to continue here \nany longer? Nevertheless, whensoever thou diest, thou must not be less kind and \nloving unto them for it; but as before, see them, continue to be their friend, to wish \nthem well, and meekly, and gently to carry thyself towards them, but yet so that on \nthe other side, it make thee not the more unwilling to die. But as it fareth with them \nthat die an easy quick death, whose soul is soon separated from their bodies, so",
    "embedding_of_chunk": [
        -0.05808031186461449,
        0.018481243401765823,
        0.02627481333911419,
        -0.013855407945811749,
        -0.0014174081152305007,
        0.0110307103022933,
        0.08419357985258102,
        0.04761512950062752,
        0.018089285120368004,
        -0.03924231231212616,
        0.021918250247836113,
        -0.05382362753152847,
        0.038501664996147156,
        0.018532518297433853,
        -0.009649310261011124,
        0.03455018997192383,
        -0.020765522494912148,
        0.035858154296875,
        -0.11625614017248154,
        0.021867619827389717,
        0.0014177551493048668,
        -0.03358418866991997,
        -0.014809641055762768,
        -0.07359998673200607,
        0.03151251748204231,
        0.05255906656384468,
        -0.024702390655875206,
        -0.02801964059472084,
        -0.02070288546383381,
        -0.15065360069274902,
        -0.016460200771689415,
        -0.0635979101061821,
        0.03336893767118454,
        -0.05001263692975044,
        -0.037727586925029755,
        0.022777017205953598,
        -0.03203916922211647,
        0.04372384026646614,
        -0.028621399775147438,
        0.05940501019358635,
        0.012203422375023365,
        0.05220784619450569,
        -0.000868255621753633,
        -0.016314789652824402,
        -0.05349641293287277,
        -0.027819521725177765,
        -0.016492227092385292,
        -0.03443435579538345,
        0.05020489916205406,
        -0.019890299066901207,
        -0.0016443498898297548,
        -0.01975412853062153,
        0.0013358073774725199,
        0.042309071868658066,
        0.06613018363714218,
        0.01922210305929184,
        0.06263436377048492,
        0.04270544648170471,
        0.0027675332967191935,
        0.03692438825964928,
        0.05010509490966797,
        -0.009994790889322758,
        -0.22828465700149536,
        0.06632411479949951,
        0.017049605026841164,
        -0.0034193992614746094,
        -0.03886568173766136,
        -0.03161360323429108,
        -0.0047392044216394424,
        0.07125158607959747,
        -0.03689228370785713,
        0.03246074169874191,
        0.056318171322345734,
        0.059426210820674896,
        -0.019013168290257454,
        -0.018045011907815933,
        0.020944111049175262,
        -0.05856700986623764,
        -0.052266914397478104,
        0.04622039943933487,
        0.0074545289389789104,
        0.02535954676568508,
        0.011033343151211739,
        0.008538062684237957,
        -0.051113225519657135,
        -0.0646427646279335,
        0.014405935071408749,
        -0.10187559574842453,
        0.030903032049536705,
        0.019500210881233215,
        -0.03475974500179291,
        -0.04951699823141098,
        -0.024438224732875824,
        0.032623644918203354,
        -0.046831727027893066,
        -0.025530189275741577,
        0.0420466884970665,
        0.01593839004635811,
        -0.048992693424224854,
        0.21317018568515778,
        -0.028291743248701096,
        0.03794476017355919,
        0.0409984216094017,
        -0.019935211166739464,
        0.039632026106119156,
        -0.013061080127954483,
        -0.04853289574384689,
        -0.02430761605501175,
        -0.003585738129913807,
        0.015161189250648022,
        0.0076102614402771,
        0.00029395241290330887,
        0.023533739149570465,
        -0.03073352761566639,
        0.02492174506187439,
        0.01842067763209343,
        0.03127201646566391,
        0.018660850822925568,
        -0.0336964875459671,
        0.017989106476306915,
        -0.022041277959942818,
        0.011488348245620728,
        0.07188567519187927,
        -0.024223407730460167,
        0.029803967103362083,
        -0.09412247687578201,
        0.04229780659079552,
        0.11004167795181274,
        0.020548416301608086,
        -0.016917869448661804,
        0.024629391729831696,
        -0.01350958738476038,
        -0.03141548112034798,
        -0.034459322690963745,
        0.007337728515267372,
        0.04584602639079094,
        0.015262698754668236,
        -0.02815643697977066,
        0.034789472818374634,
        -0.07991795986890793,
        -0.00029429333517327905,
        -0.1551005095243454,
        -0.051604170352220535,
        -0.08819002658128738,
        0.011494431644678116,
        0.07772600650787354,
        -0.012217729352414608,
        0.00195318297483027,
        -0.07111052423715591,
        0.024215515702962875,
        -0.0034002631437033415,
        0.016905033960938454,
        -0.08202293515205383,
        -0.0061448561027646065,
        -0.003710627555847168,
        0.01914689876139164,
        0.05909838527441025,
        0.07354816049337387,
        -0.01338868960738182,
        0.03315560892224312,
        0.012173655442893505,
        -0.022432826459407806,
        -0.03758806362748146,
        0.1227484717965126,
        0.03825655207037926,
        -0.01866789534687996,
        0.0033323909156024456,
        0.007183642126619816,
        0.01103485282510519,
        0.01780082657933235,
        0.06946610659360886,
        -0.01931730844080448,
        -0.03831665962934494,
        0.04600365459918976,
        0.09376990050077438,
        0.044367216527462006,
        -0.02966449409723282,
        -0.004569988697767258,
        -0.004006632603704929,
        0.003940011374652386,
        -0.0033536748960614204,
        -0.03795100748538971,
        -0.05229569599032402,
        0.04386836662888527,
        -0.017001360654830933,
        -0.014238790608942509,
        0.005493090488016605,
        -0.036540623754262924,
        0.03144735470414162,
        0.05489505082368851,
        -0.010994961485266685,
        0.057106923311948776,
        -0.05331391468644142,
        -0.0029260593000799417,
        -0.012628404423594475,
        -0.0156534556299448,
        -0.05535660311579704,
        -0.0213612150400877,
        -0.01863679848611355,
        -0.014874893240630627,
        0.0023234463296830654,
        -0.03553783893585205,
        -0.030344102531671524,
        0.013338218443095684,
        0.017293667420744896,
        -0.004027203656733036,
        0.03695046529173851,
        0.007836508564651012,
        0.04735306277871132,
        -0.0067101106978952885,
        -0.04622477665543556,
        0.00999327190220356,
        0.030449792742729187,
        -0.004902494605630636,
        -0.03541398420929909,
        0.0362132228910923,
        0.008236097171902657,
        -0.008059078827500343,
        0.03268405422568321,
        0.08207511156797409,
        0.03832947462797165,
        -0.11233756691217422,
        -0.06507760286331177,
        -0.21310505270957947,
        0.015017840079963207,
        -0.030666103586554527,
        -0.0660904198884964,
        0.07540581375360489,
        -0.0703287422657013,
        -0.0025692644994705915,
        -0.021280845627188683,
        0.042525891214609146,
        0.02118522673845291,
        0.07483604550361633,
        -0.04456622526049614,
        -0.009461888112127781,
        0.04583324119448662,
        0.02736906334757805,
