{
    "index": 276,
    "page": 44,
    "text": "XX. Let not that chief commanding part of thy soul be ever subject to any variation \nthrough any corporal either pain or pleasure, neither suffer it to be mixed with these, \nbut let it both circumscribe itself, and confine those affections to their own proper \nparts and members. But if at any time they do reflect and rebound upon the mind \nand understanding (as in an united and compacted body it must needs); then must \nthou not go about to resist sense and feeling, it being natural. However let not thy \nunderstanding to this natural sense and feeling, which whether unto our flesh pleas-\nant or painful, is unto us nothing properly, add an opinion of either good or bad and \nall is well.",
    "embedding_of_chunk": [
        -0.024677878245711327,
        -0.004573530051857233,
        0.05470913276076317,
        -0.020591823384165764,
        -0.019549066200852394,
        0.013819395564496517,
        0.0908374935388565,
        0.0232426505535841,
        -0.019739044830203056,
        -0.029658518731594086,
        0.00249280221760273,
        -0.09982425719499588,
        0.042881302535533905,
        0.02489781752228737,
        0.015665380284190178,
        0.002332111354917288,
        0.005619492847472429,
        0.06112651154398918,
        -0.07412680983543396,
        0.06452345848083496,
        0.06270672380924225,
        -0.012703491374850273,
        -0.009991963393986225,
        -0.03846791759133339,
        -0.023561159148812294,
        -0.004147042520344257,
        -0.027836212888360023,
        -0.06483447551727295,
        -0.033151932060718536,
        -0.16221880912780762,
        -0.010585426352918148,
        -0.031144291162490845,
        0.018737735226750374,
        0.014414642937481403,
        0.02662534825503826,
        0.0006687655695714056,
        -0.04298761859536171,
        0.04655811935663223,
        -0.03309611231088638,
        0.05016317591071129,
        0.04666193202137947,
        0.012823645025491714,
        -0.017340386286377907,
        -0.01916215755045414,
        -0.008962417021393776,
        -0.06810756772756577,
        -0.025127513334155083,
        0.008738313801586628,
        0.05533681809902191,
        -0.010249927639961243,
        -0.012472011148929596,
        -0.005513857118785381,
        0.029077496379613876,
        0.04980194941163063,
        0.024915378540754318,
        0.028282208368182182,
        0.06244930997490883,
        0.004894400015473366,
        0.0610276497900486,
        0.009412969462573528,
        0.03183640167117119,
        0.037640009075403214,
        -0.19288326799869537,
        0.06984484940767288,
        0.04545460641384125,
        0.008062120527029037,
        -0.03947512432932854,
        -0.03640173003077507,
        0.012699542567133904,
        0.058013539761304855,
        -0.01420835591852665,
        0.02666201815009117,
        0.03399030864238739,
        0.030223410576581955,
        0.0327194519340992,
        -0.021459339186549187,
        -0.006417748052626848,
        -0.06066305562853813,
        -0.02302459068596363,
        0.005055305548012257,
        -0.019563768059015274,
        0.02905963733792305,
        0.005341423209756613,
        -0.003324046265333891,
        -0.03615202382206917,
        -0.07518705725669861,
        0.016907459124922752,
        -0.08151599019765854,
        0.008472536690533161,
        0.03538304194808006,
        -0.02539222314953804,
        -0.044965505599975586,
        -0.037392545491456985,
        0.0009600514313206077,
        -0.06472757458686829,
        -0.02292594127357006,
        0.025846008211374283,
        0.007632671855390072,
        -0.05334349721670151,
        0.2012929618358612,
        -0.03612539544701576,
        0.0664261057972908,
        0.023870067670941353,
        -0.027678603306412697,
        0.05583690106868744,
        -0.0016609898302704096,
        -0.006107504013925791,
        -0.03327975049614906,
        -0.04070679843425751,
        -0.0006184647209011018,
        0.019751256331801414,
        0.016949700191617012,
        -0.00554041750729084,
        -0.05163585767149925,
        0.0074147735722362995,
        -0.004163140431046486,
        0.04039076343178749,
        0.0027992830146104097,
        0.004481065087020397,
        -0.05867263302206993,
        -0.016293589025735855,
        0.009838487021625042,
        0.048157949000597,
        -0.009394558146595955,
        0.01245081052184105,
        -0.09154543280601501,
        0.03746948391199112,
        0.1155930832028389,
        -0.010212999768555164,
        -0.03300536423921585,
        0.020359192043542862,
        -0.06138891354203224,
        -0.034901347011327744,
        -0.037390515208244324,
        0.037725720554590225,
        0.017191868275403976,
        0.009183814749121666,
        0.0034364433959126472,
        0.03607005625963211,
        -0.02212725207209587,
        0.0038275234401226044,
        -0.18719056248664856,
        -0.02277248725295067,
        -0.11489425599575043,
        -0.03690984100103378,
        0.06441165506839752,
        -0.0007617773953825235,
        0.025992581620812416,
        -0.061916518956422806,
        0.05559409037232399,
        -0.02080322988331318,
        0.03706428408622742,
        -0.06142226234078407,
        -0.00014503873535431921,
        0.021905211731791496,
        0.02284686639904976,
        0.012616106308996677,
        0.01750188134610653,
        -0.054437581449747086,
        0.0014973008073866367,
        0.06294380873441696,
        -0.01763608679175377,
        -0.05539867281913757,
        0.13320781290531158,
        0.030147511512041092,
        -0.013837333768606186,
        0.0075127012096345425,
        -0.015840543434023857,
        0.009246701374650002,
        -0.01649995520710945,
        0.01217165868729353,
        0.0170849971473217,
        -0.055460695177316666,
        0.03898424282670021,
        0.11605575680732727,
        0.01173904724419117,
        -0.03251788765192032,
        -0.03328686207532883,
        -0.006486217491328716,
        0.050877559930086136,
        0.062038350850343704,
        -0.03537209331989288,
        -0.07270887494087219,
        0.03869013860821724,
        0.04390491172671318,
        0.022060150280594826,
        -0.022065700963139534,
        -0.04146888479590416,
        0.04213389754295349,
        0.030951524153351784,
        0.009893795475363731,
        0.036101531237363815,
        -0.06483879685401917,
        -0.028553593903779984,
        -0.0525101013481617,
        -0.028797460719943047,
        -0.021141845732927322,
        0.005581166595220566,
        -0.03485065698623657,
        0.00033747730776667595,
        -0.01426647137850523,
        0.02284993976354599,
        -0.02771082893013954,
        0.04968864470720291,
        0.040283311158418655,
        0.03214465454220772,
        0.021797116845846176,
        -0.02325349487364292,
        0.05594439059495926,
        0.0520268976688385,
        -0.04034949466586113,
        0.03851870819926262,
        0.021530719473958015,
        -0.00870929192751646,
        -0.015661362558603287,
        0.046285033226013184,
        0.04851791262626648,
        0.023584740236401558,
        0.02144567482173443,
        0.043449077755212784,
        -7.144092523958534e-05,
        -0.07477744668722153,
        -0.05604901537299156,
        -0.2340162843465805,
        0.06442740559577942,
        0.029451970010995865,
        -0.007279243320226669,
        0.08922933787107468,
        -0.05131914094090462,
        0.04091817885637283,
        -0.02367451786994934,
        0.034050777554512024,
        0.008351166732609272,
        0.06219149008393288,
        -0.028349963948130608,
        -0.04753287136554718,
        0.02346595749258995,
        -0.01918383315205574,
        0.0839095264673233,
        0.024271026253700256,
