{
    "index": 614,
    "page": 96,
    "text": "doth comprehend in herself; and considers withal, and sees clearly this, that neither \nthey that shall follow us, shall see any new thing, that we have not seen, nor they \nthat went before, anything more than we: but that he that is once come to forty (if he \nhave any wit at all) can in a manner (for that they are all of one kind) see all things, \nboth past and future. As proper is it, and natural to the soul of man to love her \nneighbour, to be true and modest; and to regard nothing so much as herself: which \nis also the property of the law: whereby by the way it appears, that sound reason and \njustice comes all to one, and therefore that justice is the chief thing, that reasonable \ncreatures ought to propose unto themselves as their end.",
    "embedding_of_chunk": [
        -0.03879813104867935,
        -0.007672594860196114,
        0.013772684149444103,
        -0.034282732754945755,
        -0.026868436485528946,
        0.012166395783424377,
        0.09445047378540039,
        0.031679000705480576,
        -0.0038040585350245237,
        -0.01635560393333435,
        -0.00584316486492753,
        -0.05486435815691948,
        0.0212445966899395,
        0.005601166747510433,
        0.011188141070306301,
        0.012872658669948578,
        0.003575129434466362,
        0.011090364307165146,
        -0.09678896516561508,
        0.015659648925065994,
        0.061880458146333694,
        -0.004760249052196741,
        -0.03787529468536377,
        -0.030811727046966553,
        0.01494463998824358,
        0.045316409319639206,
        -0.029327789321541786,
        -0.03545283153653145,
        -0.04322057589888573,
        -0.16362424194812775,
        0.018140919506549835,
        -0.04834184795618057,
        0.029560986906290054,
        0.02212587371468544,
        0.016507888212800026,
        -0.03821977227926254,
        -0.003933014813810587,
        0.020673662424087524,
        -0.05918034538626671,
        0.05521557480096817,
        0.037660595029592514,
        0.037686921656131744,
        -0.008167678490281105,
        -0.04449160769581795,
        -0.06051863357424736,
        -0.03959709405899048,
        0.02351078763604164,
        -0.013248610310256481,
        0.013292986899614334,
        -0.0638871043920517,
        -0.0418800488114357,
        -0.028161587193608284,
        0.02711210399866104,
        0.028565293177962303,
        -0.0016647609882056713,
        0.03545839339494705,
        0.05586770921945572,
        0.033067118376493454,
        0.07224305719137192,
        -0.004917216021567583,
        0.0643206387758255,
        0.03081309236586094,
        -0.2582538425922394,
        0.08826624602079391,
        0.06288325786590576,
        -0.0023550791665911674,
        -0.01631849817931652,
        -0.04305265098810196,
        0.027898510918021202,
        0.05255917087197304,
        0.011890255846083164,
        0.04302231967449188,
        0.06222736835479736,
        0.041234977543354034,
        -0.004572160542011261,
        -0.015612026676535606,
        0.006750414613634348,
        -0.03640815243124962,
        -0.012336199171841145,
        -6.21680446784012e-05,
        -0.03524521365761757,
        0.014040476642549038,
        -0.01065617986023426,
        0.01212156843394041,
        -0.07079308480024338,
        -0.03338572010397911,
        -0.03126285970211029,
        -0.0840587466955185,
        0.03942364081740379,
        0.014391608536243439,
        -0.01548061054199934,
        -0.044125303626060486,
        -0.04106942564249039,
        0.02854134514927864,
        -0.03491085395216942,
        -0.036646537482738495,
        0.048672787845134735,
        -0.033135633915662766,
        -0.007722001988440752,
        0.19001060724258423,
        -0.03370001167058945,
        0.01941314898431301,
        0.06238635256886482,
        -0.03435707092285156,
        0.056104786694049835,
        -0.0032841204665601254,
        0.018704809248447418,
        -0.062224097549915314,
        0.017038609832525253,
        0.027796834707260132,
        0.01741010509431362,
        -0.042718056589365005,
        0.01355510950088501,
        -0.05319815129041672,
        0.04890419915318489,
        0.041676115244627,
        0.008771009743213654,
        -0.020471403375267982,
        -0.037572551518678665,
        -0.028311967849731445,
        -0.006901965942233801,
        -0.01095956563949585,
        0.034901510924100876,
        -0.04241117835044861,
        0.02756333164870739,
        -0.0829867273569107,
        0.05998816713690758,
        0.10636670142412186,
        -0.007322574965655804,
        -0.00855965819209814,
        -0.0006411023205146194,
        -0.06816332042217255,
        -0.010448946617543697,
        -0.025283394381403923,
        0.038361210376024246,
        0.028743019327521324,
        0.019598251208662987,
        -0.011994639411568642,
        0.036549557000398636,
        -0.056432124227285385,
        -0.032904841005802155,
        -0.17227497696876526,
        -0.03655849024653435,
        -0.08544116467237473,
        -0.031571466475725174,
        0.07631096988916397,
        0.005639322102069855,
        0.02671257220208645,
        -0.02359369955956936,
        0.054634738713502884,
        -0.015681792050600052,
        0.03604771941900253,
        -0.03495311737060547,
        -0.01320877019315958,
        0.006522707175463438,
        0.016466796398162842,
        0.03203888610005379,
        0.03811581805348396,
        -0.03584738075733185,
        0.044695526361465454,
        0.006104590371251106,
        0.010433892719447613,
        -0.051473163068294525,
        0.10771075636148453,
        0.006461634766310453,
        -0.0409725196659565,
        -0.007688469719141722,
        0.012489105574786663,
        0.022699564695358276,
        -0.0006627344992011786,
        0.03151727467775345,
        -0.011827933602035046,
        -0.07027960568666458,
        0.030700214207172394,
        0.10762332379817963,
        0.021354977041482925,
        -0.0561387799680233,
        0.01781638339161873,
        -0.0317259207367897,
        0.015104512684047222,
        0.01642952300608158,
        -0.04399845749139786,
        -0.09334960579872131,
        0.062448497861623764,
        0.023125816136598587,
        -0.010394996032118797,
        -0.006646068766713142,
        -0.040110230445861816,
        0.038253046572208405,
        0.06422409415245056,
        0.005164172034710646,
        0.0798843502998352,
        -0.025012720376253128,
        -0.00862038228660822,
        -0.025712883099913597,
        -0.013328910805284977,
        -0.03300876542925835,
        -0.020964428782463074,
        -0.016984377056360245,
        0.01446317508816719,
        -0.024200983345508575,
        -0.006959049496799707,
        -0.044787563383579254,
        0.0193081833422184,
        0.027084704488515854,
        0.03234679624438286,
        0.013500573113560677,
        -0.025681590661406517,
        0.04883170500397682,
        0.013022016733884811,
        -0.0075561534613370895,
        0.015397683717310429,
        0.026772161945700645,
        0.014524758793413639,
        0.0022371900267899036,
        0.023400265723466873,
        -0.013998430222272873,
        0.027340102940797806,
        0.05075312405824661,
        0.017246512696146965,
        -0.012773062102496624,
        -0.11311641335487366,
        -0.07406413555145264,
        -0.24880804121494293,
        0.01690715178847313,
        0.002815262181684375,
        -0.07353055477142334,
        0.07816966623067856,
        -0.02337684854865074,
        0.037977706640958786,
        0.01305937860161066,
        0.015116474591195583,
        0.06354811042547226,
        0.05636901035904884,
        -0.006232443731278181,
        -0.008374040015041828,
        0.009030425921082497,
        0.002981640165671706,
