{
    "index": 144,
    "page": 23,
    "text": "III. Hippocrates having cured many sicknesses, fell sick himself and died. The Chal-\ndeans and Astrologians having foretold the deaths of divers, were afterwards them-\nselves surprised by the fates. Alexander and Pompeius, and Caius Caesar, having \nTHIRD BOOK",
    "embedding_of_chunk": [
        -0.04327523708343506,
        0.031669050455093384,
        0.06624607741832733,
        0.03342876955866814,
        -0.00033880476257763803,
        -0.020682355388998985,
        0.060562197118997574,
        0.04289736598730087,
        0.01771259866654873,
        -0.02138591557741165,
        0.0006287058349698782,
        -0.09128888696432114,
        -0.00520420353859663,
        -0.0024273490998893976,
        -0.00738773075863719,
        -0.007045172154903412,
        -0.048863910138607025,
        0.08107458055019379,
        -0.08618830889463425,
        0.05041010305285454,
        -0.002076872391626239,
        -0.041687481105327606,
        -0.011166124604642391,
        -0.0666559636592865,
        -0.003344085067510605,
        0.048995621502399445,
        -0.039974164217710495,
        -0.007236342877149582,
        -0.026406506076455116,
        -0.14122216403484344,
        -0.055278729647397995,
        -0.05532005429267883,
        0.02658466435968876,
        -0.06592199206352234,
        -0.019858255982398987,
        0.00928553007543087,
        -0.029037605971097946,
        0.05940108001232147,
        -0.01800181344151497,
        0.05775092542171478,
        0.007866601459681988,
        0.010817881673574448,
        -0.008090407587587833,
        -0.008105548098683357,
        -0.022613544017076492,
        -0.0532064288854599,
        -0.005897193681448698,
        -0.043599020689725876,
        0.07629639655351639,
        -0.029288344085216522,
        -0.006069362163543701,
        0.01554325595498085,
        0.013593962416052818,
        0.054965391755104065,
        0.03204433619976044,
        -0.03796141594648361,
        0.031711310148239136,
        0.023668764159083366,
        0.016715051606297493,
        0.039030466228723526,
        0.04733467102050781,
        0.07230264693498611,
        -0.22130577266216278,
        0.056239206343889236,
        0.0476415641605854,
        0.02533680573105812,
        -0.056158024817705154,
        -0.03865943104028702,
        0.02532338909804821,
        0.07615000009536743,
        -0.05675239861011505,
        0.001606610370799899,
        0.0274641215801239,
        0.07017555832862854,
        -0.0064371125772595406,
        0.011974004097282887,
        -0.008318992331624031,
        -0.07576542347669601,
        -0.01053561270236969,
        -0.022856390103697777,
        0.05961938574910164,
        0.002424352103844285,
        -0.02393985353410244,
        0.001326691941358149,
        -0.009036661125719547,
        -0.05496721342206001,
        0.03519655391573906,
        -0.06396929919719696,
        0.01109295804053545,
        -0.0032394840382039547,
        -0.0075330669060349464,
        -0.038574300706386566,
        -0.012661712244153023,
        0.029464226216077805,
        -0.06889605522155762,
        -0.0026879257056862116,
        0.013547084294259548,
        0.027284476906061172,
        -0.014347470365464687,
        0.21767796576023102,
        -0.023557612672448158,
        0.034342020750045776,
        0.06276984512805939,
        0.006775279063731432,
        0.07255935668945312,
        -0.022273747250437737,
        -0.02822130359709263,
        -0.08201474696397781,
        0.030383888632059097,
        -0.0019404146587476134,
        0.019484177231788635,
        -0.014874768443405628,
        0.06862272322177887,
        -0.03681088611483574,
        0.019442088901996613,
        0.04857831448316574,
        0.05297849699854851,
        0.008524141274392605,
        -0.046933483332395554,
        0.011852739378809929,
        0.00778233865275979,
        -0.0029184604063630104,
        0.10973379760980606,
        -0.010612430982291698,
        0.03598973527550697,
        -0.06363819539546967,
        0.05682718753814697,
        0.11051709949970245,
        0.001132192905060947,
        0.003571553621441126,
        0.06995085626840591,
        -0.013407221995294094,
        -0.044655680656433105,
        -0.00459345942363143,
        -0.02927130088210106,
        -0.028264375403523445,
        -0.007390299346297979,
        -0.02735329419374466,
        0.0072152577340602875,
        -0.06704939901828766,
        -0.04432965815067291,
        -0.10727264732122421,
        -0.033443089574575424,
        -0.08606094866991043,
        -0.04524373263120651,
        0.04854801669716835,
        -0.02937852405011654,
        -0.014623903669416904,
        -0.06382181495428085,
        0.039590854197740555,
        -0.00546765374019742,
        0.030936596915125847,
        -0.0254866611212492,
        -0.00213342416100204,
        -0.004544728901237249,
        -0.004002648405730724,
        0.04802175983786583,
        0.09952492266893387,
        -0.059468381106853485,
        0.010163050144910812,
        0.0129512008279562,
        -0.04627787694334984,
        -0.053838100284338,
        0.15230083465576172,
        0.05212976410984993,
        -0.024975650012493134,
        0.008127545937895775,
        0.010842902585864067,
        -0.008649357594549656,
        0.006339778658002615,
        0.042015187442302704,
        -0.0005692201666533947,
        -0.0411795973777771,
        0.004219306167215109,
        0.06336329877376556,
        0.05805276334285736,
        -0.030291631817817688,
        -0.008068856783211231,
        0.01450976449996233,
        0.03803529217839241,
        0.026918208226561546,
        -0.036784686148166656,
        -0.045190900564193726,
        0.045520756393671036,
        -0.026861660182476044,
        -0.0501127764582634,
        -0.01903069205582142,
        -7.773151446599513e-05,
        0.03848681226372719,
        0.07893023639917374,
        0.024376191198825836,
        0.02424238808453083,
        -0.06115313619375229,
        -0.04607463628053665,
        -0.01765575259923935,
        -0.008464863523840904,
        -0.047197531908750534,
        -0.002772020408883691,
        0.009267403744161129,
        -0.012954732403159142,
        -0.05649304389953613,
        -0.02340136654675007,
        0.0032375601585954428,
        0.04736030474305153,
        -0.00898913387209177,
        0.005362807307392359,
        0.016372904181480408,
        0.008512080647051334,
        0.049476508051157,
        0.031531549990177155,
        -0.03678935393691063,
        0.05577056482434273,
        0.015027400106191635,
        -0.019108984619379044,
        -0.014160582795739174,
        0.028147295117378235,
        0.030571483075618744,
        0.004414339084178209,
        -0.014601757749915123,
        0.04975003004074097,
        0.09378624707460403,
        -0.1304970234632492,
        -0.03929783031344414,
        -0.20667462050914764,
        -0.012735838070511818,
        -0.011502249166369438,
        -0.13419051468372345,
        0.03923949599266052,
        -0.038142796605825424,
        0.04797408729791641,
        0.0014757858589291573,
        0.02395247109234333,
        0.013126049190759659,
        0.05640847235918045,
        -0.02685019001364708,
        -0.03669743612408638,
        0.041370607912540436,
        -0.004188952501863241,
        0.050666943192481995,
        0.017607273533940315,
        0.0031047735828906298,
        -0.025466127321124077,
        -0.015198301523923874,
        -0.010337678715586662,
        0.06021197512745857,
        0.0005007020081393421,
        -0.0824558213353157,
        0.029714753851294518,
        0.010976308025419712,
        0.1995830088853836,
        0.1005648672580719,
        -0.007802432402968407,
        -0.015624817460775375,
        0.011006532236933708,
