{
    "index": 467,
    "page": 73,
    "text": "XLII. This time that is now present, bestow thou upon thyself. They that rather hunt \nfor fame after death, do not consider, that those men that shall be hereafter, will be \neven such, as these whom now they can so hardly bear with. And besides they also \nwill be mortal men. But to consider the thing in itself, if so many with so many voic-\nes, shall make such and such a sound, or shall have such and such an opinion con-\ncerning thee, what is it to thee? \n\nXLIII. Take me and throw me where thou wilt: I am indifferent. For there also I shall \nhave that spirit which is within me propitious; that is well pleased and fully content-\ned both in that constant disposition, and with those particular actions, which to its \nown proper constitution are suitable and agreeable.",
    "embedding_of_chunk": [
        -0.03958446532487869,
        0.007714304141700268,
        0.01872885785996914,
        -0.06274797767400742,
        0.009134097956120968,
        0.0077575682662427425,
        0.095711849629879,
        0.06661863625049591,
        0.019461631774902344,
        -0.00807651411741972,
        0.008705072104930878,
        -0.06027049943804741,
        0.034906912595033646,
        -0.007737837731838226,
        0.01854480616748333,
        0.003651451086625457,
        0.0049270582385361195,
        0.031904421746730804,
        -0.09927329421043396,
        0.02667534537613392,
        0.0629107803106308,
        -0.02330203540623188,
        -0.02153732068836689,
        -0.03182380646467209,
        0.03197325021028519,
        0.004016445949673653,
        -0.047631774097681046,
        -0.0006174984737299383,
        -0.0014901217073202133,
        -0.16736513376235962,
        -0.03694450110197067,
        -0.0625743418931961,
        0.02557535469532013,
        -0.03196241334080696,
        -0.0411081463098526,
        -0.0030408536549657583,
        -0.032194968312978745,
        0.029876457527279854,
        -0.04593932628631592,
        0.04602214694023132,
        0.014321033842861652,
        0.02897321619093418,
        0.010734695941209793,
        -0.04448860511183739,
        -0.04586155340075493,
        -0.0514310784637928,
        -0.03007013164460659,
        -0.0031449601519852877,
        0.012414962984621525,
        0.0014526051236316562,
        -0.007791060954332352,
        -0.03842876851558685,
        0.03863776475191116,
        0.029827505350112915,
        0.008456633426249027,
        0.021058835089206696,
        0.04242889955639839,
        0.01474487129598856,
        0.024597210809588432,
        0.008744657970964909,
        0.03996682167053223,
        0.023014279082417488,
        -0.22050660848617554,
        0.09374765306711197,
        0.035181064158678055,
        0.017492132261395454,
        -0.046137794852256775,
        -0.05689651519060135,
        -0.020142577588558197,
        0.07510004192590714,
        -0.027921637520194054,
        0.03179178386926651,
        0.05526261031627655,
        0.0644536167383194,
        0.0316716805100441,
        0.025933019816875458,
        0.008870984427630901,
        -0.04478336498141289,
        -0.042861711233854294,
        0.02714323252439499,
        -0.03673979640007019,
        0.038407593965530396,
        -0.014780888333916664,
        -0.0017780349589884281,
        -0.04475846514105797,
        -0.07061678916215897,
        0.0002513696381356567,
        -0.03857092186808586,
        0.03485780209302902,
        0.023240236565470695,
        -0.012833568267524242,
        -0.014895983971655369,
        -0.02540331333875656,
        0.02390419691801071,
        -0.05001464858651161,
        -0.0553925484418869,
        0.039206888526678085,
        0.016986466944217682,
        -0.00532965874299407,
        0.22262106835842133,
        -0.02660517953336239,
        0.01562253013253212,
        0.016476796939969063,
        -0.03508257120847702,
        0.06618335843086243,
        0.01802399940788746,
        -0.05522898584604263,
        -0.01613163948059082,
        -0.007465116214007139,
        -0.02370310015976429,
        0.0420285239815712,
        -0.02220386639237404,
        0.02987327240407467,
        -0.03864792361855507,
        0.028643691912293434,
        0.0689048245549202,
        0.03423263877630234,
        0.008006525225937366,
        -0.028771953657269478,
        -0.020796163007616997,
        0.012182716280221939,
        0.004590658470988274,
        0.05418327823281288,
        -0.008307789452373981,
        0.021567681804299355,
        -0.10703997313976288,
        0.05614381283521652,
        0.08849041908979416,
        4.614618592313491e-05,
        0.0002410654997220263,
        0.011069624684751034,
        -0.04243725910782814,
        -0.060278717428445816,
        -0.028091391548514366,
        -0.008046826347708702,
        0.01447400450706482,
        0.01935981586575508,
        -0.012567237950861454,
        0.03483027592301369,
        -0.013232306577265263,
        -0.00901360996067524,
        -0.1598338931798935,
        -0.03958659991621971,
        -0.1268448829650879,
        -0.011968646198511124,
        0.08390528708696365,
        0.007685234770178795,
        -0.02988164685666561,
        -0.03588348627090454,
        0.03711982071399689,
        -0.0017993173096328974,
        0.03366772085428238,
        -0.06988301873207092,
        -0.03205423429608345,
        0.03076193854212761,
        0.02507076784968376,
        0.0006790815968997777,
        0.08475939184427261,
        -0.03786560520529747,
        0.009899447672069073,
        0.008416887372732162,
        -0.0189787857234478,
        -0.05534767732024193,
        0.1376488208770752,
        -0.003530982183292508,
        -0.028713244944810867,
        -0.022427786141633987,
        -0.01715376041829586,
        0.0123127531260252,
        0.012995399534702301,
        0.06259284168481827,
        0.0011745962547138333,
        -0.07784699648618698,
        0.055657170712947845,
        0.0846189558506012,
        0.059789109975099564,
        -0.03842628374695778,
        -2.725223748711869e-05,
        0.03708861768245697,
        -0.00754947355017066,
        0.017872534692287445,
        -0.06625446677207947,
        -0.05050884559750557,
        0.04555973410606384,
        0.00780273973941803,
        0.011288476176559925,
        -0.03458702564239502,
        -0.02732912078499794,
        0.04482095316052437,
        0.08511459082365036,
        -0.01824275031685829,
        0.07910192757844925,
        -0.050840944051742554,
        0.010481476783752441,
        -0.05304427817463875,
        -0.03355551138520241,
        -0.04127468168735504,
        0.0276342760771513,
        -0.010161755606532097,
        -0.02145043946802616,
        -0.0009151918347924948,
        -0.009002067148685455,
        -0.017372796311974525,
        0.013857919722795486,
        0.035377006977796555,
        0.018603339791297913,
        0.003148189280182123,
        -0.0019743870943784714,
        0.057881973683834076,
        -0.0015648204134777188,
        -0.055531956255435944,
        0.02095462568104267,
        0.04875248298048973,
        -0.045518554747104645,
        -0.001214419025927782,
        0.026895126327872276,
        0.03235199674963951,
        -0.0067411246709525585,
        0.03010815940797329,
        0.07403110712766647,
        0.019541477784514427,
        -0.07140512764453888,
        -0.06463239341974258,
        -0.20271539688110352,
        0.028541145846247673,
        -0.006238867994397879,
        -0.06661790609359741,
        0.06033017858862877,
        -0.051980845630168915,
        0.007044652011245489,
        0.0034094497095793486,
        0.03566882014274597,
        0.05506602302193642,
        0.03435518220067024,
        -0.03653964400291443,
        -0.016787922009825706,
        0.03783887252211571,
        -0.0033628884702920914,
