{
    "index": 492,
    "page": 77,
    "text": "II. It were indeed more happy and comfortable, for a man to depart out of this world, \nhaving lived all his life long clear from all falsehood, dissimulation, voluptuousness, \nand pride. But if this cannot be, yet it is some comfort for a man joyfully to depart as \nweary, and out of love with those; rather than to desire to live, and to continue long \nNINTH BOOK \n\nin those wicked courses. Hath not yet experience taught thee to fly from the plague? \nFor a far greater plague is the corruption of the mind, than any certain change and \ndistemper of the common air can be. This is a plague of creatures, as they are living \ncreatures; but that of men as they are men or reasonable.",
    "embedding_of_chunk": [
        -0.006655064877122641,
        0.027662931010127068,
        0.04896349832415581,
        0.023703180253505707,
        0.007712825201451778,
        0.007402635179460049,
        0.09393394738435745,
        0.04895225539803505,
        -4.835245636058971e-05,
        -0.04158350080251694,
        -0.011099280789494514,
        -0.06645964086055756,
        0.061210744082927704,
        0.019305041059851646,
        -0.015196925029158592,
        0.01814122311770916,
        -0.027478067204356194,
        0.018742982298135757,
        -0.07592456042766571,
        0.06074134260416031,
        0.008246107958257198,
        -0.016254855319857597,
        -0.0016447539674118161,
        -0.07643558084964752,
        0.024298550561070442,
        0.04386645182967186,
        -0.04167952388525009,
        -0.012928280048072338,
        -0.010141748003661633,
        -0.15781112015247345,
        -0.025249294936656952,
        -0.02385425567626953,
        0.00020119916007388383,
        -0.028126593679189682,
        -0.008936154656112194,
        -0.028182948008179665,
        -0.02422286942601204,
        0.02813875861465931,
        -0.01942676119506359,
        0.041042279452085495,
        0.040470559149980545,
        -0.01427026093006134,
        0.004107878543436527,
        -0.04697510600090027,
        -0.047986455261707306,
        -0.027107948437333107,
        -0.02094760164618492,
        -0.02180209383368492,
        0.018080858513712883,
        -0.019177697598934174,
        -0.023263320326805115,
        -0.030302470549941063,
        -0.011233500204980373,
        0.051829393953084946,
        0.039011821150779724,
        0.006829024758189917,
        0.06655900925397873,
        0.022418249398469925,
        0.02206972986459732,
        0.006518885958939791,
        0.02650734782218933,
        0.01602119207382202,
        -0.24032898247241974,
        0.0918254405260086,
        0.03790184110403061,
        -0.009021290577948093,
        -0.08677119016647339,
        -0.0278727188706398,
        0.012274172157049179,
        0.0690939724445343,
        -0.04411068931221962,
        0.02939184568822384,
        0.029216120019555092,
        0.05089341104030609,
        0.032655633985996246,
        -0.031199350953102112,
        -0.03100968524813652,
        -0.0475439690053463,
        -0.019567137584090233,
        0.029095161706209183,
        0.031829584389925,
        0.03346908092498779,
        0.004394181072711945,
        -0.02095859870314598,
        -0.033467572182416916,
        -0.07814020663499832,
        0.020362962037324905,
        -0.07382437586784363,
        0.025339286774396896,
        0.024963725358247757,
        0.022727640345692635,
        -0.03940652683377266,
        -0.006263613700866699,
        -0.012177766300737858,
        -0.04585273563861847,
        -0.007887437008321285,
        0.013178715482354164,
        0.016206780448555946,
        -0.013595780357718468,
        0.1959361433982849,
        -0.02713451348245144,
        -0.009109840728342533,
        0.008694724179804325,
        -0.007953888736665249,
        0.035951483994722366,
        -0.006286222953349352,
        -0.014444820582866669,
        -0.05540505424141884,
        -0.010191245935857296,
        -0.007294291164726019,
        0.014010097831487656,
        0.0029264851473271847,
        0.06602603942155838,
        0.003935262095183134,
        0.010308307595551014,
        0.019092345610260963,
        0.04575579613447189,
        0.020079776644706726,
        -0.022062378004193306,
        0.017384866252541542,
        -0.03932875767350197,
        -0.008782289922237396,
        0.08267451822757721,
        -0.02839994989335537,
        0.022863216698169708,
        -0.11601874232292175,
        0.07931403815746307,
        0.10039256513118744,
        0.03904270380735397,
        -0.007908227853477001,
        0.06118714064359665,
        -0.04024498164653778,
        -0.009410240687429905,
        -0.00605913856998086,
        -0.023559050634503365,
        -0.012663043104112148,
        0.013872334733605385,
        0.01565449871122837,
        0.06216397136449814,
        -0.05620604380965233,
        -0.008817163296043873,
        -0.11215848475694656,
        -0.04122970625758171,
        -0.13103429973125458,
        -0.009341542609035969,
        0.07569564878940582,
        0.01296513807028532,
        0.0005300279008224607,
        -0.05545108765363693,
        0.045803003013134,
        0.003609555773437023,
        0.011929187923669815,
        -0.050595853477716446,
        -0.024265535175800323,
        0.021916523575782776,
        0.05299381539225578,
        0.05623215436935425,
        0.09019497036933899,
        -0.05212334915995598,
        0.0327712781727314,
        0.022583210840821266,
        -0.028537724167108536,
        -0.03195739537477493,
        0.09831276535987854,
        0.04575479403138161,
        -0.004292602185159922,
        -0.03500198945403099,
        -0.009878664277493954,
        0.013846198096871376,
        0.012254273518919945,
        0.03897501900792122,
        -0.01914527826011181,
        -0.06313183158636093,
        0.04343244060873985,
        0.08107466250658035,
        0.019086001440882683,
        -0.016139278188347816,
        -0.016288504004478455,
        0.007773830089718103,
        0.026236731559038162,
        0.04403660446405411,
        -0.05903315916657448,
        -0.07023825496435165,
        0.03195996582508087,
        0.0014320688787847757,
        -0.022350700572133064,
        -0.02988911047577858,
        -0.024973688647150993,
        0.03887975588440895,
        0.05660642310976982,
        0.028973592445254326,
        0.021827008575201035,
        -0.0329221710562706,
        -0.01730269193649292,
        -0.016769608482718468,
        -0.01606380194425583,
        -0.0499642938375473,
        0.024850765243172646,
        -0.01775008626282215,
        -0.032355256378650665,
        0.010892285034060478,
        -0.01815115660429001,
        -0.024183088913559914,
        -0.006720092613250017,
        0.0023032641038298607,
        0.037750404328107834,
        0.03352968022227287,
        -0.03992173448204994,
        0.01726676896214485,
        0.03691861778497696,
        -0.03922487422823906,
        0.004691756796091795,
        0.03623966872692108,
        0.012758146040141582,
        -0.014330879785120487,
        0.0013764956966042519,
        0.018688760697841644,
        0.03318905830383301,
        0.02730848267674446,
        0.05792750418186188,
        0.027583852410316467,
        -0.0945584774017334,
        -0.06506701558828354,
        -0.22124813497066498,
        -0.0016881353221833706,
        0.010391807183623314,
        -0.08858520537614822,
        0.05135570839047432,
        -0.07389668375253677,
        0.01906072348356247,
        -0.02700391411781311,
        0.04457734152674675,
        0.014102079905569553,
        0.0424245148897171,
        -0.07018034160137177,
        -0.01956413872539997,
        0.04566723480820656,
        0.0024287125561386347,
        0.06712666153907776,
        0.013679079711437225,
        0.0022447078954428434,
