{
    "index": 184,
    "page": 30,
    "text": "those two be among the most obvious and at hand. One, that the things or objects \nthemselves reach not unto the soul, but stand without still and quiet, and that it is \nfrom the opinion only which is within, that all the tumult and all the trouble doth \nproceed. The next, that all these things, which now thou seest, shall within a very \nlittle while be changed, and be no more: and ever call to mind, how many changes \nand alterations in the world thou thyself hast already been an eyewitness of in thy \ntime. This world is mere change, and this life, opinion.",
    "embedding_of_chunk": [
        -0.019194085150957108,
        0.009749393910169601,
        0.05549430102109909,
        -0.026051372289657593,
        0.00416402705013752,
        0.04625024273991585,
        0.08719302713871002,
        0.053394168615341187,
        0.006709039676934481,
        -0.01811714470386505,
        -0.008845355361700058,
        -0.06023671105504036,
        0.013971569016575813,
        0.028084784746170044,
        0.023487839847803116,
        0.009507589042186737,
        -0.028963251039385796,
        0.01828140765428543,
        -0.07488811761140823,
        0.016050104051828384,
        0.08665253221988678,
        -0.04325375705957413,
        -0.0017356277676299214,
        -0.049960095435380936,
        0.014846459031105042,
        0.03580936789512634,
        -0.025898555293679237,
        -0.025780249387025833,
        -0.02276284247636795,
        -0.1678219586610794,
        0.014870674349367619,
        -0.044457077980041504,
        0.036611709743738174,
        -0.014448445290327072,
        -0.010080956853926182,
        -0.019550779834389687,
        0.0011591794900596142,
        0.015565893612802029,
        -0.05869235843420029,
        0.024022260680794716,
        0.005438697524368763,
        0.03021305240690708,
        -0.01354387030005455,
        -0.06398790329694748,
        -0.06586766988039017,
        -0.06318677961826324,
        0.02477186918258667,
        -0.020367365330457687,
        0.008097670041024685,
        -0.04871459677815437,
        -0.04068484902381897,
        -0.010320072993636131,
        -0.010046131908893585,
        0.010089556686580181,
        0.04338395223021507,
        -0.0048649986274540424,
        0.035171929746866226,
        0.021809710189700127,
        0.05381696671247482,
        0.043578848242759705,
        0.0471629872918129,
        0.014946403913199902,
        -0.21025800704956055,
        0.10211608558893204,
        0.06223004683852196,
        0.020434308797121048,
        -0.016717975959181786,
        -0.07331696152687073,
        -0.0054462323896586895,
        0.06757090985774994,
        -0.035026613622903824,
        0.04023668169975281,
        0.025967827066779137,
        0.07005679607391357,
        0.00027227113605476916,
        -0.029159901663661003,
        -0.011766831390559673,
        -0.04736730828881264,
        -0.015146401710808277,
        0.024282602593302727,
        0.014702554792165756,
        0.048194706439971924,
        -0.02366156503558159,
        -0.014347477816045284,
        -0.044193390756845474,
        -0.018591146916151047,
        -0.01863829419016838,
        -0.06011291965842247,
        0.05917295441031456,
        -0.002139051677659154,
        -0.04800212010741234,
        -0.055113039910793304,
        0.013964110985398293,
        0.02181120403110981,
        -0.016188694164156914,
        -0.034111928194761276,
        0.04784701019525528,
        -0.00573083758354187,
        -0.017501162365078926,
        0.1940194070339203,
        -0.046006061136722565,
        0.03884866088628769,
        0.04726383835077286,
        -0.03818079084157944,
        0.09122032672166824,
        -0.02567632496356964,
        -0.013250953517854214,
        -0.057417795062065125,
        -0.04506925493478775,
        0.040238793939352036,
        0.006426145788282156,
        -0.021211005747318268,
        0.020538536831736565,
        -0.01577892154455185,
        0.027444355189800262,
        0.004481438547372818,
        0.037229523062705994,
        0.016999227926135063,
        0.010385940782725811,
        -0.005258770193904638,
        -0.007180939894169569,
        0.023272452875971794,
        0.07463081181049347,
        -0.029312115162611008,
        -0.006641417741775513,
        -0.09464693069458008,
        0.02168462425470352,
        0.11424894630908966,
        0.01317601278424263,
        0.010207855142652988,
        0.043891727924346924,
        -0.02810577116906643,
        -0.04599851742386818,
        -0.020685715600848198,
        0.018398478627204895,
        0.03287723287940025,
        0.009582183323800564,
        -0.012210529297590256,
        0.053099509328603745,
        -0.04231123626232147,
        -0.024472564458847046,
        -0.15092885494232178,
        -0.028516046702861786,
        -0.11560866981744766,
        -0.021125096827745438,
        0.10608983039855957,
        0.019953740760684013,
        0.022217096760869026,
        -0.019658878445625305,
        0.031296104192733765,
        -0.015365390107035637,
        0.056725334376096725,
        -0.03364860638976097,
        -0.008158477954566479,
        0.03691767901182175,
        0.011513544246554375,
        -0.0008113496005535126,
        0.038372330367565155,
        0.006226391531527042,
        0.026632312685251236,
        0.0178782157599926,
        -0.01528243813663721,
        -0.04261677712202072,
        0.11587665230035782,
        -0.0009408482583239675,
        -0.05416407436132431,
        -0.0023039637599140406,
        -0.032279837876558304,
        0.01662694290280342,
        0.010360720567405224,
        0.040123358368873596,
        0.029160363599658012,
        -0.04686358571052551,
        0.013785937801003456,
        0.07213533669710159,
        0.0554267056286335,
        -0.026899462565779686,
        0.029208024963736534,
        0.015393437817692757,
        0.015637647360563278,
        0.041757453233003616,
        -0.019979747012257576,
        -0.06773167103528976,
        0.09109015017747879,
        0.016514664515852928,
        -0.013175231404602528,
        0.008484766818583012,
        -0.041483163833618164,
        0.027726270258426666,
        0.100798599421978,
        0.00969996303319931,
        0.05373016744852066,
        -0.024103401228785515,
        0.03421534597873688,
        -0.05002346634864807,
        -0.029084423556923866,
        -0.055308107286691666,
        -0.01101137138903141,
        -0.026066772639751434,
        -0.01730070821940899,
        -0.0041753812693059444,
        0.016955288127064705,
        -0.022501561790704727,
        0.026971613988280296,
        0.016839507967233658,
        0.0034413121175020933,
        -0.0007223382708616555,
        -0.03715711459517479,
        0.043697793036699295,
        0.02772492729127407,
        -0.021909909322857857,
        0.031810883432626724,
        0.004339626058936119,
        -0.008751156739890575,
        -0.024252647534012794,
        0.0006105277570895851,
        -0.011366906575858593,
        -0.007634494919329882,
        0.01019236259162426,
        0.030653880909085274,
        0.03993013873696327,
        -0.10786982625722885,
        -0.04274536669254303,
        -0.27034813165664673,
        0.017446916550397873,
        -0.007005925290286541,
        -0.00782001856714487,
        0.08397996425628662,
        -0.07174624502658844,
        0.010271647945046425,
        -0.0018101659370586276,
        -0.001073777093552053,
        0.05204249173402786,
        0.04739823564887047,
        -0.03404644876718521,
        0.0018359605455771089,
        0.019584020599722862,
        -0.008090502582490444,
        0.05999678745865822,
        -0.04017431661486626,
        0.06526634097099304,
        -0.030220625922083855,
        -0.006087664049118757,
        -0.015420788899064064,
