{
    "index": 516,
    "page": 81,
    "text": "XXVII. Within a while the earth shall cover us all, and then she herself shall have her \nchange. And then the course will be, from one period of eternity unto another, and so \na perpetual eternity. Now can any man that shall consider with himself in his mind \nthe several rollings or successions of so many changes and alterations, and the \nswiftness of all these rulings; can he otherwise but contemn in his heart and despise \nall worldly things? The cause of the universe is as it were a strong torrent, it carrieth \nall away.",
    "embedding_of_chunk": [
        -0.048338260501623154,
        -0.005318388808518648,
        0.016981353983283043,
        -0.003148193471133709,
        -0.0024697002954781055,
        0.008722210302948952,
        0.0530204139649868,
        0.04889720305800438,
        -0.006497424561530352,
        -0.03107577934861183,
        0.008751800283789635,
        -0.0720050260424614,
        0.03338170424103737,
        0.03792618587613106,
        0.013650855980813503,
        0.01331487949937582,
        -0.017960727214813232,
        0.011935416609048843,
        -0.07926269620656967,
        0.0008717210730537772,
        0.08365090936422348,
        -0.03597010672092438,
        -0.0407508909702301,
        -0.05974709242582321,
        -0.01207431498914957,
        0.0349445641040802,
        -0.03553875535726547,
        -0.049040865153074265,
        -0.010457747615873814,
        -0.1552065908908844,
        0.007095804903656244,
        -0.051342420279979706,
        0.0371464267373085,
        0.013207131065428257,
        -0.021600356325507164,
        -0.038131263107061386,
        -0.04147995635867119,
        0.021000538021326065,
        -0.05656103789806366,
        0.06698759645223618,
        0.017536435276269913,
        0.04933706670999527,
        -0.005521418526768684,
        -0.051277045160532,
        -0.07077360898256302,
        -0.048326533287763596,
        -0.01717924140393734,
        -0.005938082002103329,
        0.005080012138932943,
        -0.029260842129588127,
        -0.027210816740989685,
        -0.05797278881072998,
        -0.0021237561013549566,
        0.051445428282022476,
        0.04250981658697128,
        0.018993781879544258,
        0.041921310126781464,
        0.03599967062473297,
        0.04502701386809349,
        0.011061953380703926,
        0.04804707318544388,
        -0.0031902019400149584,
        -0.21938654780387878,
        0.0761689767241478,
        0.050740066915750504,
        0.035240139812231064,
        -0.017276953905820847,
        -0.035846028476953506,
        0.03871942684054375,
        0.0668451264500618,
        -0.04163634404540062,
        0.062037453055381775,
        0.010354703292250633,
        0.03710145875811577,
        0.05006496235728264,
        0.008828766644001007,
        -0.009936308488249779,
        -0.018614374101161957,
        0.016181621700525284,
        0.014214818365871906,
        -0.0026470620650798082,
        0.005266047082841396,
        -0.04495549201965332,
        -0.01312998402863741,
        -0.08136206120252609,
        -0.05876840278506279,
        -0.02138434164226055,
        -0.05026216804981232,
        0.0487201102077961,
        0.019787579774856567,
        -0.03768406808376312,
        -0.021592197939753532,
        0.045855358242988586,
        0.023938840255141258,
        -0.04603883624076843,
        -0.03599951043725014,
        0.02561124414205551,
        -0.008702498860657215,
        -0.009607214480638504,
        0.17931431531906128,
        -0.023279769346117973,
        -0.015438497997820377,
        0.03471372276544571,
        0.019055597484111786,
        0.036610934883356094,
        0.01968064159154892,
        0.004030375741422176,
        -0.04517471790313721,
        0.013227670453488827,
        -0.031803444027900696,
        0.027111029252409935,
        -0.03061351180076599,
        0.04359190911054611,
        -0.05466126650571823,
        0.02800646610558033,
        -0.0002574693935457617,
        0.029069898650050163,
        0.005660330876708031,
        -0.03771165758371353,
        -0.003483826294541359,
        -0.03694319725036621,
        0.041328683495521545,
        0.020999159663915634,
        -0.009789418429136276,
        0.011068738996982574,
        -0.0741112232208252,
        0.057699158787727356,
        0.11730547994375229,
        -0.002840711735188961,
        -0.03068545274436474,
        0.05813606083393097,
        -0.025922125205397606,
        -0.04268685355782509,
        -0.0012828612234443426,
        0.006230720318853855,
        0.0359601229429245,
        0.0029657380655407906,
        -0.006237960420548916,
        0.040339190512895584,
        -0.035199809819459915,
        -0.05204545706510544,
        -0.1134185865521431,
        -0.017895294353365898,
        -0.10528695583343506,
        -0.018514243885874748,
        0.07235927134752274,
        0.031672388315200806,
        0.04400172457098961,
        -0.011445821262896061,
        -0.009019297547638416,
        0.0027339712250977755,
        0.011636277660727501,
        -0.0538807287812233,
        -0.009522546082735062,
        0.02026534266769886,
        0.05574458837509155,
        0.0502728708088398,
        0.04839830845594406,
        -0.03763509541749954,
        0.007027891464531422,
        -0.01455724611878395,
        -0.0008518007816746831,
        -0.03274150565266609,
        0.15840384364128113,
        0.03114989772439003,
        0.003649223130196333,
        -0.0027877946849912405,
        -0.021071381866931915,
        -0.000701181881595403,
        -0.023083483800292015,
        0.045138951390981674,
        0.00988595001399517,
        -0.07277064025402069,
        0.04844851791858673,
        0.12435710430145264,
        0.0211793165653944,
        -0.02410532534122467,
        0.018008390441536903,
        -0.014614542946219444,
        0.029081100597977638,
        -0.006067135836929083,
        -0.033502399921417236,
        -0.044948216527700424,
        0.06870754808187485,
        0.01756618544459343,
        -0.06902647018432617,
        -0.01279833260923624,
        -0.01979028806090355,
        0.055966854095458984,
        0.029373349621891975,
        0.030416889116168022,
        0.07580361515283585,
        -0.03066198155283928,
        -0.0018375978106632829,
        -0.04308382421731949,
        -0.04590240493416786,
        -0.02312220074236393,
        0.01711217127740383,
        -0.03453904762864113,
        -0.026534056290984154,
        -0.007858095690608025,
        -0.016410227864980698,
        -0.011517690494656563,
        0.018626101315021515,
        0.00434780353680253,
        0.013675323687493801,
        0.0012129483511671424,
        -0.01043662615120411,
        0.02487845905125141,
        0.029608331620693207,
        -0.05942204222083092,
        0.015578225255012512,
        0.052596624940633774,
        -0.004827219061553478,
        -0.004873690661042929,
        0.043119460344314575,
        0.021553920581936836,
        0.014871600084006786,
        0.07460294663906097,
        0.042028531432151794,
        0.05245323106646538,
        -0.11020569503307343,
        -0.04170984774827957,
        -0.2429976612329483,
        -0.005344104021787643,
        -0.032781850546598434,
        -0.04675067961215973,
        0.08677490055561066,
        -0.0282346960157156,
        0.010700751096010208,
        -0.002834329381585121,
        0.04805035889148712,
        0.037213459610939026,
        0.05820125341415405,
        -0.004238618537783623,
        0.002324748784303665,
        0.011086851358413696,
        -0.012514663860201836,
        0.012631935998797417,
        0.0006150126573629677,
        0.00822808314114809,
        -0.05384271219372749,
        0.01393133495002985,
        -0.0471663773059845,
        0.057952288538217545,
        -0.04479362443089485,
