{
    "index": 205,
    "page": 33,
    "text": "XXII. Either this world is a κόσμος or a comely piece, because all disposed and gov-\nerned by certain order: or if it be a mixture, though confused, yet still it is a comely \npiece. For is it possible that in thee there should be any beauty at all, and that in the \nwhole world there should be nothing but disorder and confusion? and all things in it \ntoo, by natural different properties one from another differenced and distinguished; \nand yet all through diffused, and by natural sympathy, one to another united, as \nthey are?",
    "embedding_of_chunk": [
        0.004378426354378462,
        -0.042631324380636215,
        0.06700720638036728,
        0.020616771653294563,
        0.009291693568229675,
        -0.014943482354283333,
        0.05973970517516136,
        0.037101343274116516,
        0.01673002354800701,
        -0.027569608762860298,
        0.004830753896385431,
        -0.0921703651547432,
        0.0397917740046978,
        0.05758887901902199,
        -0.0028817439451813698,
        0.00883911456912756,
        -0.0011046947911381721,
        0.02225598506629467,
        -0.10448592901229858,
        0.025281714275479317,
        0.11222895234823227,
        0.007596196141093969,
        -0.02838270366191864,
        -0.08058752119541168,
        0.006684972904622555,
        0.06214386224746704,
        -0.03638116642832756,
        -0.03699143975973129,
        0.009055186063051224,
        -0.17260868847370148,
        -0.008717866614460945,
        -0.043909069150686264,
        0.026621468365192413,
        -0.0019929506815969944,
        -0.003114451887086034,
        0.011017218232154846,
        -0.022870158776640892,
        0.031277116388082504,
        -0.043923553079366684,
        0.04968474060297012,
        0.055809374898672104,
        0.0026682012248784304,
        -0.004472118336707354,
        -0.05473675951361656,
        -0.04605630040168762,
        -0.048155028373003006,
        -0.01846284605562687,
        4.405084109748714e-05,
        -0.011770075187087059,
        -0.017457714304327965,
        0.0006878384156152606,
        -0.04123874753713608,
        0.006600102875381708,
        0.05033569782972336,
        0.028377681970596313,
        0.07726851105690002,
        0.07142176479101181,
        0.003422372043132782,
        0.037318963557481766,
        0.0027840116526931524,
        0.04769255965948105,
        0.023279154673218727,
        -0.1750905066728592,
        0.09445589035749435,
        0.07602369785308838,
        0.030369145795702934,
        0.00701740151271224,
        -0.033926162868738174,
        -0.004009739030152559,
        0.010908568277955055,
        0.014831672422587872,
        0.0031721435952931643,
        0.05213279649615288,
        0.06287838518619537,
        0.022243304178118706,
        -0.05747944116592407,
        0.016494354233145714,
        -0.056775275617837906,
        -0.038740869611501694,
        0.04113861173391342,
        -0.014578022994101048,
        0.0018982111942023039,
        -0.016891755163669586,
        -0.03444831818342209,
        -0.02983468770980835,
        -0.04893520101904869,
        -0.01640371046960354,
        -0.023982780054211617,
        0.026227455586194992,
        0.023686744272708893,
        -0.06154579296708107,
        0.00105072814039886,
        0.017838183790445328,
        0.028493469581007957,
        -0.01728264056146145,
        -0.013711911626160145,
        0.04633265733718872,
        -0.004896978382021189,
        -0.0203737560659647,
        0.18095208704471588,
        -0.07091952115297318,
        0.0013084826059639454,
        0.06516017019748688,
        -0.05452360212802887,
        0.05114418640732765,
        -0.008137534372508526,
        -0.027378562837839127,
        -0.08495508879423141,
        -0.033826593309640884,
        -0.043692346662282944,
        0.0037301848642528057,
        -0.03793932870030403,
        0.04866326227784157,
        -0.04690912365913391,
        0.02184922806918621,
        -0.019352540373802185,
        0.031247712671756744,
        -0.01225994247943163,
        -0.009064623154699802,
        -0.027833107858896255,
        -0.014488310553133488,
        0.008942868560552597,
        0.07350227236747742,
        -0.03071822226047516,
        0.020190568640828133,
        -0.059145618230104446,
        0.06357783079147339,
        0.07971777021884918,
        0.02398015186190605,
        0.0041510011069476604,
        -0.0005920027033425868,
        -0.018605433404445648,
        -0.03987976536154747,
        -0.006172453053295612,
        0.013727650977671146,
        0.005948316305875778,
        0.022405562922358513,
        0.0166464876383543,
        0.05056776851415634,
        -0.03815897926688194,
        -0.023878728970885277,
        -0.14061389863491058,
        -0.019541902467608452,
        -0.10792559385299683,
        -0.017128391191363335,
        0.09354525804519653,
        0.002885148860514164,
        0.04511723294854164,
        -0.03651103004813194,
        0.0807051956653595,
        -0.011383221484720707,
        0.04322691634297371,
        -0.054107747972011566,
        -0.006378727499395609,
        0.012369437143206596,
        0.023770052939653397,
        0.021695874631404877,
        0.029933981597423553,
        -0.021438639611005783,
        0.015302818268537521,
        0.024557750672101974,
        -0.0394095778465271,
        -0.03358666971325874,
        0.13308057188987732,
        -0.0008330436539836228,
        -0.027948716655373573,
        0.00865628570318222,
        -0.024022109806537628,
        -0.008486058562994003,
        -0.012514114379882812,
        0.052368078380823135,
        0.031684454530477524,
        -0.05965752899646759,
        0.04322442784905434,
        0.06272542476654053,
        0.03467760235071182,
        -0.038223907351493835,
        0.0015908550703898072,
        0.016263945028185844,
        0.028176898136734962,
        0.05139179155230522,
        -0.02839844487607479,
        -0.07955094426870346,
        0.04048280045390129,
        0.048102911561727524,
        -0.024792078882455826,
        -0.005683647934347391,
        -0.028742268681526184,
        0.019187644124031067,
        0.05432387441396713,
        0.018422871828079224,
        0.05898378789424896,
        -0.012262876145541668,
        0.012740297242999077,
        -0.005805660504847765,
        -0.007296983152627945,
        -0.028026651591062546,
        -0.0197930745780468,
        -0.017834102734923363,
        0.0057384860701859,
        -0.02168866991996765,
        0.03305436670780182,
        -0.030570363625884056,
        0.011174330487847328,
        0.011517825536429882,
        0.07033705711364746,
        0.0424913689494133,
        -0.017011482268571854,
        0.011402294971048832,
        0.05062893405556679,
        -0.048260290175676346,
        0.011453581973910332,
        0.001783284591510892,
        0.015244049951434135,
        0.0009022986050695181,
        0.018296821042895317,
        -0.008791672065854073,
        -0.005112139508128166,
        0.02843988500535488,
        0.01502959243953228,
        4.560319212032482e-05,
        -0.11450017988681793,
        -0.10286137461662292,
        -0.2301204651594162,
        0.04163264483213425,
        0.028516290709376335,
        -0.00813702866435051,
        0.06464099884033203,
        -0.0010079630883410573,
        0.020537517964839935,
        -0.0025492110289633274,
        0.00904637947678566,
        0.0641074851155281,
        0.0897454023361206,
        -0.03296750411391258,
        -0.012602330185472965,
        0.03553314507007599,
        -0.018007906153798103,
        0.03258543461561203,
        0.004861450754106045,
        -0.011020681820809841,
        -0.06104397028684616,
        0.011253613978624344,
        -0.01059973519295454,
        0.07008476555347443,
