{
    "index": 624,
    "page": 97,
    "text": "come part of the whole again. But if this happen often the misery is that the further a \nman is run in this division, the harder he is to be reunited and restored again: and \nhowever the branch which, once cut of afterwards was graffed in, gardeners can tell \nyou is not like that which sprouted together at first, and still continued in the unity \nof the body.",
    "embedding_of_chunk": [
        -0.024240998551249504,
        -0.002286498434841633,
        0.039633847773075104,
        0.01335859764367342,
        0.04439529404044151,
        -0.0017372722504660487,
        0.04264602065086365,
        0.01903761923313141,
        0.016199886798858643,
        -0.021937815472483635,
        0.02788570336997509,
        -0.07089255005121231,
        0.04227172210812569,
        0.02104533463716507,
        0.028441037982702255,
        0.010546067729592323,
        -0.014272396452724934,
        0.07769416272640228,
        -0.1173609271645546,
        0.018082842230796814,
        -0.0015608306275680661,
        -0.0020896936766803265,
        0.008972609415650368,
        -0.06174040958285332,
        0.0017184719908982515,
        -0.010780691169202328,
        -0.04763611778616905,
        -0.027089467272162437,
        -0.009691770188510418,
        -0.1765000969171524,
        0.014520637691020966,
        0.026569809764623642,
        0.0017532606143504381,
        -0.0489506796002388,
        0.027588238939642906,
        -0.014270375482738018,
        -0.023668982088565826,
        0.05912214145064354,
        -0.031825002282857895,
        0.07967879623174667,
        0.03948446735739708,
        -0.005106334108859301,
        0.0019548211712390184,
        -0.03911943361163139,
        -0.04011525213718414,
        -0.021098695695400238,
        -0.04343395680189133,
        -0.02212071418762207,
        0.08896055072546005,
        -0.020933274179697037,
        0.014727752655744553,
        -0.039049096405506134,
        0.05078106373548508,
        0.07372574508190155,
        0.040106140077114105,
        0.04174542427062988,
        0.08892584592103958,
        0.0484178364276886,
        0.021220169961452484,
        0.03395143896341324,
        0.06479418277740479,
        0.009014330804347992,
        -0.17523588240146637,
        0.03664415329694748,
        0.06039530411362648,
        -0.005481299478560686,
        -0.04129177704453468,
        -0.05236193910241127,
        0.029332762584090233,
        0.05408434569835663,
        -0.04525448754429817,
        0.056838423013687134,
        0.02053561992943287,
        0.039209362119436264,
        -0.009059014730155468,
        -0.013730968348681927,
        -0.036896001547575,
        -0.05586123839020729,
        -0.019700778648257256,
        0.059757500886917114,
        -0.017807183787226677,
        0.006918427534401417,
        -0.04349895566701889,
        0.018410813063383102,
        -0.0634111687541008,
        -0.05731199309229851,
        0.011428415775299072,
        -0.07517147809267044,
        0.042056914418935776,
        0.07112299650907516,
        0.006993250921368599,
        0.0033230227418243885,
        0.00021332193864509463,
        0.017174238339066505,
        -0.07446866482496262,
        -0.04524295777082443,
        -0.007610801607370377,
        0.0017907480942085385,
        0.004408259876072407,
        0.1969325989484787,
        -0.034368667751550674,
        0.05211765691637993,
        0.07474523782730103,
        -0.0013478192267939448,
        0.03773064911365509,
        -0.010971436277031898,
        -0.05108201876282692,
        -0.026184137910604477,
        0.0046002804301679134,
        0.046430159360170364,
        0.020168915390968323,
        0.002719493582844734,
        0.05688958615064621,
        -0.011658376082777977,
        0.01922284997999668,
        -0.01185738854110241,
        0.02877415157854557,
        -0.0012687675189226866,
        -0.0210579801350832,
        0.00918453186750412,
        -0.021813014522194862,
        0.01871238276362419,
        0.039825234562158585,
        -0.019293909892439842,
        0.025527050718665123,
        -0.04149390012025833,
        0.02985953725874424,
        0.14179407060146332,
        0.03607592359185219,
        -0.011288412846624851,
        0.06315318495035172,
        -0.040675122290849686,
        -0.02286369726061821,
        -0.00855328794568777,
        -0.013215506449341774,
        -0.004917650483548641,
        -0.009026634506881237,
        -0.01628461666405201,
        0.005909995641559362,
        -0.03372542932629585,
        0.017524125054478645,
        -0.13577771186828613,
        -0.032120995223522186,
        -0.09186527132987976,
        -0.04588286206126213,
        0.0585610456764698,
        -0.03574589267373085,
        0.03445806726813316,
        -0.06627053767442703,
        0.031746093183755875,
        -0.032117754220962524,
        0.00847792997956276,
        -0.02476063370704651,
        -0.024446209892630577,
        0.011963922530412674,
        0.02855551242828369,
        0.0219834316521883,
        0.04783753678202629,
        -0.00036430751788429916,
        0.02463904581964016,
        -0.007449884433299303,
        -0.033275242894887924,
        -0.0597626268863678,
        0.08523713797330856,
        0.09811370074748993,
        -0.03723336383700371,
        -0.006060005631297827,
        0.0022189603187143803,
        0.023416507989168167,
        -0.005019982345402241,
        0.042851414531469345,
        -0.02440626174211502,
        -0.01460422296077013,
        0.011509345844388008,
        0.08005014061927795,
        0.009295672178268433,
        -0.06056632474064827,
        -0.05541735142469406,
        -0.0017302694031968713,
        0.04643842577934265,
        0.0675228089094162,
        -0.009194307029247284,
        -0.06432486325502396,
        0.008123786188662052,
        0.04003720358014107,
        -0.018837589770555496,
        -0.058447692543268204,
        -0.01964113861322403,
        0.019679944962263107,
        0.048432376235723495,
        -0.04658755287528038,
        0.06345219165086746,
        -0.05426296591758728,
        -0.039925120770931244,
        -0.0411488302052021,
        -0.047710929065942764,
        -0.07394380867481232,
        -0.008663853630423546,
        -0.020633064210414886,
        -0.017976295202970505,
        -0.045917119830846786,
        -0.019298100844025612,
        3.137008025078103e-05,
        -0.007787663023918867,
        0.006569543853402138,
        0.058694519102573395,
        0.009686573408544064,
        0.0008175272378139198,
        0.04255034774541855,
        0.06487101316452026,
        -0.024709615856409073,
        -0.007844018749892712,
        0.08625388890504837,
        -0.018311092630028725,
        -0.030035223811864853,
        -0.042674653232097626,
        0.027373872697353363,
        0.037893347442150116,
        0.035557858645915985,
        0.06849827617406845,
        0.001524683553725481,
        -0.046620503067970276,
        0.005145070143043995,
        -0.2139916568994522,
        -0.0036533838137984276,
        -0.025620656087994576,
        -0.002634333446621895,
        0.0652933344244957,
        -0.044581085443496704,
        0.016740720719099045,
        -0.012466909363865852,
        0.04593193903565407,
        0.012570585124194622,
        0.09049053490161896,
        -0.0403653122484684,
        -0.015850884839892387,
        0.03746538236737251,
        -0.01628674939274788,
        0.06250171363353729,
        0.020014222711324692,
        0.04763112589716911,
        -0.06737582385540009,
        0.03539091348648071,
        -0.010826065205037594,
        0.03223308548331261,
        -0.03110806830227375,
        -0.057091087102890015,
        0.014108025468885899,
        -0.028486354276537895,
        0.21089157462120056,
        0.03964729979634285,
