{
    "index": 286,
    "page": 45,
    "text": "19 hath it, have abandoned this \n\nspacious earth, and retired themselves unto heaven. What is it then that doth keep \nthee here, if things sensible be so mutable and unsettled? and the senses so obscure, \nand so fallible? and our souls nothing but an exhalation of blood? and to be in credit \namong such, be but vanity? What is it that thou dost stay for? an extinction, or a \ntranslation; either of them with a propitious and contented mind. But still that time \ncome, what will content thee? what else, but to worship and praise the Gods; and to \ndo good unto men. To bear with them, and to forbear to do them any wrong. And for \nall external things belonging either to this thy wretched body, or life, to remember \nthat they are neither thine, nor in thy power.",
    "embedding_of_chunk": [
        -0.042985282838344574,
        0.012487610802054405,
        0.029695041477680206,
        -0.02601717971265316,
        0.03559514880180359,
        0.0020609309431165457,
        0.07989554852247238,
        0.03483596444129944,
        0.005638203117996454,
        -0.013917230069637299,
        -0.012562389485538006,
        -0.11040259152650833,
        0.027933528646826744,
        0.03912556543946266,
        0.005201724357903004,
        0.02087216265499592,
        -0.035178255289793015,
        0.056866489350795746,
        -0.08495241403579712,
        0.010885224677622318,
        0.060472648590803146,
        -0.019241247326135635,
        -0.025632325559854507,
        -0.03462621197104454,
        0.04064228758215904,
        0.041525524109601974,
        -0.042340002954006195,
        -0.03237420693039894,
        -0.04857926070690155,
        -0.15449249744415283,
        -0.006947236135601997,
        -0.07586511224508286,
        0.026329757645726204,
        -0.01797119528055191,
        -0.006138616241514683,
        0.01348192524164915,
        -0.027250900864601135,
        0.011940202675759792,
        -0.018864884972572327,
        0.07667466253042221,
        0.03996214270591736,
        0.08920035511255264,
        -0.03329075127840042,
        -0.06104893609881401,
        -0.027051664888858795,
        -0.003960103262215853,
        -0.012841545976698399,
        -0.030911190435290337,
        0.046442169696092606,
        -0.033219654113054276,
        -0.016932494938373566,
        -0.012501608580350876,
        -0.008183743804693222,
        0.05718661844730377,
        0.009287798777222633,
        0.026622433215379715,
        0.051730357110500336,
        0.031170133501291275,
        0.0420340895652771,
        0.026781171560287476,
        0.02963286079466343,
        0.018009329214692116,
        -0.2075459361076355,
        0.08530919253826141,
        0.06247372552752495,
        -0.009671060368418694,
        -0.02348625287413597,
        -0.029427675530314445,
        0.023279447108507156,
        0.05064104124903679,
        -0.03222515434026718,
        -0.0016089670825749636,
        0.029044995084404945,
        0.054054297506809235,
        0.012545310892164707,
        -0.0028382558375597,
        -0.016771556809544563,
        -0.08796828240156174,
        -0.04040633887052536,
        0.005467754323035479,
        -0.024662697687745094,
        -0.001093252096325159,
        -0.00081276660785079,
        0.03134945407509804,
        -0.07783394306898117,
        -0.04656604677438736,
        -0.014482320286333561,
        -0.05294031277298927,
        0.04376284033060074,
        -0.005647771060466766,
        -0.03794502466917038,
        -0.013983990997076035,
        -0.0022276947274804115,
        0.012507813982665539,
        -0.07100989669561386,
        -0.02275204099714756,
        0.053933143615722656,
        0.008831228129565716,
        -0.009873935021460056,
        0.2100517302751541,
        -0.0219170693308115,
        0.009795746766030788,
        0.01638687588274479,
        -0.02262071706354618,
        0.059075728058815,
        -0.04227279871702194,
        -0.0025965524837374687,
        -0.012421933934092522,
        8.16778265289031e-05,
        0.019095875322818756,
        0.022144300863146782,
        -0.021095992997288704,
        0.013064672239124775,
        -0.05469663813710213,
        0.07776901125907898,
        -0.01628495194017887,
        0.012755808420479298,
        0.0480409637093544,
        -0.044462900608778,
        0.021441157907247543,
        -0.022396782413125038,
        0.03346560522913933,
        0.08421935886144638,
        8.576188702136278e-05,
        0.04066848382353783,
        -0.08197902888059616,
        0.0693085789680481,
        0.0990271046757698,
        -0.00914231687784195,
        -0.004442350007593632,
        0.02684863656759262,
        -0.05564156919717789,
        -0.023678936064243317,
        -0.0028681682888418436,
        0.03152355179190636,
        0.035313718020915985,
        0.0331120602786541,
        -0.023489315062761307,
        0.022606806829571724,
        -0.05161493271589279,
        -0.008126422762870789,
        -0.15003624558448792,
        -0.046019457280635834,
        -0.11578220874071121,
        -0.010955491103231907,
        0.07920442521572113,
        0.01979432813823223,
        -0.005535688251256943,
        -0.015505442395806313,
        0.030657021328806877,
        -0.025472626090049744,
        0.023618275299668312,
        -0.037113167345523834,
        -0.009849563241004944,
        0.015893705189228058,
        0.0611688494682312,
        0.003684920258820057,
        0.06404148787260056,
        -0.06265735626220703,
        0.002172609558328986,
        0.03919943794608116,
        -0.041860487312078476,
        -0.05485432967543602,
        0.10869162529706955,
        0.00829628761857748,
        0.009444228373467922,
        -0.025394167751073837,
        -0.009794024750590324,
        0.00694681890308857,
        0.017986293882131577,
        0.05600987374782562,
        -0.004997910000383854,
        -0.04442891478538513,
        0.037931736558675766,
        0.0955805778503418,
        0.01467104535549879,
        -0.027130821719765663,
        -0.0040581910870969296,
        -0.013027399778366089,
        0.02849833481013775,
        0.010471101850271225,
        -0.039587583392858505,
        -0.07087570428848267,
        0.04880910739302635,
        0.0064399223774671555,
        -0.04251393303275108,
        -0.008709867484867573,
        -0.034171491861343384,
        0.04594973847270012,
        0.04003377631306648,
        -0.013028795830905437,
        0.03106764331459999,
        -0.0602540597319603,
        -0.02512955293059349,
        -0.029807372018694878,
        0.004269368946552277,
        -0.04621906578540802,
        0.018982160836458206,
        -0.02373337745666504,
        0.004858678672462702,
        0.04235268756747246,
        -0.02231736294925213,
        -0.007117789704352617,
        0.017192358151078224,
        0.027126941829919815,
        0.03159034252166748,
        0.019380901008844376,
        -0.0012127598747611046,
        0.05662169307470322,
        0.012083648703992367,
        -0.03951076418161392,
        -0.0008262694464065135,
        0.04839146137237549,
        -0.009540385566651821,
        0.002636140212416649,
        0.010174529626965523,
        0.015608794055879116,
        -0.026376014575362206,
        0.021482424810528755,
        0.040566831827163696,
        0.022444333881139755,
        -0.147779181599617,
        -0.05937684327363968,
        -0.2268812656402588,
        0.03314458951354027,
        0.00675706984475255,
        -0.09238695353269577,
        0.06430694460868835,
        -0.04181060940027237,
        0.021633611992001534,
        0.0028304916340857744,
        0.033532265573740005,
        0.02452688291668892,
        0.03283027559518814,
        -0.07212895900011063,
        -0.01634989120066166,
        0.051268357783555984,
        -0.010335620492696762,
