{
    "index": 475,
    "page": 74,
    "text": "keep them in their shops for a while: but the nature of the universe hath no such \nout-place; but herein doth consist the wonder of her art and skill, that she having \nonce circumscribed herself within some certain bounds and limits, whatsoever is \nwithin her that seems either corrupted, or old, or unprofitable, she can change it into \nherself, and of these very things can make new things; so that she needeth not to \nseek elsewhere out of herself either for a new supply of matter and substance, or for \na place where to throw out whatsoever is irrecoverably putrid and corrupt. Thus she, \nas for place, so for matter and art, is herself sufficient unto herself.",
    "embedding_of_chunk": [
        -0.009528987109661102,
        -0.044864483177661896,
        0.04427358880639076,
        -0.002850157907232642,
        -0.032512884587049484,
        0.02995915897190571,
        0.06452250480651855,
        0.049898989498615265,
        -0.016122395172715187,
        -0.011823267675936222,
        0.015330742113292217,
        -0.04894928261637688,
        0.01890833117067814,
        0.038720160722732544,
        -0.017638282850384712,
        0.0060060275718569756,
        0.013831346295773983,
        0.02954520657658577,
        -0.08021055161952972,
        0.013837063685059547,
        0.056186169385910034,
        -0.06188001111149788,
        -0.002204916439950466,
        -0.01401438657194376,
        0.029315108433365822,
        0.02928740903735161,
        -0.029391545802354813,
        -0.04324718192219734,
        -0.033236581832170486,
        -0.16907773911952972,
        -0.021142583340406418,
        -0.023119093850255013,
        -0.0012091014068573713,
        -0.011568261310458183,
        0.00193954654969275,
        0.012719971127808094,
        -0.013358226045966148,
        0.016612404957413673,
        -0.02536231465637684,
        0.028141841292381287,
        0.06531700491905212,
        0.03337685763835907,
        -0.0437067411839962,
        -0.047246385365724564,
        -0.040475644171237946,
        -0.050805456936359406,
        0.007664936129003763,
        -0.03851427510380745,
        0.021298494189977646,
        -0.022040439769625664,
        -0.0023627656046301126,
        -0.04070839285850525,
        -0.0012442463776096702,
        0.06988388299942017,
        0.04266304522752762,
        0.021160060539841652,
        0.07102865725755692,
        0.0006213809247128665,
        0.06789691746234894,
        -0.00042121007572859526,
        0.05629467964172363,
        0.03220989927649498,
        -0.19928057491779327,
        0.06015344336628914,
        0.06609364598989487,
        0.0005391489248722792,
        -0.04340563341975212,
        -0.062454015016555786,
        0.024578416720032692,
        0.0559849888086319,
        -0.020014692097902298,
        0.03842991217970848,
        -0.009540144354104996,
        0.057477377355098724,
        0.048760514706373215,
        0.011376951821148396,
        0.00023364881053566933,
        -0.034625183790922165,
        -0.009499762207269669,
        0.049268938601017,
        -0.008480563759803772,
        -0.001255166600458324,
        0.022413233295083046,
        0.030438978224992752,
        -0.07240277528762817,
        -0.03663518279790878,
        0.007024926133453846,
        -0.06746095418930054,
        0.029024852439761162,
        0.0038573481142520905,
        -0.04206572100520134,
        -0.025595540180802345,
        -0.018997447565197945,
        0.02055714651942253,
        -0.05532444640994072,
        -0.05169190093874931,
        0.017459223046898842,
        0.02631913311779499,
        -0.006858414970338345,
        0.2164108008146286,
        -0.03373167663812637,
        0.004652932286262512,
        0.03547997772693634,
        -0.01869061216711998,
        0.027785643935203552,
        -0.017836079001426697,
        0.0022139567881822586,
        -0.041808392852544785,
        -0.0388975664973259,
        0.008216004818677902,
        0.02181590348482132,
        -0.00015686251572333276,
        -0.017368072643876076,
        -0.04586691036820412,
        0.07013636082410812,
        0.0214081984013319,
        0.052632056176662445,
        0.016903644427657127,
        -0.04214920476078987,
        -0.020786115899682045,
        -0.04332251101732254,
        0.045116208493709564,
        0.045756567269563675,
        0.0025738519616425037,
        0.030970267951488495,
        -0.10958545655012131,
        0.017882945016026497,
        0.08374495059251785,
        0.011491866782307625,
        0.0051160529255867004,
        0.016897911205887794,
        -0.030896449461579323,
        -0.009013349190354347,
        0.025519274175167084,
        -0.011992867104709148,
        0.038508184254169464,
        0.01994536817073822,
        -0.002647245302796364,
        0.07155898213386536,
        -0.034351613372564316,
        -0.0005017895018681884,
        -0.10980544984340668,
        -0.020167067646980286,
        -0.08247541636228561,
        0.016680337488651276,
        0.05626308545470238,
        0.0008185282349586487,
        0.06621963530778885,
        0.03220483660697937,
        0.03980681300163269,
        -0.010755111463367939,
        0.034345705062150955,
        -0.03399880230426788,
        -0.0163304191082716,
        0.04952039197087288,
        0.020166873931884766,
        0.017498545348644257,
        0.04889693856239319,
        -0.049803726375103,
        0.005425171926617622,
        0.022946316748857498,
        -0.017345087602734566,
        -0.04324234649538994,
        0.13537085056304932,
        -0.0040982188656926155,
        0.011159568093717098,
        -0.023750463500618935,
        -0.0007315130205824971,
        0.021753530949354172,
        -0.0066807931289076805,
        0.03698345273733139,
        0.03150185942649841,
        -0.10582456737756729,
        0.05399321764707565,
        0.11752896010875702,
        -0.005895627196878195,
        -0.060329683125019073,
        0.009549898095428944,
        -0.031752172857522964,
        0.032190654426813126,
        0.00932659488171339,
        -0.021022485569119453,
        -0.05754337087273598,
        0.0844283178448677,
        0.021437568590044975,
        -0.07655662298202515,
        -0.012601485475897789,
        -0.061231911182403564,
        0.032815419137477875,
        0.06506480276584625,
        -0.001055814791470766,
        0.0676056295633316,
        -0.041695158928632736,
        0.0009835321689024568,
        -0.0031464353669434786,
        -0.047281600534915924,
        -0.007888673804700375,
        -0.011078528128564358,
        -0.05232103541493416,
        -0.003784860484302044,
        -0.03401390090584755,
        0.02146812528371811,
        -0.042501725256443024,
        0.025531340390443802,
        0.014612325467169285,
        0.018241364508867264,
        0.020298298448324203,
        -0.015747545287013054,
        0.04514065012335777,
        0.010042823851108551,
        -0.05927190184593201,
        0.0131349116563797,
        0.013523747213184834,
        -0.03292752802371979,
        -0.026533443480730057,
        0.013303785584867,
        0.05062196031212807,
        -0.0010273027000948787,
        0.07482282817363739,
        0.032348357141017914,
        0.041152212768793106,
        -0.11184829473495483,
        -0.06170816347002983,
        -0.24819208681583405,
        0.02107488363981247,
        -0.05595511570572853,
        -0.027825716882944107,
        0.085630401968956,
        -0.03658313304185867,
        0.011082302778959274,
        -0.015437154099345207,
        0.031998783349990845,
        0.03408626839518547,
        0.04151308909058571,
        -0.061380766332149506,
        -0.01564023084938526,
        0.01975294202566147,
        -0.024306263774633408,
        0.03629846125841141,
        -0.018770644441246986,
