{
    "index": 228,
    "page": 37,
    "text": "XLI. Oh, wretched I, to whom this mischance is happened! nay, happy I, to whom \nthis thing being happened, I can continue without grief; neither wounded by that \nwhich is present, nor in fear of that which is to come. For as for this, it might have \nhappened unto any man, but any man having such a thing befallen him, could not \nhave continued without grief. Why then should that rather be an unhappiness, than \nthis a happiness? But however, canst thou, O man! term that unhappiness, which is \nno mischance to the nature of man I Canst thou think that a mischance to the na-\nture of man, which is not contrary to the end and will of his nature? What then hast \nthou learned is the will of man’s nature? Doth that then which hath happened unto",
    "embedding_of_chunk": [
        -0.04246256873011589,
        0.005556541495025158,
        0.02816559188067913,
        0.012836490757763386,
        -0.020761849358677864,
        0.0008045154390856624,
        0.11634382605552673,
        0.0343441441655159,
        0.015691980719566345,
        -0.01617976278066635,
        0.027904123067855835,
        -0.07019835710525513,
        0.05055749788880348,
        0.02712373062968254,
        -0.012259631417691708,
        0.020700616762042046,
        0.0018284776015207171,
        0.05963074788451195,
        -0.09895763546228409,
        0.05198419839143753,
        0.0736904889345169,
        0.002456811722368002,
        -0.01843269169330597,
        -0.08396933972835541,
        -0.01053665205836296,
        0.021664069965481758,
        -0.04353998601436615,
        -0.012878749519586563,
        -0.03143046051263809,
        -0.17017754912376404,
        -0.025576645508408546,
        -0.05191480368375778,
        0.025260329246520996,
        -0.04664367064833641,
        -0.010846366174519062,
        0.0026161258574575186,
        -0.029400955885648727,
        0.014143982902169228,
        -0.02141369879245758,
        0.04930209740996361,
        0.030611908063292503,
        0.02521328255534172,
        0.010105891153216362,
        -0.06406743079423904,
        -0.02287510596215725,
        -0.06092353165149689,
        0.022221500054001808,
        -0.0187348835170269,
        0.018530240282416344,
        -0.037057965993881226,
        -0.04871007800102234,
        0.024615198373794556,
        0.0178960170596838,
        0.037146490067243576,
        0.021586744114756584,
        0.038799889385700226,
        0.05392675846815109,
        0.03360572084784508,
        0.009764191694557667,
        0.02164645493030548,
        0.07822492718696594,
        0.026242077350616455,
        -0.23284012079238892,
        0.05706648901104927,
        0.07566801458597183,
        0.00951215997338295,
        -0.046660006046295166,
        -0.03549538180232048,
        0.0283989105373621,
        0.06458132714033127,
        -0.021646389737725258,
        0.03756251558661461,
        0.07261941581964493,
        0.06760869175195694,
        0.024930724874138832,
        -0.004021930508315563,
        -0.004704982507973909,
        -0.04637698084115982,
        -0.041957415640354156,
        0.05834907665848732,
        -0.013310367241501808,
        0.058312222361564636,
        -0.029690587893128395,
        0.00983672309666872,
        -0.05324772000312805,
        -0.06467844545841217,
        0.01479549054056406,
        -0.07838498055934906,
        0.05405444651842117,
        0.00889184046536684,
        -0.011145840398967266,
        0.006354193668812513,
        -0.001706578303128481,
        0.02968539670109749,
        -0.04847370460629463,
        -0.033870063722133636,
        0.03533993661403656,
        0.012530608102679253,
        -0.04114179313182831,
        0.20074449479579926,
        -0.047124702483415604,
        0.005412279162555933,
        0.0212593711912632,
        -0.027688100934028625,
        0.03636710345745087,
        -0.022985097020864487,
        -0.03615468367934227,
        -0.05283331125974655,
        -0.031080156564712524,
        -0.010760254226624966,
        0.015669340267777443,
        -0.0158504880964756,
        0.057147327810525894,
        -0.06437520682811737,
        0.036676254123449326,
        0.012754126451909542,
        0.0387970507144928,
        -0.01438865251839161,
        -0.018673129379749298,
        0.008003540337085724,
        -0.023324867710471153,
        0.007201765198260546,
        0.05430161952972412,
        -0.006222302094101906,
        0.0035590864717960358,
        -0.09107989072799683,
        0.05047990009188652,
        0.10460063815116882,
        0.02662629261612892,
        -0.03931942954659462,
        0.011915432289242744,
        -0.057525523006916046,
        -0.05396623536944389,
        -0.01339145377278328,
        0.019122136756777763,
        0.012161153368651867,
        0.017202051356434822,
        -0.033740658313035965,
        0.011148215271532536,
        -0.04609646275639534,
        0.00659016752615571,
        -0.17822694778442383,
        -0.048834145069122314,
        -0.09595546871423721,
        -0.022215768694877625,
        0.058564767241477966,
        0.03381722792983055,
        0.007655707653611898,
        -0.05216505378484726,
        0.03529895842075348,
        -0.03887525573372841,
        -0.007555672433227301,
        -0.08991691470146179,
        -0.014248042367398739,
        0.016860444098711014,
        0.00431261258199811,
        0.04141566529870033,
        0.05836670845746994,
        -0.0338718555867672,
        0.015043890103697777,
        0.034774623811244965,
        -0.03516000509262085,
        -0.05231617018580437,
        0.07593831419944763,
        0.012820866890251637,
        -0.017976397648453712,
        -0.002775259781628847,
        0.007125922478735447,
        0.04163176938891411,
        -0.01358761079609394,
        0.060558512806892395,
        0.001559560769237578,
        -0.04836728796362877,
        0.029539326205849648,
        0.07128637284040451,
        0.06390313804149628,
        -0.031277675181627274,
        0.009280914440751076,
        0.026783637702465057,
        0.01707790233194828,
        0.052729230374097824,
        -0.05961624160408974,
        -0.04904378950595856,
        0.014209769666194916,
        0.017187906429171562,
        0.008281067945063114,
        -0.0016793353715911508,
        -0.0073040262795984745,
        0.033856101334095,
        0.06533214449882507,
        -0.0020842254161834717,
        -0.00023832335136830807,
        -0.05579834058880806,
        -0.008398475125432014,
        -0.028244774788618088,
        0.028908532112836838,
        -0.05216981843113899,
        -0.014846387319266796,
        -0.02423868700861931,
        -0.013163667172193527,
        0.01286554615944624,
        -0.006780026946216822,
        -0.04207070544362068,
        0.0259780902415514,
        0.021930694580078125,
        0.024404756724834442,
        0.01947617344558239,
        -0.030503254383802414,
        0.037252068519592285,
        0.0174704622477293,
        -0.045338328927755356,
        0.018969576805830002,
        0.04506942257285118,
        0.0107270497828722,
        -0.02360871434211731,
        0.03119771182537079,
        0.030444087460637093,
        0.035131312906742096,
        0.028673000633716583,
        0.04689943790435791,
        -0.01638443022966385,
        -0.09535710513591766,
        -0.06893647462129593,
        -0.21987979114055634,
        -0.006685247179120779,
        0.004924725741147995,
        -0.08341652899980545,
        0.021205926313996315,
        -0.03781190887093544,
        0.015716446563601494,
        0.010183741338551044,
        0.0321192629635334,
        0.04122381657361984,
        0.055348046123981476,
        -0.03830815479159355,
        -0.0386478528380394,
        0.027393249794840813,
        0.019934626296162605,
        0.04972299933433533,
