{
    "index": 619,
    "page": 97,
    "text": "V. Tragedies were at first brought in and instituted, to put men in mind of worldly \nchances and casualties: that these things in the ordinary course of nature did so \nhappen: that men that were much pleased and delighted by such accidents upon \nthis stage, would not by the same things in a greater stage be grieved and afflicted: \nfor here you see what is the end of all such things; and that even they that cry out so \nmournfully to Cithaeron,\n\n42 must bear them for all their cries and exclamations, as",
    "embedding_of_chunk": [
        -0.03182072192430496,
        0.022865789011120796,
        0.034220464527606964,
        -0.018618445843458176,
        -0.0015512732788920403,
        0.003591859946027398,
        0.06348332017660141,
        0.03130301460623741,
        -0.006121027749031782,
        -0.04220278561115265,
        -0.002371119800955057,
        -0.0728953555226326,
        0.04962876811623573,
        0.08000219613313675,
        -0.012515680864453316,
        0.03170015290379524,
        -0.023234814405441284,
        0.0223064087331295,
        -0.07440599799156189,
        0.04809765890240669,
        0.046673376113176346,
        0.009348207153379917,
        -0.005723628681153059,
        -0.04037373885512352,
        0.011768910102546215,
        0.055293455719947815,
        -0.043046530336141586,
        0.00286010280251503,
        0.0047683329321444035,
        -0.13957564532756805,
        -0.013043982908129692,
        -0.050787948071956635,
        0.06130756065249443,
        -0.0322798453271389,
        -0.02635917440056801,
        -0.0369269996881485,
        0.015626927837729454,
        0.047127775847911835,
        -0.031440723687410355,
        0.07849143445491791,
        0.04199530556797981,
        0.0036654220893979073,
        -0.01872602291405201,
        -0.05171430855989456,
        -0.04405129700899124,
        -0.07553837448358536,
        -0.029180951416492462,
        -0.010280445218086243,
        0.03792266547679901,
        -0.03770088404417038,
        -0.012275513261556625,
        -0.04205805063247681,
        0.007054860237985849,
        0.03353075683116913,
        0.02279575727880001,
        -0.029622739180922508,
        0.06808510422706604,
        0.05235593020915985,
        0.029289621859788895,
        0.026060111820697784,
        0.06489194929599762,
        0.009713849052786827,
        -0.22978059947490692,
        0.06946568936109543,
        0.01512982789427042,
        0.02156691811978817,
        -0.04671405255794525,
        0.0026107619050890207,
        0.041568245738744736,
        0.08309029787778854,
        -0.06819690763950348,
        0.015109829604625702,
        0.08917224407196045,
        0.04365101084113121,
        0.010082597844302654,
        -0.0019066410604864359,
        0.0016866736114025116,
        -0.07519368827342987,
        -0.05046101659536362,
        0.03375574201345444,
        0.040826406329870224,
        -0.004791237413883209,
        -0.013682043179869652,
        -0.002621034625917673,
        -0.04464257135987282,
        -0.06781775504350662,
        0.035772424191236496,
        -0.06468318402767181,
        0.045364364981651306,
        0.02650366723537445,
        -0.022567467764019966,
        -0.007458863779902458,
        -0.012897597625851631,
        0.06179794669151306,
        -0.04964618384838104,
        -0.01749749295413494,
        0.0430082343518734,
        -0.01372081320732832,
        0.02319686859846115,
        0.21422173082828522,
        -0.023190435022115707,
        0.01906125620007515,
        0.023896945640444756,
        -0.02237299457192421,
        0.05842188373208046,
        0.005795654375106096,
        -0.04752686992287636,
        -0.1045994907617569,
        -0.03632919862866402,
        -0.0006495803827419877,
        0.019497333094477654,
        -0.05470307916402817,
        0.04935785382986069,
        -0.02400154434144497,
        -0.010132781229913235,
        0.011585629545152187,
        0.04063674435019493,
        0.011745037510991096,
        -0.026033852249383926,
        -0.023561200127005577,
        -0.00028272668714635074,
        0.020058276131749153,
        0.03622652217745781,
        -0.07440828531980515,
        0.025129059329628944,
        -0.07996364682912827,
        0.06541009992361069,
        0.1072603240609169,
        0.041056301444768906,
        -0.045243509113788605,
        0.04393867403268814,
        -0.026097487658262253,
        -0.04431699216365814,
        -0.005848971661180258,
        0.019411476328969002,
        0.0013779151486232877,
        0.03654102608561516,
        -0.011884764768183231,
        -0.0062313806265592575,
        -0.05879960209131241,
        0.004934822209179401,
        -0.16899460554122925,
        -0.07769391685724258,
        -0.08341193199157715,
        -0.01019085943698883,
        0.08042159676551819,
        0.006717250682413578,
        0.012955392710864544,
        -0.07364943623542786,
        0.02988836169242859,
        0.004724846221506596,
        -0.02228073589503765,
        -0.04932018369436264,
        -0.034179165959358215,
        0.0060086059384047985,
        0.041449666023254395,
        0.009186958894133568,
        0.07745824009180069,
        -0.044535912573337555,
        0.03916793316602707,
        0.018091712146997452,
        -0.04567572847008705,
        -0.04313299059867859,
        0.08769100904464722,
        0.02838834933936596,
        -0.030415376648306847,
        0.0012718604411929846,
        0.004158428404480219,
        0.06207222491502762,
        -0.0028925577644258738,
        0.027108263224363327,
        -0.008817102760076523,
        -0.03303876519203186,
        0.008988875895738602,
        0.0718507319688797,
        0.07311952114105225,
        -0.02552332542836666,
        -0.02779952436685562,
        -0.01445924025028944,
        0.00850808434188366,
        0.022385124117136,
        -0.059901170432567596,
        -0.025122936815023422,
        0.04536835849285126,
        0.03783858194947243,
        0.0010043730726465583,
        0.012691040523350239,
        -0.02726428024470806,
        0.04187583178281784,
        0.0567089319229126,
        0.015916217118501663,
        0.021716278046369553,
        -0.014039240777492523,
        -0.031292032450437546,
        -0.006123205181211233,
        0.007450686302036047,
        -0.053348906338214874,
        -0.016245881095528603,
        0.009933972731232643,
        0.006828272715210915,
        -0.027756860479712486,
        -0.04957636073231697,
        -0.04265051335096359,
        0.04976339265704155,
        0.009998073801398277,
        -0.001015981542877853,
        0.04604552686214447,
        -0.04560679569840431,
        0.041041404008865356,
        -0.0005712162819691002,
        -0.061301689594984055,
        0.01278497651219368,
        0.05620820075273514,
        -0.004588165786117315,
        -0.05309227854013443,
        0.027657072991132736,
        -0.006088298745453358,
        0.034083373844623566,
        0.013810176402330399,
        0.041640885174274445,
        0.05583382770419121,
        -0.07926434278488159,
        -0.01531931385397911,
        -0.2613483667373657,
        -0.028644388541579247,
        0.011223537847399712,
        -0.07179558277130127,
        0.06885457783937454,
        -0.02929127961397171,
        0.007072007283568382,
        -0.016561230644583702,
        0.020165029913187027,
        0.04965224117040634,
        0.11114460229873657,
        -0.046332329511642456,
        -0.023229826241731644,
        0.027645288035273552,
        0.03461640328168869,
        0.02105923742055893,
        -0.022288069128990173,
        -0.011762653477489948,
        -0.022070417180657387,
        0.003337355563417077,
        -0.03463372960686684,
        0.06427329778671265,
        -0.040222954005002975,
