{
    "index": 687,
    "page": 107,
    "text": "XIX. Cast away from thee opinion, and thou art safe. And what is it that hinders thee \nfrom casting of it away? When thou art grieved at anything, hast thou forgotten that \nall things happen according to the nature of the universe; and that him only it con-\ncerns, who is in fault; and moreover, that what is now done, is that which from ever \nhath been done in the world, and will ever be done, and is now done everywhere: how \nnearly all men are allied one to another by a kindred not of blood, nor of seed, but of \nthe same mind. Thou hast also forgotten that every man’s mind partakes of the Dei-\nty, and issueth from thence; and that no man can properly call anything his own, no \nnot his son, nor his body, nor his life; for that they all proceed from that One who is",
    "embedding_of_chunk": [
        -0.014464715495705605,
        0.014231757260859013,
        0.010833241045475006,
        -0.019616207107901573,
        -0.0049430737271904945,
        0.01415002066642046,
        0.0885087102651596,
        0.06118284538388252,
        0.01577507145702839,
        -0.026241308078169823,
        -0.009189662523567677,
        -0.06072564423084259,
        0.043549325317144394,
        0.02717886120080948,
        0.009912521578371525,
        -0.01884194277226925,
        -0.03134800121188164,
        0.05765379220247269,
        -0.06515799462795258,
        0.0212803166359663,
        0.05060494318604469,
        -0.042044173926115036,
        -0.04266176000237465,
        -0.07770094275474548,
        0.009687740355730057,
        0.02991330623626709,
        -0.016123417764902115,
        -0.04818650335073471,
        -0.014397532679140568,
        -0.19501689076423645,
        0.011522330343723297,
        -0.051265131682157516,
        0.040308691561222076,
        -0.019692663103342056,
        -0.004858660977333784,
        -0.005226460751146078,
        -0.03301680088043213,
        0.03362078219652176,
        -0.04892846941947937,
        0.05403216928243637,
        0.05137349292635918,
        0.06366144865751266,
        -0.02457597106695175,
        -0.03951561450958252,
        -0.015690747648477554,
        -0.04104775935411453,
        -0.03118237294256687,
        -0.02541777677834034,
        0.04582531005144119,
        -0.017751673236489296,
        -0.010799279436469078,
        -0.0018880983116105199,
        0.04067438468337059,
        0.04120847210288048,
        0.018222592771053314,
        0.04922160133719444,
        0.05524470657110214,
        -0.0016455750446766615,
        0.01077900268137455,
        0.010336321778595448,
        0.015154054388403893,
        0.035100337117910385,
        -0.2312917411327362,
        0.07895594090223312,
        0.06898149102926254,
        0.014663253910839558,
        -0.037561312317848206,
        -0.06788381934165955,
        0.030590446665883064,
        0.05971074849367142,
        -0.03904560208320618,
        0.03511036932468414,
        0.04310082644224167,
        0.09216751903295517,
        0.03036920167505741,
        -0.018938612192869186,
        0.004871896002441645,
        -0.06425759196281433,
        -0.03998783230781555,
        0.010045223869383335,
        -0.011698003858327866,
        0.03532757610082626,
        -0.029129894450306892,
        -0.015991533175110817,
        -0.031776733696460724,
        -0.04550692439079285,
        0.033078428357839584,
        -0.06837372481822968,
        0.051147282123565674,
        0.005009056534618139,
        -0.01178643386811018,
        -0.012695346027612686,
        0.002163190394639969,
        0.03923921659588814,
        -0.039183732122182846,
        -0.026835670694708824,
        0.05326811969280243,
        0.028821539133787155,
        -0.057985275983810425,
        0.22486697137355804,
        -0.02353852055966854,
        0.05040780454874039,
        0.007403488736599684,
        -0.019172752276062965,
        0.055185265839099884,
        -0.01858394779264927,
        -0.03223169222474098,
        -0.04308883100748062,
        -0.017587220296263695,
        0.0009522313484922051,
        0.02023393288254738,
        -0.04570259526371956,
        0.020781265571713448,
        -0.04635945335030556,
        0.06390871852636337,
        0.014174112118780613,
        0.04017578065395355,
        -0.006485180463641882,
        -0.022805549204349518,
        -0.006357924081385136,
        -0.00998027715831995,
        0.07749980688095093,
        0.0442047119140625,
        0.003585081547498703,
        0.01843729056417942,
        -0.07146032154560089,
        0.051315777003765106,
        0.10679017752408981,
        -0.016997193917632103,
        -0.0186693724244833,
        0.015424068085849285,
        -0.06192481145262718,
        -0.03207215294241905,
        -0.02994128130376339,
        0.02107970230281353,
        0.05444224923849106,
        0.02633553370833397,
        -0.03236868977546692,
        0.03641407564282417,
        -0.05255821347236633,
        -0.012448458932340145,
        -0.15700508654117584,
        -0.035245537757873535,
        -0.06703386455774307,
        -0.005886901170015335,
        0.07313752174377441,
        0.01882055029273033,
        0.008946006186306477,
        0.0033752932213246822,
        0.04276276007294655,
        -0.02530873566865921,
        0.03905382752418518,
        -0.0640152096748352,
        -0.0184888057410717,
        0.044385720044374466,
        0.04089311137795448,
        0.011212666518986225,
        0.06383019685745239,
        -0.061017103493213654,
        0.06063689664006233,
        0.0074915518052875996,
        -0.024145182222127914,
        -0.04782126843929291,
        0.13213631510734558,
        0.030731627717614174,
        0.016188887879252434,
        -0.049834415316581726,
        0.03306286409497261,
        0.015414746478199959,
        -0.008196654729545116,
        0.030264973640441895,
        -0.02764246240258217,
        -0.06594105809926987,
        0.0029867079574614763,
        0.06369522958993912,
        0.03181857243180275,
        -0.032828912138938904,
        -0.0319208949804306,
        0.006856808438897133,
        0.016569864004850388,
        0.05686424300074577,
        -0.07014240324497223,
        -0.04635586962103844,
        0.049359146505594254,
        0.00484360521659255,
        -0.028878411278128624,
        -0.017135415226221085,
        -0.003925487864762545,
        0.03374725580215454,
        0.08032664656639099,
        -0.004277687985450029,
        0.0548333078622818,
        -0.04438961669802666,
        0.0005141998990438879,
        -0.041365090757608414,
        -0.012244532816112041,
        -0.04125858470797539,
        0.007348950952291489,
        -0.029826413840055466,
        -0.02518216148018837,
        -0.02443636953830719,
        -0.00624816445633769,
        -0.033243317157030106,
        0.029370231553912163,
        -0.012902784161269665,
        -0.0326094850897789,
        -0.008130100555717945,
        -0.011526734568178654,
        0.008441518060863018,
        0.03454364836215973,
        -0.024012284353375435,
        0.01314363069832325,
        0.0514117032289505,
        -0.002202453790232539,
        -0.026201529428362846,
        0.0501108281314373,
        0.015133531764149666,
        0.012020429596304893,
        0.032419636845588684,
        0.026916740462183952,
        0.03889293968677521,
        -0.11871065944433212,
        -0.07447317987680435,
        -0.2420286238193512,
        -0.02161780372262001,
        -0.027060221880674362,
        -0.0627751350402832,
        0.04202673211693764,
        -0.058502428233623505,
        -0.005630121566355228,
        -0.030870718881487846,
        0.0440971739590168,
        0.06620427221059799,
        0.05438091605901718,
        -0.03628571704030037,
        -0.017078714445233345,
        0.017241690307855606,
        -0.03412754461169243,
