{
    "index": 41,
    "page": 8,
    "text": "fer joyously.” The Christian should sorrow more for other men’s malice than for our \nown wrongs; but the Roman is inclined to wash his hands of the offender. “Study to \nbe patient in suffering and bearing other men’s defaults and all manner infirmities,” \nsays the Christian; but the Roman would never have thought to add, “If all men were \nperfect, what had we then to suffer of other men for God?” The virtue of suffering in \nitself is an idea which does not meet us in the Meditations. Both alike realise that \nman is one of a great community. “No man is sufficient to himself,” says the Chris-\ntian; “we must bear together, help together, comfort together.” But while he sees a \nchief importance in zeal, in exalted emotion that is, and avoidance of lukewarmness,",
    "embedding_of_chunk": [
        -0.019775057211518288,
        0.05882836505770683,
        0.013038885779678822,
        0.004834811203181744,
        -0.026585634797811508,
        0.013930123299360275,
        0.06272146105766296,
        0.04697302728891373,
        0.015413938090205193,
        -0.060066234320402145,
        0.010332383215427399,
        -0.06565197557210922,
        0.0460212379693985,
        0.03443344309926033,
        0.0251304991543293,
        -0.011749478988349438,
        -0.029975714161992073,
        0.07595887035131454,
        -0.06412119418382645,
        0.02588939107954502,
        0.004828996490687132,
        -0.07400669902563095,
        -0.012638227082788944,
        -0.10167758166790009,
        -0.006439359858632088,
        0.002770153572782874,
        -0.01764441840350628,
        -0.05494259297847748,
        -0.006383683066815138,
        -0.18008124828338623,
        -0.02047324925661087,
        -0.03645344451069832,
        0.04827292636036873,
        -0.026068327948451042,
        -0.0035412502475082874,
        -0.02030891552567482,
        -0.032801683992147446,
        0.02596583589911461,
        -0.043271902948617935,
        0.0735999047756195,
        0.03425285220146179,
        0.023515205830335617,
        -0.008969605900347233,
        -0.017359724268317223,
        -0.027937307953834534,
        -0.001261922181583941,
        -0.007998134009540081,
        0.005076213274151087,
        0.040213219821453094,
        -0.031798843294382095,
        -0.01052581425756216,
        -0.0008592117810621858,
        0.020997604355216026,
        0.028902113437652588,
        -0.021420912817120552,
        0.044151000678539276,
        0.0628572404384613,
        0.025011125952005386,
        0.026974964886903763,
        0.02677205204963684,
        0.01637108623981476,
        0.03223653882741928,
        -0.23355360329151154,
        0.06468044966459274,
        0.03069247119128704,
        -0.017169076949357986,
        -0.0578526072204113,
        0.00242864852771163,
        0.027392400428652763,
        0.059956666082143784,
        -0.03971952944993973,
        0.02391165867447853,
        0.060628533363342285,
        0.03928092494606972,
        0.024941593408584595,
        -0.05837384983897209,
        0.015723155811429024,
        -0.03106246516108513,
        -0.016208263114094734,
        0.016097016632556915,
        0.0026976517401635647,
        0.045963652431964874,
        -0.02186485007405281,
        -0.026430143043398857,
        -0.03176310658454895,
        -0.03457314521074295,
        0.022457759827375412,
        -0.05546902120113373,
        0.04466315731406212,
        -0.0012159849284216762,
        0.0061791748739778996,
        -0.019406478852033615,
        -0.009791790507733822,
        0.016502071171998978,
        -0.029508329927921295,
        -0.022865036502480507,
        0.017657307907938957,
        0.05344383046030998,
        -0.09288693219423294,
        0.23736126720905304,
        -0.020078353583812714,
        0.013921886682510376,
        0.03651417791843414,
        -0.03456906974315643,
        0.06806404888629913,
        -0.007443918846547604,
        -0.01564926654100418,
        -0.06634943187236786,
        -0.022919410839676857,
        0.009784653782844543,
        -0.0013611619360744953,
        -0.07103116065263748,
        0.020587997511029243,
        -0.08425990492105484,
        0.02978806011378765,
        0.007982482202351093,
        0.07893716543912888,
        0.0011698935413733125,
        -0.02953939512372017,
        -0.015076502226293087,
        0.012968230061233044,
        -0.0022627324797213078,
        0.040433771908283234,
        -0.02583807334303856,
        0.02631225623190403,
        -0.08695854991674423,
        0.00014994565572123975,
        0.06600696593523026,
        0.020928211510181427,
        -0.027640875428915024,
        0.06417065858840942,
        -0.04977504909038544,
        -0.01135636493563652,
        0.023749560117721558,
        -0.003750651376321912,
        0.015611364506185055,
        0.00022070510021876544,
        -0.02253139391541481,
        0.037105392664670944,
        -0.03392050415277481,
        -0.0031565208919346333,
        -0.13660843670368195,
        -0.06644866615533829,
        -0.10173996537923813,
        -0.055772241204977036,
        0.06252379715442657,
        -0.02584010735154152,
        -0.01769716665148735,
        -0.07582899928092957,
        0.0451226644217968,
        0.005659618880599737,
        0.007081178016960621,
        -0.0618622861802578,
        0.00296136480756104,
        -0.013777502812445164,
        -0.004975872579962015,
        0.047935184091329575,
        0.051184214651584625,
        -0.07985662668943405,
        0.01718944124877453,
        0.027605002745985985,
        -0.011483000591397285,
        -0.05968506634235382,
        0.13196004927158356,
        0.05718031898140907,
        0.008418884128332138,
        -0.017747141420841217,
        0.023726392537355423,
        -0.0013475276064127684,
        0.0032592753414064646,
        0.05565609037876129,
        -0.024562597274780273,
        -0.054520782083272934,
        0.04544663429260254,
        0.06713474541902542,
        0.04580991342663765,
        -0.02760089561343193,
        -0.011875580996274948,
        0.013552469201385975,
        0.024695470929145813,
        0.047744449228048325,
        -0.019303126260638237,
        -0.033488668501377106,
        0.03498975187540054,
        0.00892447680234909,
        -0.0139584019780159,
        -0.033814892172813416,
        -0.031532399356365204,
        0.01938745379447937,
        0.010099372826516628,
        -0.004274748731404543,
        0.03797050565481186,
        -0.025030912831425667,
        -0.004991681315004826,
        -0.06681399792432785,
        -0.019501307979226112,
        -0.0003733483317773789,
        -0.020075485110282898,
        -0.04546369984745979,
        0.014349897392094135,
        -0.02445743791759014,
        -0.0646035373210907,
        -0.010007905773818493,
        0.003596438094973564,
        0.052940234541893005,
        0.008960076607763767,
        0.012129465118050575,
        0.02061360701918602,
        0.029673675075173378,
        0.022631622850894928,
        -0.0404389388859272,
        0.07342469692230225,
        0.03612784296274185,
        -0.028796840459108353,
        0.01510423794388771,
        0.02713555470108986,
        0.04949711263179779,
        0.02030918002128601,
        0.023197701200842857,
        0.04820793867111206,
        0.060580216348171234,
        -0.03474503755569458,
        -0.05244913697242737,
        -0.236491858959198,
        -0.015822647139430046,
        -0.027892351150512695,
        -0.0385538674890995,
        0.09383128583431244,
        -0.02420438826084137,
        0.03458588570356369,
        -0.0070158950984478,
        0.06903780996799469,
        0.04435268044471741,
        0.08516210317611694,
        -0.019857028499245644,
        -0.04929087683558464,
        0.04719749093055725,
        0.008267398923635483,
