{
    "index": 229,
    "page": 37,
    "text": "no mischance to the nature of man I Canst thou think that a mischance to the na-\nture of man, which is not contrary to the end and will of his nature? What then hast \nthou learned is the will of man’s nature? Doth that then which hath happened unto \nthee, hinder thee from being just? or magnanimous? or temperate? or wise? or cir-\ncumspect? or true? or modest? or free? or from anything else of all those things in \nthe present enjoying and possession whereof the nature of man, (as then enjoying all \nthat is proper unto her), is fully satisfied? Now to conclude; upon all occasion of sor-\nrow remember henceforth to make use of this dogma, that whatsoever it is that hath \nhappened unto thee, is in very deed no such thing of itself, as a misfortune; but that",
    "embedding_of_chunk": [
        -0.023700924590229988,
        0.007371238898485899,
        0.049508750438690186,
        -0.018446311354637146,
        -0.027596350759267807,
        0.004493051208555698,
        0.08923386037349701,
        0.005474416073411703,
        -0.0066353389993309975,
        0.008719436824321747,
        0.011988820508122444,
        -0.08944729715585709,
        0.04057259485125542,
        0.032682303339242935,
        0.01963573321700096,
        -0.014274081215262413,
        0.004700052086263895,
        0.06388916820287704,
        -0.08600708842277527,
        0.09223061054944992,
        0.05673755705356598,
        0.021927597001194954,
        -0.02433788776397705,
        -0.05009227246046066,
        -0.028364678844809532,
        0.01801786758005619,
        -0.031222479417920113,
        -0.04724343493580818,
        -0.005861107259988785,
        -0.1565880924463272,
        -0.006899428553879261,
        -0.021526236087083817,
        0.010432650335133076,
        -0.012034897692501545,
        -0.0006337047088891268,
        -0.022902341559529305,
        -0.022373780608177185,
        0.01188083365559578,
        -0.004744341596961021,
        0.049375344067811966,
        0.04364131763577461,
        0.015651484951376915,
        -0.0023734690621495247,
        -0.017972227185964584,
        -0.021860776469111443,
        -0.017241839319467545,
        0.0007882915670052171,
        -0.009362506680190563,
        0.011898710392415524,
        -0.018017133697867393,
        -0.046845339238643646,
        0.0090467669069767,
        -0.008278177119791508,
        0.010883396491408348,
        0.022362416610121727,
        0.04624189808964729,
        0.04692796617746353,
        0.019280528649687767,
        0.0048517161048948765,
        0.0022334526292979717,
        0.045410048216581345,
        0.06309997290372849,
        -0.25567010045051575,
        0.06405903398990631,
        0.0766591802239418,
        0.011736472137272358,
        -0.051277145743370056,
        -0.03529442101716995,
        0.03366966173052788,
        0.018872620537877083,
        -0.0019293084042146802,
        0.04978804662823677,
        0.046877603977918625,
        0.05282984673976898,
        0.046689603477716446,
        -0.019025782123208046,
        -0.02099907211959362,
        -0.03505536913871765,
        -0.021961484104394913,
        0.015212850645184517,
        -0.017768915742635727,
        0.0492824986577034,
        0.006946372799575329,
        0.022777369245886803,
        -0.054694849997758865,
        -0.08121030777692795,
        -0.006077713333070278,
        -0.07132069766521454,
        0.05197044461965561,
        0.008077998645603657,
        -0.003219704143702984,
        -0.02937540039420128,
        -0.032247819006443024,
        0.05038795247673988,
        -0.023146940395236015,
        0.00821987260133028,
        0.04422302171587944,
        0.02076193131506443,
        -0.023930544033646584,
        0.17966440320014954,
        -0.03520588204264641,
        0.0531352162361145,
        0.005127943120896816,
        -0.028822842985391617,
        0.03968428447842598,
        -0.03630012273788452,
        -0.03365982696413994,
        -0.017117341980338097,
        -0.019752949476242065,
        0.005532226525247097,
        0.012820271775126457,
        -0.03369911015033722,
        0.06058693304657936,
        -0.06334499269723892,
        0.03261195123195648,
        -0.008387030102312565,
        0.06171155720949173,
        0.020369263365864754,
        0.012166558764874935,
        0.010391644202172756,
        -0.01951221190392971,
        0.015445263125002384,
        0.04600170627236366,
        -0.016221515834331512,
        0.01317923329770565,
        -0.09179051220417023,
        0.04932748153805733,
        0.0927237719297409,
        0.01354366634041071,
        -0.03507695719599724,
        -0.008286030031740665,
        -0.05840808153152466,
        -0.04274039715528488,
        -0.015107993967831135,
        0.030152704566717148,
        0.02229316532611847,
        0.02620309218764305,
        -0.03351392224431038,
        0.026051800698041916,
        -0.03910858929157257,
        -0.01759239472448826,
        -0.17625997960567474,
        -0.04813123494386673,
        -0.08969683200120926,
        -0.024289803579449654,
        0.052836962044239044,
        0.0589924193918705,
        0.011667267419397831,
        -0.04198593273758888,
        0.04485342651605606,
        -0.04772393777966499,
        0.01724027656018734,
        -0.027853360399603844,
        -0.011556272394955158,
        0.008539252914488316,
        0.014891326427459717,
        0.031178263947367668,
        0.06567307561635971,
        -0.04309801757335663,
        0.021188484504818916,
        -0.0018177061574533582,
        -0.014310992322862148,
        -0.047310084104537964,
        0.11998993158340454,
        0.015398633666336536,
        -0.010469026863574982,
        -0.001994839869439602,
        -0.010663419030606747,
        0.02979687973856926,
        -0.014176980592310429,
        0.05257006362080574,
        -0.0111412163823843,
        -0.0758630707859993,
        0.028769269585609436,
        0.08521486818790436,
        0.05390993505716324,
        -0.049226611852645874,
        -0.002106293337419629,
        0.001777664409019053,
        0.016886597499251366,
        0.05965549498796463,
        -0.0637248083949089,
        -0.05907713621854782,
        0.03975431248545647,
        0.02137478068470955,
        0.00026498071383684874,
        -0.018783748149871826,
        -0.02261970564723015,
        0.031210413202643394,
        0.07069728523492813,
        0.034813042730093,
        0.011760883033275604,
        -0.04191920533776283,
        -0.017909947782754898,
        -0.03639541566371918,
        0.018526438623666763,
        -0.05381084233522415,
        -0.012503931298851967,
        -0.0024093228857964277,
        -0.006997358053922653,
        -0.022906476631760597,
        -0.004166862927377224,
        -0.04032958671450615,
        0.013207909651100636,
        0.05549595504999161,
        0.04895585775375366,
        0.005397875793278217,
        -0.04752524197101593,
        0.030823159962892532,
        0.038860369473695755,
        -0.026812592521309853,
        0.02417570911347866,
        0.027732228860259056,
        0.0033400205429643393,
        -0.04460415616631508,
        0.04844050481915474,
        0.04191067814826965,
        0.028601180762052536,
        0.0454859659075737,
        0.03821452334523201,
        0.01091097854077816,
        -0.1019502580165863,
        -0.06911230087280273,
        -0.24211615324020386,
        0.006308683659881353,
        -0.0009691056911833584,
        -0.08238723129034042,
        0.06200173869729042,
        -0.05040212348103523,
        0.015277068130671978,
        -0.015676632523536682,
        0.027374012395739555,
        0.0030141565948724747,
        0.04953547194600105,
        -0.025558723136782646,
        -0.02747245877981186,
        0.018530884757637978,
        0.007705762051045895,
