{
    "index": 689,
    "page": 108,
    "text": "that very instant of time which is now present. And therefore that no man whensoev-\ner he dieth can properly be said to lose any more, than an instant of time.",
    "embedding_of_chunk": [
        -0.05686678737401962,
        0.009799513965845108,
        0.027755960822105408,
        -0.004479285795241594,
        -0.016525426879525185,
        0.004347622394561768,
        0.07499473541975021,
        0.040836043655872345,
        0.02001205086708069,
        -0.010609879158437252,
        0.02609165571630001,
        -0.07680092751979828,
        0.02797975204885006,
        0.03944923356175423,
        -0.00422086613252759,
        -0.01340849231928587,
        0.017004428431391716,
        -0.01415083184838295,
        -0.05167673900723457,
        0.03414728119969368,
        0.09359870851039886,
        -0.035519734025001526,
        -0.0026891769375652075,
        -0.010202531702816486,
        0.05282558500766754,
        -0.000762373034376651,
        -0.017586877569556236,
        -0.019822118803858757,
        -0.026967504993081093,
        -0.16511835157871246,
        0.020806768909096718,
        -0.08407194912433624,
        0.050876617431640625,
        -0.05559069290757179,
        -0.021054092794656754,
        -0.028454361483454704,
        -0.0670427605509758,
        0.022601593285799026,
        -0.03760383650660515,
        0.04796483367681503,
        0.0340595617890358,
        0.07053959369659424,
        -0.01734827645123005,
        -0.023454518988728523,
        -0.05613168329000473,
        -0.021371666342020035,
        -0.04700201749801636,
        -0.018596138805150986,
        0.022354820743203163,
        -0.006179573480039835,
        -0.006984248757362366,
        0.02902263030409813,
        0.06800251454114914,
        0.04698731750249863,
        0.06081661209464073,
        0.013412161730229855,
        0.06854700297117233,
        0.04124782234430313,
        0.048207201063632965,
        0.00013883743667975068,
        0.03364749997854233,
        0.016302652657032013,
        -0.23859098553657532,
        0.026818223297595978,
        0.015010234899818897,
        0.0243979599326849,
        -0.004312986973673105,
        -0.025440551340579987,
        0.028921935707330704,
        0.03710431978106499,
        -0.026911301538348198,
        0.027588477358222008,
        -0.002655447693541646,
        0.036816973239183426,
        -0.001993904123082757,
        -0.05006445199251175,
        0.011890524998307228,
        -0.06074696034193039,
        0.03125709295272827,
        0.024097494781017303,
        0.030409805476665497,
        0.016365747898817062,
        -0.022351976484060287,
        0.004917957354336977,
        -0.0601474791765213,
        -0.034796684980392456,
        0.02436901442706585,
        -0.07762295007705688,
        0.029376279562711716,
        0.04554467648267746,
        -0.03863164037466049,
        -0.034320179373025894,
        -0.01600353978574276,
        0.029357872903347015,
        -0.04021292179822922,
        0.0033842171542346478,
        0.0187680721282959,
        0.05058982968330383,
        -0.04180142283439636,
        0.20273339748382568,
        -0.0510358028113842,
        0.04217663034796715,
        0.0029288376681506634,
        -0.041162990033626556,
        0.05505301058292389,
        -0.056920476257801056,
        -0.0225791297852993,
        -0.01987641118466854,
        -0.010734247043728828,
        -0.0003990347031503916,
        0.0333654060959816,
        -0.037966180592775345,
        0.08216410875320435,
        -0.029041996225714684,
        0.03895288333296776,
        0.02762645110487938,
        0.044699881225824356,
        -0.01447985041886568,
        -0.03181910142302513,
        0.038599275052547455,
        0.0032263032626360655,
        0.046226371079683304,
        0.034578945487737656,
        -0.0239192433655262,
        0.022169440984725952,
        -0.09362716227769852,
        0.045673470944166183,
        0.08866165578365326,
        -0.020611697807908058,
        -0.0015470499638468027,
        0.08552525192499161,
        -0.05204685777425766,
        -0.058209434151649475,
        0.02178632840514183,
        -0.03448569029569626,
        0.012937730178236961,
        -0.005865274462848902,
        -0.020557189360260963,
        0.04438526928424835,
        -0.0756024643778801,
        -0.02894718572497368,
        -0.13778358697891235,
        -0.041442278772592545,
        -0.1102985218167305,
        -0.01303870789706707,
        0.0751754492521286,
        0.030633287504315376,
        0.0027561145834624767,
        -0.03179779276251793,
        0.018553076311945915,
        -0.018504004925489426,
        -0.011304602026939392,
        -0.038543082773685455,
        -0.04771340265870094,
        -0.0072039649821817875,
        -0.018517939373850822,
        0.0364375114440918,
        0.03089788183569908,
        -0.04998071491718292,
        -0.012232835404574871,
        -0.07968868315219879,
        0.00020504089479800314,
        -0.040353912860155106,
        0.06308263540267944,
        0.005297691561281681,
        -0.02930098958313465,
        -0.00937560759484768,
        0.0037685385905206203,
        0.07172761857509613,
        -0.03597281500697136,
        0.008188103325664997,
        0.0005081158597022295,
        -0.023516641929745674,
        0.008672317489981651,
        0.11760518699884415,
        0.020654942840337753,
        -0.026595670729875565,
        -0.01863476261496544,
        0.00907182041555643,
        0.046415526419878006,
        0.06876714527606964,
        -0.03470034897327423,
        -0.02378009632229805,
        0.041987694799900055,
        0.04031674563884735,
        -0.015758609399199486,
        -0.014091364108026028,
        -0.027678923681378365,
        0.04503542557358742,
        0.07151253521442413,
        -0.01001081895083189,
        0.019254054874181747,
        -0.06153690814971924,
        -0.017085136845707893,
        -0.014099198393523693,
        -0.04381332919001579,
        -0.0026378873735666275,
        -0.016618361696600914,
        0.018131593242287636,
        -0.05018860101699829,
        -0.0240167286247015,
        -0.0485902838408947,
        0.008101384155452251,
        0.025530274957418442,
        0.03633354231715202,
        0.02875719778239727,
        -0.04440382122993469,
        -0.04239550232887268,
        0.052583761513233185,
        0.04052530601620674,
        -0.021036673337221146,
        0.009244381450116634,
        0.012255395762622356,
        0.028546683490276337,
        -0.03337457403540611,
        0.02995336428284645,
        0.0026026414707303047,
        0.010523781180381775,
        0.024663010612130165,
        0.014608622528612614,
        0.04175325483083725,
        -0.05971937254071236,
        -0.04271635040640831,
        -0.22487157583236694,
        -0.018462950363755226,
        -0.03251486271619797,
        -0.04981866478919983,
        0.07620057463645935,
        -0.039073191583156586,
        0.009637119248509407,
        -0.05165135860443115,
        0.03352266177535057,
        0.03392888605594635,
        0.04542279615998268,
        0.019256185740232468,
        -0.01971551403403282,
        0.0004388356173876673,
        -0.01794392056763172,
        0.06353481113910675,
        0.01077241264283657,
        0.03218340501189232,
        -0.022448789328336716,
        -0.019185276702046394,
        -0.02128380350768566,
        0.05049627274274826,
        -0.038404446095228195,
        -0.056035373359918594,
        0.036063168197870255,
        -0.01795783080160618,
        0.23439055681228638,
        0.06911052763462067,
        0.0189525093883276,
        -0.06663960963487625,
        0.05719691514968872,
        0.022541237995028496,
        -0.03606189042329788,
        -0.1381567269563675,
        0.05234070122241974,
