{
    "index": 680,
    "page": 106,
    "text": "XV. It is high time for thee, to understand that there is somewhat in thee, better and \nmore divine than either thy passions, or thy sensual appetites and affections. What \nis now the object of my mind, is it fear, or suspicion, or lust, or any such thing? To \ndo nothing rashly without some certain end; let that be thy first care. The next, to \nhave no other end than the common good. For, alas! yet a little while, and thou art \nno more: no more will any, either of those things that now thou seest, or of those \nmen that now are living, be any more. For all things are by nature appointed soon to \nbe changed, turned, and corrupted, that other things might succeed in their room.",
    "embedding_of_chunk": [
        -0.004106621257960796,
        -0.01930614747107029,
        0.026782222092151642,
        -0.03129763528704643,
        0.012457127682864666,
        0.013949237763881683,
        0.08592285215854645,
        0.0379522331058979,
        0.05227261781692505,
        -0.008875872939825058,
        -0.011633533053100109,
        -0.08797957003116608,
        0.03746838495135307,
        0.02234833687543869,
        -0.010710319504141808,
        0.008050546981394291,
        -0.03781365603208542,
        -0.002409295877441764,
        -0.062893807888031,
        0.03197203204035759,
        0.035746924579143524,
        -0.00406112615019083,
        -0.027907542884349823,
        -0.08115687221288681,
        0.021695051342248917,
        0.02907865308225155,
        -0.015741286799311638,
        -0.028973577544093132,
        -0.023512545973062515,
        -0.16959474980831146,
        -0.011423961259424686,
        -0.0506618358194828,
        0.027983831241726875,
        -0.0034525939263403416,
        0.006295252591371536,
        -0.008824294432997704,
        -0.055344078689813614,
        0.04675428569316864,
        -0.048561032861471176,
        0.07561316341161728,
        0.04746454581618309,
        0.03893784061074257,
        -0.08430977165699005,
        -0.06446018815040588,
        -0.040374964475631714,
        -0.020876221358776093,
        -0.01443322654813528,
        -0.03372376039624214,
        0.04223337769508362,
        -0.04282442107796669,
        -0.016113601624965668,
        0.007060127332806587,
        -0.0019395861309021711,
        0.050141870975494385,
        0.04310533031821251,
        0.011791059747338295,
        0.055294543504714966,
        0.007039147894829512,
        0.019591331481933594,
        0.015416990965604782,
        0.05971929058432579,
        0.010008369572460651,
        -0.2272896021604538,
        0.09685983508825302,
        0.048191554844379425,
        -0.0018364114221185446,
        -0.04019856080412865,
        -0.014302040450274944,
        -0.007522366009652615,
        0.08550713211297989,
        -0.007330539636313915,
        0.018913332372903824,
        0.031423136591911316,
        0.04702058807015419,
        0.021010035648941994,
        0.003609521547332406,
        -0.008383233100175858,
        -0.10015001893043518,
        -0.002498990623280406,
        0.032867927104234695,
        -0.021175971254706383,
        0.024323519319295883,
        -0.012000489979982376,
        -0.02551320381462574,
        -0.026586497202515602,
        -0.05908242240548134,
        0.01885273866355419,
        -0.07332495599985123,
        0.04575241357088089,
        0.018803495913743973,
        -0.025178678333759308,
        -0.03888120874762535,
        -0.004010764416307211,
        0.0013153546024113894,
        -0.0447240024805069,
        -0.036548200994729996,
        0.03286907449364662,
        -0.02231139875948429,
        -0.006752163637429476,
        0.21184289455413818,
        -0.055312711745500565,
        0.018193256109952927,
        0.03491691127419472,
        -0.051520273089408875,
        0.06906458735466003,
        -0.026332493871450424,
        0.01550039928406477,
        -0.0373309887945652,
        0.0035373386926949024,
        0.03250983729958534,
        -0.004242172464728355,
        -0.05319247394800186,
        0.029911158606410027,
        -0.04021048918366432,
        0.05045633763074875,
        0.0022601550444960594,
        0.051102012395858765,
        -0.005617073271423578,
        -0.02369660511612892,
        0.02626204863190651,
        0.01369840931147337,
        0.0435015931725502,
        0.0474793016910553,
        -0.025651592761278152,
        -0.023225583136081696,
        -0.12126641720533371,
        0.034295372664928436,
        0.10025127232074738,
        -0.0016737418482080102,
        -0.020652929320931435,
        0.008541793562471867,
        -0.0052322219125926495,
        -0.04149603843688965,
        -0.025730501860380173,
        0.032761190086603165,
        0.015610392205417156,
        0.03605850413441658,
        -0.0002844581031240523,
        0.03368588536977768,
        -0.030996793881058693,
        -0.05121782794594765,
        -0.147009938955307,
        -0.057320039719343185,
        -0.11733872443437576,
        0.02139536663889885,
        0.07713568955659866,
        0.04964752122759819,
        0.01815207488834858,
        -0.0672609806060791,
        0.026089906692504883,
        -0.016987191513180733,
        0.07613172382116318,
        -0.06730256229639053,
        0.011133409105241299,
        0.012686111032962799,
        -0.01074681431055069,
        0.026112332940101624,
        0.054016854614019394,
        -0.0341678261756897,
        0.016352474689483643,
        0.002592087257653475,
        -0.036417827010154724,
        -0.042766161262989044,
        0.11619667708873749,
        -0.009938575327396393,
        -0.02471589669585228,
        -0.006486238446086645,
        -0.01333899237215519,
        0.018870210275053978,
        -0.0041720448061823845,
        0.051345326006412506,
        0.00507531501352787,
        -0.06050986424088478,
        0.04106144979596138,
        0.11272696405649185,
        0.010201575234532356,
        -0.04889235273003578,
        0.0065644122660160065,
        -0.020195109769701958,
        -0.022345859557390213,
        0.04364367201924324,
        -0.07909895479679108,
        -0.07595396786928177,
        0.052242085337638855,
        0.044074978679418564,
        -0.014065669849514961,
        0.013131442479789257,
        -0.02985718846321106,
        0.03017428331077099,
        0.03790552169084549,
        -0.021764785051345825,
        0.05379124730825424,
        -0.045138128101825714,
        0.008790663443505764,
        -0.013046765699982643,
        -0.03545999899506569,
        -0.04533438757061958,
        0.019271884113550186,
        -0.03008865937590599,
        -0.012369437143206596,
        -0.013510627672076225,
        0.0234439205378294,
        -0.0231003575026989,
        0.032170772552490234,
        0.052307769656181335,
        0.016993390396237373,
        0.02787935733795166,
        -0.03044336661696434,
        0.047203753143548965,
        -0.00891952496021986,
        -0.03401893004775047,
        0.00976755004376173,
        0.07800698280334473,
        0.01289273239672184,
        -0.0271183792501688,
        0.0292610265314579,
        0.018530577421188354,
        0.004420679062604904,
        0.0021794617641717196,
        0.06447010487318039,
        0.013234554789960384,
        -0.08533846586942673,
        -0.04117213934659958,
        -0.21129339933395386,
        0.05973032861948013,
        -0.007096318062394857,
        -0.022315477952361107,
        0.10908786207437515,
        -0.05783049389719963,
        0.013990601524710655,
        -0.010452033020555973,
        0.01271213497966528,
        0.012284473516047001,
        0.051976703107357025,
        -0.017625855281949043,
        -0.0032857744954526424,
        0.035035014152526855,
        0.009238810278475285,
        0.06382650882005692,
        0.035520218312740326,
