{
    "index": 638,
    "page": 99,
    "text": "is first in a flock of sheep, and a bull in a herd of cattle, so am I born to rule over \nthem. Begin yet higher, even from this: if atoms be not the beginning of all things, \nthan which to believe nothing can be more absurd, then must we needs grant that \nthere is a nature, that doth govern the universe. If such a nature, then are all worse \nthings made for the better’s sake; and all better for one another’s sake. Secondly, \nwhat manner of men they be, at board, and upon their beds, and so forth. But above \nall things, how they are forced by their opinions that they hold, to do what they do; \nand even those things that they do, with what pride and self-conceit they do them. \nThirdly, that if they do these things rightly, thou hast no reason to be grieved. But if",
    "embedding_of_chunk": [
        0.008507135324180126,
        -0.004465044010430574,
        0.02359943464398384,
        -0.0008159887511283159,
        0.0033729001879692078,
        -0.028114918619394302,
        0.08524306863546371,
        0.038421764969825745,
        0.02431284449994564,
        0.005457660183310509,
        0.00822290126234293,
        -0.08658788353204727,
        0.04962249472737312,
        0.010613782331347466,
        -0.014133790507912636,
        0.02336263470351696,
        -0.036024510860443115,
        0.03534296900033951,
        -0.09843530505895615,
        0.020216837525367737,
        0.06270500272512436,
        -0.03487076982855797,
        -0.04692819342017174,
        -0.0644804984331131,
        0.03649422153830528,
        0.04641574248671532,
        -0.029316190630197525,
        0.012180175632238388,
        -0.014008397236466408,
        -0.14037466049194336,
        -0.041254159063100815,
        -0.04025054723024368,
        0.05830707401037216,
        -0.010921834968030453,
        0.005232799798250198,
        0.0026886516716331244,
        0.009998551569879055,
        0.012432278133928776,
        -0.02964024245738983,
        0.0479004830121994,
        0.04122164845466614,
        0.005954370833933353,
        0.010403197258710861,
        -0.023386549204587936,
        -0.03725221008062363,
        -0.0017796888714656234,
        0.0035542321857064962,
        -0.027373215183615685,
        -0.00925996620208025,
        -0.04363716021180153,
        -0.015152214094996452,
        -0.005390582140535116,
        0.003138659056276083,
        0.01930730789899826,
        0.04583601653575897,
        0.001007376122288406,
        0.05526764690876007,
        0.03483499586582184,
        0.041064951568841934,
        0.01997527666389942,
        0.025394722819328308,
        0.009287670254707336,
        -0.23082858324050903,
        0.09928344190120697,
        0.07483319193124771,
        0.012505859136581421,
        -0.05687161535024643,
        0.007028219290077686,
        0.009338260628283024,
        0.08121809363365173,
        -0.039832569658756256,
        0.003549318527802825,
        0.04854060336947441,
        0.03532480448484421,
        0.016944194212555885,
        -0.015437751077115536,
        0.001779456390067935,
        -0.049131814390420914,
        0.013652807101607323,
        -0.007244333624839783,
        -0.0018499945290386677,
        -0.0007630850886926055,
        -0.03217599168419838,
        0.007094100583344698,
        -0.07693406194448471,
        -0.04831467941403389,
        0.005113352555781603,
        -0.0530715212225914,
        0.018904291093349457,
        0.006337806116789579,
        -0.010811634361743927,
        -0.036519505083560944,
        -0.031517334282398224,
        0.00974289607256651,
        -0.023963212966918945,
        -0.03470618650317192,
        0.02993580885231495,
        0.002335604978725314,
        -0.022694606333971024,
        0.20371763408184052,
        -0.017882928252220154,
        0.009624199010431767,
        0.02478937990963459,
        -0.046956662088632584,
        0.04616459831595421,
        -0.007946133613586426,
        0.001586543396115303,
        -0.06244286149740219,
        -0.0040315561927855015,
        0.031214619055390358,
        0.011623203754425049,
        -0.022159062325954437,
        0.05527562275528908,
        -0.05553853139281273,
        0.07340160757303238,
        0.003446639981120825,
        0.03751005604863167,
        0.003425918286666274,
        -0.024265404790639877,
        -0.018506042659282684,
        0.012187540531158447,
        0.058700982481241226,
        0.054248567670583725,
        -0.03730367496609688,
        -0.005965437274426222,
        -0.12192888557910919,
        0.0104878144338727,
        0.09314992278814316,
        0.020908106118440628,
        -0.015488890931010246,
        -0.014501689001917839,
        -0.03507174178957939,
        -0.033487264066934586,
        -0.0332692489027977,
        0.024732431396842003,
        0.03345295786857605,
        0.0018833697540685534,
        0.02319665625691414,
        0.04134643077850342,
        -0.013020300306379795,
        -0.04420755058526993,
        -0.1722598671913147,
        -0.06697069108486176,
        -0.12271324545145035,
        -0.000575037207454443,
        0.04441479593515396,
        -0.002377480501309037,
        0.011732473038136959,
        -0.05728701874613762,
        0.032203420996665955,
        -0.00041735562263056636,
        0.029378991574048996,
        -0.056211844086647034,
        -0.022476036101579666,
        0.0018848750041797757,
        0.011665213853120804,
        0.0074754031375050545,
        0.05045187100768089,
        -0.024536380544304848,
        0.02150694653391838,
        -0.022164361551404,
        -0.0075773620046675205,
        -0.028032228350639343,
        0.10413449257612228,
        0.028559725731611252,
        -0.009004444815218449,
        -0.011728032492101192,
        0.010432101786136627,
        0.019636759534478188,
        0.011350603774189949,
        0.02755085937678814,
        0.03986048698425293,
        -0.06580279767513275,
        0.023505181074142456,
        0.06782388687133789,
        -0.0031849737279117107,
        -0.039404090493917465,
        0.013678357005119324,
        -0.017556965351104736,
        0.02297547645866871,
        0.05420365557074547,
        -0.06248260661959648,
        -0.0606795996427536,
        0.0353967547416687,
        0.0009605973027646542,
        -0.030143512412905693,
        -0.05018700286746025,
        -0.03165505826473236,
        0.018948225304484367,
        0.04175281524658203,
        0.00558731472119689,
        0.09795121103525162,
        -0.04689650982618332,
        -0.025967299938201904,
        -0.045495837926864624,
        -0.03647824376821518,
        0.004827205091714859,
        0.02553856186568737,
        -0.02373909018933773,
        -0.02228504605591297,
        -0.030498119071125984,
        -0.020129909738898277,
        -0.00687811616808176,
        0.06365829706192017,
        0.01423650048673153,
        0.01852690987288952,
        0.005795301869511604,
        0.006046440917998552,
        0.04768892750144005,
        -0.022264910861849785,
        -0.020865755155682564,
        0.033013854175806046,
        0.01465702150017023,
        -0.012744287960231304,
        -0.06927701085805893,
        0.05026039853692055,
        0.01672687567770481,
        0.006100645288825035,
        0.01706496812403202,
        0.048800837248563766,
        0.03434939682483673,
        -0.10167422145605087,
        -0.07616104930639267,
        -0.25560542941093445,
        0.011031870730221272,
        0.010512486100196838,
        -0.04737864062190056,
        0.08279801160097122,
        -0.013042104430496693,
        0.030110960826277733,
        -0.023702602833509445,
        -0.00392233207821846,
        0.02935907430946827,
        0.046275559812784195,
        -0.02199079468846321,
        -0.0008987121982499957,
        0.009749459102749825,
