{
    "index": 534,
    "page": 84,
    "text": "self free from trouble, and in present possession of her own proper happiness. Nei-\nther did I leave the ordering of my body to the physicians altogether to do with me \nwhat they would, as though I expected any great matter from them, or as though I \nthought it a matter of such great consequence, by their means to recover my health: \nfor my present estate, methought, liked me very well, and gave me good content.” \nWhether therefore in sickness (if thou chance to sicken) or in what other kind of ex-\ntremity soever, endeavour thou also to be in thy mind so affected, as he doth report \nof himself: not to depart from thy philosophy for anything that can befall thee, nor to \ngive ear to the discourses of silly people, and mere naturalists.",
    "embedding_of_chunk": [
        -0.003800283884629607,
        0.037116531282663345,
        0.0532328337430954,
        -0.017424851655960083,
        0.0025659401435405016,
        -0.012150736525654793,
        0.14181582629680634,
        0.06357929855585098,
        -0.025726059451699257,
        -0.004530459176748991,
        -0.024451274424791336,
        -0.05286511033773422,
        0.03091869130730629,
        0.05137798935174942,
        -0.025896579027175903,
        0.011114525608718395,
        0.035262759774923325,
        0.0227560643106699,
        -0.0883595198392868,
        0.05984620749950409,
        -0.014204352162778378,
        -0.04041368141770363,
        -0.02847551740705967,
        -0.04234863072633743,
        0.014932329766452312,
        0.04604632779955864,
        -0.02777933143079281,
        -0.014394054189324379,
        -0.02252073958516121,
        -0.1530449390411377,
        -0.022589635103940964,
        -0.04591408744454384,
        0.01663430780172348,
        -0.04652730002999306,
        -0.02290608175098896,
        -0.007036516442894936,
        -0.03805046156048775,
        0.056593697518110275,
        -0.06834033876657486,
        0.03980588540434837,
        0.02741653099656105,
        0.035963885486125946,
        0.01339268684387207,
        -0.023009251803159714,
        -0.013924067839980125,
        -0.03623652458190918,
        -0.0005723066860809922,
        -0.033391814678907394,
        0.06072063744068146,
        -0.01378071028739214,
        0.00795670598745346,
        0.0027739452198147774,
        -0.008853096514940262,
        0.03944538161158562,
        0.04645593836903572,
        0.037527456879615784,
        0.04715188592672348,
        0.0052915154956281185,
        0.016280367970466614,
        0.035087622702121735,
        0.02860086038708687,
        0.06770487129688263,
        -0.24106667935848236,
        0.056499142199754715,
        0.05503510311245918,
        0.02291513793170452,
        -0.07236476242542267,
        -0.036026664078235626,
        0.04562166705727577,
        0.05204356461763382,
        -0.007573398761451244,
        0.03934992477297783,
        0.03977128490805626,
        0.07804859429597855,
        0.02096906676888466,
        0.0025823398027569056,
        0.027015628293156624,
        -0.06699730455875397,
        -0.006042754743248224,
        0.01895669288933277,
        -0.014519037678837776,
        0.012541444040834904,
        0.016361240297555923,
        0.007269975263625383,
        -0.04375153034925461,
        -0.03378473222255707,
        0.015408623032271862,
        -0.09348975121974945,
        0.056953705847263336,
        0.007778535597026348,
        -0.007887531071901321,
        -0.03893870860338211,
        -0.009697185829281807,
        0.028955431655049324,
        -0.024819502606987953,
        -0.01077088713645935,
        0.005109475459903479,
        0.016915641725063324,
        -0.020076826214790344,
        0.22380566596984863,
        -0.05566469579935074,
        -0.01439041830599308,
        0.026845581829547882,
        -0.026822827756404877,
        0.029352832585573196,
        -0.012447290122509003,
        -0.023783894255757332,
        -0.07278686761856079,
        -0.007318358868360519,
        -0.018244681879878044,
        0.018674476072192192,
        -0.02007756382226944,
        0.05228795111179352,
        -0.05591222643852234,
        0.024400971829891205,
        0.042358919978141785,
        0.007932587526738644,
        0.0009739602683112025,
        -0.0025827025528997183,
        -0.03275785595178604,
        -0.024031739681959152,
        0.015420287847518921,
        0.055495284497737885,
        -0.015505445189774036,
        0.0001210617192555219,
        -0.06905751675367355,
        0.05688924714922905,
        0.11170113831758499,
        -0.029060209169983864,
        -0.003181610256433487,
        0.002313848352059722,
        -0.05604443699121475,
        -0.011988814920186996,
        -0.019852332770824432,
        0.013389675877988338,
        -0.008400176651775837,
        0.038144588470458984,
        -0.021756714209914207,
        0.024650434032082558,
        -0.04817899316549301,
        -0.004020831547677517,
        -0.16355226933956146,
        -0.05078751593828201,
        -0.09290291368961334,
        -0.008884547278285027,
        0.047154176980257034,
        0.021685516461730003,
        0.043885666877031326,
        -0.013612165115773678,
        0.019096462056040764,
        -0.020779971033334732,
        0.024174988269805908,
        -0.04764891415834427,
        -0.01569351740181446,
        0.024683944880962372,
        0.0418454073369503,
        0.02586849220097065,
        0.05592912435531616,
        -0.03311195224523544,
        0.008688230998814106,
        -0.0005084616132080555,
        -0.06881821155548096,
        -0.017154408618807793,
        0.13472191989421844,
        -0.0035680958535522223,
        -0.023105401545763016,
        -0.005413763225078583,
        -0.012967709451913834,
        0.05689616873860359,
        0.0054204766638576984,
        0.07471851259469986,
        0.012986784800887108,
        -0.05075791850686073,
        0.03301247954368591,
        0.0792432576417923,
        0.025617530569434166,
        -0.009874194860458374,
        -0.002380199497565627,
        -0.02312084287405014,
        -0.011205777525901794,
        0.038824837654829025,
        -0.034445296972990036,
        -0.05853354558348656,
        0.06690885126590729,
        0.007866259664297104,
        -0.01974252611398697,
        -0.0010033869184553623,
        -0.01811091974377632,
        0.0697455033659935,
        0.07172174751758575,
        -0.028673266991972923,
        0.04508735239505768,
        -0.06914742290973663,
        -0.04308027774095535,
        -0.055836327373981476,
        -0.058489441871643066,
        -0.06810659170150757,
        0.005818634293973446,
        -0.03837718069553375,
        0.04496233910322189,
        -0.020318200811743736,
        0.007935048080980778,
        -0.018131019547581673,
        0.08135592192411423,
        -0.0004234592488501221,
        -0.011754075065255165,
        -0.012991650030016899,
        -0.019449850544333458,
        0.08338497579097748,
        0.03576803579926491,
        -0.03934426233172417,
        0.06229505315423012,
        0.058108821511268616,
        -0.00046491087414324284,
        -0.055308662354946136,
        0.006600412540137768,
        0.03551742061972618,
        0.002181852702051401,
        0.009806771762669086,
        0.04920157417654991,
        0.031345948576927185,
        -0.0986514613032341,
        -0.06461718678474426,
        -0.1941099762916565,
        0.015964524820446968,
        -0.019835591316223145,
        -0.08785778284072876,
        0.01242823526263237,
        -0.06033337861299515,
        0.03358834981918335,
        -0.00742123369127512,
        0.047214604914188385,
        0.05933239310979843,
        0.06070699170231819,
        -0.057215407490730286,
        -0.04521166533231735,
        0.018937192857265472,
        -0.012046455405652523,
