{
    "index": 528,
    "page": 83,
    "text": "XXXVI. It is all one to see these things for a hundred of years together or but for \nthree years. \n\nXXXVII. If he have sinned, his is the harm, not mine. But perchance he hath not. \n\nXXXVIII. Either all things by the providence of reason happen unto every particular, \nas a part of one general body; and then it is against reason that a part should com-\nplain of anything that happens for the good of the whole; or if, according to Epicurus, \natoms be the cause of all things and that life be nothing else but an accidentary con-\nfusion of things, and death nothing else, but a mere dispersion and so of all other \nthings: what doest thou trouble thyself for?",
    "embedding_of_chunk": [
        -0.01158220786601305,
        0.009339582175016403,
        0.03515198081731796,
        -0.02902866341173649,
        0.015202107839286327,
        -0.027834957465529442,
        0.06893973797559738,
        0.061827149242162704,
        -0.021035347133874893,
        -0.005158502142876387,
        -0.023546889424324036,
        -0.08775363862514496,
        0.05280696973204613,
        0.04000210016965866,
        -0.00020757096353918314,
        0.008844850584864616,
        -0.029768971726298332,
        0.029328713193535805,
        -0.08001528680324554,
        -0.010011745616793633,
        0.08774430304765701,
        -0.024151787161827087,
        -0.023234499618411064,
        -0.053894754499197006,
        0.0016260750126093626,
        0.07460329681634903,
        0.010005630552768707,
        -0.0365774892270565,
        0.00874245073646307,
        -0.16737854480743408,
        -0.0036141276359558105,
        -0.025723004713654518,
        0.046304091811180115,
        0.004633032716810703,
        0.002582659013569355,
        0.002100957091897726,
        -0.023456290364265442,
        0.044018808752298355,
        -0.05184197053313255,
        0.08976434916257858,
        0.04140627384185791,
        0.0668712630867958,
        -0.037465326488018036,
        -0.060256704688072205,
        -0.07581039518117905,
        -0.020709265023469925,
        -0.024971414357423782,
        -0.03016063943505287,
        0.05663701891899109,
        -0.02690432406961918,
        -0.020503656938672066,
        -0.034736067056655884,
        0.041128236800432205,
        0.05870389938354492,
        -0.008546164259314537,
        0.0236638356000185,
        0.062341153621673584,
        0.03669311851263046,
        0.021129518747329712,
        0.023421121761202812,
        0.02481476031243801,
        0.020512143149971962,
        -0.22014263272285461,
        0.08987549692392349,
        0.07938937097787857,
        0.02658751979470253,
        -0.03097865730524063,
        -0.01513464655727148,
        0.013168917037546635,
        0.048165250569581985,
        -0.013422289863228798,
        0.015883756801486015,
        0.04523996263742447,
        0.042739953845739365,
        0.027714675292372704,
        -0.034711532294750214,
        0.009700603783130646,
        -0.06837169080972672,
        -0.023810239508748055,
        0.008245526812970638,
        -0.0004153611371293664,
        0.003488853108137846,
        -0.02418222464621067,
        -0.003919679205864668,
        -0.07411125302314758,
        -0.06275606900453568,
        -8.839228394208476e-05,
        -0.03786682337522507,
        0.03691595792770386,
        0.007712248712778091,
        -0.055767741054296494,
        -0.025816569104790688,
        0.0050540645606815815,
        -0.005141288507729769,
        -0.028443219140172005,
        -0.03746967017650604,
        0.052703503519296646,
        -0.014560691080987453,
        -0.04368432238698006,
        0.16732855141162872,
        -0.04064751788973808,
        0.05728407949209213,
        0.011118894442915916,
        -0.007878202944993973,
        0.084040068089962,
        0.024782821536064148,
        0.002859340747818351,
        -0.07107403129339218,
        -0.0033618437591940165,
        0.01243670005351305,
        0.05194150283932686,
        -0.004337247461080551,
        0.02465827204287052,
        -0.08216434717178345,
        0.016297493129968643,
        0.00281894369982183,
        0.05430302768945694,
        0.01792229153215885,
        -0.029802484437823296,
        -0.00034439595765434206,
        -0.015018145553767681,
        0.027269957587122917,
        0.05810149013996124,
        8.601896115578711e-05,
        -0.012939493171870708,
        -0.1056741252541542,
        0.029507987201213837,
        0.15211646258831024,
        0.014565160498023033,
        -0.013370471075177193,
        0.025038082152605057,
        -0.012853488326072693,
        -0.020673349499702454,
        -0.030828971415758133,
        -0.01116493996232748,
        0.040494464337825775,
        0.005636509042233229,
        -0.008531035855412483,
        0.04176303371787071,
        -0.06240984424948692,
        -0.07114318013191223,
        -0.1777520477771759,
        -0.01925884559750557,
        -0.08746777474880219,
        -0.004348296672105789,
        0.0638132244348526,
        0.0017026482382789254,
        0.029586689546704292,
        -0.029370633885264397,
        0.012051506899297237,
        0.011037448421120644,
        0.045710835605859756,
        -0.014022582210600376,
        0.0010275386739522219,
        0.0018609050894156098,
        0.0215535257011652,
        0.03531491011381149,
        0.014978873543441296,
        -0.03824033960700035,
        0.0288483165204525,
        0.00032708904473111033,
        -0.02396908402442932,
        -0.039459358900785446,
        0.13402555882930756,
        0.025941118597984314,
        -0.036734212189912796,
        0.009784865193068981,
        0.031564272940158844,
        0.015313718467950821,
        -0.01592804118990898,
        0.031833503395318985,
        0.0120827192440629,
        -0.027577359229326248,
        0.0173420999199152,
        0.09038092941045761,
        0.044982463121414185,
        -0.043123334646224976,
        0.004731121473014355,
        -0.015191826969385147,
        0.03327299281954765,
        0.014779603108763695,
        -0.03900887072086334,
        -0.06611921638250351,
        0.055507853627204895,
        0.015060399658977985,
        -0.030300211161375046,
        -0.01666226051747799,
        -0.018901938572525978,
        0.028345374390482903,
        0.030584216117858887,
        -0.007941176183521748,
        0.033732376992702484,
        -0.04729333519935608,
        0.015835244208574295,
        -0.036760833114385605,
        -0.042836569249629974,
        -0.04579893872141838,
        0.015085721388459206,
        -0.011576524935662746,
        -0.03819991275668144,
        -0.02423052303493023,
        -0.05617175251245499,
        -0.026386044919490814,
        0.023355526849627495,
        0.01390912476927042,
        -0.008511396124958992,
        -0.005874050315469503,
        0.009885712526738644,
        0.014978316612541676,
        0.030063575133681297,
        -0.051387686282396317,
        0.0009255905169993639,
        0.043687887489795685,
        0.002617990132421255,
        -0.020930586382746696,
        0.055843956768512726,
        -0.006784567143768072,
        0.029665568843483925,
        0.03915129229426384,
        0.04386541619896889,
        0.020748242735862732,
        -0.09483852237462997,
        -0.05596797168254852,
        -0.24679432809352875,
        -0.0013859213795512915,
        -0.014232656918466091,
        -0.01826344057917595,
        0.076414555311203,
        -0.02072639763355255,
        -0.005256131757050753,
        -0.012453429400920868,
        -0.0096841249614954,
        0.022457605227828026,
        0.05241400748491287,
        0.006786991376429796,
        -0.02640482224524021,
        -0.020803242921829224,
        -0.025338560342788696,
        0.02836010977625847,
        0.0019295673118904233,
