{
    "index": 44,
    "page": 8,
    "text": "consciousness in confessions; in such revelations there is always a danger of unctu-\nousness or of vulgarity for the best of men. St. Augustine is not always clear of of-\nfence, and John Bunyan himself exaggerates venial peccadilloes into heinous sins. \nBut Marcus Aurelius is neither vulgar nor unctuous; he extenuates nothing, but \nnothing sets down in malice. He never poses before an audience; he may not be pro-\nfound, he is always sincere. And it is a lofty and serene soul which is here disclosed \nbefore us. Vulgar vices seem to have no temptation for him; this is not one tied and \nbound with chains which he strives to break. The faults he detects in himself are of-\nten such as most men would have no eyes to see. To serve the divine spirit which is",
    "embedding_of_chunk": [
        -0.0043847463093698025,
        0.01221989095211029,
        0.033920805901288986,
        -0.017976606264710426,
        0.024242747575044632,
        0.003589553525671363,
        0.05767584964632988,
        0.03732692822813988,
        -0.010315033607184887,
        -0.02363172359764576,
        -0.008092358708381653,
        -0.05504747852683067,
        0.021227668970823288,
        0.04306784272193909,
        0.021439792588353157,
        0.0009958234149962664,
        -0.0250139981508255,
        0.05243441462516785,
        -0.07589665055274963,
        0.03175293654203415,
        0.08983119577169418,
        -0.026946665719151497,
        -0.009893867187201977,
        -0.037183985114097595,
        0.03268032893538475,
        0.005753085017204285,
        0.01572670415043831,
        -0.06986375898122787,
        -0.0005242510233074427,
        -0.17048883438110352,
        -0.020361419767141342,
        -0.07371126860380173,
        0.040705665946006775,
        -0.032084863632917404,
        0.013075818307697773,
        -0.0607505664229393,
        -0.05264851078391075,
        0.05081453546881676,
        0.000277156475931406,
        0.04582130163908005,
        0.031407430768013,
        0.017057986930012703,
        -0.025028035044670105,
        -0.04745067283511162,
        -0.026013921946287155,
        -0.02595936879515648,
        -0.012545371428132057,
        -0.043393898755311966,
        0.04997232183814049,
        -0.030845437198877335,
        0.00662666279822588,
        0.010867948643863201,
        -0.020495278760790825,
        0.0021945619955658913,
        0.006808583624660969,
        0.012757284566760063,
        0.060257814824581146,
        0.02882223017513752,
        -0.016242094337940216,
        0.057225313037633896,
        0.026015998795628548,
        0.027363698929548264,
        -0.23418639600276947,
        0.05705269053578377,
        0.04147105664014816,
        -0.013065996579825878,
        -0.06584633141756058,
        -0.002376542892307043,
        0.03291325643658638,
        -0.002471501938998699,
        -0.02165558561682701,
        0.05017590895295143,
        0.04269307106733322,
        0.045508190989494324,
        0.010665502399206161,
        -0.02337811328470707,
        -0.019498536363244057,
        -0.01979731023311615,
        -0.017927588894963264,
        0.025361891835927963,
        0.020965926349163055,
        0.03383664786815643,
        -0.03236524760723114,
        -0.02713981829583645,
        -0.059730205684900284,
        -0.019379880279302597,
        0.03613094985485077,
        -0.036321502178907394,
        0.018862755969166756,
        -0.0020692902617156506,
        0.019978439435362816,
        0.009560715407133102,
        -0.058051854372024536,
        -0.0203501395881176,
        -0.03070494718849659,
        -0.027888135984539986,
        -0.023016830906271935,
        0.015497211366891861,
        -0.09891720116138458,
        0.2035112977027893,
        -0.036965686827898026,
        0.0531018041074276,
        -0.0037012812681496143,
        -0.028694506734609604,
        0.0797613114118576,
        0.007638271898031235,
        -0.00040315743535757065,
        -0.022329721599817276,
        -0.04852167144417763,
        0.011303993873298168,
        0.02902190200984478,
        -0.04750867187976837,
        0.012058052234351635,
        -0.07289247214794159,
        0.021930089220404625,
        0.04894387349486351,
        0.0659361183643341,
        0.02941819280385971,
        -0.024600094184279442,
        -0.0033203710336238146,
        -0.02054469846189022,
        0.04527753219008446,
        0.05744725838303566,
        -0.021418631076812744,
        0.06560081988573074,
        -0.09396252036094666,
        0.02339182421565056,
        0.06712842732667923,
        0.004669094458222389,
        -0.0004333342658355832,
        -0.021099980920553207,
        -0.04231344163417816,
        0.011812162585556507,
        -0.008073391392827034,
        -0.0011823143577203155,
        0.01854008436203003,
        -0.0013789435615763068,
        0.04440738633275032,
        0.06379043310880661,
        -0.027251971885561943,
        -0.06665527075529099,
        -0.11696337163448334,
        -0.030254611745476723,
        -0.08029735833406448,
        -0.015464588068425655,
        0.0619664341211319,
        -0.030891599133610725,
        0.027023540809750557,
        -0.06093559414148331,
        0.07795098423957825,
        0.003198549384251237,
        0.038564909249544144,
        -0.07351616024971008,
        -5.618203431367874e-05,
        0.026135455816984177,
        -0.015505017712712288,
        -0.006807551719248295,
        0.06615936756134033,
        -0.05322841927409172,
        0.018649475648999214,
        0.03525298088788986,
        -0.016951194033026695,
        -0.04322575777769089,
        0.15517191588878632,
        0.05354224145412445,
        -0.017032384872436523,
        0.014423989690840244,
        -0.001963154412806034,
        0.007879036478698254,
        -0.06798992305994034,
        0.03417964279651642,
        0.02754911780357361,
        -0.06817104667425156,
        0.03274032473564148,
        0.07042214274406433,
        0.016370194032788277,
        -0.05942730978131294,
        -0.02901136688888073,
        0.019522864371538162,
        0.05435723811388016,
        0.022646401077508926,
        -0.055891893804073334,
        -0.05992986634373665,
        0.04933430999517441,
        0.0096396803855896,
        0.005135734099894762,
        -0.0016138849314302206,
        -0.05422002077102661,
        0.06212799251079559,
        0.07119021564722061,
        -0.02834160067141056,
        0.03932276740670204,
        -0.05764736980199814,
        -0.037087757140398026,
        -0.07567717134952545,
        -0.01948820799589157,
        0.0033274623565375805,
        -0.021539535373449326,
        -0.08653382956981659,
        -0.01865578256547451,
        -0.033484142273664474,
        -0.030337708070874214,
        0.008672223426401615,
        0.027410006150603294,
        0.051855120807886124,
        0.032379236072301865,
        -0.022017620503902435,
        -0.02358998917043209,
        0.015130691230297089,
        0.05308980494737625,
        -0.04628511518239975,
        0.05176003649830818,
        0.020740780979394913,
        -0.013858633115887642,
        -0.018217816948890686,
        0.022494979202747345,
        -0.005943753756582737,
        0.03419497609138489,
        0.06531630456447601,
        0.04565124586224556,
        0.04286321997642517,
        -0.051822517067193985,
        -0.03589366376399994,
        -0.2361970841884613,
        -0.009101022966206074,
        7.211115735117346e-05,
        -0.020550107583403587,
        0.08678752183914185,
        -0.029585184529423714,
        0.017301997169852257,
        -0.028100360184907913,
        0.08487442135810852,
        0.036089930683374405,
        0.037627071142196655,
        -0.025567462667822838,
        -0.00422456581145525,
        0.06351827085018158,
        -0.026325317099690437,
