{
    "index": 541,
    "page": 85,
    "text": "itself thou hadst received a full reward of the good that thou hadst done. For what \nwouldst thou have more? Unto him that is a man, thou hast done a good turn: doth \nnot that suffice thee? What thy nature required, that hast thou done. Must thou be \nrewarded for it? As if either the eye for that it seeth, or the feet that they go, should \nrequire satisfaction. For as these being by nature appointed for such an use, can \nchallenge no more, than that they may work according to their natural constitution: \nso man being born to do good unto others whensoever he doth a real good unto any \nby helping them out of error; or though but in middle things, as in matter of wealth, \nlife, preferment, and the like, doth help to further their desires he doth that for which",
    "embedding_of_chunk": [
        -0.038277722895145416,
        -0.003762198379263282,
        0.04830728471279144,
        -0.021887831389904022,
        -0.02584974654018879,
        0.016316575929522514,
        0.11508797109127045,
        0.05588580667972565,
        -0.020116500556468964,
        0.0010814931010827422,
        0.010691970586776733,
        -0.10455762594938278,
        0.012007640674710274,
        0.017597317695617676,
        0.012085811235010624,
        0.045721251517534256,
        -0.03148430213332176,
        0.046874597668647766,
        -0.09481323510408401,
        0.037372373044490814,
        0.04458340257406235,
        -0.03687054291367531,
        -0.03714589402079582,
        -0.057209312915802,
        0.02482467330992222,
        0.023287693038582802,
        -0.052866190671920776,
        -0.02459101378917694,
        -0.018653783947229385,
        -0.17102168500423431,
        -0.0025630865711718798,
        -0.021703245118260384,
        0.04341523349285126,
        0.011061028577387333,
        -0.02181362919509411,
        -0.020430363714694977,
        -0.055254459381103516,
        0.021148284897208214,
        -0.024773800745606422,
        0.05402300879359245,
        0.05296548083424568,
        0.021757639944553375,
        -0.018613481894135475,
        -0.019531873986124992,
        -0.007803932297974825,
        -0.016901260241866112,
        -0.002040651859715581,
        0.00714692659676075,
        0.024193601682782173,
        -0.013626055791974068,
        -0.026579009369015694,
        0.006868637166917324,
        0.025825845077633858,
        0.02801739238202572,
        0.049241241067647934,
        0.046588603407144547,
        0.049002714455127716,
        0.019281042739748955,
        0.004896271042525768,
        -0.030377043411135674,
        0.053133659064769745,
        0.036267511546611786,
        -0.23585893213748932,
        0.04348316043615341,
        0.039785612374544144,
        0.021665269508957863,
        -0.06421464681625366,
        -0.027950402349233627,
        -0.0014542588032782078,
        0.04373260587453842,
        -0.018082842230796814,
        0.039888009428977966,
        0.0841996893286705,
        0.013728667050600052,
        -0.0036770827136933804,
        -0.02781226858496666,
        -0.026883181184530258,
        -0.05652885511517525,
        -0.013581830076873302,
        0.0367712639272213,
        -0.03732452169060707,
        0.008013706654310226,
        0.001194249838590622,
        0.02148563042283058,
        -0.04315922409296036,
        -0.03790311515331268,
        0.03136954456567764,
        -0.08857069909572601,
        0.10220491886138916,
        0.03525839000940323,
        0.000793666229583323,
        -0.024768857285380363,
        -0.0707012265920639,
        0.02381160669028759,
        -0.021809710189700127,
        -0.025429632514715195,
        0.022774044424295425,
        -0.01916794292628765,
        -0.048637062311172485,
        0.21701952815055847,
        -0.017680073156952858,
        0.01496756449341774,
        0.02036699652671814,
        -0.04566732421517372,
        0.08017710596323013,
        -0.005394421983510256,
        -0.010906895622611046,
        -0.023687642067670822,
        -0.01616971753537655,
        0.003942526411265135,
        -0.004385791253298521,
        -0.021335383877158165,
        0.036416035145521164,
        -0.054614387452602386,
        0.004767261445522308,
        0.022397799417376518,
        0.018004974350333214,
        -0.0047298213467001915,
        -0.03696605935692787,
        -0.024541642516851425,
        0.0028515069279819727,
        0.06101331114768982,
        0.05425876006484032,
        -0.0066489167511463165,
        -0.03594278171658516,
        -0.0853939950466156,
        0.0669379010796547,
        0.1268167644739151,
        0.014186853542923927,
        -0.007854629307985306,
        -0.010889817029237747,
        -0.08529575169086456,
        -0.043840933591127396,
        -0.019312037155032158,
        0.022013379260897636,
        -0.020136719569563866,
        -0.00011097124661318958,
        -0.02916153520345688,
        0.012870303355157375,
        0.0058331419713795185,
        -0.02581750601530075,
        -0.11019280552864075,
        -0.05850112438201904,
        -0.11672595143318176,
        -0.03690294176340103,
        0.05148947983980179,
        0.015560769475996494,
        0.043519049882888794,
        -0.0297707486897707,
        0.031200256198644638,
        -0.018669115379452705,
        0.03768005594611168,
        -0.051075104624032974,
        -0.021504221484065056,
        -0.004164387006312609,
        0.03042462095618248,
        0.020870644599199295,
        0.018136166036128998,
        -0.01924147643148899,
        0.011358736082911491,
        -0.005037736147642136,
        -0.03305864334106445,
        -0.03941778466105461,
        0.09171643853187561,
        0.04365231841802597,
        -0.025696178898215294,
        -0.003626676043495536,
        0.02864081598818302,
        -0.02200070209801197,
        0.004715371411293745,
        0.019825991243124008,
        -0.011454710736870766,
        -0.07638512551784515,
        0.05777450650930405,
        0.08095116168260574,
        0.0326695516705513,
        -0.07249689847230911,
        0.015440487302839756,
        -0.034573204815387726,
        0.013713495805859566,
        0.054000306874513626,
        -0.03539435565471649,
        -0.08573434501886368,
        0.03217267990112305,
        0.023432273417711258,
        -0.035650838166475296,
        -0.019554929807782173,
        -0.018501456826925278,
        0.019263556227087975,
        0.05230557173490524,
        -0.009221001528203487,
        0.06263050436973572,
        -0.06669491529464722,
        -0.010622233152389526,
        -0.034914929419755936,
        -0.025412708520889282,
        -0.036584001034498215,
        -0.005714684724807739,
        -0.025361673906445503,
        0.010983148589730263,
        -0.038359448313713074,
        -0.030562950298190117,
        0.004703137557953596,
        0.023125408217310905,
        0.03890472650527954,
        0.026852795854210854,
        -0.004688739310950041,
        -0.03749602288007736,
        0.03217857703566551,
        0.018726712092757225,
        -0.051772892475128174,
        0.038863655179739,
        0.059990789741277695,
        0.01741068996489048,
        -0.035197287797927856,
        -0.013980730436742306,
        0.026590438559651375,
        0.01948990486562252,
        0.002649883273988962,
        0.05997860059142113,
        0.014571938663721085,
        -0.07702869176864624,
        -0.01788676530122757,
        -0.20050042867660522,
        -0.03414599597454071,
        -0.02905879355967045,
        -0.05160782113671303,
        0.06357118487358093,
        -0.03913601115345955,
        -0.00739005021750927,
        0.010187587700784206,
        -0.009254733100533485,
        0.017337556928396225,
        0.07049904763698578,
        -0.04815073683857918,
        -0.048342157155275345,
        0.055215347558259964,
