{
    "index": 778,
    "page": 124,
    "text": "“What fools these mortals be.” He in-\nvented the Atomic Theory. \n\nDIO of Syracuse, a disciple of Plato, \nand afterwards tyrant of Syracuse. \nMurdered 353 B.C. \n\nDIOGENES, the Cynic, born about 412 \n\nB.C., renowned for his rudeness and \nhardihood. \n\nDIOGNETUS, a painter. \n\nCITHAERON, a mountain range N. of \nAttica. \n\nDISPENSE WITH, put up with. \n\nDOGMATA, pithy sayings, or philosoph-\nical rules of life. \n\nCOMEDY, ANCIENT; a term applied to \nthe Attic comedy of Aristophanes and \nhis time, which criticised persons and \npolitics, like a modern comic journal, \nsuch as Punch. See New Comedy.",
    "embedding_of_chunk": [
        -0.07081428170204163,
        0.0074268789030611515,
        0.06091505289077759,
        -0.005608700681477785,
        -0.03224426507949829,
        -0.021873746067285538,
        0.11807820200920105,
        0.04819434508681297,
        -0.028774498030543327,
        -0.016624711453914642,
        0.014293484389781952,
        -0.09137602150440216,
        0.012453683651983738,
        0.036892715841531754,
        0.013346496969461441,
        -0.018702955916523933,
        0.0032549467869102955,
        0.035158950835466385,
        -0.03428397327661514,
        0.04750020056962967,
        0.07487280666828156,
        -0.03282215818762779,
        -0.012558480724692345,
        -0.04910266399383545,
        0.046099066734313965,
        0.03208320587873459,
        -0.012871279381215572,
        -0.018782958388328552,
        -0.04437435418367386,
        -0.09402208775281906,
        -0.02713809162378311,
        0.015833159908652306,
        0.008244884200394154,
        -0.020408939570188522,
        -0.028472982347011566,
        -0.009637722745537758,
        -0.0102014672011137,
        0.0433783233165741,
        -0.05987410247325897,
        0.051233481615781784,
        0.036943305283784866,
        0.03422962501645088,
        -0.013509624637663364,
        -0.06128236651420593,
        -0.045669782906770706,
        -0.03317784145474434,
        -0.01571904681622982,
        -0.021730715408921242,
        0.028294973075389862,
        0.00873393565416336,
        -0.013206708244979382,
        -0.01566566899418831,
        -0.00823882594704628,
        0.02663058415055275,
        0.012637696228921413,
        0.013311928138136864,
        0.08940239995718002,
        0.02249692566692829,
        0.06563232839107513,
        0.03607470914721489,
        -0.004795777145773172,
        0.025576012209057808,
        -0.2120072841644287,
        0.05575046315789223,
        0.027993094176054,
        -0.004149066284298897,
        -0.07380028069019318,
        -0.009291277267038822,
        0.006030065007507801,
        0.02379746362566948,
        -0.013901579193770885,
        -0.0043794638477265835,
        0.0861983448266983,
        0.07667627930641174,
        -0.0048616728745400906,
        0.005067052319645882,
        -0.019577467814087868,
        -0.07123111188411713,
        -0.00884183682501316,
        0.011665629222989082,
        -0.012532098218798637,
        -0.013207594864070415,
        -0.04019603133201599,
        -0.02376692369580269,
        -0.060088351368904114,
        -0.013581306673586369,
        0.016084132716059685,
        -0.0213349387049675,
        0.02341821976006031,
        0.013074170798063278,
        -0.05556606128811836,
        -0.020851638168096542,
        -0.002229979494586587,
        0.03041014075279236,
        -0.05720606446266174,
        -0.019187966361641884,
        0.025347154587507248,
        -0.013048251159489155,
        -0.014279297553002834,
        0.24840351939201355,
        0.013323073275387287,
        0.0007462386274710298,
        0.030113305896520615,
        -0.03933894261717796,
        0.05429684743285179,
        -0.013194656930863857,
        -0.0007815008284524083,
        -0.0647645965218544,
        -0.051023684442043304,
        0.013168752193450928,
        0.01763254590332508,
        -0.028590183705091476,
        0.08636895567178726,
        -0.058770157396793365,
        0.08436422049999237,
        -0.033647265285253525,
        0.04729590192437172,
        0.055669430643320084,
        -0.01471608504652977,
        0.00010337235289625823,
        -0.009386791847646236,
        0.025137461721897125,
        0.0763792172074318,
        -0.03138422966003418,
        0.03067004680633545,
        -0.09135028719902039,
        0.009094868786633015,
        0.11540146917104721,
        0.01890384778380394,
        -0.018318122252821922,
        0.01633964665234089,
        -0.0020531548652797937,
        -0.023851530626416206,
        0.027442021295428276,
        0.016502656042575836,
        0.04858890548348427,
        0.029965095221996307,
        -0.03839552029967308,
        0.0158961471170187,
        -0.0408049039542675,
        -0.0764644593000412,
        -0.09413325786590576,
        -0.0408049151301384,
        -0.04751535505056381,
        -0.009049669839441776,
        0.03033897466957569,
        -0.03941144049167633,
        0.012257370166480541,
        -0.04294903948903084,
        0.06186102703213692,
        -0.028716646134853363,
        -0.025964032858610153,
        -0.037014808505773544,
        -0.011621791869401932,
        -0.008642549626529217,
        -0.023520972579717636,
        0.05998806282877922,
        0.11432753503322601,
        -0.04930313304066658,
        -0.016989903524518013,
        -0.007186183240264654,
        -0.000733938068151474,
        -0.06558350473642349,
        0.08729219436645508,
        0.061880357563495636,
        -0.039370663464069366,
        -0.019204985350370407,
        0.03472563251852989,
        0.01460989285260439,
        0.017281828448176384,
        0.06664498150348663,
        0.023532073944807053,
        -0.025295721367001534,
        0.01265307143330574,
        0.08442766964435577,
        0.017059030011296272,
        0.00569579703733325,
        -0.02081812545657158,
        0.01683378405869007,
        0.043615397065877914,
        0.0836065262556076,
        -0.049910999834537506,
        -0.07758995145559311,
        0.060731906443834305,
        0.021987970918416977,
        -0.032061025500297546,
        0.002055595861747861,
        -0.022095611318945885,
        0.03814602270722389,
        0.07326273620128632,
        0.003944596741348505,
        0.062407486140728,
        -0.06216659024357796,
        -0.044652167707681656,
        -0.07343189418315887,
        -0.044778842478990555,
        -0.020552070811390877,
        0.011507485061883926,
        0.008444270119071007,
        -0.017613431438803673,
        -0.0485755018889904,
        0.031168190762400627,
        -0.03066357970237732,
        0.018239250406622887,
        0.015125022269785404,
        -0.009641418233513832,
        -0.0367710255086422,
        0.004659088794142008,
        0.05199439078569412,
        0.0010837552836164832,
        -0.06710561364889145,
        0.03202413395047188,
        0.020608220249414444,
        0.0054352073930203915,
        -0.015287285670638084,
        0.00042832590406760573,
        0.0023027011193335056,
        0.01969761960208416,
        0.06283546984195709,
        0.0298821572214365,
        0.05508227273821831,
        -0.09321605414152145,
        -0.05617479234933853,
        -0.24064598977565765,
        -0.003863292746245861,
        0.013558357022702694,
        -0.06458194553852081,
        0.0695323646068573,
        -0.008829704485833645,
        0.015327611938118935,
        -0.04565037414431572,
        0.04113887622952461,
        0.030323058366775513,
        0.004350519739091396,
        -0.016077345237135887,
        -0.022931262850761414,
        0.011263026855885983,
        -0.0254179909825325,
        0.07665283232927322,
        0.007227085996419191,
        0.02655334211885929,
        -0.0369933657348156,
        -0.010521113872528076,
