{
    "index": 115,
    "page": 19,
    "text": "10 do; abuse and contemn thyself; yet a while and the time for thee to \n\nIII. Do, soul,\n\nrespect thyself, will be at an end. Every man’s happiness depends from himself, but \nbehold thy life is almost at an end, whiles affording thyself no respect, thou dost \nmake thy happiness to consist in the souls, and conceits of other men. \n\nIV Why should any of these things that happen externally, so much distract thee? \nGive thyself leisure to learn some good thing, and cease roving and wandering to and \nfro. Thou must also take heed of another kind of wandering, for they are idle in their \nactions, who toil and labour in this life, and have no certain scope to which to direct \nall their motions, and desires.",
    "embedding_of_chunk": [
        -0.038320012390613556,
        0.013926870189607143,
        0.0323365144431591,
        -0.03227093443274498,
        -0.012298895977437496,
        0.027538014575839043,
        0.09725072979927063,
        0.007795525714755058,
        -0.0029226145707070827,
        -0.021477313712239265,
        0.025560477748513222,
        -0.09160484373569489,
        0.007351122330874205,
        0.04136168584227562,
        0.03676409274339676,
        0.024577505886554718,
        -0.024630291387438774,
        0.05499017983675003,
        -0.09750842303037643,
        0.03295401856303215,
        0.054003551602363586,
        -0.028942275792360306,
        -0.03085000440478325,
        -0.059934794902801514,
        0.011642788536846638,
        0.03920355811715126,
        -0.03935476019978523,
        -0.015048184432089329,
        -0.044264648109674454,
        -0.13830523192882538,
        -0.01070377603173256,
        -0.03068366087973118,
        0.021993039175868034,
        -0.011212853714823723,
        -0.030411269515752792,
        -0.02292700484395027,
        -0.039375483989715576,
        0.015571574680507183,
        -0.03475996479392052,
        0.060245051980018616,
        0.0371980257332325,
        0.037246424704790115,
        -0.040344737470149994,
        -0.03794761747121811,
        -0.06355628371238708,
        -0.016301801428198814,
        -0.030592510476708412,
        -0.049402445554733276,
        0.02514425665140152,
        -0.04534727707505226,
        -0.03963679075241089,
        -0.014337883330881596,
        0.019079362973570824,
        0.05345560237765312,
        0.034308165311813354,
        0.018043871968984604,
        0.052571527659893036,
        0.042956434190273285,
        0.04817495495080948,
        0.008465761318802834,
        0.059623487293720245,
        0.036016397178173065,
        -0.2410619854927063,
        0.09488433599472046,
        0.05726645141839981,
        0.005703178234398365,
        -0.029519949108362198,
        -0.013545163907110691,
        0.001484531443566084,
        0.0700618103146553,
        -0.04363588988780975,
        0.03565123304724693,
        0.061719462275505066,
        0.0530216284096241,
        0.019778117537498474,
        -0.016499126330018044,
        -0.023795289918780327,
        -0.08654703199863434,
        -0.024361545220017433,
        0.008471245877444744,
        -0.0025939412880688906,
        0.021656230092048645,
        0.011850566603243351,
        -0.00721105607226491,
        -0.025061937049031258,
        -0.03611575812101364,
        0.007484236266463995,
        -0.06307970732450485,
        0.04608435556292534,
        0.014739776030182838,
        -0.0053845844231545925,
        -0.013166709803044796,
        -0.03288402408361435,
        0.025807324796915054,
        -0.03147929161787033,
        -0.0316212922334671,
        0.042014800012111664,
        0.0018566983053460717,
        -0.0699605867266655,
        0.20068810880184174,
        -0.044613324105739594,
        0.05464056506752968,
        0.036049868911504745,
        -0.04159807413816452,
        0.04708724096417427,
        0.023817455396056175,
        -0.008537659421563148,
        -0.021702634170651436,
        -0.057642895728349686,
        0.0025033249985426664,
        0.02973874658346176,
        -0.032940782606601715,
        0.05205726623535156,
        -0.0460166335105896,
        0.03178137168288231,
        0.025030065327882767,
        0.026097353547811508,
        -0.005062837153673172,
        -0.01760793663561344,
        -0.018138805404305458,
        -0.012819807045161724,
        0.03958788141608238,
        0.07347723096609116,
        -0.04087256267666817,
        -0.00999041460454464,
        -0.12064439058303833,
        0.053031452000141144,
        0.12003117799758911,
        0.01153325755149126,
        -0.030064404010772705,
        0.01827341318130493,
        -0.02197834476828575,
        -0.0463932566344738,
        -0.00886943656951189,
        0.012446540407836437,
        0.023843491449952126,
        -0.01513588149100542,
        -0.02680431306362152,
        0.042019158601760864,
        -0.05110180377960205,
        -0.0011250919196754694,
        -0.13404881954193115,
        -0.03836767002940178,
        -0.1253027766942978,
        0.025386933237314224,
        0.09022393077611923,
        0.048657745122909546,
        0.02088371105492115,
        -0.015503996051847935,
        0.011642658151686192,
        0.007426933851093054,
        0.06535712629556656,
        -0.04952513054013252,
        -0.018085867166519165,
        0.0008756871102377772,
        0.04802803322672844,
        0.010353095829486847,
        0.03785889968276024,
        -0.05283738672733307,
        0.011678383685648441,
        -0.013946452178061008,
        -0.012839027680456638,
        -0.06646166741847992,
        0.12081758677959442,
        0.028754839673638344,
        0.005121766123920679,
        0.01087549515068531,
        0.002656797179952264,
        -0.019004570320248604,
        0.009155876003205776,
        0.016090068966150284,
        -0.03444394841790199,
        -0.06818157434463501,
        0.0730515643954277,
        0.11106628179550171,
        0.015297329053282738,
        -0.02231731079518795,
        0.038346342742443085,
        0.021929346024990082,
        0.026809271425008774,
        0.04485331103205681,
        -0.04109093174338341,
        -0.056238818913698196,
        0.039616793394088745,
        0.014334150590002537,
        -0.03209488466382027,
        0.028607798740267754,
        -0.05567163974046707,
        0.04110083729028702,
        0.030966050922870636,
        -0.06241382658481598,
        0.02467252127826214,
        -0.033079855144023895,
        0.0033128163777291775,
        -0.07420334964990616,
        -0.019139552488923073,
        -0.03009146638214588,
        0.03277580067515373,
        0.008680365048348904,
        0.0371432863175869,
        0.005040127784013748,
        -0.01780835911631584,
        -0.011488591320812702,
        0.021286502480506897,
        0.0216040201485157,
        0.00613392423838377,
        0.0014822181547060609,
        0.017579030245542526,
        0.07093510031700134,
        -0.009122243151068687,
        -0.05057990923523903,
        0.034342456609010696,
        0.07078061252832413,
        -0.0057514505460858345,
        0.005806297529488802,
        -0.002135263988748193,
        0.020757297053933144,
        0.009385771118104458,
        0.0018717172788456082,
        0.06676708906888962,
        -0.0034809778444468975,
        -0.11197159439325333,
        -0.03684821352362633,
        -0.21518519520759583,
        0.020760193467140198,
        -0.005003090016543865,
        -0.049423735588788986,
        0.057290513068437576,
        -0.049654871225357056,
        0.008170004934072495,
        0.03163736313581467,
        0.019765691831707954,
        0.009791753254830837,
        0.03938556835055351,
        -0.04513512924313545,
        -0.02137652412056923,
        0.011333840899169445,
        0.005368881858885288,
        0.08734063804149628,
