{
    "index": 738,
    "page": 116,
    "text": "“After this you will take care not to tell so many fibs of me, especially in the \nSenate. A monstrous fine speech this is! O if I could kiss your head at every \nheading of it! You have looked down on all with a vengeance. This oration once \nread, in vain shall we study, in vain shall we toil, in vain strain every nerve. \nFarewell always, most sweet master.” \n\nSometimes Fronto descends from the heights of eloquence to offer practical advice; \nas when he suggests how Marcus should deal with his suite. It is more difficult, he \nadmits, to keep courtiers in harmony than to tame lions with a lute; but if it is to be \ndone, it must be by eradicating jealousy. “Do not let your friends,” says Fronto,”\n\n77",
    "embedding_of_chunk": [
        -0.036397259682416916,
        0.03288748487830162,
        0.037147197872400284,
        -0.034301429986953735,
        -0.010463258251547813,
        -0.010878844186663628,
        0.08683981001377106,
        0.021572954952716827,
        0.024322129786014557,
        -0.031545571982860565,
        -0.00228638737462461,
        -0.043502550572156906,
        0.07509563863277435,
        0.030781574547290802,
        0.01294971164315939,
        -0.005645117722451687,
        -0.0074214027263224125,
        0.044278357177972794,
        -0.05194725841283798,
        0.01897267997264862,
        0.07259251922369003,
        -0.02179236151278019,
        -0.028649823740124702,
        -0.05555819720029831,
        0.03586215898394585,
        0.04106743633747101,
        -0.011015525087714195,
        -0.034823380410671234,
        -0.03874247521162033,
        -0.18529966473579407,
        0.00873060617595911,
        -0.0656227245926857,
        0.0418403185904026,
        -0.024367045611143112,
        0.01922876201570034,
        -0.00289283343590796,
        -0.004034124780446291,
        0.03369641676545143,
        -0.0588468462228775,
        0.05344829335808754,
        0.06236622482538223,
        0.021746646612882614,
        -0.005074484273791313,
        -0.03882729634642601,
        -0.0277860164642334,
        -0.034404005855321884,
        -0.013612920418381691,
        -0.017566554248332977,
        0.045620985329151154,
        -0.01484563760459423,
        0.002275915816426277,
        -0.09346377104520798,
        0.0090984757989645,
        0.003625450888648629,
        0.005903393030166626,
        0.01507360115647316,
        0.07832751423120499,
        0.03658017888665199,
        0.03408525511622429,
        0.06601840257644653,
        0.023104967549443245,
        0.014833305031061172,
        -0.2592591345310211,
        0.06826271861791611,
        0.0700216218829155,
        0.02426045574247837,
        -0.08213735371828079,
        0.029579294845461845,
        -0.002219796646386385,
        0.09649267047643661,
        -0.04115317389369011,
        0.02768051065504551,
        0.037926509976387024,
        0.04905771091580391,
        0.019188623875379562,
        -0.0203714482486248,
        -0.027233432978391647,
        -0.034812234342098236,
        0.018047045916318893,
        0.01764128915965557,
        0.00640059681609273,
        0.02010514587163925,
        -0.0073784710839390755,
        -0.023368066176772118,
        -0.042831167578697205,
        -0.05362026393413544,
        0.06465056538581848,
        -0.022435534745454788,
        0.01655571721494198,
        -0.007750040385872126,
        -0.0028905172366648912,
        -0.022924913093447685,
        -0.007630675099790096,
        -0.006613168399780989,
        -0.03147313371300697,
        -0.026139475405216217,
        0.038041483610868454,
        0.002139559481292963,
        -0.041066691279411316,
        0.1857919692993164,
        -0.030612388625741005,
        0.045541923493146896,
        0.047497641295194626,
        -0.019857879728078842,
        0.05189327895641327,
        -0.00905049778521061,
        0.03189852833747864,
        -0.034768179059028625,
        0.01318981684744358,
        0.032749298959970474,
        -0.007007461506873369,
        -0.03916359692811966,
        0.03643568232655525,
        -0.026302138343453407,
        0.03774198889732361,
        -0.0039048956241458654,
        0.05169308930635452,
        0.008496180176734924,
        -0.06667464226484299,
        -0.008068050257861614,
        -0.0183967724442482,
        -0.0001758784637786448,
        0.029382890090346336,
        0.025688566267490387,
        0.04106428101658821,
        -0.13165058195590973,
        0.07122573256492615,
        0.11794581264257431,
        0.019233252853155136,
        -0.003844283986836672,
        -0.007545559201389551,
        -0.0177060067653656,
        -0.04902174323797226,
        -0.034929059445858,
        0.012869290076196194,
        0.03533609211444855,
        0.008905169554054737,
        -0.019663965329527855,
        0.044255342334508896,
        -0.062455914914608,
        -0.036709245294332504,
        -0.15553990006446838,
        -0.016759278252720833,
        -0.07071848213672638,
        -0.0020545085426419973,
        0.09245448559522629,
        -0.02293528988957405,
        0.012459884397685528,
        -0.03673921898007393,
        0.0477338545024395,
        -0.0025648633018136024,
        0.006360175088047981,
        -0.029445821419358253,
        0.0028450251556932926,
        0.0017539155669510365,
        0.01237582415342331,
        0.0030971283558756113,
        0.10386433452367783,
        -0.07529020309448242,
        0.037687983363866806,
        0.006795589346438646,
        -0.037979383021593094,
        -0.032448094338178635,
        0.051751382648944855,
        0.03740518167614937,
        -0.027480121701955795,
        -0.029598504304885864,
        -0.003468092530965805,
        0.0006929196533747017,
        -0.048616860061883926,
        0.0671306699514389,
        0.012372057884931564,
        -0.0688248872756958,
        0.015568590722978115,
        0.07135417312383652,
        0.009648503735661507,
        -0.011329660192131996,
        -0.06163621321320534,
        -0.03728253021836281,
        0.008862609975039959,
        0.05183842405676842,
        -0.026646969839930534,
        -0.04883403331041336,
        0.028819730505347252,
        0.024782488122582436,
        -0.012463118880987167,
        -0.002871130360290408,
        -0.03395501524209976,
        0.04575105011463165,
        0.08719994127750397,
        -0.03717202693223953,
        0.08363858610391617,
        -0.08993213623762131,
        -0.031140582635998726,
        -0.06011023744940758,
        -0.034477293491363525,
        -0.0013616163050755858,
        -0.029596537351608276,
        -0.03699678182601929,
        0.01086531113833189,
        -0.04746812954545021,
        -0.00928510446101427,
        -0.06181830167770386,
        0.04458486661314964,
        0.0718105211853981,
        0.05758463591337204,
        0.010625970549881458,
        -0.03166082501411438,
        0.06577812880277634,
        -0.003377743298187852,
        -0.05466543138027191,
        0.005656992085278034,
        0.0614999458193779,
        0.01675986312329769,
        -0.026589270681142807,
        0.04619796201586723,
        -0.01698955148458481,
        0.07274901121854782,
        0.004348432179540396,
        0.013185355812311172,
        0.021570822224020958,
        -0.04342548921704292,
        -0.07415236532688141,
        -0.2423499971628189,
        0.0161285437643528,
        -0.0209153164178133,
        -0.051237329840660095,
        0.05702484771609306,
        -0.04590193182229996,
        0.04290667176246643,
        -0.02229759283363819,
        0.04407728835940361,
        0.012688182294368744,
        0.04522727429866791,
        -0.03806499019265175,
        -0.035871054977178574,
        0.05699216574430466,
        -0.036181166768074036,
        0.0548105463385582,
        0.05104098841547966,
