{
    "index": 113,
    "page": 19,
    "text": "II. Let it be thy earnest and incessant care as a Roman and a man to perform what-\nsoever it is that thou art about, with true and unfeigned gravity, natural affection, \nfreedom and justice: and as for all other cares, and imaginations, how thou mayest \nease thy mind of them. Which thou shalt do; if thou shalt go about every action as \nthy last action, free from all vanity, all passionate and wilful aberration from reason, \nand from all hypocrisy, and self-love, and dislike of those things, which by the fates \nor appointment of God have happened unto thee. Thou seest that those things, \nwhich for a man to hold on in a prosperous course, and to live a divine life, are req-\nuisite and necessary, are not many, for the gods will require no more of any man,",
    "embedding_of_chunk": [
        -0.027148161083459854,
        0.01843847520649433,
        0.024013429880142212,
        -0.0299869105219841,
        -0.029427072033286095,
        0.018767014145851135,
        0.09463787823915482,
        0.06551250070333481,
        0.017822109162807465,
        -0.023931676521897316,
        -0.013658191077411175,
        -0.0839955136179924,
        0.024075835943222046,
        0.015178021043539047,
        0.02007312700152397,
        0.004509991500526667,
        0.0029380933847278357,
        0.057766858488321304,
        -0.09695524722337723,
        0.02928600274026394,
        0.042645931243896484,
        -0.026947202160954475,
        0.0006832063663750887,
        -0.07161057740449905,
        -0.003971475176513195,
        0.04935973137617111,
        -0.04914286732673645,
        -0.036257799714803696,
        -0.0029995793011039495,
        -0.16833069920539856,
        0.010644088499248028,
        -0.05649852752685547,
        0.029843609780073166,
        -0.014554169028997421,
        -0.01790742389857769,
        -0.02632405236363411,
        -0.05861176177859306,
        0.03748016804456711,
        -0.03058771975338459,
        0.06890290230512619,
        0.024538060650229454,
        0.00985785759985447,
        -0.008259313181042671,
        -0.06546909362077713,
        -0.010324067436158657,
        -0.025974083691835403,
        0.0016775369876995683,
        -0.03941928967833519,
        0.012940807268023491,
        -0.0023456241469830275,
        -0.030843766406178474,
        -0.003947149962186813,
        -0.004922767169773579,
        0.06776465475559235,
        0.03548641875386238,
        0.03415346145629883,
        0.046428095549345016,
        0.01480567641556263,
        0.015072694979608059,
        0.019489329308271408,
        0.02886749617755413,
        0.016918102279305458,
        -0.225442573428154,
        0.11492890119552612,
        -0.011014798656105995,
        -0.00048223978956229985,
        -0.042848337441682816,
        -0.03554898500442505,
        -0.011278708465397358,
        0.09302493929862976,
        -0.006280757021158934,
        0.042800333350896835,
        0.03999662026762962,
        0.06026662886142731,
        0.005933122243732214,
        -0.03340752795338631,
        0.005263773258775473,
        -0.05758846551179886,
        -0.005946486257016659,
        0.030424712225794792,
        -0.026607170701026917,
        0.015023532323539257,
        0.005920718424022198,
        -0.009922970086336136,
        -0.04288088530302048,
        -0.04781027138233185,
        0.01577853038907051,
        -0.07925936579704285,
        0.07102277129888535,
        0.020148305222392082,
        -0.004823917523026466,
        -0.027239300310611725,
        -0.031821563839912415,
        0.00672761769965291,
        -0.04287639632821083,
        0.021879088133573532,
        0.02184566855430603,
        0.02716570347547531,
        -0.041222695261240005,
        0.21225140988826752,
        0.012494096532464027,
        0.004632655531167984,
        0.04165775328874588,
        0.015569062903523445,
        0.06486086547374725,
        0.008206112310290337,
        -0.0038589718751609325,
        -0.050116609781980515,
        -0.020712008699774742,
        0.01609044149518013,
        0.018426673486828804,
        -0.03129513934254646,
        0.04620963707566261,
        -0.04669732227921486,
        0.050430964678525925,
        0.02157048135995865,
        0.0530000664293766,
        0.00489817326888442,
        -0.044692449271678925,
        -0.028843456879258156,
        -0.007080403156578541,
        0.018935848027467728,
        0.0708230584859848,
        -0.0040220413357019424,
        0.013008270412683487,
        -0.11729209870100021,
        0.060262925922870636,
        0.08418311178684235,
        -0.0024868748150765896,
        -0.024027884006500244,
        0.015115374699234962,
        -0.047920431941747665,
        -0.03266805782914162,
        0.005883446894586086,
        0.012049071490764618,
        0.006594167556613684,
        -0.0001601736294105649,
        -0.004107688553631306,
        0.0800587460398674,
        -0.05468352511525154,
        -0.012933493591845036,
        -0.16298992931842804,
        -0.05782400816679001,
        -0.15332657098770142,
        0.022621046751737595,
        0.10072745382785797,
        0.024017518386244774,
        -0.002496966626495123,
        -0.01116455253213644,
        0.04920460656285286,
        -0.03243981674313545,
        0.059864554554224014,
        -0.03874211385846138,
        -0.022283008322119713,
        0.014218530617654324,
        0.020882515236735344,
        0.05100979283452034,
        0.0895669236779213,
        -0.05310169979929924,
        0.02586321532726288,
        0.026941249147057533,
        -0.03740886226296425,
        -0.07704362273216248,
        0.1260911375284195,
        0.022673361003398895,
        -0.033186379820108414,
        -0.005402983631938696,
        0.009574387222528458,
        -0.009927881881594658,
        0.019775522872805595,
        0.07004565745592117,
        0.01790524646639824,
        -0.07424385845661163,
        0.04408327490091324,
        0.08642745763063431,
        0.0533810518682003,
        -0.05050169304013252,
        0.0016244271537289023,
        -0.015790864825248718,
        0.011935402639210224,
        0.01850544661283493,
        -0.04506700485944748,
        -0.02994208037853241,
        0.025844713672995567,
        -0.007517113350331783,
        -0.040333494544029236,
        -0.031194893643260002,
        -0.0208875872194767,
        0.04171876609325409,
        0.0692576915025711,
        0.00012313135084696114,
        0.06512420624494553,
        -0.06117890775203705,
        -0.011959590949118137,
        -0.029716266319155693,
        -0.00024316387134604156,
        -0.03408566117286682,
        0.0017026776913553476,
        -0.03315815329551697,
        -0.011838843114674091,
        -0.02262805588543415,
        -0.02980020083487034,
        -0.01658986695110798,
        0.02904449589550495,
        0.04562002792954445,
        -0.013094729743897915,
        -0.022880664095282555,
        -0.017062857747077942,
        0.024060610681772232,
        0.011905723251402378,
        -0.06199661269783974,
        0.04522842541337013,
        0.043960925191640854,
        -0.022534117102622986,
        0.0015106189530342817,
        0.0327879898250103,
        0.029765401035547256,
        0.01610196754336357,
        0.029141906648874283,
        0.05177146568894386,
        0.05203026160597801,
        -0.0812949612736702,
        -0.045999109745025635,
        -0.23137930035591125,
        0.02055254392325878,
        -0.015183807350695133,
        -0.05656960606575012,
        0.059187497943639755,
        -0.07456761598587036,
        0.017079487442970276,
        -0.025457963347434998,
        0.034912049770355225,
        0.035322945564985275,
        0.051907382905483246,
        -0.04838336259126663,
        -0.051001742482185364,
        0.044828131794929504,
        -0.007130700629204512,
