{
    "index": 652,
    "page": 101,
    "text": "or incontinency, or to sorrow, or to fear, is nothing else but a separation from nature. \nAlso when the mind is grieved for anything that is happened by the divine provi-\ndence, then doth it likewise forsake its own place. For it was ordained unto holiness \nand godliness, which specially consist in an humble submission to God and His \nprovidence in all things; as well as unto justice: these also being part of those duties, \nwhich as naturally sociable, we are bound unto; and without which we cannot happi-\nly converse one with another: yea and the very ground and fountain indeed of all just \nactions.",
    "embedding_of_chunk": [
        0.035907138139009476,
        -0.009422022849321365,
        0.032314471900463104,
        -0.023992734029889107,
        0.009584734216332436,
        0.03373734652996063,
        0.10627695173025131,
        0.017948482185602188,
        0.04341188073158264,
        -0.028452156111598015,
        -0.008167760446667671,
        -0.07550826668739319,
        0.07012101262807846,
        0.05512687936425209,
        -0.008598576299846172,
        -0.0026325704529881477,
        -0.0067349751479923725,
        0.0772630050778389,
        -0.08281610161066055,
        0.02303623966872692,
        0.10322614759206772,
        -0.02817625179886818,
        -0.012977460399270058,
        -0.04653902351856232,
        -0.010839896276593208,
        0.010941858403384686,
        -0.03644025698304176,
        -0.04282669350504875,
        -0.006954521872103214,
        -0.14896048605442047,
        0.0010442960774526,
        -0.037160445004701614,
        0.032104771584272385,
        -0.015132857486605644,
        -0.0003663419629447162,
        0.0030375998467206955,
        -0.06503406912088394,
        0.08623574674129486,
        -0.033518992364406586,
        0.055162496864795685,
        0.025777408853173256,
        0.030315132811665535,
        -0.047470685094594955,
        -0.04016558825969696,
        0.0004436873132362962,
        -0.02411974035203457,
        -0.0052718487568199635,
        -0.02961660735309124,
        0.059214163571596146,
        -0.02751856856048107,
        0.0029104070272296667,
        -0.004429885186254978,
        -0.005423033144325018,
        0.07479656487703323,
        0.014569743536412716,
        0.020929571241140366,
        0.03586921840906143,
        0.007671363651752472,
        0.02330184541642666,
        0.023638863116502762,
        0.07128876447677612,
        0.018075251951813698,
        -0.185083270072937,
        0.10350078344345093,
        0.04540915787220001,
        0.0069130477495491505,
        -0.014519672840833664,
        -0.033432573080062866,
        0.05540867894887924,
        0.04097945615649223,
        -0.021918410435318947,
        0.027764007449150085,
        0.006932966876775026,
        0.04415430873632431,
        0.04198983684182167,
        -0.014079337008297443,
        0.040655460208654404,
        -0.011255331337451935,
        0.004860871005803347,
        0.04056953638792038,
        0.07155364006757736,
        0.03660314530134201,
        -0.053652480244636536,
        0.01071229763329029,
        -0.0567086823284626,
        -0.05213570222258568,
        0.018337568268179893,
        -0.059834420680999756,
        0.009837429970502853,
        -0.015313517302274704,
        -0.028083980083465576,
        -0.00456378236413002,
        -0.02757219783961773,
        0.014451972208917141,
        -0.01675974205136299,
        -0.01674344390630722,
        -0.004660471808165312,
        0.0025723306462168694,
        -0.04063061252236366,
        0.21353141963481903,
        -0.04937553405761719,
        0.0665268823504448,
        0.032962433993816376,
        -0.05324045941233635,
        0.0502762645483017,
        0.0032902767416089773,
        -0.005489144008606672,
        -0.07232329249382019,
        -0.025223635137081146,
        0.022930722683668137,
        0.01144292764365673,
        -0.042746420949697495,
        0.027509305626153946,
        -0.0526188425719738,
        0.035258207470178604,
        0.010584644041955471,
        0.033660613000392914,
        0.03922368213534355,
        -0.004433407448232174,
        -0.006196716800332069,
        -0.05581260472536087,
        -0.01444635633379221,
        0.031296245753765106,
        -0.016071924939751625,
        0.03580204397439957,
        -0.07633163034915924,
        0.03321155160665512,
        0.14739520847797394,
        0.02138548530638218,
        -0.06467333436012268,
        0.018581606447696686,
        -0.04594242572784424,
        -0.012625565752387047,
        -0.016210949048399925,
        0.007652276661247015,
        0.02981608919799328,
        0.008075791411101818,
        -0.019511140882968903,
        0.052452683448791504,
        -0.031157631427049637,
        -0.0338435024023056,
        -0.15050268173217773,
        -0.04247486591339111,
        -0.10471175611019135,
        -0.01521415077149868,
        0.09599471092224121,
        -0.005872384645044804,
        0.018330058082938194,
        -0.018725257366895676,
        0.06274259835481644,
        -0.06024627387523651,
        0.047707173973321915,
        -0.03440041095018387,
        -0.027598530054092407,
        0.0373309962451458,
        -0.0019066552631556988,
        0.030239319428801537,
        0.027704373002052307,
        -0.02276303432881832,
        0.0035030441358685493,
        0.018630696460604668,
        -0.04006257280707359,
        -0.03689984977245331,
        0.13341183960437775,
        0.023359214887022972,
        -0.014380826614797115,
        -0.024951079860329628,
        -0.005237879231572151,
        -0.005012650974094868,
        0.0010148987639695406,
        0.020983470603823662,
        0.01946396939456463,
        -0.010118836537003517,
        0.037294503301382065,
        0.04190609231591225,
        0.042383015155792236,
        -0.0404263436794281,
        -0.0051142447628080845,
        -0.026272080838680267,
        0.052550725638866425,
        0.014438183046877384,
        -0.055880967527627945,
        -0.05732135847210884,
        0.04413723945617676,
        0.027803434059023857,
        -0.04507831111550331,
        -0.015475885942578316,
        -0.021969100460410118,
        0.019161520525813103,
        0.05123279243707657,
        -0.004678233526647091,
        0.009646784514188766,
        -0.046804279088974,
        -0.05950915813446045,
        -0.06729167699813843,
        0.004511566832661629,
        -0.026114899665117264,
        -0.011911271139979362,
        -0.02296736091375351,
        -0.003378842957317829,
        -0.0018753805197775364,
        -0.030064059421420097,
        -0.03478304669260979,
        0.008758570067584515,
        0.019369453191757202,
        0.03407352417707443,
        -0.008957801386713982,
        -0.004015853628516197,
        -0.009102297015488148,
        0.019682133570313454,
        -0.020588533952832222,
        0.03828006237745285,
        0.06416629999876022,
        -0.03893497213721275,
        -0.012033388949930668,
        0.05332460626959801,
        0.02423781342804432,
        -0.004077188670635223,
        0.05038229748606682,
        0.025505905970931053,
        0.044718071818351746,
        -0.09562141448259354,
        -0.04627314582467079,
        -0.23790889978408813,
        0.007627808954566717,
        -0.014899051748216152,
        -0.07328984886407852,
        0.06999345868825912,
        -0.05779489874839783,
        -0.002441340358927846,
        -0.025237442925572395,
        0.03204558417201042,
        -0.001692440127953887,
        0.08904056251049042,
        -0.02110217697918415,
        -0.032759759575128555,
        0.06483384221792221,
        -0.007441125810146332,
        0.04318089410662651,
        0.03585774078965187,
        -0.03688697889447212,
        -0.04072006046772003,
