{
    "index": 236,
    "page": 38,
    "text": "thou dost not love thyself, for if thou didst, thou wouldst also love thy nature, and \nthat which thy nature doth propose unto herself as her end. Others, as many as take \npleasure in their trade and profession, can even pine themselves at their works, and \nneglect their bodies and their food for it; and doest thou less honour thy nature, than \nan ordinary mechanic his trade; or a good dancer his art? than a covetous man his \nsilver, and vainglorious man applause? These to whatsoever they take an affection, \ncan be content to want their meat and sleep, to further that every one which he af-\nfects: and shall actions tending to the common good of human society, seem more \nvile unto thee, or worthy of less respect and intention?",
    "embedding_of_chunk": [
        -0.007552567403763533,
        0.020966917276382446,
        0.02561144158244133,
        -0.03102879412472248,
        -0.013912040740251541,
        0.024400971829891205,
        0.11826654523611069,
        0.032673779875040054,
        0.036416951566934586,
        -0.02275904454290867,
        0.011478723958134651,
        -0.0997747927904129,
        0.01851114071905613,
        0.021098816767334938,
        -0.017884844914078712,
        0.02985677868127823,
        0.010554593987762928,
        0.05383703112602234,
        -0.08483364433050156,
        0.04051310569047928,
        0.045210182666778564,
        -0.03428621590137482,
        -0.02177589014172554,
        -0.056781552731990814,
        0.010420727543532848,
        0.01187613233923912,
        -0.024541255086660385,
        -0.028224147856235504,
        -0.02829657681286335,
        -0.12163174897432327,
        -0.0204224344342947,
        -0.05129576846957207,
        0.038498662412166595,
        0.01456759124994278,
        -0.00539808627218008,
        -0.011607622727751732,
        -0.009510108269751072,
        0.007175497245043516,
        -0.043905965983867645,
        0.07001466304063797,
        0.03530063107609749,
        -0.002077104989439249,
        -0.024763043969869614,
        -0.041077736765146255,
        -0.010056870058178902,
        -0.04041284695267677,
        -0.007628865074366331,
        -0.013773036189377308,
        -0.01719064824283123,
        -0.02927558682858944,
        -0.032014600932598114,
        -0.03813369199633598,
        -0.010227245278656483,
        0.0552845261991024,
        0.027738414704799652,
        0.0413544662296772,
        0.04893758147954941,
        0.013299891725182533,
        0.03595612198114395,
        -0.008108478039503098,
        0.044669002294540405,
        0.01848672330379486,
        -0.23510749638080597,
        0.06360051780939102,
        0.0716526210308075,
        0.014770745299756527,
        -0.03981715068221092,
        -0.013743503019213676,
        -0.023984314873814583,
        0.045439913868904114,
        -0.013241431675851345,
        0.04370219260454178,
        0.06092596426606178,
        0.026252413168549538,
        0.018660517409443855,
        -0.02619938552379608,
        -0.014022293500602245,
        -0.043047767132520676,
        -0.03315313532948494,
        0.02124379388988018,
        -0.014589982107281685,
        0.0019975057803094387,
        0.00462083937600255,
        -0.006845541298389435,
        -0.049550820142030716,
        -0.050142381340265274,
        0.013815491460263729,
        -0.07730387896299362,
        0.054621584713459015,
        0.01882784441113472,
        -0.027455154806375504,
        -0.03551594540476799,
        -0.021987836807966232,
        0.0062609948217868805,
        -0.02986926957964897,
        -0.01027944777160883,
        0.027465520426630974,
        -0.022643672302365303,
        -0.059061042964458466,
        0.20135779678821564,
        -0.03452008590102196,
        0.06432749330997467,
        0.026890158653259277,
        -0.03603953868150711,
        0.04539806768298149,
        0.007370633073151112,
        -0.038970768451690674,
        -0.030229104682803154,
        -0.02088780142366886,
        0.02306743711233139,
        -0.004491577390581369,
        -0.021830890327692032,
        0.025173593312501907,
        -0.03640465810894966,
        0.06571895629167557,
        0.01582859456539154,
        0.04421104118227959,
        0.014609253965318203,
        -0.02763409912586212,
        -0.025682007893919945,
        -0.013448677957057953,
        0.02733946219086647,
        0.08427602052688599,
        -0.01566378027200699,
        0.006395009346306324,
        -0.10267836600542068,
        0.048076383769512177,
        0.11393376439809799,
        0.012895527295768261,
        -0.014275151304900646,
        -0.00019970668654423207,
        -0.03555472195148468,
        -0.03164583444595337,
        -0.037391066551208496,
        0.0435669831931591,
        0.023192211985588074,
        -0.010307425633072853,
        -0.024316849187016487,
        0.04592512175440788,
        -0.018432050943374634,
        -0.01559340488165617,
        -0.1527644544839859,
        -0.056539248675107956,
        -0.1120382696390152,
        0.010593014769256115,
        0.07433091849088669,
        0.054219141602516174,
        0.05042235925793648,
        -0.05782008543610573,
        0.046461235731840134,
        -0.04131006449460983,
        0.02259933017194271,
        -0.056714605540037155,
        0.014265021309256554,
        -0.0021284902468323708,
        0.03988759219646454,
        0.0484166294336319,
        0.06810048222541809,
        -0.020593449473381042,
        0.012674539349973202,
        0.04091351106762886,
        -0.005959374830126762,
        -0.03584589809179306,
        0.09903956949710846,
        0.029526658356189728,
        -0.028813693672418594,
        -0.0055329944007098675,
        -0.01030633132904768,
        0.009874369949102402,
        0.008244877681136131,
        0.05135488510131836,
        0.021418727934360504,
        -0.10023342072963715,
        0.06562907993793488,
        0.10436501353979111,
        0.03254415839910507,
        -0.04667819291353226,
        -0.0009799565887078643,
        -0.017770661041140556,
        0.026173381134867668,
        0.05244269594550133,
        -0.03617526590824127,
        -0.043297216296195984,
        0.06877496093511581,
        0.018925664946436882,
        0.005167658440768719,
        -0.005268030799925327,
        -0.019823528826236725,
        0.04885333031415939,
        0.06788331270217896,
        0.00950949639081955,
        0.041750818490982056,
        -0.05532510578632355,
        -0.016971394419670105,
        -0.04673595353960991,
        -0.01851811818778515,
        -0.03172105550765991,
        0.012974236160516739,
        -0.03582433611154556,
        0.016178160905838013,
        -0.008272922597825527,
        0.0016261711716651917,
        -0.020703010261058807,
        0.0233429167419672,
        0.06344707310199738,
        0.022771527990698814,
        -0.004703941289335489,
        -0.03270741179585457,
        0.05396368354558945,
        0.005779103375971317,
        -0.04521619528532028,
        0.035294391214847565,
        0.043123967945575714,
        0.015612699091434479,
        -0.03862369433045387,
        0.06492385268211365,
        0.02104228362441063,
        0.02780461683869362,
        0.035338256508111954,
        0.04663035273551941,
        0.01276369858533144,
        -0.11487916857004166,
        -0.06820887327194214,
        -0.19741570949554443,
        0.003570346627384424,
        -0.0102821234613657,
        -0.06633314490318298,
        0.08875744044780731,
        -0.059181321412324905,
        -0.013292677700519562,
        -0.005824763793498278,
        0.015309365466237068,
        0.02519637905061245,
        0.0730055645108223,
        -0.037374481558799744,
        -0.029332950711250305,
        0.0513024628162384,
        0.026136379688978195,
        0.09175179153680801,
