{
    "index": 21,
    "page": 5,
    "text": "against oppression, and public help was given to cities or districts which might be \nvisited by calamity. The great blot on his name, and one hard indeed to explain, is \nhis treatment of the Christians. In his reign Justin at Rome became a martyr to his \nfaith, and Polycarp at Smyrna, and we know of many outbreaks of fanaticism in the \nprovinces which caused the death of the faithful. It is no excuse to plead that he \nknew nothing about the atrocities done in his name: it was his duty to know, and if \nhe did not he would have been the first to confess that he had failed in his duty. But \nfrom his own tone in speaking of the Christians it is clear he knew them only from \ncalumny; and we hear of no measures taken even to secure that they should have a",
    "embedding_of_chunk": [
        -0.006537678185850382,
        0.048739343881607056,
        0.04210794344544411,
        -0.013892746530473232,
        -0.02540840394794941,
        -0.0014687345828860998,
        0.08887431770563126,
        0.06734740734100342,
        0.004988662898540497,
        -0.019333258271217346,
        -0.01642044447362423,
        -0.04432123154401779,
        0.02076195739209652,
        0.050158318132162094,
        0.030817633494734764,
        -9.7797361377161e-05,
        -0.027076661586761475,
        0.07091695070266724,
        -0.06538057327270508,
        0.0016697822138667107,
        0.04614637792110443,
        -0.023880377411842346,
        -0.027849268168210983,
        -0.05409388244152069,
        0.00751058105379343,
        0.003848588326945901,
        -0.034008756279945374,
        0.011902911588549614,
        -0.026313541457057,
        -0.1876140534877777,
        0.007452439982444048,
        -0.05412836745381355,
        0.05021984875202179,
        -0.03370484337210655,
        -0.014033685438334942,
        -0.022768711671233177,
        -0.04816875234246254,
        0.037184614688158035,
        -0.04248952120542526,
        0.0523667111992836,
        0.06685508042573929,
        0.06583317369222641,
        -0.0238559078425169,
        -0.017750604078173637,
        -0.016615524888038635,
        -0.03640669584274292,
        0.01472118403762579,
        -0.0016074918676167727,
        0.047821346670389175,
        -0.04626892879605293,
        -0.0005600411677733064,
        0.02910654991865158,
        -0.0002513355575501919,
        0.0010588245932012796,
        0.0037324049044400454,
        -0.005884992890059948,
        0.07054133713245392,
        0.06610209494829178,
        0.07778540998697281,
        0.04619989171624184,
        0.006142312660813332,
        0.04310329630970955,
        -0.2581237554550171,
        0.04874132573604584,
        0.014099778607487679,
        0.028480565175414085,
        -0.06535079330205917,
        -0.0247808750718832,
        0.01478912215679884,
        0.047001466155052185,
        -0.04618535190820694,
        0.0216730497777462,
        0.04589427262544632,
        0.060661815106868744,
        -0.022696148604154587,
        -0.05897519737482071,
        -0.018280306831002235,
        -0.013125804252922535,
        0.00013412664702627808,
        0.0032815367449074984,
        0.01655537635087967,
        0.023953398689627647,
        0.03596318140625954,
        -0.06249701604247093,
        -0.02162919193506241,
        -0.0332513302564621,
        -0.007152576465159655,
        -0.02918863855302334,
        0.054240722209215164,
        0.0021952372044324875,
        0.04796221852302551,
        -0.028440123423933983,
        -0.00952647440135479,
        0.040468499064445496,
        -0.11377920210361481,
        -0.037374865263700485,
        0.03351239114999771,
        0.046172067523002625,
        -0.07745275646448135,
        0.23322805762290955,
        -0.0036900488194078207,
        -0.01857246272265911,
        0.025384321808815002,
        0.011597882956266403,
        0.0949115976691246,
        -0.02196742407977581,
        -0.006701585371047258,
        -0.04152795299887657,
        -0.024085313081741333,
        -0.008811105974018574,
        -0.004784257151186466,
        -0.06825800985097885,
        -0.00833162758499384,
        -0.03715602308511734,
        0.02420341782271862,
        -0.009388003498315811,
        0.0681414008140564,
        0.010700151324272156,
        -0.07840727269649506,
        0.011407796293497086,
        0.031818173825740814,
        0.0019953486043959856,
        0.04471604526042938,
        0.017107391729950905,
        0.0610150545835495,
        -0.04209795594215393,
        0.010255398228764534,
        0.07417363673448563,
        0.02813684195280075,
        -0.029227830469608307,
        0.01611303724348545,
        -0.04726175591349602,
        -0.020468752831220627,
        -0.03558927774429321,
        0.008396835997700691,
        0.03223634511232376,
        0.011465229094028473,
        -0.019600877538323402,
        0.0606730580329895,
        -0.04606211930513382,
        -0.023580260574817657,
        -0.13321810960769653,
        -0.042557813227176666,
        -0.07442950457334518,
        -0.05527684837579727,
        0.027210073545575142,
        -0.01584366336464882,
        0.022604983299970627,
        -0.029883429408073425,
        0.015206937678158283,
        -0.016367578878998756,
        0.03427703678607941,
        -0.0704730749130249,
        -0.022286586463451385,
        0.015487298369407654,
        0.04862450435757637,
        0.04843704774975777,
        0.11188831180334091,
        -0.02135469578206539,
        0.009463253431022167,
        -0.002731466665863991,
        -0.05322549492120743,
        -0.03171743080019951,
        0.10964081436395645,
        0.05554302781820297,
        -0.02758810855448246,
        -0.009396073408424854,
        0.03076920472085476,
        0.005867083556950092,
        -0.03810630366206169,
        0.03266281262040138,
        0.021764028817415237,
        -0.0736023411154747,
        0.020070726051926613,
        0.045337922871112823,
        0.0313870944082737,
        -0.014679123647511005,
        -0.010402781888842583,
        0.017433403059840202,
        -0.004600290674716234,
        0.044473934918642044,
        -0.0344124510884285,
        -0.045065365731716156,
        0.04699839651584625,
        0.012232153676450253,
        -0.04427452012896538,
        -0.018828559666872025,
        -0.0038702397141605616,
        0.03827117756009102,
        0.04305294528603554,
        0.005232589785009623,
        0.06057589128613472,
        -0.06411835551261902,
        -0.052473705261945724,
        -0.06595414131879807,
        -0.023068299517035484,
        -0.05086571350693703,
        0.0066197835840284824,
        0.012318451888859272,
        -0.01061391830444336,
        -0.014120559208095074,
        -0.00021051717340014875,
        -0.021156907081604004,
        0.050741132348775864,
        0.03702561929821968,
        -0.021392442286014557,
        -0.03227311372756958,
        0.003511460032314062,
        0.012569346465170383,
        0.016357021406292915,
        -0.049419865012168884,
        0.060065291821956635,
        0.01588633470237255,
        -0.0416373573243618,
        -0.02888156659901142,
        0.03587138280272484,
        -0.01191757246851921,
        0.023018136620521545,
        0.033888932317495346,
        0.05097023770213127,
        0.06016460433602333,
        -0.0801650807261467,
        -0.08518923819065094,
        -0.2316514253616333,
        -0.014791603200137615,
        -0.011085263453423977,
        -5.670466634910554e-05,
        0.0748603418469429,
        -0.02626604400575161,
        0.0351724848151207,
        -0.0007138467626646161,
        0.03910312056541443,
        0.07299895584583282,
        0.03654887154698372,
        -0.022333793342113495,
        -0.029851457104086876,
        0.05022178962826729,
        -0.009318321943283081,
