{
    "index": 416,
    "page": 65,
    "text": "judgment may say, to that which is befallen her by way of cross: this thou art in very \ndeed, and according to thy true nature: notwithstanding that in the judgment of \nopinion thou dust appear otherwise: and her discretion to the present object; thou \nart that, which I sought for. For whatsoever it be, that is now present, shall ever be \nembraced by me as a fit and seasonable object, both for my reasonable faculty, and \nfor my sociable, or charitable inclination to work upon. And that which is principal in \n                                            \n34 [“How know we,” etc. (66): The Greek means: “How know we whether Telauges were not nobler in character \nthan Sophocles?” The allusion is unknown.]",
    "embedding_of_chunk": [
        -0.0070613110437989235,
        -0.01017540693283081,
        0.023960616439580917,
        -0.030012106522917747,
        -0.003069082507863641,
        -0.00025045714573934674,
        0.10830828547477722,
        0.04641260206699371,
        0.0005340900970622897,
        -0.010698246769607067,
        -0.03056127391755581,
        -0.06737294793128967,
        -0.0006414692616090178,
        0.03207460045814514,
        -0.008362107910215855,
        -0.0027523126918822527,
        0.00907160621136427,
        0.0625298023223877,
        -0.05710078775882721,
        0.012595525942742825,
        0.08911318331956863,
        -0.0047790477983653545,
        -0.018880754709243774,
        -0.06108283996582031,
        0.010011177510023117,
        0.02635185420513153,
        -0.023525619879364967,
        -0.038609933108091354,
        -0.009383497759699821,
        -0.1408175379037857,
        0.016812153160572052,
        -0.044505901634693146,
        0.06129135563969612,
        0.0039634401910007,
        0.008400981314480305,
        -0.01564638875424862,
        -0.01816752925515175,
        0.06333084404468536,
        -0.05233370512723923,
        0.042608823627233505,
        0.03155410662293434,
        0.029465585947036743,
        -0.014048454351723194,
        -0.03824416175484657,
        -0.04287015646696091,
        -0.05797125771641731,
        0.005209530703723431,
        -0.019842637702822685,
        -0.017815101891756058,
        -0.010194139555096626,
        -0.011516120284795761,
        -0.009599654003977776,
        0.014308505691587925,
        0.017057953402400017,
        0.003710655029863119,
        0.04083562642335892,
        0.06937222927808762,
        0.04142642021179199,
        0.06375941634178162,
        -0.005697916261851788,
        0.02742486447095871,
        0.030777519568800926,
        -0.21533118188381195,
        0.07932988554239273,
        0.02487381175160408,
        0.04352486506104469,
        -0.05605582520365715,
        -0.02520330809056759,
        0.002783446339890361,
        0.03996361419558525,
        0.045380301773548126,
        0.037955816835165024,
        0.009004874154925346,
        0.04170786589384079,
        -0.013337753713130951,
        0.01397479884326458,
        -0.002794218249619007,
        -0.0690542683005333,
        -0.007444661110639572,
        -0.004865705035626888,
        0.0030989053193479776,
        0.018244758248329163,
        -0.012894405983388424,
        0.007636180147528648,
        -0.054106857627630234,
        -0.011228345334529877,
        -0.006951961666345596,
        -0.0602470301091671,
        0.07829621434211731,
        -0.005368306301534176,
        -0.03369656950235367,
        -0.014993574470281601,
        -0.03961644321680069,
        0.018787672743201256,
        -0.05303852632641792,
        -0.008273779414594173,
        0.03890311345458031,
        0.005566202104091644,
        -0.020119018852710724,
        0.20447158813476562,
        -0.03339601680636406,
        0.018340611830353737,
        0.0015379786491394043,
        -0.018617572262883186,
        0.046707917004823685,
        -0.021296290680766106,
        -0.025351248681545258,
        -0.059081003069877625,
        0.010610195808112621,
        0.010352667421102524,
        0.010417468845844269,
        -0.024696452543139458,
        0.009656038135290146,
        -0.002345175016671419,
        0.06575964391231537,
        0.05043670907616615,
        0.050829313695430756,
        -0.026433337479829788,
        -0.000136058937641792,
        -0.03946655988693237,
        -0.008954816497862339,
        -0.002413855865597725,
        0.04345889016985893,
        -0.004516699351370335,
        0.023563651368021965,
        -0.10264844447374344,
        0.06996914744377136,
        0.06524644792079926,
        0.014914441853761673,
        0.01703936792910099,
        0.04159355163574219,
        -0.08067221939563751,
        -0.036554839462041855,
        0.004496878944337368,
        0.05425197258591652,
        0.02101706899702549,
        0.04277058318257332,
        0.0023038184735924006,
        0.03953516110777855,
        -0.017019355669617653,
        -0.020231036469340324,
        -0.15323370695114136,
        -0.010181553661823273,
        -0.08303797245025635,
        -0.06350903958082199,
        0.08855331689119339,
        -0.007849234156310558,
        0.05359189957380295,
        -0.016863232478499413,
        0.06375841796398163,
        -0.02585601806640625,
        0.07127340883016586,
        -0.046686165034770966,
        -0.017384417355060577,
        0.006264558993279934,
        0.011464540846645832,
        0.014642700552940369,
        0.06560621410608292,
        -0.031110376119613647,
        -0.0011770541314035654,
        0.029351379722356796,
        0.014413525350391865,
        -0.05230133980512619,
        0.12436489760875702,
        0.015825284644961357,
        -0.04019125923514366,
        -0.02428523637354374,
        -0.018290163949131966,
        0.07346876710653305,
        0.013991188257932663,
        0.04651721939444542,
        0.017014136537909508,
        -0.1037021279335022,
        0.03471321240067482,
        0.068959079682827,
        0.02358461730182171,
        -0.04904448986053467,
        0.03448879346251488,
        -0.02753264084458351,
        -0.020307263359427452,
        0.04979560151696205,
        -0.044539675116539,
        -0.05777588114142418,
        0.05277686193585396,
        0.036611154675483704,
        0.016944153234362602,
        -0.008026784285902977,
        -0.0664549246430397,
        0.05969300866127014,
        0.05614103004336357,
        0.019949689507484436,
        0.054415471851825714,
        -0.03937064856290817,
        -0.004906166344881058,
        -0.009107745252549648,
        0.0009906651685014367,
        -0.017184404656291008,
        0.0033387269359081984,
        -0.05660140886902809,
        0.021211322396993637,
        -0.00039988826029002666,
        -0.0025952032301574945,
        -0.02540053240954876,
        0.004012084566056728,
        0.018632151186466217,
        0.03413079306483269,
        0.01978536881506443,
        -0.027779852971434593,
        0.03010762855410576,
        0.00437893345952034,
        -0.04228570684790611,
        0.007753209676593542,
        0.04047594591975212,
        0.005713531281799078,
        -0.002856641309335828,
        0.02733784355223179,
        0.03343505784869194,
        0.002387960208579898,
        0.01637604646384716,
        -0.01099360454827547,
        0.03792994096875191,
        -0.07493430376052856,
        -0.06056145578622818,
        -0.2382841557264328,
        0.03275154531002045,
        -0.007645254489034414,
        -0.018125467002391815,
        0.06839852035045624,
        -0.0629304051399231,
        0.010740878991782665,
        -0.02292201668024063,
        0.04475702717900276,
        0.027797821909189224,
        0.055617962032556534,
        -0.014357526786625385,
        -0.023379452526569366,
        0.015227901749312878,
        -0.008146366104483604,
        0.06817365437746048,
