{
    "index": 483,
    "page": 75,
    "text": "air, it is divided and abrupted, and yet neither slides off, or falls down, but stayeth \nthere nevertheless: such must the diffusion in the mind be; not an effusion, but an \nextension. What obstacles and impediments soever she meeteth within her way, she \nmust not violently, and by way of an impetuous onset light upon them; neither must \nshe fall down; but she must stand, and give light unto that which doth admit of it. \nEIGHTH BOOK",
    "embedding_of_chunk": [
        -0.06346731632947922,
        -0.03521563485264778,
        0.05722660571336746,
        0.030336378142237663,
        -0.01862701214849949,
        0.0766047015786171,
        0.06268160045146942,
        -0.006532111205160618,
        0.0075596896931529045,
        0.006849662866443396,
        -0.030347542837262154,
        -0.07919168472290039,
        -0.0074551720172166824,
        0.035392068326473236,
        0.0325080044567585,
        0.00869469903409481,
        -0.020791588351130486,
        0.04755280911922455,
        -0.08039866387844086,
        0.043511223047971725,
        0.020860064774751663,
        0.008085289038717747,
        0.020453056320548058,
        -0.057537421584129333,
        0.021546805277466774,
        0.042261213064193726,
        -0.049977920949459076,
        -0.016755497083067894,
        -0.016430167481303215,
        -0.17644406855106354,
        -0.02041981741786003,
        -0.027236850932240486,
        0.02436188794672489,
        -0.014609919860959053,
        0.01882174238562584,
        0.006579522974789143,
        -0.07521644979715347,
        0.0494987852871418,
        -0.012491723522543907,
        0.05844230204820633,
        0.009934131056070328,
        0.015659967437386513,
        -0.009387457743287086,
        -0.055428970605134964,
        -0.016765035688877106,
        -0.03799868002533913,
        -0.016264410689473152,
        0.020604314282536507,
        0.05085856094956398,
        -0.04970915988087654,
        -0.01761121116578579,
        -0.02028490975499153,
        -0.024063410237431526,
        0.04834292083978653,
        -0.003337804926559329,
        0.01277506910264492,
        0.04978402331471443,
        -0.008936667814850807,
        0.07118286937475204,
        0.005894894246011972,
        0.04148894548416138,
        0.003891449421644211,
        -0.21658509969711304,
        0.07983492314815521,
        0.09205549210309982,
        -0.020665228366851807,
        -0.016082629561424255,
        -0.036292850971221924,
        0.03175627067685127,
        0.07114049047231674,
        -0.020646559074521065,
        0.02854052372276783,
        0.02170259691774845,
        0.06819920986890793,
        0.007409488316625357,
        0.019663892686367035,
        -0.009730649180710316,
        -0.041925739496946335,
        0.01624482311308384,
        0.01599004492163658,
        0.01858316734433174,
        -0.01784484088420868,
        -0.0444171316921711,
        -0.006094879005104303,
        -0.030743690207600594,
        -0.022273415699601173,
        0.029316015541553497,
        -0.09173623472452164,
        -0.00021053943783044815,
        -0.010964037850499153,
        -0.03910907357931137,
        -0.0451924167573452,
        -0.07088617980480194,
        0.018228398635983467,
        -0.04388229921460152,
        -0.01573164574801922,
        0.026889264583587646,
        -0.02419169992208481,
        -0.02456580102443695,
        0.19446700811386108,
        -0.05497381091117859,
        0.05926189571619034,
        0.04435712471604347,
        -0.005730397067964077,
        0.017065759748220444,
        -0.03308001533150673,
        0.011272638104856014,
        -0.08698561787605286,
        -0.02248445898294449,
        0.008543393574655056,
        -0.0013417034642770886,
        -0.024472082033753395,
        0.0595443993806839,
        -0.03231129050254822,
        0.012541588395833969,
        0.02780844457447529,
        0.04334550350904465,
        -0.010606532916426659,
        -0.05966191738843918,
        0.0050401706248521805,
        -0.01745760627090931,
        0.005898905918002129,
        0.05969792604446411,
        0.01006028987467289,
        0.032862938940525055,
        -0.13613829016685486,
        0.050431057810783386,
        0.08428297936916351,
        0.037532832473516464,
        -0.00613798201084137,
        0.05896034836769104,
        -0.038290586322546005,
        0.002848485019057989,
        -0.07109332829713821,
        0.01836705021560192,
        0.024285022169351578,
        0.016454895958304405,
        -0.01292464230209589,
        -0.004092860035598278,
        -0.0059885592199862,
        -0.016712123528122902,
        -0.12985314428806305,
        -0.0009408891201019287,
        -0.12026513367891312,
        -0.020796189084649086,
        0.08668202906847,
        -0.02656104974448681,
        0.035458359867334366,
        -0.03279581665992737,
        0.03407157585024834,
        -0.0075871869921684265,
        0.04558006674051285,
        -0.0684140995144844,
        -0.014091070741415024,
        0.01891416870057583,
        0.0018201360944658518,
        0.03020937368273735,
        0.11737826466560364,
        -0.055718883872032166,
        0.022886523976922035,
        0.02186168171465397,
        -0.048683419823646545,
        -0.06247365474700928,
        0.15506580471992493,
        -0.0040221973322331905,
        -0.03786863759160042,
        0.003357489360496402,
        0.04222431033849716,
        0.017647886648774147,
        -0.03413285315036774,
        0.055290788412094116,
        0.020980603992938995,
        -0.06778363883495331,
        0.033414777368307114,
        0.07776741683483124,
        -0.012174151837825775,
        -0.037770695984363556,
        -0.004563578404486179,
        -0.0015769555466249585,
        0.009731593541800976,
        0.03444977477192879,
        -0.04426536336541176,
        -0.03948180004954338,
        0.05839245766401291,
        0.04248835891485214,
        -0.04449402913451195,
        -0.011890257708728313,
        -0.01820620521903038,
        0.0186376441270113,
        0.09746246039867401,
        -0.002704249694943428,
        0.037311285734176636,
        -0.021952226758003235,
        -0.01731443777680397,
        -0.01809682883322239,
        -0.021942440420389175,
        -0.033465221524238586,
        -0.02467898093163967,
        -0.019501933827996254,
        -0.004788434132933617,
        0.017379434779286385,
        0.021379487589001656,
        -0.03866450488567352,
        0.030652260407805443,
        0.029137179255485535,
        -0.00914684310555458,
        0.03359472006559372,
        -0.01638232171535492,
        0.025659039616584778,
        0.020699448883533478,
        -0.024802710860967636,
        0.011677945964038372,
        0.04748745262622833,
        -0.03085438720881939,
        -0.028351524844765663,
        0.019715936854481697,
        -0.004690772388130426,
        0.014849038794636726,
        0.019241763278841972,
        0.04075092077255249,
        0.029580486938357353,
        -0.10279155522584915,
        -0.06427577137947083,
        -0.2282252311706543,
        0.019964445382356644,
        0.018981438130140305,
        -0.05283686891198158,
        0.07695034891366959,
        -0.05212493985891342,
        0.02115086279809475,
        0.003596472553908825,
        0.036876752972602844,
        0.050597045570611954,
        0.07403602451086044,
        -0.09389565885066986,
        -0.010272258892655373,
        0.004786411300301552,
        -0.007177235092967749,
        0.07122747600078583,
        0.0026804893277585506,
        0.012040169909596443,
        -0.04292401671409607,
        0.003914786968380213,
        -0.02890273742377758,
        0.06671254336833954,
        -0.05815531313419342,
        -0.06461098790168762,
        -0.011507166549563408,
        0.00045650938409380615,
