{
    "index": 737,
    "page": 115,
    "text": "72 Ad M. Cæs, ii. 5. \n\n73 [Ibid.] ii. 3. \n\n74 The Emperor Antoninus Pius is spoken of as dominus meus. \n\n75 This sentence is written in Greek. \n\n76 Several of these words are Greek, and the meaning is not quite clear. \nAPPENDIX \n\nhave had no fear of this admonition; many things help me to enter within your \nschool. I write this in the utmost haste; for whenas I am sending you so kindly \na letter from my Lord, what needs a longer letter of mine? Farewell then, glory \nof Roman eloquence, boast of your friends, magnifico, most delightful man, \nmost distinguished consul, master most sweet.",
    "embedding_of_chunk": [
        -0.042512305080890656,
        0.013505857437849045,
        0.03594079613685608,
        -0.05891098827123642,
        -0.001750125433318317,
        -0.03657742589712143,
        0.07998217642307281,
        0.0723085105419159,
        0.01834787055850029,
        -0.06063650920987129,
        0.00414145877584815,
        -0.1202395036816597,
        0.015940755605697632,
        -0.021439123898744583,
        0.015969907864928246,
        -0.034397710114717484,
        0.007598312571644783,
        0.05158112198114395,
        -0.06396469473838806,
        0.013285794295370579,
        0.06476746499538422,
        -0.011768199503421783,
        -0.04912509396672249,
        -0.058674588799476624,
        0.03903237730264664,
        0.07083723694086075,
        -0.006474984344094992,
        -0.025083910673856735,
        -0.029957780614495277,
        -0.1422242820262909,
        -0.012085791677236557,
        -0.06078213453292847,
        0.07139214873313904,
        -0.03376290202140808,
        -0.017701955512166023,
        -0.01404822152107954,
        -0.055343642830848694,
        0.022389911115169525,
        -0.024809375405311584,
        0.03613370656967163,
        0.01873285509645939,
        0.011209829710423946,
        -0.011622794903814793,
        -0.011193664744496346,
        0.003523691790178418,
        -0.034956399351358414,
        0.007453508675098419,
        -0.05437662452459335,
        0.016677310690283775,
        0.02931775152683258,
        -0.01235633809119463,
        0.008075028657913208,
        0.01731995865702629,
        0.03532872721552849,
        0.035824522376060486,
        0.05558694154024124,
        0.06703587621450424,
        -0.0012719540391117334,
        -0.012368092313408852,
        0.04344514384865761,
        0.023823406547307968,
        0.07887060195207596,
        -0.2409336417913437,
        0.06634339690208435,
        0.00958599429577589,
        -0.006665924098342657,
        -0.06351656466722488,
        -0.01234673336148262,
        -0.019234169274568558,
        0.04119303449988365,
        -0.011056688614189625,
        0.014849919825792313,
        0.048500899225473404,
        0.1011493057012558,
        0.006915778387337923,
        -0.004274553153663874,
        -0.0017859834479168057,
        -0.06755005568265915,
        -0.009333315305411816,
        0.025637652724981308,
        0.002420907374471426,
        -0.031680990010499954,
        -0.006875625811517239,
        -0.04971717298030853,
        -0.022406289353966713,
        -0.042534735053777695,
        0.05363253504037857,
        -0.04383588209748268,
        0.0747993066906929,
        0.012515452690422535,
        0.033510711044073105,
        -0.04546883702278137,
        -0.032562240958213806,
        0.02426673285663128,
        -0.057955045253038406,
        -0.008975590579211712,
        -0.0022828311193734407,
        0.03532177954912186,
        -0.060143619775772095,
        0.20800459384918213,
        -0.007113331463187933,
        0.02426311932504177,
        0.02590123936533928,
        -0.0547407791018486,
        0.040283381938934326,
        0.008166631683707237,
        -0.010223357006907463,
        0.001764550106599927,
        -0.038982369005680084,
        0.003571706358343363,
        -0.012862689793109894,
        -0.06328339874744415,
        0.046778663992881775,
        -0.03668678551912308,
        0.06330353021621704,
        -0.01791984774172306,
        0.07652850449085236,
        -0.014579134993255138,
        -0.024035781621932983,
        -0.006915553007274866,
        0.009946662001311779,
        0.004972545430064201,
        0.01769828051328659,
        -0.000457404472399503,
        0.04202275723218918,
        -0.09631176292896271,
        0.04983003810048103,
        0.09135915338993073,
        0.017269162461161613,
        -0.001488901092670858,
        -0.013620572164654732,
        -0.00368251814506948,
        -0.02480432204902172,
        -0.03872662037611008,
        0.042135223746299744,
        0.03135470673441887,
        0.022003155201673508,
        -0.032179541885852814,
        0.02252284623682499,
        -0.03844254091382027,
        -0.04538377374410629,
        -0.10089939087629318,
        -0.04203295707702637,
        -0.07521139085292816,
        -0.007392199710011482,
        0.11340218782424927,
        0.0034537664614617825,
        0.016605935990810394,
        -0.09928353130817413,
        0.04128789156675339,
        -0.01965107023715973,
        0.04499213770031929,
        0.02755941078066826,
        0.018044400960206985,
        -0.00993898045271635,
        0.0035924806725233793,
        0.05404684320092201,
        0.07948222011327744,
        -0.04751089960336685,
        -0.03367284685373306,
        0.021245388314127922,
        -0.06515702605247498,
        -0.05625332146883011,
        0.11139430105686188,
        0.05230855569243431,
        -0.049639418721199036,
        -0.01989145576953888,
        0.034797560423612595,
        0.022500229999423027,
        -0.023850664496421814,
        0.038009949028491974,
        0.04221021756529808,
        -0.027151057496666908,
        0.050941869616508484,
        0.06472589820623398,
        -0.0054259770549833775,
        0.002022495726123452,
        -0.006424786057323217,
        -0.019979892298579216,
        0.0056890640407800674,
        0.07597695291042328,
        -0.0008259553578682244,
        -0.04297854006290436,
        0.03555022180080414,
        0.014956993982195854,
        -0.007638514973223209,
        0.008371870033442974,
        -0.013433393090963364,
        0.041353676468133926,
        -0.0017985220765694976,
        -0.028476102277636528,
        0.10667438805103302,
        -0.023822825402021408,
        -0.042923711240291595,
        -0.06839071214199066,
        -0.001425365568138659,
        -0.008526337333023548,
        -0.010398780927062035,
        -0.0430372878909111,
        -0.00878813210874796,
        -0.019476845860481262,
        -0.013824420981109142,
        -0.03135741502046585,
        0.04039037600159645,
        0.07645233720541,
        0.028994200751185417,
        0.0036377354990690947,
        -0.034101296216249466,
        0.03384822979569435,
        0.008950211107730865,
        -0.06630946695804596,
        0.01358172670006752,
        0.0873112604022026,
        0.00696321576833725,
        -0.00952910352498293,
        0.03686973452568054,
        -0.043660178780555725,
        0.03853641822934151,
        0.0408845953643322,
        0.03626205772161484,
        0.033783137798309326,
        -0.07403264939785004,
        -0.05833644047379494,
        -0.2247517853975296,
        0.04886405169963837,
        -0.015143313445150852,
        -0.055283159017562866,
        0.03927107900381088,
        -0.05935051292181015,
        0.05813480168581009,
        -0.0003718369989655912,
        0.09244490414857864,
        -0.020130272954702377,
        0.059891678392887115,
        -0.04305809736251831,
        -0.04681229963898659,
        0.04341563954949379,
        -0.005446656607091427,
        0.04884317144751549,
        0.02617538534104824,
        0.01856680028140545,
        0.010272232815623283,
        -0.02059844508767128,
