{
    "index": 603,
    "page": 94,
    "text": "40 or \n\ncommon matter of all things, like unto them. But, to endure but for a while, is com-\nmon unto all. Why then shouldest thou so earnestly either seek after these things, or \nfly from them, as though they should endure for ever? Yet a little while, and thine \neyes will be closed up, and for him that carries thee to thy grave shall another mourn \nwithin a while after.",
    "embedding_of_chunk": [
        -0.025914369150996208,
        -0.009335813112556934,
        0.006649392191320658,
        -0.030689703300595284,
        0.012226611375808716,
        0.019658401608467102,
        0.0774352177977562,
        0.019683411344885826,
        -0.0011975207598879933,
        -0.042964592576026917,
        -0.016685185953974724,
        -0.050515130162239075,
        0.03369208052754402,
        0.04201900586485863,
        0.03449009731411934,
        0.028698762878775597,
        -0.0064729913137853146,
        0.046196360141038895,
        -0.10540841519832611,
        -0.010112425312399864,
        0.07617466151714325,
        -0.01624753698706627,
        -0.005694748368114233,
        -0.028672056272625923,
        0.009791842661798,
        0.056926142424345016,
        -0.03244530409574509,
        -0.018640831112861633,
        0.0035277761053293943,
        -0.16965118050575256,
        -0.03578588739037514,
        -0.03799201548099518,
        0.04159722104668617,
        -0.015017395839095116,
        0.006382296327501535,
        0.0036418528761714697,
        0.0015397316310554743,
        0.05599284917116165,
        -0.02371681109070778,
        0.08443056792020798,
        0.024110209196805954,
        0.0627770870923996,
        -0.024846497923135757,
        -0.061663661152124405,
        -0.03358372300863266,
        -0.04999132826924324,
        -0.011484961956739426,
        -0.046022865921258926,
        0.06840836256742477,
        -0.010881103575229645,
        -0.010713853873312473,
        -0.021683156490325928,
        -0.009883297607302666,
        0.054586924612522125,
        0.020562926307320595,
        0.03966393694281578,
        0.03993775695562363,
        0.012120851315557957,
        0.05490044131875038,
        -0.05024535953998566,
        0.034189511090517044,
        0.005228221416473389,
        -0.18075679242610931,
        0.07017523795366287,
        0.05609980970621109,
        -0.005633888300508261,
        -0.011521313339471817,
        -0.032013703137636185,
        0.01694394089281559,
        0.05993511900305748,
        -0.01975146308541298,
        0.028455279767513275,
        0.05142394080758095,
        0.07182367146015167,
        0.00954829715192318,
        -0.01691998541355133,
        0.017494147643446922,
        -0.05125472694635391,
        -0.03790569305419922,
        0.011869165115058422,
        0.009741944260895252,
        -0.00044931311276741326,
        -0.004186923149973154,
        -0.012966443784534931,
        -0.06291931122541428,
        -0.050673168152570724,
        0.003955619875341654,
        -0.0655352771282196,
        0.0498659648001194,
        -0.004554692655801773,
        -0.03620561957359314,
        -0.020808761939406395,
        -0.012730175629258156,
        0.025815149769186974,
        -0.06967638432979584,
        -0.0331108532845974,
        0.05063285678625107,
        0.005109020508825779,
        -0.06375876814126968,
        0.22026513516902924,
        -0.041128743439912796,
        0.03331371396780014,
        0.02928069420158863,
        -0.022938279435038567,
        0.03131598234176636,
        0.011109043844044209,
        -0.026349209249019623,
        -0.02525787055492401,
        -0.012816747650504112,
        0.027883639559149742,
        0.006852328311651945,
        0.009126024320721626,
        0.012126008979976177,
        -0.03752586618065834,
        0.01810242235660553,
        0.007772739045321941,
        0.03440138325095177,
        -0.009669526480138302,
        -0.030543619766831398,
        0.01675598882138729,
        -0.02479773387312889,
        0.005860037170350552,
        0.031644392758607864,
        -0.005376257933676243,
        0.01841544732451439,
        -0.12988127768039703,
        0.004152032546699047,
        0.09817533195018768,
        0.01134515181183815,
        -0.02506815269589424,
        0.03303927555680275,
        -0.04352085664868355,
        -0.053433872759342194,
        -0.017481859773397446,
        0.01130208745598793,
        0.04216823726892471,
        0.027092525735497475,
        -0.02385787107050419,
        0.012966452166438103,
        -0.019883718341588974,
        -0.05159545689821243,
        -0.1578439474105835,
        -0.014812338165938854,
        -0.1288924217224121,
        0.014182012528181076,
        0.08177271485328674,
        0.012640031054615974,
        0.020277807489037514,
        -0.05694415792822838,
        -0.007694372441619635,
        0.0021605079527944326,
        0.04470101371407509,
        -0.024686850607395172,
        -0.027915552258491516,
        -0.04731001332402229,
        0.0310374666005373,
        0.02651783637702465,
        0.04224199429154396,
        -0.042470790445804596,
        -0.016083648428320885,
        -0.011974414810538292,
        -0.02756028063595295,
        -0.045883651822805405,
        0.10318784415721893,
        0.005042135715484619,
        -0.01292426697909832,
        -0.02123599871993065,
        0.0012367131421342492,
        0.024849409237504005,
        0.022520897909998894,
        0.035156894475221634,
        -0.003211096627637744,
        -0.04559992253780365,
        0.04856863617897034,
        0.0733451396226883,
        0.023937096819281578,
        -0.05676110088825226,
        0.03003525733947754,
        -0.020780270919203758,
        0.0064047351479530334,
        0.010095862671732903,
        -0.01825018599629402,
        -0.047755658626556396,
        0.05951886251568794,
        0.0038939069490879774,
        -0.010726428590714931,
        -0.025538722053170204,
        -0.019132189452648163,
        0.03455682098865509,
        0.03335291147232056,
        -0.009975817985832691,
        0.03255053609609604,
        -0.019712669774889946,
        -0.01058137696236372,
        -0.06771567463874817,
        0.003167413640767336,
        -0.04220119118690491,
        -0.0358099602162838,
        0.015081861056387424,
        -0.0040808687917888165,
        0.001278725452721119,
        -0.009114425629377365,
        -0.04159390181303024,
        0.029788682237267494,
        0.014260746538639069,
        -0.005577341187745333,
        0.010201686061918736,
        -0.026395542547106743,
        0.07089980691671371,
        -0.012524452991783619,
        -0.07419487833976746,
        -0.014771640300750732,
        0.046539440751075745,
        -0.030050763860344887,
        -0.00027516207774169743,
        0.014962306246161461,
        -0.0015690672444179654,
        0.0022981930524110794,
        0.035567816346883774,
        0.058221179991960526,
        0.022987106814980507,
        -0.14893195033073425,
        -0.03290708363056183,
        -0.24225282669067383,
        0.05332484468817711,
        -0.023101111873984337,
        -0.01243448443710804,
        0.11617078632116318,
        -0.04004373773932457,
        -0.017735861241817474,
        0.01657956838607788,
        0.01602860353887081,
        0.027632562443614006,
        0.07764218002557755,
        -0.036866240203380585,
        -0.005816240329295397,
        0.002720772521570325,
        -0.01303676888346672,
        0.05368812382221222,
        0.023359952494502068,
        0.019764380529522896,
        -0.017269054427742958,
        0.03637966513633728,
        -0.006620816886425018,
        0.04795735329389572,
        -0.05428234115242958,
        -0.060814812779426575,
        0.03669457882642746,
        -0.012835762463510036,
        0.21876555681228638,
