{
    "index": 587,
    "page": 92,
    "text": "things, that belong unto man. These things therefore that are so secretly and invisi-\nbly wrought and brought to pass, thou must use to behold and contemplate; and not \nthe things themselves only, but the power also by which they are effected; that thou \nmayst behold it, though not with the eyes of the body, yet as plainly and visibly as \nthou canst see and discern the outward efficient cause of the depression and eleva-\ntion of anything.",
    "embedding_of_chunk": [
        -0.01785227097570896,
        -0.013913207687437534,
        0.009538814425468445,
        -0.01364898681640625,
        0.0246351957321167,
        0.028092723339796066,
        0.13035932183265686,
        0.035116758197546005,
        -0.016706911846995354,
        -0.03058343566954136,
        0.00045210012467578053,
        -0.08857332170009613,
        0.04128051549196243,
        0.03507490083575249,
        0.013821261003613472,
        0.006854740437120199,
        -0.024660848081111908,
        0.054937154054641724,
        -0.08602458983659744,
        0.008646229282021523,
        0.06469297409057617,
        -0.004324275068938732,
        -0.024099260568618774,
        -0.07238667458295822,
        -0.004948514048010111,
        0.04463869333267212,
        -0.024502115324139595,
        -0.005212683230638504,
        -0.0014727378729730844,
        -0.1629357486963272,
        0.0051377699710428715,
        -0.05761269852519035,
        0.061316948384046555,
        -0.0026947713922709227,
        0.008298374712467194,
        0.003400437068194151,
        -0.03466014564037323,
        0.036045681685209274,
        -0.057321660220623016,
        0.07404673844575882,
        0.036561544984579086,
        -0.0002646278589963913,
        -0.03242452070116997,
        -0.058026522397994995,
        -0.05699033662676811,
        -0.05920524522662163,
        0.007941699586808681,
        0.009363822638988495,
        0.04442374035716057,
        -0.03446269780397415,
        0.0074633145704865456,
        -0.0011094377841800451,
        0.05191970244050026,
        0.05006728693842888,
        0.033773910254240036,
        0.016736991703510284,
        0.055308226495981216,
        0.01851958967745304,
        0.049481578171253204,
        0.01037516538053751,
        0.04070315882563591,
        0.03456096351146698,
        -0.21946726739406586,
        0.05929195135831833,
        0.04339040070772171,
        0.01629374735057354,
        -0.038137659430503845,
        -0.015597382560372353,
        0.018138820305466652,
        0.060862306505441666,
        -0.007743650581687689,
        0.0329851433634758,
        0.03584584221243858,
        0.0315159447491169,
        -0.0015943398466333747,
        -0.004309620708227158,
        0.002828592900186777,
        -0.08087721467018127,
        -0.02601577900350094,
        -0.00562375457957387,
        0.03503281995654106,
        0.027150489389896393,
        0.005789481103420258,
        0.0210935790091753,
        -0.028253624215722084,
        -0.055541086941957474,
        0.0009455983527004719,
        -0.05444076284766197,
        0.07914341241121292,
        0.030624447390437126,
        -0.07302717864513397,
        -0.06374870985746384,
        -0.033487726002931595,
        0.0336180217564106,
        -0.045584820210933685,
        -0.0006403506849892437,
        0.020783063024282455,
        -0.00330507499165833,
        -0.032807860523462296,
        0.20899567008018494,
        -0.062417369335889816,
        0.0365428701043129,
        0.018238652497529984,
        -0.0193801112473011,
        0.06696880608797073,
        -0.010822362266480923,
        0.012575359083712101,
        -0.04817679524421692,
        -0.004586031194776297,
        0.02264036051928997,
        0.011833775788545609,
        -0.02790307253599167,
        0.012031556107103825,
        -0.04411733150482178,
        0.011113365180790424,
        -0.02333901822566986,
        0.016180092468857765,
        0.017080388963222504,
        -0.030117014423012733,
        0.009070923551917076,
        0.020102962851524353,
        0.03023807890713215,
        0.07426505535840988,
        -0.008997526951134205,
        -0.010048294439911842,
        -0.09469074010848999,
        0.006995214615017176,
        0.08337551355361938,
        0.03005894273519516,
        -0.006062548607587814,
        0.016561202704906464,
        -0.03349793702363968,
        -0.007647447753697634,
        -0.01712396927177906,
        0.01920529082417488,
        0.009572098031640053,
        0.012594441883265972,
        -0.00832925271242857,
        0.028639575466513634,
        -0.02820865623652935,
        -0.02181308902800083,
        -0.08603078126907349,
        -0.01981225423514843,
        -0.1247779130935669,
        -0.026124633848667145,
        0.09714559465646744,
        0.03543000668287277,
        0.027601197361946106,
        -0.04416258633136749,
        0.009636097587645054,
        -0.01664607971906662,
        0.03908155858516693,
        -0.0408918634057045,
        -0.044302988797426224,
        -0.014273404143750668,
        0.02454242669045925,
        -0.00700507452711463,
        0.03393125161528587,
        -0.036817967891693115,
        0.027202345430850983,
        0.022415664047002792,
        0.004829335957765579,
        -0.053510479629039764,
        0.1066615954041481,
        0.000716454116627574,
        -0.04237746447324753,
        -0.00476033566519618,
        0.010758436284959316,
        0.01094930712133646,
        -0.020121801644563675,
        0.05688701197504997,
        0.01971788890659809,
        -0.08741165697574615,
        0.03655087575316429,
        0.062145695090293884,
        0.047682080417871475,
        -0.038144081830978394,
        0.0315420962870121,
        -0.05053648725152016,
        -0.002122011734172702,
        0.03088035248219967,
        -0.054656270891427994,
        -0.09692107886075974,
        0.016905231401324272,
        0.017949234694242477,
        -0.011938612908124924,
        0.0038473843596875668,
        -0.015942445024847984,
        0.022232908755540848,
        0.08316900581121445,
        -0.015537351369857788,
        0.03959372267127037,
        -0.06130235642194748,
        -0.01003332994878292,
        -0.05899270623922348,
        -0.0016776527045294642,
        -0.02631390653550625,
        -0.008000176399946213,
        -0.05304441228508949,
        -0.009324920363724232,
        -0.0212699081748724,
        -0.00459039444103837,
        -0.007551359478384256,
        0.04138237237930298,
        0.05899922549724579,
        -0.003346407087519765,
        -0.004819185473024845,
        -0.03379938751459122,
        0.04423915594816208,
        -0.011324618943035603,
        -0.04989486187696457,
        0.029818788170814514,
        0.08555244654417038,
        0.006027902010828257,
        -0.0430322103202343,
        -0.003594333305954933,
        0.004152105655521154,
        0.016281237825751305,
        0.04133843258023262,
        0.018606944009661674,
        0.02072085067629814,
        -0.12879537045955658,
        -0.06494779884815216,
        -0.24576641619205475,
        -0.0036333794705569744,
        0.0022538010962307453,
        -0.027699768543243408,
        0.042340751737356186,
        -0.05653683841228485,
        0.006847823038697243,
        0.01864696852862835,
        0.0049835676327347755,
        0.0523444339632988,
        0.06805469840765,
        -0.04997680336236954,
        -0.018787316977977753,
        0.017420873045921326,
        0.00026528132730163634,
        0.03366044908761978,
        -0.017133289948105812,
        -0.015248727984726429,
        -0.015159891918301582,
        0.0019599266815930605,
        -0.014072798192501068,
        0.06413144618272781,
        -0.014626899734139442,
        -0.0671590194106102,
        -0.018756741657853127,
