{
    "index": 120,
    "page": 20,
    "text": "VIII. Whatsoever thou dost affect, whatsoever thou dost project, so do, and so project \nall, as one who, for aught thou knowest, may at this very present depart out of this \nlife. And as for death, if there be any gods, it is no grievous thing to leave the society \nof men. The gods will do thee no hurt, thou mayest be sure. But if it be so that there \nbe no gods, or that they take no care of the world, why should I desire to live in a \nworld void of gods, and of all divine providence? But gods there be certainly, and they \ntake care for the world; and as for those things which be truly evil, as vice and. wick-\nedness, such things they have put in a man s own power, that he might avoid them if \nhe would: and had there been anything besides that had been truly bad and evil,",
    "embedding_of_chunk": [
        0.010186509229242802,
        0.02238685078918934,
        0.022633181884884834,
        -0.029433291405439377,
        0.006659424863755703,
        -0.0036059438716620207,
        0.08323421329259872,
        0.0680897906422615,
        0.018338685855269432,
        -0.032630302011966705,
        -6.598281470360234e-05,
        -0.0627879947423935,
        0.0188473928719759,
        0.023465976119041443,
        -0.0040781679563224316,
        0.008593250997364521,
        -0.02079026773571968,
        0.014326823875308037,
        -0.12254935503005981,
        0.037002380937337875,
        0.10362481325864792,
        -0.024757230654358864,
        0.011405794881284237,
        -0.0808626264333725,
        0.016184328123927116,
        0.05096525326371193,
        0.006384461186826229,
        -0.035597678273916245,
        -0.027676591649651527,
        -0.15728867053985596,
        -0.014749751426279545,
        -0.0375201441347599,
        0.02814902365207672,
        -0.023729700595140457,
        -0.008073273114860058,
        -0.002665552543476224,
        -0.013506020419299603,
        0.024980930611491203,
        -0.04813513159751892,
        0.06415490061044693,
        0.03378339856863022,
        0.06605679541826248,
        -0.012191133573651314,
        -0.03453642129898071,
        -0.03012838214635849,
        -0.03257692977786064,
        -0.014555391855537891,
        -0.025589020922780037,
        0.032787371426820755,
        -0.03303132206201553,
        -0.005141797941178083,
        -0.02905377931892872,
        0.010578189045190811,
        0.06579004228115082,
        0.013274863362312317,
        -0.022699983790516853,
        0.035258080810308456,
        0.022119371220469475,
        0.07910538464784622,
        0.030221564695239067,
        0.03307408094406128,
        -0.004654471762478352,
        -0.2527335584163666,
        0.0885210633277893,
        0.046865127980709076,
        0.056705836206674576,
        -0.043245065957307816,
        -0.025531528517603874,
        0.0031652566976845264,
        0.06732936203479767,
        -0.04668819531798363,
        0.025897307321429253,
        0.027399400249123573,
        0.06688196957111359,
        0.03146839886903763,
        -0.017758717760443687,
        0.015391001477837563,
        -0.06837126612663269,
        -0.006765092257410288,
        -0.009424349293112755,
        -0.0013258239487186074,
        0.01972559094429016,
        -0.01580399088561535,
        -0.015641501173377037,
        -0.044775206595659256,
        -0.044291164726018906,
        -0.025160156190395355,
        -0.0714796856045723,
        0.037870366126298904,
        0.006169156637042761,
        -0.035757921636104584,
        -0.019256845116615295,
        0.01694280095398426,
        -0.024681705981492996,
        -0.01680528186261654,
        0.0021451388020068407,
        0.03132568672299385,
        -0.01928146556019783,
        -0.03287028893828392,
        0.22336290776729584,
        -0.03989698365330696,
        5.3122039389563724e-05,
        0.003108107950538397,
        -0.02191181108355522,
        0.03988320007920265,
        0.02841729298233986,
        -0.03782602772116661,
        -0.055324796587228775,
        0.012016882188618183,
        0.004447584971785545,
        0.02838193066418171,
        -0.033752717077732086,
        0.05526091158390045,
        -0.04999617859721184,
        0.06507827341556549,
        -0.005253770854324102,
        0.020819056779146194,
        -0.006630134303122759,
        -0.06651680916547775,
        -0.003996517509222031,
        -0.019854074344038963,
        0.002959601813927293,
        0.04883202537894249,
        -0.011159787885844707,
        0.028095748275518417,
        -0.08844955265522003,
        0.040047869086265564,
        0.0987217128276825,
        0.018748369067907333,
        -0.019542627036571503,
        0.015318707562983036,
        -0.05023878067731857,
        -0.021342897787690163,
        -0.020684877410531044,
        0.012399232015013695,
        0.013776610605418682,
        0.011481272988021374,
        0.0076836636289954185,
        0.04019089415669441,
        -0.06923964619636536,
        -0.005957050248980522,
        -0.13642127811908722,
        -0.05225607007741928,
        -0.09752930700778961,
        0.0058166105300188065,
        0.07361533492803574,
        -0.003658341011032462,
        0.019916072487831116,
        -0.0164421908557415,
        0.05184183642268181,
        -0.016131678596138954,
        0.04742826893925667,
        -0.06200122460722923,
        -0.026452546939253807,
        -0.00663583492860198,
        0.03304162621498108,
        0.04301195964217186,
        0.10539249330759048,
        -0.04992782697081566,
        -0.00421721488237381,
        -0.0022144464310258627,
        -0.016238776966929436,
        -0.061424970626831055,
        0.1498158723115921,
        0.04522008076310158,
        -0.0019601325038820505,
        0.0007117773639038205,
        0.021405808627605438,
        0.027786463499069214,
        0.007458817679435015,
        0.022277027368545532,
        0.007598962634801865,
        -0.060800399631261826,
        0.02383742667734623,
        0.06592339277267456,
        0.053014837205410004,
        -0.03311123326420784,
        0.0033978698775172234,
        -0.0024071650113910437,
        0.010727811604738235,
        -0.003726418362930417,
        -0.04469593986868858,
        -0.029244523495435715,
        0.034051693975925446,
        -0.012122124433517456,
        -0.033779822289943695,
        -0.03510799631476402,
        -0.04901876300573349,
        0.023317867890000343,
        0.0530436672270298,
        -0.005709655582904816,
        0.06483200937509537,
        -0.049591340124607086,
        -0.014917844906449318,
        -0.0021525234915316105,
        0.005234953947365284,
        -0.054372627288103104,
        0.01313050277531147,
        -0.05508061870932579,
        -0.02063063159584999,
        0.001974135171622038,
        -0.03552400693297386,
        -0.020325925201177597,
        0.022283410653471947,
        0.028461117297410965,
        0.021150223910808563,
        -0.029402146115899086,
        0.009980635717511177,
        0.037037741392850876,
        0.031153805553913116,
        -0.03616306558251381,
        -0.00943922158330679,
        0.025687361136078835,
        -0.0045369938015937805,
        -0.027665365487337112,
        0.04230484366416931,
        0.04052966833114624,
        0.005465193651616573,
        0.0696883425116539,
        0.024486534297466278,
        0.030732084065675735,
        -0.12460990250110626,
        -0.060958728194236755,
        -0.22538410127162933,
        -0.0031582056544721127,
        -0.03104938380420208,
        -0.057129424065351486,
        0.060848575085401535,
        -0.04864804074168205,
        -0.019675828516483307,
        -0.03615892305970192,
        0.03602910786867142,
        0.003843786660581827,
        0.0474061593413353,
        -0.05590502917766571,
        -0.012171465903520584,
