{
    "index": 350,
    "page": 55,
    "text": "vation, that thou didst at first incline and desire. For thou didst not set thy mind up-\non things impossible. Upon what then? that all thy desires might ever be moderated \nwith this due kind of reservation. And this thou hast, and mayst always obtain, \nwhether the thing desired be in thy power or no. And what do I care for more, if that \nfor which I was born and brought forth into the world (to rule all my desires with \nreason and discretion) may be?",
    "embedding_of_chunk": [
        -0.01943417824804783,
        0.01070809829980135,
        0.03261169418692589,
        -0.029477648437023163,
        -0.04626789316534996,
        0.04036751016974449,
        0.08908555656671524,
        0.05830538272857666,
        0.03268733248114586,
        -0.0036755879409611225,
        0.028482520952820778,
        -0.08082041889429092,
        0.021510612219572067,
        0.015626776963472366,
        0.0018975648563355207,
        0.03101327270269394,
        -0.00462886830791831,
        0.0328594446182251,
        -0.10642395913600922,
        0.02889701910316944,
        0.06933203339576721,
        -0.05290874466300011,
        -0.017386024817824364,
        -0.08074846118688583,
        0.009556513279676437,
        0.045899439603090286,
        -0.004418767988681793,
        -0.020138036459684372,
        -0.0032057100906968117,
        -0.14921815693378448,
        0.020244093611836433,
        -0.07824550569057465,
        0.032152723520994186,
        -0.0031124225351959467,
        -0.0023788330145180225,
        -0.00316309230402112,
        -0.023915115743875504,
        0.07258499413728714,
        -0.0442374087870121,
        0.0721794068813324,
        0.05407058820128441,
        0.01963214762508869,
        -0.05705120787024498,
        -0.07472832500934601,
        -0.050946030765771866,
        -0.046729981899261475,
        -0.005591998342424631,
        0.0014192453818395734,
        -0.005868842825293541,
        -0.031647395342588425,
        -0.0011229391675442457,
        -0.022070763632655144,
        0.01574251428246498,
        0.041139714419841766,
        0.03319978713989258,
        0.06500249356031418,
        0.020495111122727394,
        0.010295330546796322,
        0.033981941640377045,
        0.0443907305598259,
        0.040056176483631134,
        0.016990788280963898,
        -0.20177912712097168,
        0.07965079694986343,
        0.04917258024215698,
        0.015750251710414886,
        -0.033100396394729614,
        -0.02061702497303486,
        -0.016913434490561485,
        0.05913098156452179,
        -0.003893448505550623,
        0.04120860621333122,
        0.019496865570545197,
        0.048457276076078415,
        0.008942745625972748,
        -0.040176019072532654,
        0.008717591874301434,
        -0.0211610347032547,
        -0.01950356923043728,
        0.027039775624871254,
        0.026617826893925667,
        0.03748764842748642,
        -0.02517930418252945,
        0.01689140312373638,
        -0.09333135932683945,
        -0.0625060573220253,
        -0.001992888282984495,
        -0.03175527602434158,
        0.034358538687229156,
        0.058314334601163864,
        -0.04591459408402443,
        -0.05909676477313042,
        -0.024548562243580818,
        0.02968323789536953,
        -0.040159307420253754,
        -0.021793903782963753,
        0.03282308951020241,
        0.011670364998281002,
        -0.05692372843623161,
        0.20185016095638275,
        -0.014863601885735989,
        0.019356857985258102,
        0.030344165861606598,
        -0.0407920777797699,
        0.048674266785383224,
        -0.013984440825879574,
        -0.006303694099187851,
        -0.044331107288599014,
        -0.03834313526749611,
        0.025068627670407295,
        -0.027958853170275688,
        0.009190722368657589,
        0.05194650590419769,
        -0.053362175822257996,
        0.022276276722550392,
        0.02188517525792122,
        0.01223810389637947,
        -0.0008180692093446851,
        -0.014685768634080887,
        -0.024426482617855072,
        -0.04118136316537857,
        0.03895673155784607,
        0.07187987864017487,
        -0.009999715723097324,
        -0.021540040150284767,
        -0.1444435566663742,
        0.06327957659959793,
        0.1335294097661972,
        -0.0059343064203858376,
        -0.053913649171590805,
        -0.006574604660272598,
        -0.03783296048641205,
        -0.03020138293504715,
        -0.06452849507331848,
        0.02455265447497368,
        0.025873076170682907,
        0.02149956114590168,
        0.004605105146765709,
        0.028229907155036926,
        -0.03740646317601204,
        -0.05539436265826225,
        -0.10923461616039276,
        -0.03517863154411316,
        -0.12496116012334824,
        -0.008283743634819984,
        0.06065681576728821,
        0.009383191354572773,
        0.03257497772574425,
        -0.04925166442990303,
        0.04775921255350113,
        -0.02971765585243702,
        0.01175033301115036,
        -0.04287080466747284,
        -0.03206143155694008,
        0.024738499894738197,
        0.04356037452816963,
        -0.0053926859982311726,
        0.02698708139359951,
        -0.03194268047809601,
        0.0028783746529370546,
        -0.0014240618329495192,
        -0.03559761494398117,
        -0.0704893171787262,
        0.1210085079073906,
        0.004262164235115051,
        -0.046302806586027145,
        -0.011497411876916885,
        0.0055609457194805145,
        -0.0037123195361346006,
        0.004678979050368071,
        0.044951148331165314,
        0.02711000293493271,
        -0.08988063037395477,
        0.04068302363157272,
        0.0739041417837143,
        0.007092018146067858,
        -0.07477109134197235,
        0.01841888204216957,
        -0.03721482679247856,
        0.03175514563918114,
        0.03270880505442619,
        -0.04273960366845131,
        -0.02619159035384655,
        0.020046165212988853,
        0.03137735649943352,
        -0.024893242865800858,
        0.0031983552034944296,
        -0.02736251801252365,
        0.018119534477591515,
        0.03712112829089165,
        -0.01420951634645462,
        0.04588254541158676,
        -0.06062000244855881,
        -0.0392029695212841,
        0.003737671533599496,
        -0.009402072057127953,
        -0.058210525661706924,
        0.013220260851085186,
        -0.02014283649623394,
        -0.014405995607376099,
        -0.00618252856656909,
        -0.015354283154010773,
        0.00151770596858114,
        0.08377379179000854,
        0.016947152093052864,
        0.025357456877827644,
        0.0014884560368955135,
        -0.005830485373735428,
        0.06774032860994339,
        -0.004737474489957094,
        -0.03753092512488365,
        0.05291019380092621,
        0.05213335528969765,
        -0.024144351482391357,
        -0.029610583558678627,
        -0.008719542995095253,
        -0.006106091197580099,
        -0.019226592034101486,
        0.0287469532340765,
        0.030392779037356377,
        0.02115696668624878,
        -0.11083371192216873,
        -0.032501962035894394,
        -0.23036690056324005,
        0.023509399965405464,
        -0.03731159865856171,
        -0.022857435047626495,
        0.08891662210226059,
        -0.039748869836330414,
        0.005712293554097414,
        0.025344882160425186,
        -0.021355479955673218,
        0.003455342259258032,
        0.06916285306215286,
        -0.017383133992552757,
        -0.011615194380283356,
        0.0615052655339241,
        -0.002564474008977413,
        0.030591275542974472,
        0.00846790336072445,
        0.0025876816362142563,
        -0.028212321922183037,
        0.029148554429411888,
        0.008548397570848465,
        0.07153964787721634,
        -0.02925538644194603,
        -0.06831406056880951,
        -0.0062813907861709595,
