{
    "index": 294,
    "page": 47,
    "text": "V. The best kind of revenge is, not to become like unto them. \n\nVI. Let this be thy only joy, and thy only comfort, from one sociable kind action with-\nout intermission to pass unto another, God being ever in thy mind. \n\nVII. The rational commanding part, as it alone can stir up and turn itself; so it \nmaketh both itself to be, and everything that happeneth, to appear unto itself, as it \nwill itself.",
    "embedding_of_chunk": [
        -0.02646668255329132,
        -0.0038805375806987286,
        0.019300200045108795,
        0.0008859240333549678,
        -0.006648997310549021,
        0.014758001081645489,
        0.09916143864393234,
        0.03654886782169342,
        -0.008038584142923355,
        -0.007202572654932737,
        0.014080308377742767,
        -0.054844100028276443,
        0.020703747868537903,
        0.017971230670809746,
        0.012490452267229557,
        0.03837999328970909,
        -0.002052876865491271,
        0.06966938823461533,
        -0.10881330072879791,
        -0.0020599414128810167,
        0.0586140938103199,
        -0.05126660317182541,
        -0.026179306209087372,
        -0.06211637705564499,
        0.021402619779109955,
        0.019019989296793938,
        -0.032511837780475616,
        -0.029569732025265694,
        -0.016884803771972656,
        -0.17300604283809662,
        -0.003304592566564679,
        -0.030911624431610107,
        0.02069299854338169,
        -0.010410342365503311,
        -0.03658630698919296,
        -0.014476691372692585,
        -0.04312897473573685,
        0.04213595390319824,
        -0.05657092481851578,
        0.059691544622182846,
        0.05627063661813736,
        0.04728476703166962,
        0.01123145129531622,
        -0.048286523669958115,
        -0.03828511759638786,
        -0.03331407159566879,
        -0.015230336226522923,
        -0.004265531897544861,
        0.03446170687675476,
        -0.020324401557445526,
        -0.014285508543252945,
        0.009387831203639507,
        -0.015519336797297001,
        0.03002571500837803,
        0.04324141517281532,
        -0.001771271345205605,
        0.031970374286174774,
        -0.0036259216722100973,
        0.04429354518651962,
        -0.007607605308294296,
        0.05126124620437622,
        0.021850137040019035,
        -0.17986425757408142,
        0.05579843744635582,
        0.04650549218058586,
        0.016588319092988968,
        -0.02432238683104515,
        0.007278249133378267,
        -0.004415840841829777,
        0.08193249255418777,
        -0.030474664643406868,
        0.03210417926311493,
        0.013718385249376297,
        0.041263580322265625,
        0.020046843215823174,
        -0.006615886930376291,
        -0.0033490352798253298,
        -0.03976951539516449,
        -0.0007122523966245353,
        0.00337997917085886,
        -0.027155892923474312,
        0.0017627226188778877,
        -0.023440968245267868,
        0.015587806701660156,
        -0.03460736945271492,
        -0.047602757811546326,
        0.00865994207561016,
        -0.05047092214226723,
        0.10870247334241867,
        0.011531051248311996,
        -0.005639642011374235,
        0.009322967380285263,
        0.0044104973785579205,
        0.013180091045796871,
        -0.04611770436167717,
        -0.02983359433710575,
        0.011165352538228035,
        -0.007756068836897612,
        -0.00018434581579640508,
        0.22499412298202515,
        -0.04851911589503288,
        0.04118439182639122,
        0.030404383316636086,
        -0.04597599431872368,
        0.07607803493738174,
        -0.001147707225754857,
        0.0022672417107969522,
        -0.048681192100048065,
        -0.006696900352835655,
        0.03371679037809372,
        -0.011665323749184608,
        -0.023016897961497307,
        0.025271598249673843,
        -0.0671861544251442,
        0.053183767944574356,
        0.005166673567146063,
        0.047572243958711624,
        0.0014696345897391438,
        -0.038123778998851776,
        -0.041095346212387085,
        -0.029710182920098305,
        -0.0003413533268030733,
        0.03814007341861725,
        -0.04872477427124977,
        0.00790692400187254,
        -0.12350159883499146,
        0.04571560397744179,
        0.1273365616798401,
        0.019528357312083244,
        -0.012290344573557377,
        0.021467704325914383,
        -0.06098257377743721,
        -0.05271422117948532,
        -0.0459078848361969,
        0.03145507350564003,
        0.020297324284911156,
        -0.0022589529398828745,
        -0.020617200061678886,
        0.04396507516503334,
        -0.035582225769758224,
        -0.016430770978331566,
        -0.1497032344341278,
        -0.04098668321967125,
        -0.092165507376194,
        -0.01205568015575409,
        0.029732534661889076,
        0.0019488048274070024,
        0.00868624821305275,
        -0.07535457611083984,
        0.04450998455286026,
        -0.006313162390142679,
        0.025479480624198914,
        -0.06652455031871796,
        -0.02780373953282833,
        -0.010577953420579433,
        0.04814137518405914,
        0.010059809312224388,
        0.05823791027069092,
        -0.03414914757013321,
        -0.017274988815188408,
        0.027529358863830566,
        -0.0010326601332053542,
        -0.06828569620847702,
        0.1233682632446289,
        0.03114079125225544,
        -0.018966054543852806,
        0.010046749375760555,
        0.02952854335308075,
        0.013059324584901333,
        -0.0020309884566813707,
        -0.006336078979074955,
        0.023751340806484222,
        -0.05746686831116676,
        0.04538705572485924,
        0.08690768480300903,
        0.02239358425140381,
        -0.05324992164969444,
        -0.013574757613241673,
        -0.0032968337181955576,
        0.03973233699798584,
        0.05844821780920029,
        -0.07759757339954376,
        -0.06483212858438492,
        0.05161416903138161,
        0.04371371492743492,
        0.03228132799267769,
        0.018616728484630585,
        -0.01079263724386692,
        0.027467049658298492,
        0.07124347239732742,
        -0.00883561186492443,
        0.021959569305181503,
        -0.07330804318189621,
        -0.002931211143732071,
        -0.031475652009248734,
        -0.0017397914780303836,
        -0.0387396514415741,
        -0.012600009329617023,
        0.002642572158947587,
        -0.004853581544011831,
        -0.031033379957079887,
        -0.018687857314944267,
        -0.049145277589559555,
        0.017794247716665268,
        0.050115786492824554,
        0.002215686719864607,
        0.014679444953799248,
        -0.014771311543881893,
        0.010444056242704391,
        0.01973489113152027,
        -0.04382248967885971,
        0.04633290320634842,
        0.08148102462291718,
        -0.04018282890319824,
        -0.032044749706983566,
        -0.015605691820383072,
        0.019107365980744362,
        0.07402505725622177,
        0.013652416877448559,
        0.031522613018751144,
        0.01487842295318842,
        -0.07878687977790833,
        -0.03371274098753929,
        -0.21185503900051117,
        0.003808028995990753,
        -0.0064547318033874035,
        -0.02526894584298134,
        0.07131052017211914,
        -0.054060522466897964,
        0.018242524936795235,
        -0.04928587004542351,
        0.0325741209089756,
        0.018486090004444122,
        0.07311901450157166,
        -0.05162475258111954,
        -0.053015727549791336,
        0.017512531951069832,
        0.025728438049554825,
        0.08708178997039795,
        -0.007906211540102959,
        0.00745309516787529,
        -0.04947025328874588,
        0.016255617141723633,
        -0.03696902096271515,
        0.03604362905025482,
        -0.016821585595607758,
        -0.06630980223417282,
        0.011549192480742931,
        0.0023040324449539185,
