{
    "index": 29,
    "page": 6,
    "text": "The Stoic system of physics was materialism with an infusion of pantheism. In con-\ntradiction to Plato’s view that the Ideas, or Prototypes, of phenomena alone really ex-\nist, the Stoics held that material objects alone existed; but immanent in the material \nuniverse was a spiritual force which acted through them, manifesting itself under \nmany forms, as fire, aether, spirit, soul, reason, the ruling principle.",
    "embedding_of_chunk": [
        -0.031108561903238297,
        0.024034224450588226,
        0.010240933857858181,
        -0.029277240857481956,
        -0.011172305792570114,
        -0.024829048663377762,
        0.056904248893260956,
        0.03852205350995064,
        -0.01552505698055029,
        -0.01955036073923111,
        0.004924254026263952,
        -0.06943127512931824,
        0.012219134718179703,
        0.029369503259658813,
        0.037689972668886185,
        -0.022288095206022263,
        0.011011972092092037,
        0.005429422482848167,
        -0.06279175728559494,
        0.03884953632950783,
        0.03130139037966728,
        -0.05997920408844948,
        -0.07597044855356216,
        -0.03815281018614769,
        0.026560816913843155,
        0.049240533262491226,
        -0.03678464516997337,
        -0.09239093959331512,
        -0.027961233630776405,
        -0.14958693087100983,
        -0.01399911381304264,
        -0.060416609048843384,
        0.0268184132874012,
        -0.03358568251132965,
        0.0033585147466510534,
        -0.006540249567478895,
        -0.014038197696208954,
        0.016479363664984703,
        -0.0737500861287117,
        0.07648986577987671,
        0.017771868035197258,
        0.02252935618162155,
        -0.014206549152731895,
        -0.011243108659982681,
        -0.028363019227981567,
        -0.02077026106417179,
        0.029085347428917885,
        -0.03789173439145088,
        0.025196358561515808,
        -0.005130973644554615,
        0.019680093973875046,
        -0.001838934374973178,
        0.004112097900360823,
        0.034883782267570496,
        0.02478010579943657,
        0.05284448713064194,
        0.026243308559060097,
        0.03780435770750046,
        0.030033720657229424,
        -0.033882662653923035,
        0.025541547685861588,
        0.05440247803926468,
        -0.17034803330898285,
        0.08304710686206818,
        0.11690016835927963,
        0.02132093533873558,
        -0.035978320986032486,
        -0.007819276303052902,
        0.061157189309597015,
        0.03319596126675606,
        -0.04019807279109955,
        0.04749026149511337,
        0.026080938056111336,
        0.06602252274751663,
        0.062193695455789566,
        0.003524806583300233,
        0.016673192381858826,
        -0.052634190768003464,
        -0.02201760560274124,
        0.035479310899972916,
        -0.011437821201980114,
        -0.027105029672384262,
        -0.046987131237983704,
        0.04481712728738785,
        -0.06777504086494446,
        0.009417243301868439,
        0.0077888984233140945,
        -0.08987728506326675,
        0.030150271952152252,
        -0.008398264646530151,
        -0.04450026527047157,
        -0.025175323709845543,
        -0.02108188532292843,
        0.04659603163599968,
        -0.026523953303694725,
        -0.035584669560194016,
        0.0076796733774244785,
        0.032994408160448074,
        -0.01764082908630371,
        0.22080829739570618,
        0.02110704593360424,
        0.033073633909225464,
        0.02809223346412182,
        -0.014798900112509727,
        0.03776809945702553,
        0.01638890616595745,
        -0.02912624180316925,
        -0.0620514377951622,
        -0.02355242148041725,
        0.042337410151958466,
        0.03319363296031952,
        -0.02907034195959568,
        0.01983807422220707,
        -0.06667198985815048,
        0.012765278108417988,
        -0.021856654435396194,
        0.05672654137015343,
        0.005816066637635231,
        -0.021658310666680336,
        -0.007925254292786121,
        -0.0080399876460433,
        0.05422905087471008,
        0.08473478257656097,
        -0.03555545583367348,
        -0.0010954448953270912,
        -0.12608887255191803,
        -0.004064896609634161,
        0.0963771715760231,
        -0.00409912783652544,
        0.010552925057709217,
        0.03768399357795715,
        -0.017709139734506607,
        -0.04463936388492584,
        -0.05251754820346832,
        0.009132296778261662,
        0.013029014691710472,
        0.023889681324362755,
        -0.005514021497219801,
        0.04279772937297821,
        0.01630978472530842,
        -0.014139212667942047,
        -0.08332396298646927,
        -0.026447653770446777,
        -0.10650753974914551,
        -0.059184059500694275,
        0.06890459358692169,
        0.006467919796705246,
        0.005501521751284599,
        -0.07267913967370987,
        0.08007512986660004,
        -0.014874743297696114,
        0.022454725578427315,
        -0.04948399215936661,
        -0.029892584308981895,
        0.03108486346900463,
        0.039810582995414734,
        0.02777125872671604,
        0.047601718455553055,
        -0.03862188756465912,
        0.01664457842707634,
        -0.018889930099248886,
        -0.01261851191520691,
        -0.04926515743136406,
        0.15017017722129822,
        0.020394841209053993,
        -0.035227078944444656,
        -0.012764830142259598,
        0.027773544192314148,
        -0.01603914611041546,
        -0.03135783597826958,
        0.0466492734849453,
        0.04762408137321472,
        -0.03374868631362915,
        0.012687756679952145,
        0.09027362614870071,
        0.04681292548775673,
        -0.012850690633058548,
        0.026805583387613297,
        0.01376214250922203,
        0.027908464893698692,
        0.06102379411458969,
        -0.05433795601129532,
        -0.05553855001926422,
        0.07847277075052261,
        0.04576306790113449,
        -0.0816086009144783,
        -0.05103076994419098,
        -0.05340905860066414,
        0.008957132697105408,
        0.054152991622686386,
        0.013814913108944893,
        0.06786354631185532,
        -0.04808585345745087,
        -0.023508252575993538,
        -0.05275774002075195,
        -0.010395614430308342,
        -0.013919302262365818,
        -0.011899840086698532,
        -0.07763335108757019,
        -0.018161840736865997,
        -0.03395101800560951,
        0.004793649539351463,
        -0.047415971755981445,
        0.03702335059642792,
        0.00038320099702104926,
        0.0029475451447069645,
        0.002852221019566059,
        0.042014047503471375,
        0.02429312653839588,
        0.02130061201751232,
        -0.023009274154901505,
        0.02674848772585392,
        0.066325843334198,
        -0.060391783714294434,
        0.005753538105636835,
        0.025297680869698524,
        0.006229227874428034,
        -0.004463509190827608,
        0.02313166670501232,
        -0.0013681667624041438,
        0.03432782366871834,
        -0.09320501983165741,
        -0.08907049149274826,
        -0.23932647705078125,
        -0.011227644979953766,
        0.013797773979604244,
        -0.03645710274577141,
        0.07786273956298828,
        -0.007499573286622763,
        -0.00046966318041086197,
        -0.03395441547036171,
        -0.003616534871980548,
        0.0059767840430140495,
        0.04365464672446251,
        0.02103746309876442,
        -0.008602306246757507,
        -0.00231084949336946,
        0.014544283971190453,
        -0.009312878362834454,
        0.03152899071574211,
        -0.017507344484329224,
        -0.022621892392635345,
        0.007999692112207413,
        -0.014170304872095585,
        0.06697725504636765,
        -0.025090191513299942,
        -0.05911124125123024,
        0.04189983010292053,
        -0.027074187994003296,
        0.19400912523269653,
