{
    "index": 114,
    "page": 19,
    "text": "or appointment of God have happened unto thee. Thou seest that those things, \nwhich for a man to hold on in a prosperous course, and to live a divine life, are req-\nuisite and necessary, are not many, for the gods will require no more of any man, \nthat shall but keep and observe these things.",
    "embedding_of_chunk": [
        -0.026632262393832207,
        -0.020263176411390305,
        -0.002507926197722554,
        -0.07164228707551956,
        0.000834929698612541,
        0.01934722438454628,
        0.0935681089758873,
        0.038389116525650024,
        0.001206275075674057,
        -0.010342834517359734,
        -0.008824576623737812,
        -0.06824307143688202,
        0.043754395097494125,
        0.05005728825926781,
        0.019610868766903877,
        0.0001761957537382841,
        -0.04541059955954552,
        0.043368127197027206,
        -0.09116702526807785,
        -0.011741725727915764,
        0.05397574603557587,
        0.0032962518744170666,
        -0.05249405652284622,
        -0.05940350890159607,
        0.013467974029481411,
        0.040866199880838394,
        -0.02503899857401848,
        -0.05452951416373253,
        -0.007284395396709442,
        -0.13345788419246674,
        -0.0021127951331436634,
        -0.07066037505865097,
        0.04254594445228577,
        0.0014200621517375112,
        -0.004001235123723745,
        -0.002600006991997361,
        -0.04655002802610397,
        0.0379466637969017,
        -0.024346575140953064,
        0.052824705839157104,
        0.027731114998459816,
        0.003326397854834795,
        -0.029788896441459656,
        -0.08389618247747421,
        -0.02987360954284668,
        -0.02272956818342209,
        -0.014431844465434551,
        -0.04455601051449776,
        0.014481858350336552,
        -0.04043182358145714,
        -0.0069427224807441235,
        -0.012160449288785458,
        0.023913705721497536,
        0.03070697747170925,
        0.017221171408891678,
        -0.009006982669234276,
        0.0403570793569088,
        0.010880067944526672,
        0.030207347124814987,
        0.002753907348960638,
        0.060027215629816055,
        -0.002413584617897868,
        -0.25485000014305115,
        0.05437279865145683,
        0.03328779339790344,
        -0.009154236875474453,
        0.0038226027972996235,
        -0.049827639013528824,
        0.017173368483781815,
        0.04467635229229927,
        -0.029730623587965965,
        0.04783456027507782,
        0.021737363189458847,
        0.06805024296045303,
        0.002155391499400139,
        -0.06955043226480484,
        0.02346687950193882,
        -0.07061918824911118,
        -0.03326219692826271,
        0.04727747663855553,
        -0.008416269905865192,
        0.015576819889247417,
        0.02219085581600666,
        0.007676175329834223,
        -0.05431206524372101,
        -0.03873562440276146,
        -0.014412910677492619,
        -0.0778740793466568,
        0.05420851334929466,
        -0.0065221237018704414,
        -0.02201109752058983,
        -0.015173141844570637,
        -0.030741116032004356,
        0.009430925361812115,
        -0.06083860993385315,
        -0.003783486783504486,
        0.0256247129291296,
        0.026027463376522064,
        -0.04575659707188606,
        0.20865508913993835,
        -0.018338488414883614,
        0.057410962879657745,
        0.014657583087682724,
        0.016382034868001938,
        0.05994128808379173,
        0.011693817563354969,
        -0.04324802756309509,
        -0.038194671273231506,
        -0.03219303861260414,
        0.04733223840594292,
        0.03054981492459774,
        0.0015348904998973012,
        0.060933828353881836,
        -0.06976448744535446,
        0.006790365092456341,
        0.019517814740538597,
        0.04767337813973427,
        -0.005787924397736788,
        -0.050397638231515884,
        -0.021090127527713776,
        0.02526669017970562,
        0.0582994669675827,
        0.061157744377851486,
        -0.02025882713496685,
        0.00572503125295043,
        -0.1063942089676857,
        0.046104516834020615,
        0.09765299409627914,
        -0.0026682524476200342,
        -0.004233958199620247,
        0.010676003061234951,
        -0.0509321428835392,
        -0.06285388022661209,
        -0.03878946602344513,
        0.034643448889255524,
        0.02429116703569889,
        0.017958911135792732,
        -0.017155954614281654,
        0.03109274059534073,
        -0.03776096552610397,
        -0.018781442195177078,
        -0.12849822640419006,
        -0.025240477174520493,
        -0.12058646231889725,
        0.04222698137164116,
        0.09511673450469971,
        0.01609262079000473,
        0.046650100499391556,
        -0.00862087868154049,
        -0.006804005708545446,
        -0.060420066118240356,
        0.05462009087204933,
        -0.06510535627603531,
        -0.01111807581037283,
        -0.005101775284856558,
        -0.008319367654621601,
        0.03343212231993675,
        0.04428144544363022,
        -0.06218902766704559,
        0.013653293251991272,
        0.009258333593606949,
        -0.01783752255141735,
        -0.047478072345256805,
        0.12326696515083313,
        -0.008457137271761894,
        -0.052365560084581375,
        0.018015732988715172,
        -0.009543344378471375,
        0.019546523690223694,
        0.012719715014100075,
        0.059744950383901596,
        0.03770770505070686,
        -0.05985608324408531,
        0.05578310787677765,
        0.10511218756437302,
        0.04152500256896019,
        -0.051299065351486206,
        0.03768229857087135,
        -0.029960719868540764,
        -0.001760574639774859,
        -0.006578219123184681,
        -0.06708192825317383,
        -0.09593302756547928,
        0.059097062796354294,
        -0.01181628368794918,
        -0.027542345225811005,
        -0.02738427370786667,
        -0.02188071794807911,
        0.029325786978006363,
        0.0498657152056694,
        -0.009321623481810093,
        0.06340944766998291,
        -0.02362552285194397,
        -0.011886517517268658,
        0.006753797177225351,
        0.01641790382564068,
        -0.05694463849067688,
        0.001559148309752345,
        0.00794498436152935,
        -0.02511117421090603,
        -0.029500741511583328,
        -0.03694295138120651,
        -0.014133735559880733,
        0.030123768374323845,
        0.026087213307619095,
        0.010457072407007217,
        -0.03635874390602112,
        -0.0017682812176644802,
        0.029281392693519592,
        -0.004733772948384285,
        -0.021496254950761795,
        0.04210447147488594,
        0.07014073431491852,
        0.011354495771229267,
        -0.046151302754879,
        0.026840556412935257,
        0.04750313237309456,
        0.02336326241493225,
        0.044816888868808746,
        0.03448991850018501,
        0.07036659866571426,
        -0.06725446879863739,
        -0.008476700633764267,
        -0.2263062298297882,
        -0.007764272857457399,
        -0.034360989928245544,
        -0.019398681819438934,
        0.052968114614486694,
        -0.042577024549245834,
        0.013157857581973076,
        0.013473467901349068,
        0.04427924007177353,
        0.022344306111335754,
        0.006336418446153402,
        -0.027280006557703018,
        0.0056236484088003635,
        0.03821250796318054,
        0.0011124401353299618,
        0.04278803989291191,
        -0.020227137953042984,
        -0.022523285821080208,
        -0.03836515545845032,
        0.010501701384782791,
        -0.026331132277846336,
        0.07011398673057556,
        -0.040251072496175766,
        -0.0928250178694725,
        0.0426783487200737,
        0.007224557921290398,
        0.17790508270263672,
        0.05676225200295448,
        0.02605966478586197,
        -0.03343645855784416,
        0.04103269428014755,
