{
    "index": 238,
    "page": 38,
    "text": "IV. I continue my course by actions according to nature, until I fall and cease, \nbreathing out my last breath into that air, by which continually breathed in I did live; \nand falling upon that earth, out of whose gifts and fruits my father gathered his seed, \nmy mother her blood, and my nurse her milk, out of which for so many years I have \nbeen provided, both of meat and drink. And lastly, which beareth me that tread upon \nit, and beareth with me that so many ways do abuse it, or so freely make use of it, so \nmany ways to so many ends. \n\nV. No man can admire thee for thy sharp acute language, such is thy natural disabil-\nity that way. Be it so: yet there be many other good things, for the want of which \nFIFTH BOOK",
    "embedding_of_chunk": [
        -0.03170045092701912,
        0.0023503752890974283,
        0.048426683992147446,
        0.015749366953969002,
        0.0030253068543970585,
        -0.009729414246976376,
        0.08154045790433884,
        0.060056254267692566,
        -0.012913786806166172,
        -0.013219418004155159,
        -0.014924098737537861,
        -0.09259053319692612,
        0.025924082845449448,
        0.013340319506824017,
        0.0037299313116818666,
        0.01851750910282135,
        -0.016045060008764267,
        0.03578883036971092,
        -0.0939851701259613,
        0.0356491357088089,
        0.0586075559258461,
        -0.026460915803909302,
        0.010407422669231892,
        -0.07864450663328171,
        0.005736357066780329,
        0.05161828547716141,
        -0.015684621408581734,
        -0.021620437502861023,
        -0.009539893828332424,
        -0.15391282737255096,
        -0.0029600707348436117,
        -0.02517523430287838,
        0.05084236338734627,
        -0.013200460001826286,
        -0.031160788610577583,
        -0.02451973780989647,
        -0.054676804691553116,
        0.061962831765413284,
        -0.037989310920238495,
        0.07716967165470123,
        0.024184562265872955,
        0.028533248230814934,
        -0.009069981053471565,
        -0.03266596049070358,
        -0.021138081327080727,
        -0.009974148124456406,
        -0.015040694735944271,
        -0.009205389767885208,
        0.06798088550567627,
        -0.051083799451589584,
        -0.04307744652032852,
        -0.025389907881617546,
        -0.028972864151000977,
        0.06025059148669243,
        0.056208547204732895,
        0.018292175605893135,
        0.07771921902894974,
        0.04612462967634201,
        0.028590526431798935,
        0.020115375518798828,
        0.06781106442213058,
        0.035336025059223175,
        -0.24620333313941956,
        0.07152009755373001,
        0.06249045580625534,
        0.016484985128045082,
        -0.05323462933301926,
        -0.0017949019093066454,
        0.017293214797973633,
        0.08567129820585251,
        -0.03363892063498497,
        0.0440305732190609,
        0.02777833305299282,
        0.05332205072045326,
        -0.0013011975679546595,
        0.0034208812285214663,
        -0.012738242745399475,
        -0.0793786346912384,
        -0.016615334898233414,
        0.010734654031693935,
        -0.012024191208183765,
        0.004070351831614971,
        -0.04066288843750954,
        -0.016898825764656067,
        -0.06474616378545761,
        -0.030950132757425308,
        0.01644316501915455,
        -0.0852268859744072,
        0.057600237429142,
        0.0353141613304615,
        -0.022281469777226448,
        -0.03848099708557129,
        -0.05415254458785057,
        0.040242623537778854,
        -0.03613569587469101,
        -0.019329754635691643,
        0.03960840404033661,
        -0.011945115402340889,
        -0.020277397707104683,
        0.178249791264534,
        -0.04940076544880867,
        0.03604545444250107,
        -0.003241852857172489,
        -0.03891263157129288,
        0.013263803906738758,
        -0.02197965979576111,
        0.0032407522667199373,
        -0.04844168946146965,
        0.009876024909317493,
        0.0037631297018378973,
        0.015580183826386929,
        -0.01786823756992817,
        0.04132508113980293,
        -0.051986370235681534,
        0.016797829419374466,
        0.043396688997745514,
        0.04591478034853935,
        -0.009368319995701313,
        -0.07606817036867142,
        0.019263723865151405,
        -0.038979265838861465,
        0.0361047200858593,
        0.046328313648700714,
        0.006693381816148758,
        0.01200160849839449,
        -0.13407307863235474,
        0.06746841967105865,
        0.11517934501171112,
        0.02588946372270584,
        -0.015219636261463165,
        0.044120337814092636,
        -0.022868450731039047,
        -0.011930311098694801,
        -0.04050422087311745,
        0.03311507776379585,
        0.021525364369153976,
        0.0038566815201193094,
        -0.01918661780655384,
        0.059665463864803314,
        -0.040075019001960754,
        -0.03969694301486015,
        -0.168207585811615,
        -0.050334203988313675,
        -0.10537883639335632,
        -0.0060871681198477745,
        0.06592890620231628,
        0.05870217829942703,
        0.03633200749754906,
        -0.032128121703863144,
        0.018602121621370316,
        0.008447574451565742,
        0.050139620900154114,
        -0.022399360314011574,
        -0.004421259742230177,
        0.025069687515497208,
        0.05045868083834648,
        0.03727182373404503,
        0.06504478305578232,
        -0.037106603384017944,
        0.010373082011938095,
        -0.0032591912895441055,
        -0.032343775033950806,
        -0.016706354916095734,
        0.10096383094787598,
        0.024594463407993317,
        -0.0019737263210117817,
        -0.02032233029603958,
        0.0052445135079324245,
        0.01744999922811985,
        -0.015029552392661572,
        0.09014484286308289,
        0.0037647492717951536,
        -0.06528083235025406,
        0.02337147668004036,
        0.08389174938201904,
        0.007736715488135815,
        -0.03748400881886482,
        -0.006438783369958401,
        -0.020655587315559387,
        0.01198658812791109,
        0.04633007198572159,
        -0.0623706616461277,
        -0.056243233382701874,
        0.058746594935655594,
        -0.018470756709575653,
        -0.014015035703778267,
        -0.029278859496116638,
        -0.03781549632549286,
        0.061557069420814514,
        0.07581119984388351,
        0.008996967226266861,
        0.053697023540735245,
        -0.026746150106191635,
        -0.00196978566236794,
        -0.04550180584192276,
        -0.014982292428612709,
        -0.032786719501018524,
        0.005386822856962681,
        -0.009218921884894371,
        -0.012352922931313515,
        0.016703270375728607,
        -0.046563562005758286,
        -0.011925862170755863,
        -5.1991296459164005e-06,
        0.06371273845434189,
        0.00484613049775362,
        0.01773218996822834,
        -0.004783406388014555,
        0.03815227374434471,
        -0.004152428358793259,
        -0.04755488783121109,
        0.0654652938246727,
        0.05248464643955231,
        0.015011079609394073,
        -0.02407972700893879,
        0.027786988765001297,
        0.008272318169474602,
        0.011668677441775799,
        -0.005094633903354406,
        0.038104765117168427,
        0.022659048438072205,
        -0.16132597625255585,
        -0.0796574130654335,
        -0.22841936349868774,
        0.01820172369480133,
        0.03492157161235809,
        -0.08270253986120224,
        0.06678248941898346,
        -0.04096986725926399,
        0.037292465567588806,
        -0.0006377004901878536,
        0.011255694553256035,
        0.01611846499145031,
        0.05969654396176338,
        -0.0617644228041172,
        -0.005798927042633295,
        0.06635047495365143,
        0.031595125794410706,
        0.05709176883101463,
