{
    "index": 696,
    "page": 108,
    "text": "XXIV. What doest thou desire? To live long. What? To enjoy the operations of a sensi-\ntive soul; or of the appetitive faculty? or wouldst thou grow, and then decrease \nagain? Wouldst thou long be able to talk, to think and reason with thyself? Which of \nTWELFTH BOOK \n\nall these seems unto thee a worthy object of thy desire? Now if of all these thou doest \nfind that they be but little worth in themselves, proceed on unto the last, which is, in \nall things to follow God and reason. But for a man to grieve that by death he shall be \ndeprived of any of these things, is both against God and reason.",
    "embedding_of_chunk": [
        -0.04258261248469353,
        0.04250126704573631,
        0.023604964837431908,
        -0.017970342189073563,
        -0.011574945412576199,
        0.016487328335642815,
        0.05851460248231888,
        0.038560397922992706,
        0.010529066435992718,
        -0.016838395968079567,
        -0.019731996580958366,
        -0.08551940321922302,
        0.006589432712644339,
        0.04565367475152016,
        0.01550258882343769,
        0.011455649510025978,
        0.01095587108284235,
        0.005711427889764309,
        -0.09778599441051483,
        0.03191223740577698,
        0.06416837126016617,
        -0.05249067395925522,
        -0.018672483041882515,
        -0.08450812101364136,
        0.02621435932815075,
        0.016496410593390465,
        0.003282070392742753,
        -0.0596126914024353,
        -0.0008222261094488204,
        -0.15223965048789978,
        0.015907416120171547,
        -0.049072932451963425,
        0.052464619278907776,
        -0.016941038891673088,
        -0.01865825057029724,
        -0.0006214780150912702,
        -0.030952321365475655,
        0.02285696379840374,
        -0.06340847164392471,
        0.08336743712425232,
        0.0350847989320755,
        0.019405758008360863,
        -0.057471513748168945,
        -0.04256897419691086,
        -0.03679981827735901,
        -0.05576785281300545,
        -0.04359349235892296,
        -0.031548548489809036,
        0.023940743878483772,
        -0.016789080575108528,
        -0.04688224196434021,
        -0.006879432592540979,
        0.02846495807170868,
        0.058198846876621246,
        0.019967082887887955,
        0.03722333908081055,
        0.0486811101436615,
        0.03974715247750282,
        0.026340950280427933,
        0.02719845622777939,
        0.03377888351678848,
        -0.01559570524841547,
        -0.21883384883403778,
        0.0743432343006134,
        0.05411587283015251,
        0.030016493052244186,
        -0.046047624200582504,
        -0.022918755188584328,
        0.0038359735626727343,
        0.07250378280878067,
        0.0002530475321691483,
        0.028709253296256065,
        0.05969041585922241,
        0.04797792807221413,
        0.016573943197727203,
        -0.017086243256926537,
        0.023062488064169884,
        -0.042811304330825806,
        0.0005167494527995586,
        0.027865221723914146,
        -0.010753181762993336,
        0.007693611551076174,
        -0.019846921786665916,
        0.023877589032053947,
        -0.07125835865736008,
        -0.06437299400568008,
        -0.002389629604294896,
        -0.06442145258188248,
        0.040376078337430954,
        0.05572009086608887,
        -0.02914520353078842,
        -0.010814960114657879,
        -0.015320838429033756,
        0.02911972627043724,
        -0.0390629880130291,
        -0.017053738236427307,
        0.029029108583927155,
        -0.02118411660194397,
        -0.0641922578215599,
        0.19662074744701385,
        -0.03443679213523865,
        0.06302737444639206,
        0.024641040712594986,
        -0.009174981154501438,
        0.03502846881747246,
        0.033479321748018265,
        -0.03453807532787323,
        -0.0283461082726717,
        -0.01113965269178152,
        0.028738543391227722,
        0.0076394276693463326,
        0.005138398613780737,
        0.013752968050539494,
        -0.02777194231748581,
        0.006796178873628378,
        0.0036586630158126354,
        0.05604297295212746,
        -0.0025946886744350195,
        -0.047157593071460724,
        0.027469603344798088,
        -0.040863748639822006,
        0.016093784943223,
        0.0663510262966156,
        -0.014847797341644764,
        -0.009555432014167309,
        -0.10398837178945541,
        0.045140065252780914,
        0.12168935686349869,
        -0.0065324567258358,
        0.008253004401922226,
        0.010764451697468758,
        -0.018967032432556152,
        -0.06262417882680893,
        -0.02732052654027939,
        0.04183930531144142,
        0.04637002944946289,
        0.017371071502566338,
        -0.01834363490343094,
        0.0345984622836113,
        -0.08215074241161346,
        -0.01828979328274727,
        -0.12583129107952118,
        -0.0023650131188333035,
        -0.10314751416444778,
        -0.00563098955899477,
        0.06839631497859955,
        0.00988712441176176,
        -0.013657593168318272,
        -0.021911004558205605,
        0.02922620065510273,
        0.01115713082253933,
        0.042940277606248856,
        -0.044997863471508026,
        -0.020984193310141563,
        0.00010313170787412673,
        0.026533007621765137,
        0.020353903993964195,
        0.06247794255614281,
        -0.03889426961541176,
        -0.019578590989112854,
        0.007705116178840399,
        -0.008089778013527393,
        -0.03440134972333908,
        0.10466933250427246,
        -0.0020818745251744986,
        -0.0324726328253746,
        0.0009133421117439866,
        0.02259504236280918,
        0.009516564197838306,
        -0.0009729036828503013,
        0.04910777136683464,
        -0.024574700742959976,
        -0.07686576247215271,
        0.05440704524517059,
        0.09201939404010773,
        0.03494270145893097,
        -0.014255651272833347,
        0.013486363925039768,
        0.01568559929728508,
        0.000729555613361299,
        0.013429304584860802,
        -0.0526556670665741,
        -0.057710058987140656,
        0.04328537732362747,
        0.0036178785376250744,
        -0.04276997223496437,
        0.012278370559215546,
        -0.050104349851608276,
        0.017044346779584885,
        0.07386147975921631,
        0.015546577982604504,
        0.048324715346097946,
        -0.03622428700327873,
        -0.010568339377641678,
        -0.019877657294273376,
        -0.01661078818142414,
        -0.039124611765146255,
        0.035489410161972046,
        -0.044213682413101196,
        -0.02598959021270275,
        0.011851092800498009,
        -0.028822531923651695,
        -0.052141718566417694,
        0.004178013652563095,
        0.00794319435954094,
        -0.002143113873898983,
        0.0017795972526073456,
        0.0003068946534767747,
        0.08057527989149094,
        0.008318426087498665,
        -0.03989238664507866,
        0.04119304195046425,
        0.06548070907592773,
        0.0030102513264864683,
        -0.03527490422129631,
        0.009707233868539333,
        0.012544002383947372,
        -0.009850764647126198,
        0.019902732223272324,
        0.04678216204047203,
        0.02134614624083042,
        -0.11110842972993851,
        -0.04030289500951767,
        -0.2427939772605896,
        0.04085672274231911,
        -0.026112157851457596,
        -0.07503944635391235,
        0.07104769349098206,
        -0.065122589468956,
        -0.00351423816755414,
        0.001471166149713099,
        0.03250591456890106,
        0.021556155756115913,
        0.05294886976480484,
        -0.03746543079614639,
        -0.027114808559417725,
        0.019948501139879227,
        -0.008192356675863266,
        0.048489004373550415,
        -0.015460364520549774,
        0.014027976430952549,
        -0.032539188861846924,
        0.023717593401670456,
