{
    "index": 89,
    "page": 15,
    "text": "sired to live long, or over-studious of neatness, and elegancy; and yet not as one that \ndid not regard it: so that through his own care and providence, he seldom needed \nany inward physic, or outward applications: but especially how ingeniously he would \nyield to any that had obtained any peculiar faculty, as either eloquence, or the \nknowledge of the laws, or of ancient customs, or the like; and how he concurred with",
    "embedding_of_chunk": [
        -0.005865592043846846,
        0.04101463034749031,
        0.04073730856180191,
        0.009986819699406624,
        -0.01548709999769926,
        -0.035636402666568756,
        0.027741001918911934,
        0.05858457460999489,
        -0.027414515614509583,
        -0.009584927000105381,
        -0.023406678810715675,
        -0.0794568583369255,
        0.03447724133729935,
        0.027001608163118362,
        0.01602739468216896,
        -0.0414595827460289,
        -0.029495663940906525,
        0.06465981900691986,
        -0.08289643377065659,
        0.045692965388298035,
        0.06347103416919708,
        -0.0414646677672863,
        -0.029189802706241608,
        -0.05865912884473801,
        0.006383455824106932,
        0.021211374551057816,
        -0.038136132061481476,
        -0.021486524492502213,
        -0.0034154511522501707,
        -0.15078836679458618,
        0.009513217024505138,
        -0.0013882400235161185,
        0.037852026522159576,
        -0.0009751247707754374,
        -0.00967363640666008,
        -0.0504072904586792,
        -0.010319831781089306,
        0.03661981597542763,
        -0.044857870787382126,
        0.07997968047857285,
        0.07211464643478394,
        0.022985393181443214,
        -0.01137519534677267,
        -0.02462748996913433,
        -0.021002234891057014,
        -0.04406661540269852,
        0.006758752278983593,
        -0.04432139918208122,
        0.041757140308618546,
        -0.005672781262546778,
        -0.04360315203666687,
        -0.045181989669799805,
        0.03113391064107418,
        0.004260787274688482,
        0.027283690869808197,
        0.0003391221398487687,
        0.08996041119098663,
        -0.008651867508888245,
        0.04283079877495766,
        0.017013343051075935,
        0.024280698969960213,
        0.05789699777960777,
        -0.19148673117160797,
        0.053779661655426025,
        0.05960672348737717,
        0.03719465807080269,
        -0.06067785993218422,
        -0.033349789679050446,
        0.04016067087650299,
        0.07823251932859421,
        0.037561576813459396,
        0.00878540612757206,
        0.02218032069504261,
        0.04285683482885361,
        0.03802761435508728,
        0.007412560284137726,
        0.03777395188808441,
        -0.03203555569052696,
        -0.013874844647943974,
        0.027364609763026237,
        -0.011715248227119446,
        -0.03901961073279381,
        -0.05444182828068733,
        -0.006342910695821047,
        -0.06425255537033081,
        -0.0027097524143755436,
        -0.013366838917136192,
        -0.08719725161790848,
        0.028278691694140434,
        0.04387850686907768,
        -0.03534035384654999,
        -0.008935283869504929,
        -0.05393773689866066,
        0.00696394219994545,
        -0.030537724494934082,
        -0.029958510771393776,
        -0.0014527479652315378,
        0.0021526452619582415,
        -0.03237495943903923,
        0.205315500497818,
        -0.037865277379751205,
        0.045525599271059036,
        0.012497602961957455,
        0.008064166642725468,
        0.025966186076402664,
        0.020720018073916435,
        -0.03991537541151047,
        -0.03788875788450241,
        -0.011087330058217049,
        0.02111048810184002,
        -0.00023144387523643672,
        -0.006971406750380993,
        0.04976114630699158,
        -0.015595807693898678,
        0.0554770827293396,
        -0.0001859597396105528,
        0.03953784704208374,
        0.010627946816384792,
        -0.01649092510342598,
        0.02908266894519329,
        -0.024372732266783714,
        0.02741875872015953,
        0.049967553466558456,
        -0.04988105595111847,
        0.03397832065820694,
        -0.09782671928405762,
        0.030969789251685143,
        0.10229495912790298,
        0.0092172184959054,
        -0.007431575562804937,
        -0.002146818209439516,
        -0.029812859371304512,
        -0.01577317900955677,
        -0.022899728268384933,
        -0.0009058464784175158,
        0.000726465426851064,
        -0.02074873447418213,
        -0.012696175836026669,
        0.0309322327375412,
        -0.038501400500535965,
        -0.057424403727054596,
        -0.10607289522886276,
        -0.0030245487578213215,
        -0.10372645407915115,
        -0.01626390404999256,
        0.06671310216188431,
        0.04338051378726959,
        0.057324159890413284,
        -0.06605695933103561,
        0.018909933045506477,
        -0.028458861634135246,
        0.04021906107664108,
        -0.04540983587503433,
        -0.02445356734097004,
        0.057425882667303085,
        0.004900569561868906,
        0.04481290280818939,
        0.07353321462869644,
        -0.028201060369610786,
        -0.009883595630526543,
        -0.018141349777579308,
        -0.03446042910218239,
        -0.04167254641652107,
        0.12489654868841171,
        -0.0028773474041372538,
        -0.08130631595849991,
        0.009766987524926662,
        0.04304121062159538,
        0.02360725775361061,
        -0.017603034153580666,
        0.06944398581981659,
        0.03906814381480217,
        -0.06976377218961716,
        0.057662300765514374,
        0.04352905973792076,
        0.006609685253351927,
        -0.07093320041894913,
        -0.02434704452753067,
        -0.023272132501006126,
        0.043278828263282776,
        0.04822923615574837,
        -0.09377719461917877,
        -0.03574799373745918,
        0.04005369544029236,
        0.011287106201052666,
        -0.05226515978574753,
        -0.01145986933261156,
        -0.012487636879086494,
        0.04371236637234688,
        0.07783995568752289,
        0.0424654558300972,
        0.022571932524442673,
        -0.0662166103720665,
        -0.04492510110139847,
        -0.025629553943872452,
        -0.042978640645742416,
        -0.0061773983761668205,
        0.00984632596373558,
        -0.03159017860889435,
        -0.029185105115175247,
        -0.08891218900680542,
        -0.008912629447877407,
        0.0174296572804451,
        0.04611124098300934,
        0.002561815781518817,
        0.012829704210162163,
        0.0346122644841671,
        0.0144808916375041,
        0.09515807032585144,
        0.04946088418364525,
        -0.03697122633457184,
        0.03209906816482544,
        0.02234026975929737,
        0.0027254100423306227,
        -0.07383182644844055,
        0.05153866484761238,
        -0.0036946828477084637,
        0.008767126128077507,
        0.0781363844871521,
        0.003717246698215604,
        0.03836985304951668,
        -0.10646785795688629,
        -0.017233621329069138,
        -0.22677309811115265,
        0.007552852388471365,
        -0.01162454579025507,
        -0.043562136590480804,
        0.09926927834749222,
        -0.051057856529951096,
        0.03631068393588066,
        -0.02920236624777317,
        0.027542194351553917,
        0.02158232405781746,
        0.024679511785507202,
        -0.0169841255992651,
        -0.029449446126818657,
        0.04870375990867615,
        -0.016719011589884758,
        0.06760621070861816,
        0.04081665351986885,
        0.010134071111679077,
        -0.014243073761463165,
        -0.00405947957187891,
        -0.004703841637820005,
        0.0724552795290947,
        -0.002679353579878807,
        -0.07938584685325623,
        0.010394911281764507,
        -0.011959218420088291,
        0.22629818320274353,
