{
    "index": 296,
    "page": 47,
    "text": "and commixtion? or why should I take care for anything else, but that as soon as \nmay be I may be earth again? And why should I trouble myself any more whilst I \nseek to please the Gods? Whatsoever I do, dispersion is my end, and will come upon \nme whether I will or no. But if the latter be, then am not I religious in vain; then will I \nbe quiet and patient, and put my trust in Him, who is the Governor of all.",
    "embedding_of_chunk": [
        -0.009825957007706165,
        -0.0030471510253846645,
        0.034198712557554245,
        -0.04247261583805084,
        0.014508120715618134,
        0.007050434593111277,
        0.08757751435041428,
        0.023638775572180748,
        0.017650598660111427,
        -0.05204346776008606,
        -0.00972839817404747,
        -0.08084272593259811,
        0.027847670018672943,
        0.04047602787613869,
        0.02175302803516388,
        0.024767646566033363,
        0.017495501786470413,
        0.02463986910879612,
        -0.08104550838470459,
        0.016889816150069237,
        0.028820224106311798,
        -0.007230435498058796,
        -0.016786206513643265,
        -0.06813661009073257,
        -0.024856561794877052,
        0.024652190506458282,
        -0.012083317153155804,
        -0.05935817211866379,
        -0.02479206584393978,
        -0.1708631068468094,
        -0.04559279605746269,
        -0.04747271165251732,
        0.003882849821820855,
        -0.03269563987851143,
        -0.017661217600107193,
        -0.04255037382245064,
        -0.029502857476472855,
        0.06951770931482315,
        -0.02127217687666416,
        0.07695776224136353,
        0.05204077064990997,
        0.04137394577264786,
        -0.011484510265290737,
        -0.07007482647895813,
        -0.053143370896577835,
        -0.05764533951878548,
        -0.014158318750560284,
        -0.037082113325595856,
        0.01226169615983963,
        -0.014190930873155594,
        -0.005260283127427101,
        -0.0096690459176898,
        -0.03374912217259407,
        0.09367232769727707,
        0.01070206705480814,
        0.020532678812742233,
        0.035812415182590485,
        0.05809379369020462,
        0.04987369850277901,
        0.04635696858167648,
        0.038561806082725525,
        0.01958753541111946,
        -0.18348103761672974,
        0.09670607000589371,
        0.02537662163376808,
        0.04499346762895584,
        -0.04439835250377655,
        -0.019729938358068466,
        0.018601343035697937,
        0.07302363216876984,
        -0.004618028644472361,
        0.008457514457404613,
        0.03361191973090172,
        0.08381578326225281,
        -0.008119674399495125,
        -0.018039895221590996,
        0.005608459934592247,
        -0.029447490349411964,
        -0.03169817477464676,
        0.044750042259693146,
        0.011462467722594738,
        0.0019268502946943045,
        -0.025732601061463356,
        -0.04087921977043152,
        -0.08298351615667343,
        -0.059508901089429855,
        0.010496744886040688,
        -0.03630627691745758,
        0.04876622557640076,
        0.026007145643234253,
        -0.013880190439522266,
        -0.021861815825104713,
        -0.004733020439743996,
        -0.0015251579461619258,
        -0.0293694157153368,
        -0.016697760671377182,
        0.022888746112585068,
        -0.006759403273463249,
        -0.057976823300123215,
        0.17622938752174377,
        -0.030220424756407738,
        -0.010185555554926395,
        0.01502605713903904,
        -0.0027684620581567287,
        0.0523625873029232,
        -0.014711219817399979,
        -0.021219586953520775,
        -0.01656975783407688,
        -0.028641799464821815,
        -0.015352433547377586,
        0.00894619058817625,
        -0.027169838547706604,
        0.04792951047420502,
        -0.07375705987215042,
        0.02006390504539013,
        0.01596437394618988,
        0.0032619964331388474,
        0.021332943812012672,
        -0.04336508736014366,
        0.0266503244638443,
        -0.04130401834845543,
        0.03743666410446167,
        0.05701889842748642,
        -0.00686769699677825,
        0.026974933221936226,
        -0.1187814399600029,
        0.045938193798065186,
        0.11049846559762955,
        -0.018547486513853073,
        -0.021484145894646645,
        0.04450206458568573,
        -0.03802856430411339,
        -0.02878735587000847,
        -0.015053007751703262,
        0.02120637334883213,
        0.05359746143221855,
        0.04200410097837448,
        -0.0367889367043972,
        0.052198346704244614,
        -0.0021965315099805593,
        -0.06979460269212723,
        -0.13282723724842072,
        -0.07927890121936798,
        -0.12429735064506531,
        0.012386182323098183,
        0.04203376919031143,
        0.00042534543899819255,
        0.04563940316438675,
        -0.019963165745139122,
        0.00033305224496871233,
        -0.012189562432467937,
        0.05541255325078964,
        -0.04492579773068428,
        -0.02643372118473053,
        0.037603456526994705,
        0.02701074257493019,
        0.054716866463422775,
        0.02757985144853592,
        -0.05892913043498993,
        0.018749913200736046,
        -0.02004314959049225,
        -0.012540106661617756,
        -0.0817515105009079,
        0.1188763678073883,
        0.027434954419732094,
        -0.029004795476794243,
        -0.011195638217031956,
        0.006416738964617252,
        -0.012749374844133854,
        0.022089913487434387,
        0.033602360635995865,
        0.03718017041683197,
        -0.036398373544216156,
        0.018616655841469765,
        0.14361272752285004,
        0.009404709562659264,
        -0.057768434286117554,
        -0.007618583273142576,
        -0.0097279641777277,
        0.026703473180532455,
        0.04862000420689583,
        -0.04006205126643181,
        -0.05516798794269562,
        0.049179933965206146,
        0.015786562114953995,
        -0.04730946198105812,
        -0.06722015142440796,
        -0.03176027536392212,
        -0.039693716913461685,
        -0.019009388983249664,
        -0.003750918200239539,
        0.06252352148294449,
        -0.033390529453754425,
        -0.006371284835040569,
        -0.03138451650738716,
        -0.016807664185762405,
        -0.0020012278109788895,
        0.012870457023382187,
        0.016415152698755264,
        -0.021655462682247162,
        -0.021736741065979004,
        0.009118034504354,
        -0.0046327258460223675,
        0.01547748688608408,
        -0.01783057302236557,
        0.04896242916584015,
        0.01835847645998001,
        0.003507711924612522,
        0.05663654953241348,
        -0.012859079986810684,
        -0.03616724908351898,
        0.03114427998661995,
        0.0783444344997406,
        -0.03462972119450569,
        -0.020907029509544373,
        0.04825826361775398,
        0.035256899893283844,
        0.010883013717830181,
        0.07542777061462402,
        0.0685618668794632,
        0.06620074063539505,
        -0.0981479287147522,
        -0.06831170618534088,
        -0.2295616716146469,
        0.01613917388021946,
        -0.04163580760359764,
        0.011272474192082882,
        0.09405132383108139,
        -0.04088342934846878,
        0.021642301231622696,
        -0.005051571410149336,
        0.034814756363630295,
        0.007253424730151892,
        0.07825566828250885,
        -0.02834637090563774,
        0.0002570915094111115,
        0.06438766419887543,
        0.0033448284957557917,
        -0.02356554940342903,
        0.03928341343998909,
        0.017155928537249565,
        -0.04314339533448219,
        -0.008238320238888264,
        -0.018074601888656616,
        0.034714244306087494,
        -0.009079726412892342,
        -0.04433419555425644,
        0.03806369751691818,
        -0.004195841494947672,
        0.18388332426548004,
