{
    "index": 740,
    "page": 116,
    "text": "79 “MY DEAREST MASTER, — I am well. To-day I studied from the ninth hour of \nthe night to the second hour of day, after taking food. I then put on my slip-\npers, and from time second to the third hour had a most enjoyable walk up and \ndown before my chamber. Then booted and cloaked — for so we were com-\nmanded to appear — I went to wait upon my lord the emperor. We went a-\nhunting, did doughty deeds, heard a rumour that boars had been caught, but \nthere was nothing to see. However, we climbed a pretty steep hill, and in the af-\nternoon returned home. I went straight to my books. Off with the boots, down \nwith the cloak; I spent a couple of hours in bed. I read Cato’s speech on the \nProperty of Pulchra, and another in which he impeaches a tribune. Ho, ho! I",
    "embedding_of_chunk": [
        -0.07602202892303467,
        0.08483394980430603,
        0.04188137501478195,
        -0.013964296318590641,
        0.00853903777897358,
        -0.0030169091187417507,
        0.06315569579601288,
        0.031450483947992325,
        0.015468175522983074,
        -0.012903831899166107,
        -0.02140786312520504,
        -0.08114738762378693,
        0.032675500959157944,
        0.04181082174181938,
        0.037642352283000946,
        -0.0171168465167284,
        -0.0373397171497345,
        0.024935059249401093,
        -0.04789849370718002,
        0.05702011287212372,
        0.0344247967004776,
        -0.043429479002952576,
        -0.028772860765457153,
        -0.06391855329275131,
        -0.008129918947815895,
        0.03151940181851387,
        -0.007511531468480825,
        -0.0072071547619998455,
        -0.024543967097997665,
        -0.18639512360095978,
        -0.024823643267154694,
        -0.05082828924059868,
        0.050722867250442505,
        -0.020430954173207283,
        0.005424161441624165,
        0.020812712609767914,
        0.0026011604350060225,
        0.04270724207162857,
        -0.050725582987070084,
        0.02147100679576397,
        0.046250391751527786,
        0.022109583020210266,
        0.002467030892148614,
        -0.015580512583255768,
        -0.004515785723924637,
        -0.04039869084954262,
        -0.006685706786811352,
        -0.044774167239665985,
        0.05788612738251686,
        -0.046273794025182724,
        -0.03226570412516594,
        0.026465754956007004,
        0.00885710772126913,
        0.04421350732445717,
        0.014327744953334332,
        0.001792922499589622,
        0.06285804510116577,
        0.008632885292172432,
        0.030261363834142685,
        0.045582596212625504,
        -0.010483656078577042,
        0.06384369730949402,
        -0.2586207091808319,
        0.0792483314871788,
        0.02960917353630066,
        3.606091195251793e-05,
        -0.04134172946214676,
        -0.032437823712825775,
        0.02142101526260376,
        0.06601075828075409,
        -0.049053192138671875,
        0.02748817950487137,
        0.042077381163835526,
        0.06089220196008682,
        0.004444114863872528,
        -0.02686060220003128,
        -0.019140003249049187,
        -0.022212915122509003,
        -0.013526258990168571,
        -0.002645638072863221,
        -0.0075652385130524635,
        0.012470628134906292,
        -0.02291995845735073,
        -0.009187021292746067,
        -0.05080662667751312,
        -0.03709053248167038,
        0.002696423791348934,
        -0.03437606990337372,
        0.048658791929483414,
        0.024238042533397675,
        0.021978335455060005,
        -0.03441127389669418,
        -0.030652059242129326,
        0.015250406228005886,
        -0.033787768334150314,
        -0.00502154091373086,
        0.02269774302840233,
        0.03952987864613533,
        -0.029256068170070648,
        0.21690842509269714,
        -0.014669016934931278,
        0.013131688348948956,
        0.024434467777609825,
        -0.03306284919381142,
        0.04238541051745415,
        -0.016399327665567398,
        -0.0340423509478569,
        -0.0011994129745289683,
        -0.026865458115935326,
        0.03587330877780914,
        0.020118921995162964,
        -0.02400180511176586,
        0.0802970752120018,
        -0.0401281900703907,
        0.06395479291677475,
        0.054585814476013184,
        0.06176191568374634,
        -0.0009885471081361175,
        -0.054339222609996796,
        0.033101584762334824,
        -0.01875722035765648,
        0.028515402227640152,
        0.036464691162109375,
        -0.03243553638458252,
        0.047528814524412155,
        -0.11175592988729477,
        0.09965173155069351,
        0.09009892493486404,
        0.018876371905207634,
        -0.008941845037043095,
        -0.003986479248851538,
        -0.047097086906433105,
        -0.028039390221238136,
        -0.035397887229919434,
        0.006989481393247843,
        0.0009349496685899794,
        0.024326618760824203,
        -0.026519352570176125,
        0.044030167162418365,
        -0.032899409532547,
        -0.06380502134561539,
        -0.1233411505818367,
        -0.04648488014936447,
        -0.04163213074207306,
        -0.004847228992730379,
        0.07111113518476486,
        0.022769607603549957,
        -0.008291641250252724,
        -0.04843994975090027,
        0.02042885310947895,
        0.012184979394078255,
        0.03177805244922638,
        -0.0011884289560839534,
        -0.025426166132092476,
        0.0012889986392110586,
        0.00031537641189061105,
        0.03560858592391014,
        0.13007177412509918,
        -0.021854709833860397,
        -0.010118847712874413,
        -0.006261252332478762,
        -0.0375022329390049,
        -0.030862437561154366,
        0.05432504415512085,
        0.05450453236699104,
        -0.03976152464747429,
        -0.034340646117925644,
        0.00542382150888443,
        0.004347147885710001,
        -0.016640666872262955,
        0.06781934201717377,
        0.020580776035785675,
        -0.07298589497804642,
        0.044023897498846054,
        0.07958757132291794,
        -0.006451585330069065,
        0.021945027634501457,
        -0.0004384541534818709,
        -0.053305063396692276,
        0.012248543091118336,
        0.08943862468004227,
        -0.06125953793525696,
        -0.05163411423563957,
        0.038290441036224365,
        0.03469027206301689,
        -0.010108385235071182,
        -0.015492191538214684,
        0.01193985901772976,
        0.015731703490018845,
        0.063776895403862,
        -0.00034881167812272906,
        0.059092894196510315,
        -0.0508611723780632,
        -0.03480324149131775,
        -0.06723231822252274,
        -0.04148821160197258,
        -0.022402677685022354,
        0.018455661833286285,
        -0.044916409999132156,
        -0.011781071312725544,
        -0.0004228513571433723,
        -0.0505509190261364,
        -0.04585922509431839,
        0.02059995010495186,
        0.02224784903228283,
        0.04953072592616081,
        -0.0040455106645822525,
        -0.0023602237924933434,
        0.04406796023249626,
        0.03684840351343155,
        -0.05712434649467468,
        0.008540029637515545,
        0.08527812361717224,
        -0.013648311607539654,
        -0.008371241390705109,
        0.017071790993213654,
        -0.01668638363480568,
        0.04670494422316551,
        -0.00931595265865326,
        0.007606233470141888,
        0.04826987162232399,
        -0.11407223343849182,
        -0.08272569626569748,
        -0.22135022282600403,
        0.0010013014543801546,
        0.015851037576794624,
        -0.040945373475551605,
        0.06613849848508835,
        -0.06482253968715668,
        0.05726053938269615,
        -0.04619399458169937,
        0.0638369619846344,
        0.00483090290799737,
        0.039582543075084686,
        -0.04639448970556259,
        -0.02153143472969532,
        0.049412958323955536,
