{
    "index": 121,
    "page": 20,
    "text": "take care for the world; and as for those things which be truly evil, as vice and. wick-\nedness, such things they have put in a man s own power, that he might avoid them if \nhe would: and had there been anything besides that had been truly bad and evil, \nthey would have had a care of that also, that a man might have avoided it. But why \nshould that be thought to hurt and prejudice a man’s life in this world, which cannot \nany ways make man himself the better, or the worse in his own person? Neither \nmust we think that the nature of the universe did either through ignorance pass \nthese things, or if not as ignorant of them, yet as unable either to prevent, or better \nto order and dispose them. It cannot be that she through want either of power or",
    "embedding_of_chunk": [
        -0.0234545785933733,
        0.012784700840711594,
        0.016298912465572357,
        -0.009713416919112206,
        -0.003064845222979784,
        0.02214236930012703,
        0.0876883715391159,
        0.05767440423369408,
        -0.0003562937199603766,
        -0.016831550747156143,
        0.01724233292043209,
        -0.05810960754752159,
        0.038608502596616745,
        0.04151996225118637,
        -0.0006913458346389234,
        0.027310844510793686,
        -0.017341243103146553,
        0.024249399080872536,
        -0.0920049250125885,
        0.06420130282640457,
        0.08403436839580536,
        -0.028691738843917847,
        -0.010333987884223461,
        -0.06771409511566162,
        0.017068184912204742,
        0.021401938050985336,
        -0.009762415662407875,
        0.009573874995112419,
        -0.011181164532899857,
        -0.17318695783615112,
        0.006195433903485537,
        -0.058288682252168655,
        0.014342313632369041,
        -0.03251635655760765,
        0.005416531581431627,
        -0.04134230315685272,
        -0.017055436968803406,
        0.03951438143849373,
        -0.05471745505928993,
        0.0390460267663002,
        0.022625332698225975,
        0.013108537532389164,
        0.006081948522478342,
        -0.03673320263624191,
        -0.0440044067800045,
        -0.0307936929166317,
        -0.010145638138055801,
        -0.00991063378751278,
        0.010265669785439968,
        -0.06077728420495987,
        0.0006765596335753798,
        -0.0016477147582918406,
        -0.0033151539973914623,
        0.029197894036769867,
        0.05271158739924431,
        0.003914885222911835,
        0.0700884461402893,
        0.0015342680271714926,
        0.04242764413356781,
        0.019705569371581078,
        0.0468023456633091,
        0.003005646402016282,
        -0.22629529237747192,
        0.10742528736591339,
        0.06317349523305893,
        0.025823595002293587,
        -0.021922532469034195,
        -0.024087969213724136,
        0.008924509398639202,
        0.05300457775592804,
        -0.07158675044775009,
        0.067744180560112,
        0.029424773529171944,
        0.05782342329621315,
        0.030344495549798012,
        0.008299083448946476,
        0.018044326454401016,
        -0.037641748785972595,
        -0.007463570684194565,
        0.01911603845655918,
        0.005898987874388695,
        0.03158801794052124,
        -0.0032722423784434795,
        -0.0020081065595149994,
        -0.05264205113053322,
        -0.04716426879167557,
        -0.003793234471231699,
        -0.0673397034406662,
        0.02024584636092186,
        0.026251500472426414,
        -0.0015635344898328185,
        0.0004709551576524973,
        0.012067270465195179,
        0.021240293979644775,
        0.0033129160292446613,
        -0.034630756825208664,
        0.02958604320883751,
        0.012268761172890663,
        -0.08307342231273651,
        0.2014763355255127,
        -0.01307978481054306,
        -0.003960554022341967,
        0.04580644890666008,
        -0.030130714178085327,
        0.0524379201233387,
        -0.008469795808196068,
        -0.004387299530208111,
        -0.0706285759806633,
        -0.018999243155121803,
        -0.0008855932392179966,
        0.0021320325322449207,
        -0.04519876837730408,
        0.004747274797409773,
        -0.03902767226099968,
        0.06509238481521606,
        0.027610057964920998,
        0.025152264162898064,
        0.02716762386262417,
        -0.029703529551625252,
        -0.0244953241199255,
        -0.015177788212895393,
        0.023730510845780373,
        0.07424928992986679,
        -0.009826947934925556,
        0.022907650098204613,
        -0.10179612785577774,
        0.04125053808093071,
        0.09647976607084274,
        0.022324658930301666,
        -0.01857854798436165,
        -0.008718884550035,
        -0.08271712064743042,
        0.007268334273248911,
        -4.372757757664658e-05,
        0.014435654506087303,
        0.003624077420681715,
        -0.006225167773663998,
        0.014110492542386055,
        0.05552645027637482,
        -0.035798512399196625,
        -0.014108657836914062,
        -0.13432355225086212,
        -0.0408768355846405,
        -0.09134025126695633,
        -0.019489632919430733,
        0.06361082196235657,
        -0.0010006881784647703,
        0.01762985624372959,
        -0.025709768757224083,
        0.049115538597106934,
        -0.004044461064040661,
        0.05264270305633545,
        -0.0581841804087162,
        -0.03921985626220703,
        0.00031462512561120093,
        0.05129144340753555,
        0.02422388084232807,
        0.07355162501335144,
        -0.052910927683115005,
        0.02375919558107853,
        0.012895396910607815,
        -0.0031008333899080753,
        -0.06765429675579071,
        0.12623721361160278,
        0.06294320523738861,
        -5.136874824529514e-05,
        0.009879973717033863,
        0.00870486069470644,
        0.010842790827155113,
        0.011357090435922146,
        0.03140246123075485,
        0.008770918473601341,
        -0.0746193379163742,
        0.059658344835042953,
        0.08541003614664078,
        0.012190048582851887,
        -0.042781658470630646,
        0.008098776452243328,
        -0.034633465111255646,
        0.016508711501955986,
        0.019272370263934135,
        -0.039938218891620636,
        -0.026783529669046402,
        0.025997264310717583,
        0.04031239077448845,
        -0.0492488257586956,
        -0.0005323697114363313,
        -0.049855273216962814,
        0.035026248544454575,
        0.09927055239677429,
        -0.008945315144956112,
        0.04675305634737015,
        -0.053391437977552414,
        -0.003999136388301849,
        -0.004529282450675964,
        -0.0327703095972538,
        -0.055355023592710495,
        0.0019312712829560041,
        -0.06752438098192215,
        -0.014852714724838734,
        -0.03011799044907093,
        0.008522902615368366,
        -0.0268544964492321,
        0.023802677169442177,
        0.017149535939097404,
        0.04228575900197029,
        -0.008191216737031937,
        -0.01902216300368309,
        0.058899734169244766,
        0.016856415197253227,
        -0.0503125935792923,
        -0.008314646780490875,
        0.008432683534920216,
        -0.0237616878002882,
        -0.05597679689526558,
        0.02459775283932686,
        0.028559211641550064,
        -0.0033484685700386763,
        0.03321748226881027,
        0.02458362467586994,
        0.04572189599275589,
        -0.06396923959255219,
        -0.08220668882131577,
        -0.2310892790555954,
        -0.004092705436050892,
        -0.07690159976482391,
        -0.041822001338005066,
        0.06049391254782677,
        -0.0662807896733284,
        0.010836734436452389,
        -0.04609455540776253,
        -0.024454528465867043,
        0.08801084756851196,
        0.05591072142124176,
        -0.032330505549907684,
        -0.018268117681145668,
        0.037411607801914215,
        -0.0048459433019161224,
