{
    "index": 218,
    "page": 35,
    "text": "XXXIII. Ever consider and think upon the world as being but one living substance, \nand having but one soul, and how all things in the world, are terminated into one \nsensitive power; and are done by one general motion as it were, and deliberation of \nthat one soul; and how all things that are, concur in the cause of one another’s be-\ning, and by what manner of connection and concatenation all things happen. \n\nXXXIV. What art thou, that better and divine part excepted, but as Epictetus said \nwell, a wretched soul, appointed to carry a carcass up and down?",
    "embedding_of_chunk": [
        -0.04122447595000267,
        -0.03683391958475113,
        0.05449504032731056,
        -0.026929602026939392,
        -0.027787083759903908,
        -0.0014225572813302279,
        0.08007266372442245,
        0.04068879410624504,
        0.021166568621993065,
        -0.016650468111038208,
        -0.021679392084479332,
        -0.09804650396108627,
        0.059910017997026443,
        0.06142996624112129,
        0.024178246036171913,
        -0.02512422390282154,
        0.012993840500712395,
        0.01673838309943676,
        -0.09274186193943024,
        0.012588350102305412,
        0.06055540218949318,
        -0.03534751757979393,
        -0.008223497308790684,
        -0.06482382863759995,
        0.020463285967707634,
        0.016289914026856422,
        0.0017171802464872599,
        -0.08043292164802551,
        0.010315051302313805,
        -0.15764187276363373,
        -0.02181239426136017,
        -0.042190901935100555,
        0.03480243682861328,
        -0.016561336815357208,
        -0.042207129299640656,
        0.01874537579715252,
        -0.043417707085609436,
        0.034459926187992096,
        -0.06527788937091827,
        0.07828216999769211,
        0.018280889838933945,
        0.05735934525728226,
        -0.02232082560658455,
        -0.023782236501574516,
        -0.06532107293605804,
        -0.04588973894715309,
        -0.01691373623907566,
        -0.02895462140440941,
        0.004153592977672815,
        -0.03805070370435715,
        -0.008322911337018013,
        0.011269448325037956,
        0.008844011463224888,
        0.06344980001449585,
        -0.013708067126572132,
        0.02106848917901516,
        0.05218580737709999,
        0.039224497973918915,
        0.003305625170469284,
        0.02591695263981819,
        0.07063706964254379,
        0.04196854680776596,
        -0.20385080575942993,
        0.1090746596455574,
        0.07478278130292892,
        0.01728811115026474,
        -0.0064740716479718685,
        -0.0308377668261528,
        -0.001227536704391241,
        0.08036532253026962,
        -0.011229454539716244,
        -0.007763241417706013,
        0.02757532149553299,
        0.07312340289354324,
        0.04715407267212868,
        -0.028683464974164963,
        0.00462911743670702,
        -0.054895393550395966,
        -0.024955416098237038,
        0.03825322538614273,
        -0.0071037751622498035,
        0.004324615933001041,
        -0.030033284798264503,
        -0.018727483227849007,
        -0.046844013035297394,
        -0.0635509267449379,
        0.0035068246070295572,
        -0.052389830350875854,
        0.02026248164474964,
        0.040442731231451035,
        -0.07203471660614014,
        -0.03271159902215004,
        -0.027584021911025047,
        0.012913753278553486,
        -0.020334364846348763,
        -0.026951061561703682,
        0.05523288622498512,
        0.0034716979134827852,
        -0.016283322125673294,
        0.16134750843048096,
        -0.03955867514014244,
        0.025581324473023415,
        0.05120809003710747,
        -0.018495716154575348,
        0.06217189133167267,
        -0.011509780772030354,
        -0.07056743651628494,
        -0.07924320548772812,
        -0.037888891994953156,
        -0.05664991959929466,
        0.027377605438232422,
        -0.025874199345707893,
        0.003178356448188424,
        -0.03620659559965134,
        0.05781323462724686,
        -0.0229489803314209,
        0.024961845949292183,
        0.005615978967398405,
        -0.036774225533008575,
        0.016935834661126137,
        -0.023303203284740448,
        0.007057344075292349,
        0.08379237353801727,
        -0.00473026791587472,
        0.003910056781023741,
        -0.10902166366577148,
        0.07419554144144058,
        0.11010795086622238,
        -0.02528478018939495,
        -0.007355658337473869,
        0.025996007025241852,
        -0.013185341842472553,
        -0.022858621552586555,
        -0.015799805521965027,
        0.007468515075743198,
        0.030305860564112663,
        0.011972942389547825,
        0.016720497980713844,
        0.016729500144720078,
        -0.023188840597867966,
        -0.038667935878038406,
        -0.13465963304042816,
        -0.036343254148960114,
        -0.11836784332990646,
        -0.01658601127564907,
        0.0693737268447876,
        -0.007042972836643457,
        0.028413662686944008,
        -0.027929533272981644,
        0.03114384040236473,
        0.003958645276725292,
        0.021440407261252403,
        -0.04961405694484711,
        0.0008656292338855565,
        0.011091507971286774,
        0.04412039741873741,
        0.03694145008921623,
        0.030596990138292313,
        -0.04811419919133186,
        0.018897324800491333,
        0.0398278683423996,
        -0.008223147131502628,
        -0.06095333769917488,
        0.12047050893306732,
        0.049807991832494736,
        -0.04197376221418381,
        0.016045061871409416,
        -0.025040585547685623,
        0.013728945516049862,
        0.009875183925032616,
        0.03464869037270546,
        -0.038440071046352386,
        -0.050569240003824234,
        0.03395489230751991,
        0.08541358262300491,
        0.007946228608489037,
        0.006566802971065044,
        0.04280521348118782,
        0.0001848066021921113,
        0.03843964263796806,
        0.07145290821790695,
        -0.0019976652693003416,
        -0.03234165161848068,
        0.02636837214231491,
        0.008692046627402306,
        -0.013364452868700027,
        -0.03866027668118477,
        -0.040380001068115234,
        0.020883353427052498,
        0.037442076951265335,
        -0.009264910593628883,
        0.04706501215696335,
        -0.03476627171039581,
        -0.013354883529245853,
        -0.03603307530283928,
        0.008327784016728401,
        -0.041653938591480255,
        -0.001437009428627789,
        -0.033699385821819305,
        -0.024766311049461365,
        0.015406708233058453,
        0.00674990750849247,
        -0.06866676360368729,
        0.03384517505764961,
        0.008647188544273376,
        -0.02889159880578518,
        0.0015764189884066582,
        0.009664371609687805,
        0.009477091021835804,
        0.019919205456972122,
        -0.04797840863466263,
        0.020249294117093086,
        0.038509272038936615,
        -0.013484283350408077,
        0.030933568254113197,
        0.02555742673575878,
        0.002212718827649951,
        0.016360687091946602,
        0.02420271560549736,
        0.04644227400422096,
        0.0320209376513958,
        -0.1342751532793045,
        -0.07988043874502182,
        -0.2471822053194046,
        0.009486574679613113,
        -0.027540946379303932,
        -0.036783087998628616,
        0.07347826659679413,
        -0.02770812064409256,
        0.03309847041964531,
        -0.022406985983252525,
        -0.0032687794882804155,
        0.03821873664855957,
        0.059144847095012665,
        0.016232231631875038,
        -0.02073170244693756,
        0.04531858116388321,
        0.006146305240690708,
        0.06503273546695709,
        -0.0008235001587308943,
        0.015522652305662632,
        -0.03658880293369293,
        0.016681170091032982,
        -0.035512179136276245,
