{
    "index": 592,
    "page": 93,
    "text": "one or other that hath been for estate and profession answerable unto him. Then let \nthis come to thy mind at the same time; and where now are they all? Nowhere or an-\nywhere? For so shalt thou at all time. be able to perceive how all worldly things are \nbut as the smoke, that vanisheth away: or, indeed, mere nothing. Especially when \nthou shalt call to mind this also, that whatsoever is once changed, shall never be \nagain as long as the world endureth. And thou then, how long shalt thou endure? \nAnd why doth it not suffice thee, if virtuously, and as becometh thee, thou mayest \npass that portion of time, how little soever it be, that is allotted unto thee?",
    "embedding_of_chunk": [
        -0.014622258953750134,
        0.027055619284510612,
        0.017976652830839157,
        -0.03497711196541786,
        0.006926348898559809,
        0.029435675591230392,
        0.08229006081819534,
        0.0339263379573822,
        0.0034851618111133575,
        -0.028506319969892502,
        -0.011264587752521038,
        -0.055489785969257355,
        0.024036042392253876,
        0.040463872253894806,
        0.015160461887717247,
        0.017782755196094513,
        -0.02973943203687668,
        0.039008188992738724,
        -0.08816232532262802,
        -0.004889290779829025,
        0.10352285951375961,
        -0.035123638808727264,
        -0.014297599904239178,
        -0.023642523214221,
        0.04212003946304321,
        0.03384484723210335,
        -0.028238171711564064,
        -0.02985505573451519,
        -0.005605693440884352,
        -0.16757357120513916,
        0.04809563234448433,
        -0.0823749452829361,
        0.0265971552580595,
        0.017497684806585312,
        -0.0269034281373024,
        -0.00431564636528492,
        -0.031336087733507156,
        0.07551021128892899,
        -0.0418245755136013,
        0.0950731635093689,
        0.05574142560362816,
        0.037951406091451645,
        -0.02759462594985962,
        -0.07790613919496536,
        -0.07708290219306946,
        -0.040040574967861176,
        -0.035563379526138306,
        -0.03426257148385048,
        0.03098617121577263,
        -0.04901006445288658,
        -0.02159109339118004,
        -0.010562177747488022,
        0.019793840125203133,
        0.03834255412220955,
        0.0019176682690158486,
        0.008221291936933994,
        0.0346011146903038,
        0.029525479301810265,
        0.02234519086778164,
        -0.01312636211514473,
        0.016810541972517967,
        0.017473142594099045,
        -0.21296122670173645,
        0.07024073600769043,
        0.08189434558153152,
        0.019129347056150436,
        -0.007189260330051184,
        -0.059275031089782715,
        0.0034055106807500124,
        0.07324057072401047,
        -0.01119340118020773,
        0.018648892641067505,
        0.017015600576996803,
        0.07007301598787308,
        0.030117731541395187,
        -0.0094887251034379,
        0.010066615417599678,
        -0.041460953652858734,
        0.012238369323313236,
        0.022567350417375565,
        -0.02167448215186596,
        0.007952192798256874,
        -0.04535074532032013,
        -0.006197807379066944,
        -0.05668606609106064,
        -0.05121884495019913,
        -0.03744630888104439,
        -0.05722084268927574,
        0.056023355573415756,
        0.011614465154707432,
        -0.05812649801373482,
        -0.010251468047499657,
        0.01542806625366211,
        0.01614510267972946,
        -0.07278361916542053,
        -0.030483314767479897,
        0.06063688546419144,
        0.009592210873961449,
        -0.036080144345760345,
        0.21428890526294708,
        -0.06769853085279465,
        0.002288286341354251,
        0.024124324321746826,
        -0.05390448495745659,
        0.06661535799503326,
        0.011784381233155727,
        -0.03830394148826599,
        -0.04476633667945862,
        0.014263542369008064,
        0.029148010537028313,
        -0.01866191066801548,
        0.005636295769363642,
        0.044757742434740067,
        -0.027598518878221512,
        0.04407837986946106,
        0.006054505240172148,
        0.01072356291115284,
        -0.0006691703456453979,
        -0.020095588639378548,
        0.007561372593045235,
        -0.03354193642735481,
        0.026163272559642792,
        0.06970437616109848,
        0.01371186412870884,
        -0.01229049637913704,
        -0.06849248707294464,
        0.04421047493815422,
        0.12780573964118958,
        0.008187241852283478,
        0.01525162160396576,
        0.02653941884636879,
        -0.04556572064757347,
        -0.04342211037874222,
        -0.03331034258008003,
        -0.0037674400955438614,
        0.03750501200556755,
        0.030116349458694458,
        -0.022142086178064346,
        0.061217088252305984,
        -0.04173116758465767,
        -0.03743007406592369,
        -0.1509438455104828,
        -0.01677759736776352,
        -0.10006389021873474,
        0.012021135538816452,
        0.08069849759340286,
        0.03960968181490898,
        0.016229921951889992,
        -0.041724272072315216,
        0.00022687813907396048,
        -0.03263825178146362,
        0.0647813230752945,
        -0.06875590234994888,
        -0.03177160397171974,
        0.01049070991575718,
        0.03586921468377113,
        0.023657063022255898,
        0.036898039281368256,
        -0.009230570867657661,
        0.00041922711534425616,
        0.006203353870660067,
        -0.012863804586231709,
        -0.039716728031635284,
        0.13285523653030396,
        -0.0075260489247739315,
        -0.022610584273934364,
        -0.014412084594368935,
        0.019305331632494926,
        -0.01189558394253254,
        -0.022323206067085266,
        0.03596853092312813,
        0.003685522358864546,
        -0.05729324370622635,
        0.035671476274728775,
        0.07865135371685028,
        0.04028331860899925,
        -0.06093038246035576,
        0.04338294267654419,
        -0.01838735118508339,
        0.012409672141075134,
        0.008757100440561771,
        -0.0256534144282341,
        -0.027815375477075577,
        0.04590940847992897,
        0.03147090971469879,
        -0.014461656101047993,
        0.0005164192407391965,
        -0.025334054604172707,
        0.010887662880122662,
        0.06642119586467743,
        -0.0039677489548921585,
        0.01680760458111763,
        -0.03438163176178932,
        0.015541356056928635,
        -0.009733297862112522,
        -0.0012391435448080301,
        -0.03143411502242088,
        -0.058163098990917206,
        0.009471660479903221,
        -0.007800497580319643,
        0.024675065651535988,
        -0.018306219950318336,
        -0.02137959934771061,
        0.009965368546545506,
        0.05615059658885002,
        0.0012026374461129308,
        0.030111949890851974,
        0.0032211910001933575,
        0.05688803270459175,
        0.004017719998955727,
        -0.052590906620025635,
        0.00022996566258370876,
        0.01928429678082466,
        -0.025311635807156563,
        0.01687374711036682,
        0.013827173039317131,
        -0.00923867430537939,
        -0.012960817664861679,
        0.013548237271606922,
        0.012406655587255955,
        0.00894303247332573,
        -0.10912681370973587,
        -0.03816187009215355,
        -0.22328130900859833,
        0.061766281723976135,
        -0.024031860753893852,
        -0.03268994763493538,
        0.10583184659481049,
        -0.06175043806433678,
        -0.034401826560497284,
        -0.008297261781990528,
        0.038933154195547104,
        0.040109783411026,
        0.02966904826462269,
        -0.04141968861222267,
        -0.008718017488718033,
        0.017231754958629608,
        -0.020780246704816818,
        0.05274335294961929,
        0.00766131654381752,
        0.01625431701540947,
