{
    "index": 227,
    "page": 36,
    "text": "XL. Thou must be like a promontory of the sea, against which though the waves beat \ncontinually, yet it both itself stands, and about it are those swelling waves stilled and \nquieted. \n\n                                            \n15 [“For herein lieth all” (16). C. translates his conjecture όλων for όλα.] \nFOURTH BOOK",
    "embedding_of_chunk": [
        -0.03740418329834938,
        -0.019499924033880234,
        -0.0009028386557474732,
        0.005863985978066921,
        -0.039710596203804016,
        0.03276810422539711,
        0.037110693752765656,
        0.03920659050345421,
        0.027143007144331932,
        -0.04036760330200195,
        -0.031003812327980995,
        -0.08585332334041595,
        0.0016546216793358326,
        0.04632241651415825,
        -0.002400178462266922,
        0.019626891240477562,
        0.006297244690358639,
        0.06759168952703476,
        -0.10300987958908081,
        0.030296582728624344,
        0.09788864850997925,
        -0.019899817183613777,
        -0.051054876297712326,
        -0.07823096215724945,
        0.03737081587314606,
        0.06459696590900421,
        -0.04119155555963516,
        -0.0041130236349999905,
        0.023783864453434944,
        -0.17830131947994232,
        -0.04444087669253349,
        -0.03637801110744476,
        0.04870753735303879,
        0.0008438838995061815,
        0.05252695083618164,
        -0.0036625645589083433,
        -0.05327514559030533,
        0.0014522691490128636,
        -0.020814549177885056,
        0.07279875874519348,
        0.03566799312829971,
        0.009685041382908821,
        0.007143895607441664,
        -0.027634354308247566,
        -0.0362037718296051,
        -0.03061915934085846,
        -0.026773523539304733,
        0.013378857634961605,
        0.04345044866204262,
        -0.029763245955109596,
        -0.016293495893478394,
        -0.022518957033753395,
        -0.000282451743260026,
        0.011061973869800568,
        0.02814571186900139,
        0.03135756030678749,
        0.046904705464839935,
        0.004215380642563105,
        0.038380999118089676,
        0.027460826560854912,
        0.06440267711877823,
        0.03736478462815285,
        -0.22676540911197662,
        0.07614196836948395,
        0.05159687250852585,
        0.03554033860564232,
        -0.022798331454396248,
        -0.04135165363550186,
        -0.004258954431861639,
        0.06209469959139824,
        -0.02656516432762146,
        -0.005205445922911167,
        0.024735435843467712,
        0.06972299516201019,
        0.032199133187532425,
        -0.017205622047185898,
        -0.030459091067314148,
        -0.053323082625865936,
        -0.020582422614097595,
        0.01114897895604372,
        0.00884567853063345,
        -0.010768713429570198,
        -0.010105809196829796,
        -0.018955135717988014,
        -0.03558506816625595,
        -0.06325557827949524,
        0.03079456463456154,
        -0.062225889414548874,
        0.03676054999232292,
        -0.0093596326187253,
        -0.063689686357975,
        -0.008775642141699791,
        -0.0032777050510048866,
        0.00943237915635109,
        -0.03139755502343178,
        -0.04701540619134903,
        0.02777150459587574,
        0.0154434097930789,
        -0.024369070306420326,
        0.19995364546775818,
        -0.02986139990389347,
        0.0047287968918681145,
        0.055595412850379944,
        -0.009622680954635143,
        0.04550018161535263,
        -0.03961293026804924,
        -0.022128049284219742,
        -0.0652916431427002,
        -0.017843347042798996,
        -0.0007824022904969752,
        -0.0212533101439476,
        -0.04878813028335571,
        0.04944588989019394,
        -0.03917264565825462,
        0.029840655624866486,
        -0.008499347604811192,
        0.02292141504585743,
        -0.02481519803404808,
        -0.05705108493566513,
        0.016713453456759453,
        -0.011743541806936264,
        0.0021949969232082367,
        0.02241884358227253,
        0.02607295848429203,
        0.01277577318251133,
        -0.06336463987827301,
        0.051127877086400986,
        0.0791301429271698,
        0.045220471918582916,
        -0.0023138257674872875,
        0.02303670346736908,
        -0.020329540595412254,
        -0.0367082804441452,
        -0.025893598794937134,
        -0.013636508025228977,
        0.020647503435611725,
        -0.0030964540783315897,
        0.006197560578584671,
        0.0013272231444716454,
        0.03368256613612175,
        -0.039184968918561935,
        -0.13973882794380188,
        -0.04968414083123207,
        -0.08012484014034271,
        0.022043155506253242,
        0.09125737845897675,
        -0.018071400001645088,
        0.011199417524039745,
        -0.025377413257956505,
        -0.0042862179689109325,
        -0.02579347975552082,
        0.03699633479118347,
        -0.06412234157323837,
        -0.027852440252900124,
        0.032392553985118866,
        0.03702159225940704,
        -0.00904432125389576,
        0.08495312184095383,
        -0.05493553355336189,
        0.014999905601143837,
        -0.0018255268223583698,
        -0.025754505768418312,
        -0.040258798748254776,
        0.13355407118797302,
        -0.0026161158457398415,
        -0.018707016482949257,
        0.0033305382821708918,
        0.02585018053650856,
        0.0059564425610005856,
        -0.0398423857986927,
        0.05320801958441734,
        0.006570138037204742,
        -0.05276075378060341,
        0.06286835670471191,
        0.06997579336166382,
        0.040896762162446976,
        -0.033714987337589264,
        0.016717014834284782,
        0.04456771910190582,
        0.031831733882427216,
        0.017489120364189148,
        -0.047474455088377,
        -0.04642350971698761,
        0.03896961733698845,
        0.0164946261793375,
        -0.04705844447016716,
        -0.029298417270183563,
        -0.005613674409687519,
        0.022537201642990112,
        0.05443389713764191,
        0.028951408341526985,
        0.008284708485007286,
        -0.052291955798864365,
        0.010317308828234673,
        -0.058334048837423325,
        -0.018979385495185852,
        -0.029739677906036377,
        -0.025890547782182693,
        -0.009484583511948586,
        -0.005569236818701029,
        0.03514300659298897,
        -0.012926272116601467,
        -0.008328806608915329,
        0.015228458680212498,
        0.0523449070751667,
        0.019125401973724365,
        0.06258916854858398,
        0.03286014124751091,
        0.014809339307248592,
        0.024254348129034042,
        -0.0539390966296196,
        0.019603552296757698,
        0.05745016038417816,
        -0.014052596874535084,
        0.0016755328979343176,
        0.029284998774528503,
        -0.009337404742836952,
        0.018097424879670143,
        0.009608727879822254,
        0.03685472905635834,
        0.017671000212430954,
        -0.12978008389472961,
        -0.10561012476682663,
        -0.24246609210968018,
        -0.018289703875780106,
        0.034608423709869385,
        -0.05611473321914673,
        0.08862709254026413,
        -0.03548991307616234,
        0.016187595203518867,
        0.010897212661802769,
        0.028222914785146713,
        0.03427812084555626,
        0.07047818601131439,
        -0.031129207462072372,
        -0.007026167120784521,
        -0.014914063736796379,
        -0.012121038511395454,
        0.027536844834685326,
        0.02520524337887764,
        0.015694795176386833,
        0.020258314907550812,
        0.011322209611535072,
        -0.02813446894288063,
        0.053311239928007126,
        -0.05887152627110481,
        -0.02888026088476181,
        0.010000060312449932,
        0.026813851669430733,
        0.20273229479789734,
        0.06831545382738113,
        0.01783870905637741,
