{
    "index": 295,
    "page": 47,
    "text": "VIII. According to the nature of the universe all things particular are determined, not \naccording to any other nature, either about compassing and containing; or within, \ndispersed and contained; or without, depending. Either this universe is a mere con-\nfused mass, and an intricate context of things, which shall in time be scattered and \ndispersed again: or it is an union consisting of order, and administered by Provi-\ndence. If the first, why should I desire to continue any longer in this fortuit confusion \nand commixtion? or why should I take care for anything else, but that as soon as \nmay be I may be earth again? And why should I trouble myself any more whilst I \nseek to please the Gods? Whatsoever I do, dispersion is my end, and will come upon",
    "embedding_of_chunk": [
        -0.01878623478114605,
        -0.0029913284815847874,
        0.023527009412646294,
        -0.03219500184059143,
        -0.0041267238557338715,
        0.004949138034135103,
        0.052547637373209,
        0.054953683167696,
        0.03103877604007721,
        -0.02852041833102703,
        -0.010050119832158089,
        -0.11219221353530884,
        0.033866144716739655,
        0.03176243603229523,
        0.007923465222120285,
        -0.00246122432872653,
        -0.017490526661276817,
        -0.004226586781442165,
        -0.10675755888223648,
        0.019485531374812126,
        0.09498369693756104,
        -0.027674926444888115,
        -0.041007861495018005,
        -0.06511002033948898,
        0.028485218062996864,
        0.05944797396659851,
        -0.00335966469720006,
        -0.05467760190367699,
        -0.00785378273576498,
        -0.18054981529712677,
        -0.0024204442743211985,
        -0.02189798280596733,
        0.03603781387209892,
        -0.013169804587960243,
        -0.015654683113098145,
        -0.013818411156535149,
        -0.009849194437265396,
        0.007680605631321669,
        -0.05415455251932144,
        0.07962210476398468,
        0.06967631727457047,
        0.03208254277706146,
        -0.011342150159180164,
        -0.02937988191843033,
        -0.027897028252482414,
        -0.019259430468082428,
        -0.0001576497743371874,
        0.009276770986616611,
        0.00735203642398119,
        -0.033505622297525406,
        -0.025809472426772118,
        -0.03156072273850441,
        -0.027757009491324425,
        0.0997195765376091,
        0.020635100081562996,
        0.04688911512494087,
        0.06347338110208511,
        0.0038924547843635082,
        0.07899776846170425,
        0.03878365084528923,
        0.021575605496764183,
        0.013703356496989727,
        -0.22855453193187714,
        0.1014050543308258,
        0.05824529752135277,
        0.013162003830075264,
        -0.054277557879686356,
        -0.03805117681622505,
        0.0163715947419405,
        0.06696341186761856,
        0.0025048775132745504,
        0.025816461071372032,
        -0.0119973449036479,
        0.049666572362184525,
        0.001696741790510714,
        -0.008128269575536251,
        0.0002638194418977946,
        -0.06551917642354965,
        0.015287094749510288,
        0.011868742294609547,
        -0.005255828145891428,
        0.033425137400627136,
        -0.025324642658233643,
        -0.008399535901844501,
        -0.07313503324985504,
        -0.030652690678834915,
        -0.021267836913466454,
        -0.04270699992775917,
        0.022756334394216537,
        -0.008384360931813717,
        -0.03811940923333168,
        -0.027936426922678947,
        -0.012804687023162842,
        -0.015371078625321388,
        -0.0410911850631237,
        -0.033114537596702576,
        0.009149011224508286,
        -0.00900369230657816,
        0.014107380993664265,
        0.20240581035614014,
        -0.035190362483263016,
        0.004303613677620888,
        0.021541809663176537,
        0.014864879660308361,
        0.041880421340465546,
        -0.020866146311163902,
        -0.029063664376735687,
        -0.041647106409072876,
        0.01122093666344881,
        0.014528950676321983,
        0.04086510092020035,
        -0.020386192947626114,
        0.05400688573718071,
        -0.07114676386117935,
        0.038883090019226074,
        0.016892530024051666,
        0.022803006693720818,
        0.00759990094229579,
        -0.05284743010997772,
        -0.001450111041776836,
        -0.025508198887109756,
        0.01831865683197975,
        0.05457669869065285,
        -0.023069098591804504,
        0.027906691655516624,
        -0.11118141561746597,
        0.05483216419816017,
        0.08903444558382034,
        -0.01568799838423729,
        0.008915376849472523,
        0.0438513308763504,
        -0.02667440101504326,
        -0.02901359088718891,
        -0.021601993590593338,
        0.011320392601191998,
        0.022746874019503593,
        0.04777686670422554,
        0.016916407272219658,
        0.05226493254303932,
        -0.021541841328144073,
        -0.03131589666008949,
        -0.12326402962207794,
        -0.04525123909115791,
        -0.11382010579109192,
        0.004549400415271521,
        0.09235134720802307,
        -0.021157454699277878,
        0.01411736011505127,
        -0.017071446403861046,
        0.04568692669272423,
        -0.04194069653749466,
        0.03856019303202629,
        -0.06621558964252472,
        -0.05120057985186577,
        0.020729541778564453,
        0.03729008883237839,
        0.049787458032369614,
        0.08386194705963135,
        -0.08105383068323135,
        0.02764822356402874,
        -0.010548756457865238,
        -0.023243336006999016,
        -0.05532606318593025,
        0.16382159292697906,
        0.053920138627290726,
        -0.013079313561320305,
        -0.010484203696250916,
        0.012523838318884373,
        0.03579341247677803,
        0.0134584354236722,
        0.024175351485610008,
        0.022273709997534752,
        -0.06372570246458054,
        0.03278295323252678,
        0.11494071781635284,
        0.05312144011259079,
        -0.055506717413663864,
        0.01556503213942051,
        -0.005431408993899822,
        0.026941727846860886,
        0.00947798416018486,
        -0.04953533783555031,
        -0.031908612698316574,
        0.04570118337869644,
        0.0002207362704211846,
        -0.07846342027187347,
        -0.04216904565691948,
        -0.05800537019968033,
        0.0022911338601261377,
        0.02848956733942032,
        0.004694436211138964,
        0.06992150843143463,
        -0.027244633063673973,
        -0.003811639966443181,
        -0.04515030235052109,
        -0.0067249177955091,
        0.005117657128721476,
        0.012950850650668144,
        -0.03803715854883194,
        -0.014038985595107079,
        -0.0033145113848149776,
        -0.013256167992949486,
        -0.018873557448387146,
        0.03846704587340355,
        -0.002860127715393901,
        0.03900536894798279,
        0.018740376457571983,
        0.015755727887153625,
        0.035573821514844894,
        0.015656525269150734,
        -0.029396776109933853,
        0.0026752103585749865,
        0.004539885558187962,
        -0.01889864355325699,
        -0.007696610409766436,
        0.030293848365545273,
        0.030421260744333267,
        0.009750822558999062,
        0.06618846952915192,
        0.027442988008260727,
        0.021293509751558304,
        -0.13201819360256195,
        -0.038485702127218246,
        -0.22887693345546722,
        0.011442896910011768,
        -0.010156182572245598,
        -0.03557509183883667,
        0.08295024186372757,
        -0.017214208841323853,
        0.009752252139151096,
        0.017220310866832733,
        0.029096003621816635,
        -0.032251644879579544,
        0.059988755732774734,
        -0.048223208636045456,
        -0.021472105756402016,
        0.00381172401830554,
        0.0020727338269352913,
