{
    "index": 379,
    "page": 60,
    "text": "cence; if that also shall be gone from thee, the comfort of a good conscience, that \nthou doest all things according to reason: what shouldest thou live any longer for? \nAll things that now thou seest, are but for a moment. That nature, by which all \nthings in the world are administered, will soon bring change and alteration upon \nthem, and then of their substances make other things like unto them: and then soon \nafter others again of the matter and substance of these: that so by these means, the \nworld may still appear fresh and new.",
    "embedding_of_chunk": [
        -0.03234519809484482,
        -0.009784323163330555,
        0.039725400507450104,
        -0.04186961427330971,
        0.055514659732580185,
        0.01113090105354786,
        0.0872773677110672,
        0.05077075958251953,
        -0.0066057671792805195,
        -0.00042549549834802747,
        -0.005352694075554609,
        -0.056191325187683105,
        0.02687504142522812,
        0.030997756868600845,
        -0.017559878528118134,
        0.022966919466853142,
        -0.009950285777449608,
        0.06893943250179291,
        -0.09829249978065491,
        0.011848718859255314,
        0.06627887487411499,
        -0.009052162989974022,
        -0.012522534467279911,
        -0.05280863493680954,
        0.029504606500267982,
        0.036260854452848434,
        -0.012202183715999126,
        -0.015045140869915485,
        -0.007647290825843811,
        -0.15710040926933289,
        -0.03720938041806221,
        -0.02870163507759571,
        0.03606559336185455,
        0.03489913418889046,
        -0.014307520352303982,
        0.016982898116111755,
        -0.03403356298804283,
        0.016112182289361954,
        -0.044685278087854385,
        0.09312900900840759,
        0.07128838449716568,
        0.0211398433893919,
        -0.030137285590171814,
        -0.06400196254253387,
        -0.031035717576742172,
        -0.02598303183913231,
        0.009154412895441055,
        -0.030412787571549416,
        0.03616274893283844,
        -0.06087367609143257,
        0.017115473747253418,
        -0.022748680785298347,
        0.021370936185121536,
        0.028360333293676376,
        0.025008827447891235,
        0.042967211455106735,
        0.06227816641330719,
        0.016116825863718987,
        0.02656402811408043,
        0.010614321567118168,
        0.05338550731539726,
        0.0335974283516407,
        -0.22230158746242523,
        0.07583338022232056,
        0.031080711632966995,
        -0.00623023696243763,
        -0.025147074833512306,
        -0.03381232172250748,
        -0.0030677563045173883,
        0.05585968494415283,
        -0.029425520449876785,
        0.016010360792279243,
        0.037825822830200195,
        0.06863074004650116,
        0.030722804367542267,
        -0.01457207277417183,
        0.017900871112942696,
        -0.04122183099389076,
        -0.04305820167064667,
        0.02743629366159439,
        0.010746940039098263,
        0.03620242699980736,
        -0.024322694167494774,
        0.009135407395660877,
        -0.06241023167967796,
        -0.05369098484516144,
        -0.022221412509679794,
        -0.06920243054628372,
        0.07384590059518814,
        0.012465768493711948,
        -0.05402717366814613,
        -0.03471613675355911,
        0.004211851395666599,
        0.024387983605265617,
        -0.04904631897807121,
        -0.04059545323252678,
        0.02942586876451969,
        0.006794999353587627,
        -0.015147244557738304,
        0.1929386556148529,
        -0.07334621995687485,
        0.014023466035723686,
        0.021264927461743355,
        -0.03658778965473175,
        0.08226723968982697,
        -0.01842156983911991,
        -0.03529530018568039,
        -0.04488461837172508,
        0.014650380238890648,
        0.030213026329874992,
        -0.005892316345125437,
        0.007842217572033405,
        0.05347834900021553,
        -0.02942788414657116,
        0.015088464133441448,
        -0.004870094358921051,
        0.03462960571050644,
        -0.005080233793705702,
        -0.027513060718774796,
        -0.012433734722435474,
        -0.024295799434185028,
        0.03963226452469826,
        0.06437132507562637,
        -0.02091003954410553,
        0.02048126794397831,
        -0.09483782947063446,
        0.04357751086354256,
        0.13037949800491333,
        -0.034379128366708755,
        0.011619798839092255,
        0.03367198631167412,
        -0.05821724981069565,
        -0.03384668007493019,
        -0.013561368919909,
        0.0236763134598732,
        0.05008929967880249,
        0.03481828048825264,
        -0.01276202779263258,
        0.037714723497629166,
        -0.0545160174369812,
        -0.04338102787733078,
        -0.09123793244361877,
        -0.039523135870695114,
        -0.1477126181125641,
        -0.002519960282370448,
        0.0883282870054245,
        0.036156363785266876,
        -0.0024552950635552406,
        -0.052814990282058716,
        0.040128614753484726,
        -0.014894619584083557,
        0.05291574075818062,
        -0.024142403155565262,
        -0.011773666366934776,
        0.0018451381474733353,
        0.025270450860261917,
        0.009724484756588936,
        0.008823796175420284,
        -0.017211513593792915,
        0.010782350786030293,
        0.011643078178167343,
        -0.01749389059841633,
        -0.033913884311914444,
        0.1306125670671463,
        -0.007032073102891445,
        -0.012270416133105755,
        -0.011869650334119797,
        0.009520950727164745,
        0.004764293786138296,
        0.022345244884490967,
        0.060230690985918045,
        -0.028551563620567322,
        -0.05551030486822128,
        0.05022626370191574,
        0.09888209402561188,
        0.016740849241614342,
        -0.03588872030377388,
        0.012112803757190704,
        -0.010783410631120205,
        0.0027353924233466387,
        0.00379224494099617,
        -0.016628852114081383,
        -0.07095735520124435,
        0.08215931802988052,
        -0.005545472260564566,
        -0.031105125322937965,
        0.00010891810234170407,
        -0.04432900622487068,
        0.04469844698905945,
        0.05353972688317299,
        0.0005438495427370071,
        0.03742425888776779,
        -0.02618333324790001,
        0.01285198237746954,
        -0.052292656153440475,
        -0.026303129270672798,
        -0.06059971824288368,
        0.009703702293336391,
        -0.018645761534571648,
        0.00904628075659275,
        -0.009371932595968246,
        -0.002886181930080056,
        -0.02709333412349224,
        0.03978293389081955,
        0.01078344788402319,
        0.016964716836810112,
        -0.007626022677868605,
        -0.012357638217508793,
        0.04430936649441719,
        0.007392336148768663,
        -0.015220281668007374,
        0.029815349727869034,
        0.05614577606320381,
        -0.03013060986995697,
        0.0020212572999298573,
        0.03481518104672432,
        -0.010591378435492516,
        0.007432643789798021,
        0.02069978043437004,
        0.05231541022658348,
        0.03725135326385498,
        -0.10161779075860977,
        -0.03720998018980026,
        -0.2430751472711563,
        0.025774676352739334,
        -0.016189759597182274,
        -0.051335614174604416,
        0.09986929595470428,
        -0.00898889172822237,
        -0.0236533023416996,
        -0.02044893242418766,
        0.023740531876683235,
        0.022203026339411736,
        0.05321032553911209,
        -0.006893315818160772,
        0.011498190462589264,
        0.026062656193971634,
        0.0006212703883647919,
        0.035214707255363464,
        0.03550022095441818,
        -0.00912257470190525,
        -0.017258094623684883,
        0.014683060348033905,
        -0.017615245655179024,
        0.04760828614234924,
