{
    "index": 352,
    "page": 55,
    "text": "XLVIII. Use thyself when any man speaks unto thee, so to hearken unto him, as that \nin the interim thou give not way to any other thoughts; that so thou mayst (as far as \nis possible) seem fixed and fastened to his very soul, whosoever he be that speaks \nunto thee. \n\nXLIX. That which is not good for the bee-hive, cannot be good for the bee. \n\nL. Will either passengers, or patients, find fault and complain, either the one if they \nbe well carried, or the others if well cured? Do they take care for any more than this; \nthe one, that their shipmaster may bring them safe to land, and the other, that their \nphysician may effect their recovery? \n\nLI. How many of them who came into the world at the same time when I did, are al-\nready gone out of it?",
    "embedding_of_chunk": [
        -0.034727081656455994,
        -0.013779819011688232,
        0.01678754761815071,
        -0.06003471463918686,
        -0.014715542085468769,
        0.002794675761833787,
        0.09813002496957779,
        0.0566999651491642,
        -0.025197818875312805,
        -0.034565169364213943,
        0.010561596602201462,
        -0.051678720861673355,
        0.002749141538515687,
        0.03296865522861481,
        0.014427481219172478,
        0.009916518814861774,
        -0.011694398708641529,
        0.03571277856826782,
        -0.08105721324682236,
        0.01821516640484333,
        0.03131147474050522,
        -0.03126054257154465,
        -0.015740681439638138,
        -0.024058828130364418,
        -0.006332531571388245,
        0.037347856909036636,
        -0.037694405764341354,
        -0.01151810958981514,
        -0.004000254441052675,
        -0.14490261673927307,
        -0.03391307592391968,
        -0.02877696603536606,
        0.01598612777888775,
        0.022025881335139275,
        -0.037809912115335464,
        0.0019211448961868882,
        -0.019228853285312653,
        0.05671443045139313,
        0.027498919516801834,
        0.06170772388577461,
        0.02204069308936596,
        0.0216252189129591,
        -0.014597976580262184,
        -0.040958650410175323,
        -0.06855938583612442,
        -0.029764747247099876,
        -0.011987393721938133,
        -0.02623266726732254,
        0.04017038270831108,
        -0.018600141629576683,
        -0.015389688313007355,
        -0.01875676028430462,
        0.014984117820858955,
        0.034792155027389526,
        0.031461264938116074,
        0.018271397799253464,
        0.04192770645022392,
        0.02947877161204815,
        0.008621820248663425,
        0.04123418778181076,
        0.03135453537106514,
        -0.0072571286000311375,
        -0.2446114420890808,
        0.09347019344568253,
        0.049887340515851974,
        0.004042532294988632,
        -0.03683903068304062,
        -0.06402432918548584,
        -0.005086997058242559,
        0.057998426258563995,
        -0.02157440595328808,
        0.002438244177028537,
        0.046406883746385574,
        0.051694437861442566,
        0.02706734463572502,
        -0.007401605602353811,
        -0.016896069049835205,
        -0.06499091535806656,
        0.010929484851658344,
        0.033453669399023056,
        0.0074112010188400745,
        -0.028362227603793144,
        -0.05295402929186821,
        -0.02584649994969368,
        -0.04191792011260986,
        -0.0628335177898407,
        0.03611405938863754,
        -0.07755332440137863,
        0.03256390616297722,
        0.0003822023281827569,
        -0.03839102387428284,
        -0.006512032821774483,
        0.018540648743510246,
        0.02930103801190853,
        -0.04516441375017166,
        -0.05987003445625305,
        0.032818324863910675,
        -0.004856666084378958,
        -0.05418397858738899,
        0.19531039893627167,
        -0.05664094537496567,
        0.04709171503782272,
        0.0255565382540226,
        -0.028194725513458252,
        0.04728665202856064,
        -0.022326484322547913,
        -0.007790948264300823,
        -0.042955830693244934,
        -0.04932788386940956,
        -0.0007983610848896205,
        0.02099895477294922,
        -0.014223231934010983,
        0.05484998971223831,
        -0.029057368636131287,
        0.02421213872730732,
        0.047204792499542236,
        0.04324587062001228,
        -0.041727833449840546,
        -0.05131686106324196,
        0.00563692394644022,
        -0.039498280733823776,
        0.025654379278421402,
        0.08907943964004517,
        -0.017306368798017502,
        -0.002691210014745593,
        -0.0889943316578865,
        0.07661756128072739,
        0.11843540519475937,
        -0.002174980007112026,
        -0.01722872443497181,
        0.057731542736291885,
        -0.061590928584337234,
        -0.02969772182404995,
        -0.011325238272547722,
        0.00640104478225112,
        0.00960142258554697,
        0.055231936275959015,
        -0.031545136123895645,
        0.038967907428741455,
        -0.016771992668509483,
        -6.994448540353915e-06,
        -0.17476028203964233,
        -0.0507940910756588,
        -0.09078194200992584,
        -0.023893870413303375,
        0.06177834793925285,
        0.004523211158812046,
        -0.005391405895352364,
        -0.0024755641352385283,
        -0.0014149750350043178,
        -0.005193530116230249,
        0.04110587388277054,
        -0.039911385625600815,
        -0.021939070895314217,
        0.016528869047760963,
        0.028982294723391533,
        0.04539923369884491,
        0.08623820543289185,
        -0.03405417874455452,
        0.04890556260943413,
        0.028385665267705917,
        -0.03096136450767517,
        -0.053683094680309296,
        0.10879416763782501,
        0.036454763263463974,
        0.002418364165350795,
        -0.000217797962250188,
        -0.01980222761631012,
        0.011625245213508606,
        -0.004848955664783716,
        0.05697769671678543,
        0.01734902150928974,
        -0.07263629883527756,
        0.030842220410704613,
        0.03964904695749283,
        0.029991311952471733,
        -0.03213160112500191,
        0.02864660508930683,
        0.022123748436570168,
        0.026633083820343018,
        0.009744840674102306,
        -0.06273483484983444,
        -0.07588936388492584,
        0.03362873196601868,
        0.02504350244998932,
        -0.01056230440735817,
        -0.03706422075629234,
        0.010863418690860271,
        0.03638877347111702,
        0.02828645519912243,
        -0.015952304005622864,
        0.028453808277845383,
        -0.04229504242539406,
        0.015237191691994667,
        -0.06292688101530075,
        -0.007254615426063538,
        -0.05220762640237808,
        -0.005851255264133215,
        -0.04030179604887962,
        -0.01387035008519888,
        -0.0032388074323534966,
        0.017735347151756287,
        0.008102413266897202,
        0.046155672520399094,
        0.014876576140522957,
        0.0022758571431040764,
        -0.0010129300644621253,
        -0.014465617947280407,
        0.07326547801494598,
        0.019849933683872223,
        -0.05059022828936577,
        0.028003618121147156,
        0.053415246307849884,
        0.010462991893291473,
        0.000840534339658916,
        0.05517131835222244,
        0.026506464928388596,
        -0.022684067487716675,
        0.03592041879892349,
        0.06855517625808716,
        0.03294019773602486,
        -0.06901474297046661,
        -0.08613469451665878,
        -0.22224216163158417,
        -0.0008652868564240634,
        -0.011809078976511955,
        -0.020156044512987137,
        0.017664361745119095,
        -0.0563330315053463,
        -0.00040574310696683824,
        0.02704792469739914,
        0.022413378581404686,
        0.012570763938128948,
        0.08797979354858398,
        -0.05034564808011055,
        -0.00473886588588357,
        0.03625207766890526,
        -0.038010746240615845,
