{
    "index": 596,
    "page": 93,
    "text": "must account that pleasure, whatsoever it be, that thou mayest do according to \nthine own nature. And to do this, every place will fit thee. Unto the cylindrus, or roll-\ner, it is not granted to move everywhere according to its own proper motion, as nei-\nther unto the water, nor unto the fire, nor unto any other thing, that either is merely \nnatural, or natural and sensitive; but not rational. for many things there be that can \nhinder their operations. But of the mind and understanding this is the proper privi-\nlege, that according to its own nature, and as it will itself, it can pass through every \nobstacle that it finds, and keep straight on forwards. Setting therefore before thine \neyes this happiness and felicity of thy mind, whereby it is able to pass through all",
    "embedding_of_chunk": [
        -0.025773286819458008,
        -0.022867120802402496,
        0.05243079364299774,
        -0.0254497230052948,
        -0.03188728168606758,
        0.014560543932020664,
        0.09484077244997025,
        0.01766122505068779,
        0.014909389428794384,
        0.006103066727519035,
        -0.030721306800842285,
        -0.07654764503240585,
        0.0279279462993145,
        0.03721407428383827,
        0.00906892865896225,
        0.002054970245808363,
        -0.007313583046197891,
        0.05799093842506409,
        -0.08606778830289841,
        0.042307183146476746,
        0.07539468258619308,
        -0.03898667171597481,
        -0.015216217376291752,
        -0.03437599539756775,
        -0.017179474234580994,
        0.028768133372068405,
        -0.05222354456782341,
        -0.011142360046505928,
        -0.020254934206604958,
        -0.1807127594947815,
        -0.015381747856736183,
        -0.029802901670336723,
        0.006710464600473642,
        -0.020588021725416183,
        -0.0003174594312440604,
        -0.0005405349074862897,
        -0.044566843658685684,
        0.0345262847840786,
        -0.03788650035858154,
        0.057799313217401505,
        0.05542641133069992,
        0.038858167827129364,
        -0.021839912980794907,
        -0.02127721719443798,
        -0.00095889758085832,
        -0.04643374681472778,
        -0.01008940301835537,
        0.007427068892866373,
        0.042700979858636856,
        -0.037884633988142014,
        0.012181698344647884,
        -0.04265952855348587,
        0.01358987856656313,
        0.02438328042626381,
        0.02163705788552761,
        0.061073821038007736,
        0.03187985345721245,
        0.04184522479772568,
        0.02058747410774231,
        0.007684062235057354,
        0.05015536770224571,
        0.025953762233257294,
        -0.25888189673423767,
        0.08485900610685349,
        0.0358131006360054,
        0.002947781002148986,
        -0.06063178926706314,
        -0.03006175346672535,
        0.01991688832640648,
        0.021188080310821533,
        -0.029868144541978836,
        0.06038812920451164,
        0.040952038019895554,
        0.050180502235889435,
        0.04728902131319046,
        -0.020431529730558395,
        0.027058027684688568,
        -0.02723061293363571,
        -0.037417057901620865,
        0.008701550774276257,
        0.010809231549501419,
        0.017030594870448112,
        -0.02272987738251686,
        0.031172115355730057,
        -0.038030777126550674,
        -0.03980063647031784,
        0.041803400963544846,
        -0.06263091415166855,
        0.0647641196846962,
        0.025180643424391747,
        -0.0034909474197775126,
        -0.030419573187828064,
        -0.0490180142223835,
        -0.005495772697031498,
        -0.06348051875829697,
        0.007011238019913435,
        0.027723198756575584,
        0.011113408021628857,
        -0.03297163173556328,
        0.18945470452308655,
        -0.028540968894958496,
        0.049531206488609314,
        0.022241724655032158,
        -0.003781968727707863,
        0.05733384191989899,
        0.01785118877887726,
        0.008234724402427673,
        -0.050206560641527176,
        -0.022047078236937523,
        -0.0009192396537400782,
        0.03684171661734581,
        -0.054796088486909866,
        0.008369654417037964,
        -0.004495264030992985,
        0.017697036266326904,
        -0.014151038601994514,
        0.00875417236238718,
        0.032750070095062256,
        -0.02722032740712166,
        -0.027976306155323982,
        -0.0017696707509458065,
        0.020573925226926804,
        0.03380822017788887,
        -0.00833598617464304,
        0.014691846445202827,
        -0.09186184406280518,
        0.032823264598846436,
        0.10030525922775269,
        0.013356599025428295,
        -0.02442539669573307,
        0.033210840076208115,
        -0.06402371823787689,
        -0.017747817561030388,
        -0.036679983139038086,
        -0.00233215163461864,
        0.027351191267371178,
        0.023057715967297554,
        -0.028544265776872635,
        0.027711044996976852,
        -0.037099502980709076,
        -0.04455694183707237,
        -0.14099949598312378,
        -0.028743386268615723,
        -0.13503527641296387,
        -0.004002468194812536,
        0.06807088851928711,
        -0.005949579644948244,
        0.052334416657686234,
        -0.033898286521434784,
        0.04204436019062996,
        0.010185766033828259,
        0.019415156915783882,
        -0.057650934904813766,
        -0.00487886555492878,
        0.02608187310397625,
        0.027573635801672935,
        0.022623222321271896,
        0.08339950442314148,
        -0.05910710617899895,
        0.006479795556515455,
        -0.026438971981406212,
        0.005610849242657423,
        -0.04615263268351555,
        0.11895518749952316,
        0.02903619408607483,
        -0.05002625659108162,
        0.024242566898465157,
        0.014117928221821785,
        0.0015376158989965916,
        -0.007283180486410856,
        0.024707697331905365,
        0.028676241636276245,
        -0.10048149526119232,
        0.052241288125514984,
        0.08498594164848328,
        0.032994408160448074,
        -0.03530910611152649,
        0.04298408329486847,
        -0.004934148397296667,
        0.025251144543290138,
        0.07029334455728531,
        -0.05047322064638138,
        -0.04327064007520676,
        0.01841011270880699,
        0.022918367758393288,
        -0.009901734068989754,
        0.0032249910291284323,
        -0.020641382783651352,
        0.035898882895708084,
        0.06263747066259384,
        0.0140706030651927,
        0.03965403884649277,
        -0.02267189882695675,
        -0.015288591384887695,
        -0.050188060849905014,
        -0.025152090936899185,
        -0.03662143647670746,
        -0.01728922314941883,
        -0.0372210368514061,
        -0.009966452606022358,
        0.006877086125314236,
        0.002552479039877653,
        0.010193145833909512,
        0.038615964353084564,
        0.015664171427488327,
        -0.006684264168143272,
        0.021400583907961845,
        -0.03182019293308258,
        0.033477284014225006,
        0.03078913316130638,
        -0.06470853090286255,
        0.0348220095038414,
        0.0509297177195549,
        -0.033263277262449265,
        -0.03749972581863403,
        0.044471971690654755,
        -0.001231610425747931,
        0.037781473249197006,
        0.03139439970254898,
        0.03334132581949234,
        0.009211172349750996,
        -0.11542905122041702,
        -0.07828029245138168,
        -0.24077457189559937,
        0.005674915388226509,
        0.020516876131296158,
        -0.031748879700899124,
        0.08024045079946518,
        -0.03193452209234238,
        -0.01549686398357153,
        -0.023253578692674637,
        0.02702612429857254,
        -0.0007890848792158067,
        0.08349720388650894,
        -0.06385724246501923,
        -0.04448317363858223,
        0.0542723648250103,
