{
    "index": 654,
    "page": 102,
    "text": "doth direct all his own private motions and purposes to that end, all his actions will \nbe agreeable and uniform; and by that means will be still the same man. \n\nXX. Remember the fable of the country mouse and the city mouse, and the great \nfright and terror that this was put into. \n\nXXI. Socrates was wont to call the common conceits and opinions of men, the com-\nmon bugbears of the world: the proper terror of silly children. \n\nXXII. The Lacedæmonians at their public spectacles were wont to appoint seats and \nforms for their strangers in the shadow, they themselves were content to sit any-\nwhere.",
    "embedding_of_chunk": [
        -0.0012141086626797915,
        0.003211086383089423,
        0.025928866118192673,
        -0.007571355905383825,
        -0.014965418726205826,
        -0.009507481008768082,
        0.11659590899944305,
        0.05200404301285744,
        -0.026205996051430702,
        -0.030137598514556885,
        0.01702374592423439,
        -0.04942405968904495,
        0.0529477521777153,
        0.015139998868107796,
        0.009043801575899124,
        0.009440513327717781,
        -0.02367810718715191,
        0.021276431158185005,
        -0.06816661357879639,
        0.022847196087241173,
        0.07862391322851181,
        -0.00262196222320199,
        -0.018463239073753357,
        -0.05917014926671982,
        0.014079519547522068,
        0.029100554063916206,
        -0.029938481748104095,
        -0.025452299043536186,
        -0.01788175478577614,
        -0.13810403645038605,
        0.021163171157240868,
        -0.05239878222346306,
        0.02925039455294609,
        -0.02399817295372486,
        0.003906918223947287,
        -0.04004859924316406,
        -0.01904551312327385,
        0.04133172333240509,
        -0.04504634439945221,
        0.0528896190226078,
        0.06144183129072189,
        0.04980535805225372,
        -0.007335756439715624,
        -0.035262592136859894,
        -0.03204440325498581,
        -0.05422793701291084,
        -0.007995382882654667,
        -0.04147803783416748,
        0.0007225493318401277,
        -0.041363462805747986,
        -0.011229773983359337,
        -0.04867523908615112,
        -0.008418772369623184,
        0.00701046222820878,
        -0.04281974211335182,
        0.04259904474020004,
        0.025135047733783722,
        0.0027009756304323673,
        0.05532189458608627,
        0.01897006295621395,
        0.04865880310535431,
        0.006534114945679903,
        -0.2255638688802719,
        0.09086035937070847,
        0.030447738245129585,
        0.04461057856678963,
        -0.03983604535460472,
        -0.018854640424251556,
        0.0328558012843132,
        0.06911417841911316,
        -0.01983833871781826,
        0.05959786847233772,
        0.05594794079661369,
        0.03536120802164078,
        0.004553955048322678,
        -0.0008916647057048976,
        -0.025133296847343445,
        -0.06909861415624619,
        -0.022161278873682022,
        0.02790210209786892,
        -0.03876664489507675,
        -0.02567892335355282,
        -0.013944330625236034,
        -0.006290995515882969,
        -0.04277212172746658,
        -0.06590982526540756,
        0.037585172802209854,
        -0.05231121927499771,
        0.01153347734361887,
        0.009965318255126476,
        -0.01741177588701248,
        -0.021389415487647057,
        0.00687273358926177,
        -0.0032823318615555763,
        -0.028229018673300743,
        -0.01168803684413433,
        0.01812591962516308,
        0.02325334958732128,
        -0.07145765423774719,
        0.16091607511043549,
        -0.05070336163043976,
        0.010988358408212662,
        0.0072109815664589405,
        -0.01416677888482809,
        0.04140494018793106,
        0.011867832392454147,
        -0.025897396728396416,
        -0.03772402182221413,
        -0.018129859119653702,
        0.035067763179540634,
        0.014268390834331512,
        -0.0455758310854435,
        0.08037648350000381,
        -0.007682905998080969,
        0.03865787014365196,
        -0.0018843426369130611,
        0.04323379322886467,
        0.016063746064901352,
        -0.01993243396282196,
        -0.01817012019455433,
        0.035069338977336884,
        0.05541210249066353,
        0.04808381199836731,
        -0.00397871108725667,
        0.04393388330936432,
        -0.04341007396578789,
        0.02989329770207405,
        0.12049022316932678,
        0.05031707510352135,
        -0.008849121630191803,
        0.023019516840577126,
        -0.09256485849618912,
        -0.028495879843831062,
        0.002073445823043585,
        0.0590311735868454,
        0.03401733562350273,
        0.06048602610826492,
        0.0051216138526797295,
        0.029871437698602676,
        -0.05691710114479065,
        -0.014642431400716305,
        -0.13982810080051422,
        -0.05034512281417847,
        -0.08084926754236221,
        -0.024127330631017685,
        0.07703442126512527,
        -0.00025309520424343646,
        0.006572542246431112,
        -0.008189831860363483,
        0.10156013071537018,
        -0.0031155552715063095,
        0.07134822010993958,
        -0.024545956403017044,
        -0.006350453943014145,
        0.002731833141297102,
        0.027019081637263298,
        0.05180554464459419,
        0.09097456187009811,
        -0.03213440626859665,
        -0.008396780118346214,
        0.006970851216465235,
        -0.008855991065502167,
        -0.048853617161512375,
        0.11255399882793427,
        0.02423408254981041,
        -0.031842999160289764,
        0.0026626349426805973,
        0.027262704446911812,
        0.016140684485435486,
        -0.026408446952700615,
        0.03601251542568207,
        0.01024535670876503,
        -0.04084830731153488,
        0.029901044443249702,
        0.030613915994763374,
        0.021377749741077423,
        -0.038509368896484375,
        0.029086189344525337,
        -0.029029404744505882,
        -0.0070268018171191216,
        0.04499023035168648,
        -0.046837612986564636,
        -0.057160090655088425,
        0.053296204656362534,
        0.02116897888481617,
        -0.008761816658079624,
        -0.04136699438095093,
        -0.05437742546200752,
        0.053685951977968216,
        0.0710865780711174,
        0.010044549591839314,
        0.05669364333152771,
        -0.039923202246427536,
        -0.0693506971001625,
        -0.05425328016281128,
        -0.02741074375808239,
        -0.03436297923326492,
        -0.03485267236828804,
        0.013656803406774998,
        -0.007540524005889893,
        -0.04764796793460846,
        -0.022810541093349457,
        -0.035616710782051086,
        0.018490174785256386,
        0.004602428991347551,
        0.06682111322879791,
        -0.0006789307226426899,
        -0.018376832827925682,
        0.052045516669750214,
        0.01746024563908577,
        -0.0649055615067482,
        -0.01517330203205347,
        0.060462385416030884,
        -0.013895310461521149,
        -0.04412059858441353,
        0.04557953029870987,
        0.02377163991332054,
        0.02541450224816799,
        0.028489060699939728,
        0.035545945167541504,
        0.007075950037688017,
        -0.055488843470811844,
        -0.0492236353456974,
        -0.23120862245559692,
        -0.03126092627644539,
        -0.0020295879803597927,
        -0.07014518976211548,
        0.05196281149983406,
        -0.04053489863872528,
        0.02081637643277645,
        -0.041252486407756805,
        0.02917051501572132,
        0.04148448258638382,
        0.054153408855199814,
        -0.06516282260417938,
        -0.021873660385608673,
        0.04116663709282875,
        -0.013440562412142754,
        0.06224214285612106,
        -0.010270824655890465,
        0.0415026992559433,
        0.007938737981021404,
        -0.019116774201393127,
