{
    "index": 401,
    "page": 63,
    "text": "see that that which is worse and inferior, is made for that which is better. Reasona-\nble creatures, they are ordained one for another. That therefore which is chief in eve-\nry man’s constitution, is, that he intend the common good. The second is, that he \nyield not to any lusts and motions of the flesh. For it is the part and privilege of the \nreasonable and intellective faculty, that she can so bound herself, as that neither the \nsensitive, nor the appetitive faculties, may not anyways prevail upon her. For both \nthese are brutish. And therefore over both she challengeth mastery, and cannot an-\nyways endure, if in her right temper, to be subject unto either. And this indeed most \njustly. For by nature she was ordained to command all in the body. The third thing",
    "embedding_of_chunk": [
        -0.01251794770359993,
        0.02240591309964657,
        0.028372878208756447,
        -0.015024472028017044,
        -0.0017819259082898498,
        0.008961301296949387,
        0.10242262482643127,
        0.03748990595340729,
        0.01958809234201908,
        -0.026663528755307198,
        -0.0070291985757648945,
        -0.08402658253908157,
        0.04367148131132126,
        0.015553353354334831,
        0.002639787271618843,
        0.016243107616901398,
        -0.014476286247372627,
        0.045684847980737686,
        -0.07226314395666122,
        0.041141293942928314,
        0.06030317395925522,
        -0.021739652380347252,
        -0.050428107380867004,
        -0.06687240302562714,
        0.0023952394258230925,
        0.005887101870030165,
        -0.03764815628528595,
        -0.03745720162987709,
        -0.006779346615076065,
        -0.16808414459228516,
        -0.004914373625069857,
        -0.018584489822387695,
        0.03504307568073273,
        -0.009068460203707218,
        -0.017714424058794975,
        -0.028813237324357033,
        -0.035268813371658325,
        0.060077860951423645,
        -0.025567498058080673,
        0.044395625591278076,
        0.01888519898056984,
        0.04160851612687111,
        -0.020147468894720078,
        -0.05226742476224899,
        -0.03926856070756912,
        -0.028466319665312767,
        -0.006157568655908108,
        0.006192055065184832,
        0.03312231972813606,
        -0.0414324626326561,
        -0.03504618629813194,
        -0.026828689500689507,
        0.013090782798826694,
        0.028940264135599136,
        0.031585607677698135,
        0.02039968967437744,
        0.041906747967004776,
        0.048885054886341095,
        0.008646387606859207,
        0.02227252908051014,
        0.004938642960041761,
        0.04303699731826782,
        -0.26197248697280884,
        0.08296067267656326,
        0.06278185546398163,
        -0.016673820093274117,
        -0.02611141838133335,
        -0.031581901013851166,
        0.004846150986850262,
        0.05943490192294121,
        -0.01241065002977848,
        0.029220018535852432,
        0.08059721440076828,
        0.03182949125766754,
        -0.012987622059881687,
        -0.00951747503131628,
        0.0006149056716822088,
        -0.05583919212222099,
        -0.022104904055595398,
        -0.009872653521597385,
        -0.03622389957308769,
        0.01982704922556877,
        0.0002270877012051642,
        0.01758698932826519,
        -0.03210538625717163,
        -0.04700157791376114,
        -0.006339678540825844,
        -0.09516586363315582,
        0.026363767683506012,
        0.03231529891490936,
        0.0006413357332348824,
        -0.045599259436130524,
        -0.015346207655966282,
        -0.00024296077026519924,
        -0.0451502650976181,
        -0.006929017603397369,
        0.002921027597039938,
        -0.0012252655578777194,
        -0.05192073807120323,
        0.1900607943534851,
        -0.014076636172831059,
        0.007174291182309389,
        0.03091859258711338,
        -0.04043947905302048,
        0.1035989373922348,
        -0.012068736366927624,
        0.01819186843931675,
        -0.07532123476266861,
        0.01409787219017744,
        0.0264789629727602,
        0.01563059166073799,
        -0.0029241705778986216,
        0.0025545135140419006,
        -0.03724667802453041,
        0.022357400506734848,
        0.020542990416288376,
        0.059135790914297104,
        -0.011316276155412197,
        -0.0395677424967289,
        -0.00949657429009676,
        -0.024676498025655746,
        0.009280199185013771,
        0.05131935328245163,
        -0.017560865730047226,
        0.02484147995710373,
        -0.10580115765333176,
        0.04363737255334854,
        0.09735226631164551,
        0.01326510589569807,
        -0.045708395540714264,
        0.02090129815042019,
        -0.06834770739078522,
        -0.004659304395318031,
        -0.0072014289908111095,
        0.03154854103922844,
        -0.013722813688218594,
        -0.02078048698604107,
        0.001579257077537477,
        0.022177964448928833,
        -0.0395880863070488,
        -0.04262256622314453,
        -0.1429867148399353,
        -0.056561555713415146,
        -0.09216923266649246,
        0.011829754337668419,
        0.06914851069450378,
        0.007101829629391432,
        0.01978384144604206,
        -0.013176940381526947,
        0.05462484806776047,
        -0.024165824055671692,
        0.007199855521321297,
        -0.05292505770921707,
        -0.029893504455685616,
        -0.0010175120551139116,
        0.020707665011286736,
        0.022400619462132454,
        0.06394430994987488,
        -0.037965863943099976,
        0.026088237762451172,
        0.01416105031967163,
        -0.021401233971118927,
        -0.026552820578217506,
        0.1029103472828865,
        0.03214552626013756,
        -0.03785162419080734,
        0.014278443530201912,
        0.006918373983353376,
        -0.0036279994528740644,
        0.007236900273710489,
        0.032364845275878906,
        0.01984049566090107,
        -0.0749925971031189,
        0.03932162746787071,
        0.07551614940166473,
        0.008245371282100677,
        -0.013978556729853153,
        0.011058204807341099,
        0.01793675497174263,
        0.006204654928296804,
        0.07462920248508453,
        -0.06249097362160683,
        -0.06765253096818924,
        0.016946855932474136,
        0.02054733969271183,
        -0.016534125432372093,
        -0.02645205147564411,
        -0.025258129462599754,
        0.020147576928138733,
        0.04391958937048912,
        -0.008109897375106812,
        0.08701269328594208,
        -0.07810937613248825,
        -0.001002948498353362,
        -0.057718902826309204,
        -0.039550039917230606,
        -0.02306567318737507,
        -0.0017812165897339582,
        -0.0544794462621212,
        -0.01191012654453516,
        0.0022941087372601032,
        0.024192094802856445,
        -0.03580453619360924,
        0.03081357292830944,
        0.04298655688762665,
        0.0466390959918499,
        0.02539289928972721,
        -0.052359722554683685,
        0.04394207149744034,
        0.05657138675451279,
        -0.016589520499110222,
        0.031031770631670952,
        0.03761245310306549,
        -0.015655385330319405,
        -0.03700218349695206,
        0.03690267726778984,
        0.03296663984656334,
        0.024466214701533318,
        0.04057775065302849,
        0.013785683549940586,
        0.02015938237309456,
        -0.07461750507354736,
        -0.03677011653780937,
        -0.23726217448711395,
        0.03731448948383331,
        -0.03491254150867462,
        -0.06598351150751114,
        0.10106875002384186,
        -0.022028278559446335,
        0.034779515117406845,
        0.0038692657835781574,
        -0.0055938302539289,
        0.020520374178886414,
        0.047788869589567184,
        -0.009327925741672516,
        -0.054710958153009415,
        0.03974265605211258,
