{
    "index": 554,
    "page": 87,
    "text": "their making itself fitted for corruption, as consisting of things different and contra-\nry? And did nature then either of herself thus project and purpose the affliction and \nmisery of her parts, and therefore of purpose so made them, not only that haply they \nmight, but of necessity that they should fall into evil; or did not she know what she \ndid, when she made them? For either of these two to say, is equally absurd. But to \nlet pass nature in general, and to reason of things particular according to their own \nparticular natures; how absurd and ridiculous is it, first to say that all parts of the \nwhole are, by their proper natural constitution, subject to alteration; and then when \nany such thing doth happen, as when one doth fall sick and dieth, to take on and",
    "embedding_of_chunk": [
        -0.03405055031180382,
        -0.01283295638859272,
        0.05338386073708534,
        0.0033887135796248913,
        -0.0034394627436995506,
        0.004300050903111696,
        0.07444747537374496,
        0.026045121252536774,
        -0.008286663331091404,
        -6.634370947722346e-05,
        0.0036400570534169674,
        -0.10192232578992844,
        0.03754642605781555,
        0.018922464922070503,
        0.007334347348660231,
        0.008895429782569408,
        -0.016059987246990204,
        0.032268062233924866,
        -0.07862966507673264,
        0.09048288315534592,
        0.06549759209156036,
        -0.04315261170268059,
        0.005917489528656006,
        -0.011832918040454388,
        0.02719029039144516,
        0.04148820415139198,
        -0.02961338311433792,
        0.0033496429678052664,
        -0.00030991731910035014,
        -0.18451380729675293,
        -0.014274024404585361,
        0.0025950653944164515,
        0.008385690860450268,
        -0.012020651251077652,
        0.0006657670019194484,
        0.0020067363511770964,
        -0.013058880344033241,
        0.03720773011445999,
        -0.018437298014760017,
        0.035186607390642166,
        0.032797977328300476,
        0.025686657056212425,
        0.005254068411886692,
        -0.056022364646196365,
        -0.026025885716080666,
        -0.029400302097201347,
        0.0032990144100040197,
        0.014757171273231506,
        0.015582541935145855,
        -0.04384569451212883,
        -0.035795919597148895,
        -0.009329776279628277,
        0.01752975769340992,
        0.034866832196712494,
        0.03836729750037193,
        0.04666437208652496,
        0.07088256627321243,
        0.0437965951859951,
        0.06185508891940117,
        0.05163556709885597,
        0.039439599961042404,
        0.037166528403759,
        -0.23234069347381592,
        0.07941842079162598,
        0.06200854480266571,
        0.006770993582904339,
        -0.05840340256690979,
        -0.0528048612177372,
        0.021183433011174202,
        0.0534588024020195,
        -0.02407546155154705,
        0.019101908430457115,
        0.017856057733297348,
        0.03479248285293579,
        0.0002120428252965212,
        0.019965795800089836,
        -0.03523676097393036,
        -0.03832603245973587,
        -0.02469785511493683,
        0.018476257100701332,
        -0.022700265049934387,
        0.02414555475115776,
        -0.007075727451592684,
        0.01947220414876938,
        -0.03402569890022278,
        -0.01701207645237446,
        0.006136618554592133,
        -0.06706922501325607,
        0.06832452863454819,
        0.01459387969225645,
        -0.009267864748835564,
        -0.04851238802075386,
        0.005503406282514334,
        0.007430671714246273,
        -0.03453238308429718,
        -0.010320867411792278,
        0.03429095819592476,
        0.015100650489330292,
        0.0013598109362646937,
        0.22062884271144867,
        -0.06537561118602753,
        0.0168132446706295,
        0.017132669687271118,
        -0.04007339105010033,
        0.04339499771595001,
        -0.005497876554727554,
        -0.007749622222036123,
        -0.10515670478343964,
        0.0176203902810812,
        0.003699837252497673,
        0.048900771886110306,
        -0.02067713253200054,
        0.024276738986372948,
        -0.06215837597846985,
        0.040505506098270416,
        -0.00970940850675106,
        0.010497373528778553,
        0.015556279569864273,
        -0.05017552152276039,
        -0.009738247841596603,
        -0.021435799077153206,
        0.01156691461801529,
        0.058537617325782776,
        -0.013606036081910133,
        0.03648016229271889,
        -0.08986833691596985,
        0.04175255820155144,
        0.08723227679729462,
        0.009395034052431583,
        -0.009787699207663536,
        0.002056580036878586,
        -0.06483305990695953,
        -0.006761376745998859,
        -0.014658317901194096,
        0.034330934286117554,
        0.014353925362229347,
        -0.014847460202872753,
        0.008181117475032806,
        0.03186396136879921,
        -0.04161685332655907,
        -0.038461267948150635,
        -0.12329068779945374,
        -0.05735617130994797,
        -0.09323834627866745,
        -0.03171714395284653,
        0.026483261957764626,
        0.005308724474161863,
        0.044958144426345825,
        -0.017481815069913864,
        0.05798179283738136,
        -0.01974707655608654,
        0.015093504451215267,
        -0.01261703111231327,
        -0.02741030976176262,
        0.023906510323286057,
        0.06631980091333389,
        0.02299746684730053,
        0.08243008702993393,
        -0.0173126682639122,
        -0.016591383144259453,
        0.03401733189821243,
        -0.0216662660241127,
        -0.04491085186600685,
        0.138179749250412,
        0.0632086992263794,
        0.006370077840983868,
        0.006379164755344391,
        0.002673306269571185,
        0.020663870498538017,
        0.014347418211400509,
        0.04346170276403427,
        0.015295634977519512,
        -0.03756257891654968,
        0.024812990799546242,
        0.06443505734205246,
        0.018782613798975945,
        -0.03592633455991745,
        -0.009713385254144669,
        -0.039599403738975525,
        0.03615283966064453,
        0.05699401721358299,
        -0.03369513899087906,
        -0.06340540200471878,
        0.08030036836862564,
        0.008352553471922874,
        -0.08390329778194427,
        0.0021584739442914724,
        -0.04925937205553055,
        -0.004199913702905178,
        0.0706835463643074,
        -0.001085314666852355,
        0.06995584070682526,
        -0.04485845938324928,
        0.00895021203905344,
        -0.0008012182079255581,
        -0.07398834079504013,
        -0.017659615725278854,
        -0.013497752137482166,
        -0.054833829402923584,
        0.011805549263954163,
        -0.036720700562000275,
        0.016129257157444954,
        -0.03375282138586044,
        0.039743632078170776,
        0.022774411365389824,
        0.012736586853861809,
        0.016156358644366264,
        -0.012962670996785164,
        0.05444280058145523,
        0.05774370953440666,
        -0.014301563613116741,
        0.04151400923728943,
        -0.02437973953783512,
        0.0026028421707451344,
        -0.03570323437452316,
        0.03530726954340935,
        0.003307117847725749,
        0.0020355386659502983,
        0.032921575009822845,
        0.03613792359828949,
        0.005366549827158451,
        -0.11779358237981796,
        -0.052532896399497986,
        -0.23430244624614716,
        -0.028921598568558693,
        -0.0245505440980196,
        -0.08000081032514572,
        0.06404269486665726,
        -0.018656520172953606,
        0.01632509008049965,
        -0.04994449391961098,
        -0.007543920073658228,
        0.05606811121106148,
        0.05412789806723595,
        -0.04720868915319443,
        -0.026663145050406456,
        0.020488500595092773,
        -0.012783369980752468,
