{
    "index": 673,
    "page": 105,
    "text": "things: the proper ends and references of all actions: what pain is in itself; what \npleasure, what death: what fame or honour, how every man is the true and proper \nground of his own rest and tranquillity, and that no man can truly be hindered by \nany other: that all is but conceit and opinion. As for the use of thy dogmata, thou \nmust carry thyself in the practice of them, rather like unto a pancratiastes, or one \nthat at the same time both fights and wrestles with hands and feet, than a gladiator. \nFor this, if he lose his sword that he fights with, he is gone: whereas the other hath \nstill his hand free, which he may easily turn and manage at his will.",
    "embedding_of_chunk": [
        -0.043032463639974594,
        0.00031181497615762055,
        0.02683197148144245,
        -0.0291586946696043,
        -0.01214473694562912,
        0.02600735053420067,
        0.12559275329113007,
        0.05069005489349365,
        -0.012987355701625347,
        -0.004543215502053499,
        -0.016893979161977768,
        -0.08301402628421783,
        0.01685613952577114,
        0.05814039334654808,
        0.01999209262430668,
        -0.00019492616411298513,
        0.004236541222780943,
        0.08382075279951096,
        -0.12012714892625809,
        0.0391564667224884,
        0.05638716369867325,
        -0.009058290161192417,
        -0.03720216453075409,
        -0.055132120847702026,
        -0.017807908356189728,
        0.03607200086116791,
        0.021615246310830116,
        -0.016425341367721558,
        -0.006498382426798344,
        -0.15198267996311188,
        -0.004869935568422079,
        -0.0464261919260025,
        -0.003299338510259986,
        0.006716153118759394,
        -0.02367692068219185,
        0.01327522937208414,
        -0.04708607867360115,
        0.03236622363328934,
        -0.06571275740861893,
        0.08189763873815536,
        0.01208306010812521,
        0.031723752617836,
        0.004430265631526709,
        -0.01630992442369461,
        0.005475294776260853,
        -0.04013926908373833,
        -0.033139463514089584,
        -0.031547661870718,
        0.026766929775476456,
        -0.01353454776108265,
        -0.01938009262084961,
        -0.014658824540674686,
        0.0075751119293272495,
        0.03562300279736519,
        0.03643561154603958,
        0.0030619949102401733,
        0.04790887236595154,
        0.02862711250782013,
        0.027388175949454308,
        -0.00658580893650651,
        0.06480344384908676,
        0.0615762323141098,
        -0.21889114379882812,
        0.11365019530057907,
        0.0794265866279602,
        -0.01533112209290266,
        -0.053077876567840576,
        -0.004521453753113747,
        0.008290533907711506,
        0.05318915843963623,
        -0.046122658997774124,
        0.009688827209174633,
        0.07314883172512054,
        0.08314085751771927,
        0.016825513914227486,
        -0.034749601036310196,
        0.01801476813852787,
        -0.0467495433986187,
        0.0038839783519506454,
        0.023542260751128197,
        -0.039910558611154556,
        -0.0017172370571643114,
        0.008843213319778442,
        0.0006789967301301658,
        -0.0664992406964302,
        -0.057265110313892365,
        0.009902034886181355,
        -0.05704823136329651,
        0.05384707450866699,
        0.038873814046382904,
        -0.02443469502031803,
        -0.01951579749584198,
        0.006459721829742193,
        0.06019078195095062,
        -0.02421262487769127,
        0.00047777759027667344,
        0.01717388443648815,
        0.01121429167687893,
        -0.035406190901994705,
        0.20009393990039825,
        -0.04462239146232605,
        0.03505532070994377,
        0.02596951834857464,
        -0.021841363981366158,
        0.06251765042543411,
        0.02786410227417946,
        -0.015434605069458485,
        -0.050522610545158386,
        -0.047050267457962036,
        0.025283854454755783,
        0.028561344370245934,
        -0.021060029044747353,
        0.01133099477738142,
        -0.04658709838986397,
        0.06694988161325455,
        0.017985356971621513,
        0.03027050942182541,
        0.033562954515218735,
        -0.025671707466244698,
        -0.010474943555891514,
        -0.0040659913793206215,
        0.025675879791378975,
        0.05660279840230942,
        -0.028674205765128136,
        0.019345350563526154,
        -0.09491565078496933,
        0.025477983057498932,
        0.08091671019792557,
        0.014793643727898598,
        -0.02306305058300495,
        0.02088962122797966,
        -0.04392185062170029,
        -0.043079860508441925,
        -0.0316338874399662,
        0.04128357395529747,
        0.02227219007909298,
        0.014668520539999008,
        -0.0013946207473054528,
        0.04359791427850723,
        -0.028291992843151093,
        -0.00227714772336185,
        -0.15018330514431,
        -0.03799207881093025,
        -0.09824516624212265,
        -0.02435877174139023,
        0.0719539076089859,
        0.0195968858897686,
        -0.024756308645009995,
        -0.05384528636932373,
        0.06958486139774323,
        0.00013577155186794698,
        0.034181296825408936,
        -0.032571472227573395,
        0.044853270053863525,
        -0.01147388480603695,
        0.020032325759530067,
        0.012126575224101543,
        0.030739959329366684,
        -0.04495580121874809,
        -0.004164941143244505,
        0.025126250460743904,
        -0.01295469794422388,
        -0.05715377256274223,
        0.12492921948432922,
        -0.00859195925295353,
        -0.04933661222457886,
        -0.01261075772345066,
        0.03319668024778366,
        0.0017496813088655472,
        0.014169677160680294,
        -0.005437016021460295,
        0.009697018191218376,
        -0.05165243148803711,
        -0.009749193675816059,
        0.05279184505343437,
        0.05778168514370918,
        -0.04148721694946289,
        -0.009416362270712852,
        -0.011234268546104431,
        -0.002472411608323455,
        0.04260488972067833,
        -0.03295120596885681,
        -0.06898465007543564,
        0.057575855404138565,
        0.004571131430566311,
        -0.012745369225740433,
        -0.0023266940843313932,
        -0.0430370531976223,
        0.07002060860395432,
        0.04945838823914528,
        0.0022858274169266224,
        0.02718919888138771,
        -0.06676360219717026,
        -0.015252610668540001,
        -0.051172465085983276,
        0.0033084708265960217,
        -0.06620600819587708,
        0.0017318743048235774,
        -0.029752712696790695,
        0.007914306595921516,
        -0.018969347700476646,
        0.019420234486460686,
        -0.027018319815397263,
        0.013134147971868515,
        0.03767981380224228,
        0.031816255301237106,
        -0.02901080809533596,
        -0.01431541983038187,
        0.038033418357372284,
        0.026650113984942436,
        -0.023374106734991074,
        0.039857424795627594,
        0.06633251160383224,
        -0.003103868803009391,
        0.0023578477557748556,
        0.040884051471948624,
        0.025204474106431007,
        0.035352323204278946,
        0.0014912692131474614,
        0.06272131204605103,
        0.01937529444694519,
        -0.11009195446968079,
        -0.0457926020026207,
        -0.23394857347011566,
        0.011662368662655354,
        -0.028223322704434395,
        -0.05120230093598366,
        0.0635916218161583,
        -0.07104647904634476,
        0.04143756628036499,
        -0.03011132776737213,
        0.025941375643014908,
        0.029446735978126526,
        0.07424886524677277,
        -0.06139058247208595,
        -0.030102141201496124,
        -0.018821919336915016,
        0.013778937980532646,
        0.09044451266527176,
        -0.007101178634911776,
        0.016090286895632744,
