{
    "index": 786,
    "page": 125,
    "text": "NERVES, strings. \n\nHIPPOCRATES of Cos, about 460–357 \n\nNEW COMEDY, the Attic Comedy of Me-\nnander and his school, which criticised \nnot persons but manners, like a mod-\nern comic opera. See Comedy, Ancient. \n\nB.C. One of the most famous physi-\ncians of antiquity. \n\nIDIOT, means merely the non-proficient \nin anything, the “layman,” he who was \nnot technically trained in any art, \ncraft, or calling. \n\nPALESTRA, wrestling school. \n\nPANCRATIAST, competitor in the pancra-\ntium, a combined contest which com-\nprised boxing and wrestling. \n\nLEONNATUS, a distinguished general \nunder Alexander the Great. \nGLOSSARY \n\nPARMULARII, gladiators armed with a \nsmall round shield (parma). \n\nRusticus, Q. Junius, or Stoic philoso-\npher, twice made consul by M. Aureli-\nus.",
    "embedding_of_chunk": [
        -0.07751268893480301,
        0.02746697887778282,
        0.051000047475099564,
        0.0010334395337849855,
        -0.02347557619214058,
        -0.03528760373592377,
        0.09242697060108185,
        0.05581440031528473,
        -0.011662564240396023,
        -0.01796836033463478,
        -0.018256904557347298,
        -0.12232882529497147,
        0.009350867010653019,
        0.04218395799398422,
        -0.026988042518496513,
        -0.026194386184215546,
        0.0033098894637078047,
        0.07856117188930511,
        -0.00011486999574117362,
        0.024141984060406685,
        0.06260723620653152,
        0.012313255108892918,
        -0.034054435789585114,
        -0.04441757872700691,
        0.022287404164671898,
        0.045669957995414734,
        -0.0461777038872242,
        -0.03894443437457085,
        -0.04224132373929024,
        -0.11983472108840942,
        0.01251186989247799,
        -0.06284527480602264,
        0.024950137361884117,
        -0.03570021688938141,
        -0.04566994309425354,
        -0.009032728150486946,
        0.008963855914771557,
        0.05908899009227753,
        -0.03727193921804428,
        0.04732866957783699,
        -0.001368467346765101,
        0.0035543181002140045,
        -0.016870766878128052,
        -0.0195083636790514,
        -0.0346645750105381,
        -0.03720078617334366,
        -0.0175241157412529,
        -0.01927334815263748,
        0.00859794206917286,
        0.014813531190156937,
        -0.0028709587641060352,
        -0.03307783603668213,
        0.028336163610219955,
        0.016372032463550568,
        0.014822368510067463,
        0.012705654837191105,
        0.07172244042158127,
        0.01898537017405033,
        0.06714839488267899,
        0.016823280602693558,
        0.015231634490191936,
        0.04638412222266197,
        -0.22480221092700958,
        0.06491392105817795,
        0.0289194043725729,
        0.004150577820837498,
        -0.06119927763938904,
        -0.0014922657283023,
        0.027540814131498337,
        0.026990851387381554,
        0.00439206650480628,
        0.03226839005947113,
        0.04467463493347168,
        0.0761125385761261,
        0.03655939921736717,
        0.01874358393251896,
        -0.03594144806265831,
        -0.04563356563448906,
        -0.0003488817601464689,
        0.02826281450688839,
        0.0036126207560300827,
        -0.02358650043606758,
        -0.06979517638683319,
        -0.04394696652889252,
        -0.03582195192575455,
        -0.019243311136960983,
        0.028636310249567032,
        -0.10549060255289078,
        0.034313544631004333,
        0.0026837398763746023,
        -0.020145025104284286,
        -0.0002278505271533504,
        -0.01579361781477928,
        0.05427522584795952,
        -0.02335606887936592,
        -0.027129383757710457,
        -0.0057241166941821575,
        0.0277508944272995,
        -0.07165532559156418,
        0.2521054744720459,
        -0.011933868750929832,
        0.046387240290641785,
        0.03988819569349289,
        0.01536327414214611,
        0.061624471098184586,
        -0.007897601462900639,
        -0.0392962247133255,
        -0.052499160170555115,
        -0.04407242685556412,
        0.03112335316836834,
        0.015184050425887108,
        -0.03751342371106148,
        0.07824628055095673,
        -0.03150944784283638,
        0.0634869784116745,
        -0.04243352636694908,
        0.07220254838466644,
        0.0465703047811985,
        -0.010813936591148376,
        0.026433294638991356,
        0.005898486822843552,
        0.0030108436476439238,
        0.07355011254549026,
        -0.002778134308755398,
        0.021915024146437645,
        -0.10263162106275558,
        0.005114458967000246,
        0.07386116683483124,
        0.015299173071980476,
        -0.02522457204759121,
        0.019363878294825554,
        -0.025153806433081627,
        -0.028034323826432228,
        -0.03265771269798279,
        0.02096228115260601,
        0.0013238760875537992,
        0.0040572998113930225,
        0.01744067296385765,
        0.01720149628818035,
        -0.03762078285217285,
        -0.019947892054915428,
        -0.1232721284031868,
        -0.016400227323174477,
        -0.07954142987728119,
        -0.06305161118507385,
        0.04523793235421181,
        -0.06358025223016739,
        0.03628777712583542,
        -0.046924956142902374,
        0.06906689703464508,
        -0.038339320570230484,
        -0.00939510203897953,
        -0.005492170341312885,
        0.010652240365743637,
        0.001453881966881454,
        -0.013312561437487602,
        0.0726841613650322,
        0.08211853355169296,
        -0.030872026458382607,
        -0.048321403563022614,
        -0.01489468477666378,
        -0.012205930426716805,
        -0.030929148197174072,
        0.09655560553073883,
        0.05501183867454529,
        -0.05125778168439865,
        0.00581651134416461,
        0.016591468825936317,
        -0.0010861305054277182,
        -0.04611404985189438,
        0.020231246948242188,
        0.026199935004115105,
        -0.03868810832500458,
        0.036783792078495026,
        0.03314831852912903,
        0.018397485837340355,
        -0.03016127087175846,
        -0.018902339041233063,
        0.01651454158127308,
        0.005441088695079088,
        0.08685611933469772,
        -0.043561458587646484,
        -0.046469759196043015,
        0.02078896574676037,
        -0.009917681105434895,
        -0.004110387060791254,
        -0.029703082516789436,
        -0.05271248146891594,
        0.0919896736741066,
        0.035384248942136765,
        -0.01736076921224594,
        0.05271117389202118,
        -0.10080134123563766,
        -0.06750772148370743,
        -0.03579167276620865,
        -0.006583490874618292,
        -0.0010031134588643909,
        -0.01791798695921898,
        -0.0034866163041442633,
        -0.014099379070103168,
        -0.03928370401263237,
        0.017496921122074127,
        0.0016352704260498285,
        0.04718029126524925,
        0.0005389330326579511,
        0.01739921234548092,
        -0.01714472286403179,
        0.010031795129179955,
        0.03623569384217262,
        0.04996803402900696,
        -0.059120431542396545,
        0.009260470978915691,
        0.0450996495783329,
        -0.04332883656024933,
        0.00027306636911816895,
        0.027086300775408745,
        0.0294734425842762,
        0.031836170703172684,
        0.02901878021657467,
        0.03740808367729187,
        0.03786912560462952,
        -0.06688925623893738,
        -0.07303915917873383,
        -0.1972845196723938,
        0.038914505392313004,
        0.0002750349813140929,
        -0.05665585771203041,
        0.08613555133342743,
        -0.01441971119493246,
        0.032758451998233795,
        -0.0146818021312356,
        0.059301912784576416,
        0.022671649232506752,
        0.02826547436416149,
        -0.014348960481584072,
        -0.04104884713888168,
        0.02642521820962429,
        -0.001726628397591412,
