{
    "index": 249,
    "page": 40,
    "text": "and be pleased with whatsoever doth happen, though otherwise harsh and un-\npleasing, as tending to that end, to the health and welfare of the universe, and to \nJove’s happiness and prosperity. For this whatsoever it be, should not have been \nproduced, had it not conduced to the good of the universe. For neither doth any or-\ndinary particular nature bring anything to pass, that is not to whatsoever is within \nthe sphere of its own proper administration and government agreeable and subordi-\nnate. For these two considerations then thou must be well pleased with anything \nthat doth happen unto thee. First, because that for thee properly it was brought to \npass, and unto thee it was prescribed; and that from the very beginning by the series",
    "embedding_of_chunk": [
        -0.02582288719713688,
        0.009960870258510113,
        0.03433738276362419,
        -0.03003125637769699,
        -0.01564207673072815,
        0.008288501761853695,
        0.05862274393439293,
        0.0511762797832489,
        -0.021531471982598305,
        0.019294297322630882,
        -0.00512558501213789,
        -0.07634512335062027,
        0.021938960999250412,
        0.014190034940838814,
        -0.02192741446197033,
        0.024832794442772865,
        -0.0019084220984950662,
        -0.00289312400855124,
        -0.09955982118844986,
        0.05135863274335861,
        0.0649137869477272,
        -0.006595885846763849,
        -0.02835655026137829,
        -0.04824119061231613,
        0.039452191442251205,
        0.06699233502149582,
        -0.030044423416256905,
        -0.005505734588950872,
        -0.04648614674806595,
        -0.22271506488323212,
        0.011532163247466087,
        -0.03822096809744835,
        0.02574504353106022,
        -0.02552119828760624,
        -0.03522546961903572,
        -0.01144982036203146,
        -0.002789344172924757,
        0.0030752443708479404,
        -0.05585546791553497,
        0.043416354805231094,
        0.04667414724826813,
        -0.012086941860616207,
        0.0034010023809969425,
        -0.046232838183641434,
        -0.062039706856012344,
        -0.03946555778384209,
        -0.0011255554854869843,
        0.015870507806539536,
        0.03868049010634422,
        -0.03321598470211029,
        0.00695311464369297,
        0.0012301320675760508,
        0.006121667567640543,
        0.0461362823843956,
        0.024867035448551178,
        0.018975989893078804,
        0.038941413164138794,
        -0.017394760623574257,
        0.027808725833892822,
        0.005518575664609671,
        0.024524057283997536,
        0.03889067471027374,
        -0.26318278908729553,
        0.06613840162754059,
        0.07167872041463852,
        0.011446482501924038,
        -0.028758110478520393,
        -0.04568474367260933,
        0.018504833802580833,
        0.04606752097606659,
        -0.044392894953489304,
        0.03356202691793442,
        0.04921181872487068,
        0.03485901281237602,
        -0.012549255974590778,
        -0.0037108110263943672,
        0.02793518826365471,
        -0.04502960294485092,
        -0.036660727113485336,
        -0.0021193940192461014,
        -0.026118261739611626,
        0.01133937668055296,
        -0.013197013176977634,
        0.011081255972385406,
        -0.04759738966822624,
        -0.04428737610578537,
        0.00248290435411036,
        -0.07926540821790695,
        0.01802930235862732,
        0.023016760125756264,
        0.007992414757609367,
        -0.027577396482229233,
        0.0021588995587080717,
        0.021956847980618477,
        -0.0314256027340889,
        -0.03491286560893059,
        0.05246216431260109,
        -0.0005330347921699286,
        -0.006143245380371809,
        0.2068968564271927,
        -0.03166355937719345,
        -0.02671252004802227,
        0.015855887904763222,
        -0.037872955203056335,
        0.05656455457210541,
        -0.016775164753198624,
        -0.03161901980638504,
        -0.06614729017019272,
        0.011147048324346542,
        -0.021570058539509773,
        -0.009855189360678196,
        -0.007286828942596912,
        0.03986179456114769,
        -0.06544618308544159,
        0.05085638538002968,
        0.05813849717378616,
        0.011440272442996502,
        0.020224586129188538,
        -0.04275403544306755,
        -0.04181119054555893,
        -0.0021365759894251823,
        0.043993886560201645,
        0.05969018489122391,
        -0.05382969230413437,
        -0.011079883202910423,
        -0.09040874987840652,
        0.08043449372053146,
        0.08055377751588821,
        0.021914586424827576,
        -0.005485547240823507,
        0.009995898231863976,
        -0.08992159366607666,
        -0.03137992322444916,
        -0.019856227561831474,
        0.01422428060323,
        0.02774018421769142,
        0.01689155213534832,
        -0.010690849274396896,
        0.03895831108093262,
        -0.029524268582463264,
        -0.018997015431523323,
        -0.14695307612419128,
        -0.06920165568590164,
        -0.1125999391078949,
        -0.011499269865453243,
        0.06449668854475021,
        0.028404727578163147,
        0.038812533020973206,
        -0.010963943786919117,
        0.02373066544532776,
        -8.213164983317256e-05,
        0.017054814845323563,
        -0.05741680786013603,
        0.008766477927565575,
        0.016903433948755264,
        0.03604254126548767,
        0.037281714379787445,
        0.06461573392152786,
        -0.05174917355179787,
        0.002631917828693986,
        -0.0027457678224891424,
        -0.02826143614947796,
        -0.046608105301856995,
        0.11875735968351364,
        0.002465103752911091,
        -0.023953931406140327,
        -0.003877586917951703,
        0.022346388548612595,
        0.02124997414648533,
        0.0008533109212294221,
        0.017274504527449608,
        0.02593880519270897,
        -0.05000784248113632,
        0.05756280571222305,
        0.12610293924808502,
        0.02946549654006958,
        -0.04023434594273567,
        0.010768325999379158,
        0.014541254378855228,
        -0.013597450219094753,
        0.02809956856071949,
        -0.05058744177222252,
        -0.025477107614278793,
        0.037111639976501465,
        0.027159396559000015,
        -0.030565807595849037,
        -0.023352565243840218,
        -0.00792610365897417,
        0.027056004852056503,
        0.04105854406952858,
        0.005861475598067045,
        0.020996807143092155,
        -0.061344679445028305,
        0.016236236318945885,
        0.01968269795179367,
        -0.04547171667218208,
        -0.049680452793836594,
        -0.030974948778748512,
        -0.014206664636731148,
        0.0017492655897513032,
        0.005591216962784529,
        -0.010418793186545372,
        -0.022069096565246582,
        0.02738141268491745,
        0.02862023003399372,
        0.036125585436820984,
        0.013268062844872475,
        -0.02314072847366333,
        0.03555438295006752,
        0.023075412958860397,
        -0.06060446798801422,
        -0.001511352718807757,
        0.00604493310675025,
        -0.02455860562622547,
        -0.06748675554990768,
        0.05315259471535683,
        0.03329082950949669,
        0.029286883771419525,
        0.01136405672878027,
        0.03518354892730713,
        0.027084680274128914,
        -0.08149250596761703,
        -0.03685080632567406,
        -0.23076008260250092,
        -0.02518852986395359,
        0.0020581174176186323,
        -0.036368388682603836,
        0.06139105185866356,
        -0.01368381641805172,
        0.020283496007323265,
        -0.02194802090525627,
        0.019403748214244843,
        0.02551243267953396,
        0.05292351916432381,
        -0.021581295877695084,
        -0.02737262286245823,
        0.005553969647735357,
        -0.0049326433800160885,
